num_attention_heads,hidden_size,train_micro_batch_size_per_gpu,seq_length,vocab_size,train_batch_size,tensor_mp_size,pipeline_mp_size,dp_size,flash_attn_latency,mlp_4h_to_h,estimated_attention_duration,estimated_attention_throughput,estimated_mlp_duration,estimated_mlp_throughput,estimated_duration,estimated_throughput
16,16,4,2048,51200,256,1,1,1,,,,,,,,
16,16,4,2048,51200,256,1,1,1,0.0006,0.217,0.0006,1.944,0.0001,0.434,0.0006,1.761
16,32,4,2048,51200,256,1,1,1,0.0006,1.449,0.0006,4.021,0.0,2.898,0.0006,3.934
16,48,4,2048,51200,256,1,1,1,0.0006,3.3,0.0006,5.738,0.0,6.599,0.0006,5.8
16,64,4,2048,51200,256,1,1,1,0.0005,5.876,0.0005,8.333,0.0,11.753,0.0006,8.597
16,80,4,2048,51200,256,1,1,1,0.0006,5.813,0.0006,10.445,0.0001,11.625,0.0006,10.581
16,96,4,2048,51200,256,1,1,1,0.0006,9.425,0.0006,12.421,0.0001,18.851,0.0006,13.074
16,112,4,2048,51200,256,1,1,1,0.0006,16.006,0.0006,14.96,0.0001,32.013,0.0006,16.399
16,128,4,2048,51200,256,1,1,1,0.0005,17.992,0.0005,17.898,0.0001,35.983,0.0006,19.698
16,144,4,2048,51200,256,1,1,1,0.0005,19.414,0.0005,20.073,0.0001,38.827,0.0006,22.194
16,160,4,2048,51200,256,1,1,1,0.0006,26.99,0.0006,22.24,0.0001,53.981,0.0006,25.42
16,176,4,2048,51200,256,1,1,1,0.0006,42.576,0.0006,25.035,0.0,85.153,0.0006,29.808
16,192,4,2048,51200,256,1,1,1,0.0006,35.034,0.0006,27.512,0.0001,70.067,0.0006,32.206
16,208,4,2048,51200,256,1,1,1,0.0006,63.859,0.0006,28.714,0.0,127.718,0.0006,35.699
16,224,4,2048,51200,256,1,1,1,0.0007,45.021,0.0007,25.296,0.0001,90.042,0.0008,31.228
16,240,4,2048,51200,256,1,1,1,0.0006,78.512,0.0006,34.67,0.0,157.025,0.0006,44.135
16,256,4,2048,51200,256,1,1,1,0.0006,69.274,0.0006,35.251,0.0001,138.547,0.0007,44.793
16,272,4,2048,51200,256,1,1,1,0.0006,76.816,0.0006,40.147,0.0001,153.632,0.0006,51.365
16,288,4,2048,51200,256,1,1,1,0.0006,70.194,0.0006,43.702,0.0001,140.388,0.0006,55.327
16,304,4,2048,51200,256,1,1,1,0.0006,80.369,0.0006,45.236,0.0001,160.737,0.0007,58.419
16,320,4,2048,51200,256,1,1,1,0.0006,99.273,0.0006,49.063,0.0001,198.547,0.0006,64.801
16,336,4,2048,51200,256,1,1,1,0.0006,84.461,0.0006,52.05,0.0001,168.921,0.0007,67.493
16,352,4,2048,51200,256,1,1,1,0.0006,130.465,0.0006,54.751,0.0001,260.931,0.0006,74.74
16,368,4,2048,51200,256,1,1,1,0.0006,118.652,0.0006,58.381,0.0001,237.303,0.0006,78.976
16,384,4,2048,51200,256,1,1,1,0.0006,113.105,0.0006,64.312,0.0001,226.21,0.0006,86.048
16,400,4,2048,51200,256,1,1,1,0.0006,116.508,0.0006,66.347,0.0001,233.017,0.0007,89.331
16,416,4,2048,51200,256,1,1,1,0.0006,139.672,0.0006,69.205,0.0001,279.345,0.0006,95.518
16,432,4,2048,51200,256,1,1,1,0.0005,122.6,0.0005,75.222,0.0001,245.2,0.0006,101.4
16,448,4,2048,51200,256,1,1,1,0.0006,136.9,0.0006,78.056,0.0001,273.8,0.0006,107.001
16,464,4,2048,51200,256,1,1,1,0.0006,152.834,0.0006,77.65,0.0001,305.668,0.0007,108.834
16,480,4,2048,51200,256,1,1,1,0.0006,154.202,0.0006,80.517,0.0001,308.405,0.0007,113.069
16,496,4,2048,51200,256,1,1,1,0.0006,147.646,0.0006,85.672,0.0001,295.291,0.0007,119.044
16,512,4,2048,51200,256,1,1,1,0.0006,172.905,0.0006,90.029,0.0001,345.811,0.0007,127.857
16,528,4,2048,51200,256,1,1,1,0.0006,133.399,0.0006,90.606,0.0001,266.799,0.0007,123.677
16,544,4,2048,51200,256,1,1,1,0.0006,126.728,0.0006,93.619,0.0002,253.456,0.0008,126.227
16,560,4,2048,51200,256,1,1,1,0.0006,133.317,0.0006,95.313,0.0002,266.633,0.0008,129.878
16,576,4,2048,51200,256,1,1,1,0.0006,134.085,0.0006,97.605,0.0002,268.171,0.0008,133.022
16,592,4,2048,51200,256,1,1,1,0.0006,145.958,0.0006,99.015,0.0002,291.917,0.0008,137.412
16,608,4,2048,51200,256,1,1,1,0.0006,155.536,0.0006,102.207,0.0002,311.072,0.0008,143.284
16,624,4,2048,51200,256,1,1,1,0.0007,158.066,0.0007,103.645,0.0002,316.132,0.0008,145.908
16,640,4,2048,51200,256,1,1,1,0.0007,172.872,0.0007,107.163,0.0002,345.744,0.0008,153.095
16,656,4,2048,51200,256,1,1,1,0.0007,163.588,0.0007,107.326,0.0002,327.175,0.0008,152.161
16,672,4,2048,51200,256,1,1,1,0.0007,157.958,0.0007,109.648,0.0002,315.916,0.0009,154.143
16,688,4,2048,51200,256,1,1,1,0.0007,157.053,0.0007,110.895,0.0002,314.106,0.0009,155.813
16,704,4,2048,51200,256,1,1,1,0.0007,175.079,0.0007,113.362,0.0002,350.158,0.0009,162.789
16,720,4,2048,51200,256,1,1,1,0.0007,184.001,0.0007,111.58,0.0002,368.001,0.0009,162.922
16,736,4,2048,51200,256,1,1,1,0.0007,189.074,0.0007,113.993,0.0002,378.149,0.0009,167.182
16,752,4,2048,51200,256,1,1,1,0.0008,187.631,0.0008,114.289,0.0002,375.262,0.001,167.797
16,768,4,2048,51200,256,1,1,1,0.0008,191.284,0.0008,118.278,0.0002,382.568,0.001,173.644
16,784,4,2048,51200,256,1,1,1,0.0008,167.674,0.0008,119.847,0.0002,335.349,0.001,170.836
16,800,4,2048,51200,256,1,1,1,0.0008,168.581,0.0008,122.139,0.0002,337.163,0.001,173.99
16,816,4,2048,51200,256,1,1,1,0.0008,169.875,0.0008,123.628,0.0003,339.75,0.0011,176.362
16,832,4,2048,51200,256,1,1,1,0.0008,183.458,0.0008,126.16,0.0002,366.917,0.001,182.889
16,848,4,2048,51200,256,1,1,1,0.0008,195.646,0.0008,127.096,0.0002,391.292,0.0011,187.165
16,864,4,2048,51200,256,1,1,1,0.0008,176.692,0.0008,131.76,0.0003,353.383,0.0011,188.147
16,880,4,2048,51200,256,1,1,1,0.0008,191.485,0.0008,130.128,0.0003,382.969,0.0011,190.561
16,896,4,2048,51200,256,1,1,1,0.0008,176.792,0.0008,132.639,0.0003,353.584,0.0011,189.935
16,912,4,2048,51200,256,1,1,1,0.0009,200.401,0.0009,133.827,0.0003,400.803,0.0011,197.715
16,928,4,2048,51200,256,1,1,1,0.0009,202.202,0.0009,135.93,0.0003,404.404,0.0012,200.952
16,944,4,2048,51200,256,1,1,1,0.0009,202.109,0.0009,137.468,0.0003,404.219,0.0012,203.088
16,960,4,2048,51200,256,1,1,1,0.0009,167.178,0.0009,138.593,0.0004,334.356,0.0013,194.639
16,976,4,2048,51200,256,1,1,1,0.0009,209.546,0.0009,138.137,0.0003,419.093,0.0012,206.521
16,992,4,2048,51200,256,1,1,1,0.0009,214.743,0.0009,139.762,0.0003,429.486,0.0012,210.04
16,1008,4,2048,51200,256,1,1,1,0.001,202.127,0.001,140.825,0.0003,404.254,0.0013,208.486
16,1024,4,2048,51200,256,1,1,1,0.001,219.467,0.001,144.126,0.0003,438.934,0.0013,217.0
16,1040,4,2048,51200,256,1,1,1,0.001,185.832,0.001,142.802,0.0004,371.664,0.0014,206.683
16,1056,4,2048,51200,256,1,1,1,0.001,201.883,0.001,144.503,0.0004,403.765,0.0014,213.606
16,1072,4,2048,51200,256,1,1,1,0.001,202.367,0.001,145.496,0.0004,404.734,0.0014,215.194
16,1088,4,2048,51200,256,1,1,1,0.001,170.816,0.001,149.742,0.0005,341.632,0.0015,209.439
16,1104,4,2048,51200,256,1,1,1,0.001,206.891,0.001,148.077,0.0004,413.781,0.0014,220.023
16,1120,4,2048,51200,256,1,1,1,0.001,201.728,0.001,149.968,0.0004,403.457,0.0015,220.874
16,1136,4,2048,51200,256,1,1,1,0.0011,219.013,0.0011,151.376,0.0004,438.025,0.0014,227.796
16,1152,4,2048,51200,256,1,1,1,0.0011,189.533,0.0011,154.146,0.0005,379.067,0.0015,221.842
16,1168,4,2048,51200,256,1,1,1,0.0011,216.039,0.0011,155.084,0.0004,432.079,0.0015,231.722
16,1184,4,2048,51200,256,1,1,1,0.0011,213.299,0.0011,156.918,0.0004,426.597,0.0015,233.208
16,1200,4,2048,51200,256,1,1,1,0.0011,220.867,0.0011,158.105,0.0004,441.733,0.0015,237.132
16,1216,4,2048,51200,256,1,1,1,0.0011,232.275,0.0011,159.27,0.0004,464.55,0.0015,242.081
16,1232,4,2048,51200,256,1,1,1,0.0011,223.794,0.0011,159.011,0.0004,447.589,0.0016,239.682
16,1248,4,2048,51200,256,1,1,1,0.0012,227.353,0.0012,161.575,0.0004,454.707,0.0016,243.877
16,1264,4,2048,51200,256,1,1,1,0.0012,226.324,0.0012,161.662,0.0005,452.648,0.0016,243.997
16,1280,4,2048,51200,256,1,1,1,0.0012,222.694,0.0012,165.644,0.0005,445.388,0.0016,247.442
16,1296,4,2048,51200,256,1,1,1,0.0012,197.381,0.0012,164.47,0.0006,394.762,0.0018,237.617
16,1312,4,2048,51200,256,1,1,1,0.0012,209.809,0.0012,167.347,0.0005,419.618,0.0017,245.395
16,1328,4,2048,51200,256,1,1,1,0.0012,205.48,0.0012,168.305,0.0006,410.959,0.0018,245.039
16,1344,4,2048,51200,256,1,1,1,0.0012,201.903,0.0012,170.015,0.0006,403.807,0.0018,245.618
16,1360,4,2048,51200,256,1,1,1,0.0012,212.838,0.0012,171.126,0.0006,425.676,0.0018,251.167
16,1376,4,2048,51200,256,1,1,1,0.0013,217.692,0.0013,172.677,0.0006,435.383,0.0018,254.801
16,1392,4,2048,51200,256,1,1,1,0.0013,219.275,0.0013,174.292,0.0006,438.551,0.0018,257.298
16,1408,4,2048,51200,256,1,1,1,0.0013,205.34,0.0013,175.794,0.0006,410.68,0.0019,253.634
16,1424,4,2048,51200,256,1,1,1,0.0013,205.716,0.0013,175.303,0.0006,411.431,0.0019,253.56
16,1440,4,2048,51200,256,1,1,1,0.0013,199.097,0.0013,175.597,0.0007,398.193,0.002,251.307
16,1456,4,2048,51200,256,1,1,1,0.0013,221.653,0.0013,180.28,0.0006,443.306,0.0019,265.286
16,1472,4,2048,51200,256,1,1,1,0.0013,229.036,0.0013,182.414,0.0006,458.072,0.0019,270.511
16,1488,4,2048,51200,256,1,1,1,0.0013,226.53,0.0013,181.552,0.0006,453.06,0.002,268.954
16,1504,4,2048,51200,256,1,1,1,0.0014,227.033,0.0014,182.798,0.0007,454.066,0.002,270.655
16,1520,4,2048,51200,256,1,1,1,0.0014,231.407,0.0014,184.386,0.0007,462.814,0.002,274.187
16,1536,4,2048,51200,256,1,1,1,0.0014,232.663,0.0014,186.77,0.0007,465.327,0.002,277.322
16,1552,4,2048,51200,256,1,1,1,0.0014,226.806,0.0014,184.691,0.0007,453.612,0.0021,273.202
16,1568,4,2048,51200,256,1,1,1,0.0014,212.683,0.0014,187.1,0.0008,425.365,0.0022,269.857
16,1584,4,2048,51200,256,1,1,1,0.0014,212.512,0.0014,187.843,0.0008,425.025,0.0022,270.695
16,1600,4,2048,51200,256,1,1,1,0.0015,230.786,0.0015,189.307,0.0007,461.572,0.0022,280.082
16,1616,4,2048,51200,256,1,1,1,0.0015,228.631,0.0015,186.504,0.0007,457.263,0.0022,276.677
16,1632,4,2048,51200,256,1,1,1,0.0015,213.93,0.0015,188.707,0.0008,427.861,0.0023,272.769
16,1648,4,2048,51200,256,1,1,1,0.0015,239.362,0.0015,189.519,0.0007,478.724,0.0023,284.41
16,1664,4,2048,51200,256,1,1,1,0.0015,226.783,0.0015,191.88,0.0008,453.565,0.0023,281.83
16,1680,4,2048,51200,256,1,1,1,0.0016,220.663,0.0016,189.423,0.0008,441.327,0.0024,277.042
16,1696,4,2048,51200,256,1,1,1,0.0016,239.857,0.0016,191.578,0.0008,479.715,0.0024,287.37
16,1712,4,2048,51200,256,1,1,1,0.0016,227.715,0.0016,192.348,0.0008,455.43,0.0024,283.318
16,1728,4,2048,51200,256,1,1,1,0.0016,223.125,0.0016,194.337,0.0009,446.25,0.0025,283.399
16,1744,4,2048,51200,256,1,1,1,0.0016,244.301,0.0016,196.375,0.0008,488.602,0.0024,294.619
16,1760,4,2048,51200,256,1,1,1,0.0016,244.254,0.0016,198.161,0.0008,488.508,0.0025,296.592
16,1776,4,2048,51200,256,1,1,1,0.0016,250.669,0.0016,198.553,0.0008,501.339,0.0025,299.806
16,1792,4,2048,51200,256,1,1,1,0.0016,207.58,0.0016,200.977,0.001,415.161,0.0027,282.632
16,1808,4,2048,51200,256,1,1,1,0.0017,219.55,0.0017,198.99,0.001,439.1,0.0027,287.0
16,1824,4,2048,51200,256,1,1,1,0.0017,221.33,0.0017,201.198,0.001,442.66,0.0027,290.048
16,1840,4,2048,51200,256,1,1,1,0.0017,229.859,0.0017,201.964,0.001,459.719,0.0027,294.966
16,1856,4,2048,51200,256,1,1,1,0.0017,224.909,0.0017,204.238,0.001,449.817,0.0027,294.898
16,1872,4,2048,51200,256,1,1,1,0.0017,220.813,0.0017,204.341,0.001,441.626,0.0028,293.154
16,1888,4,2048,51200,256,1,1,1,0.0018,221.587,0.0018,205.824,0.0011,443.174,0.0028,295.037
16,1904,4,2048,51200,256,1,1,1,0.0018,211.96,0.0018,203.501,0.0011,423.921,0.0029,288.221
16,1920,4,2048,51200,256,1,1,1,0.0018,167.317,0.0018,208.619,0.0014,334.633,0.0032,265.134
16,1936,4,2048,51200,256,1,1,1,0.0018,194.553,0.0018,208.671,0.0013,389.107,0.0031,283.063
16,1952,4,2048,51200,256,1,1,1,0.0018,233.376,0.0018,209.993,0.0011,466.752,0.0029,305.288
16,1968,4,2048,51200,256,1,1,1,0.0018,226.094,0.0018,211.129,0.0011,452.189,0.003,302.853
16,1984,4,2048,51200,256,1,1,1,0.0018,240.82,0.0018,212.727,0.0011,481.64,0.0029,311.724
16,2000,4,2048,51200,256,1,1,1,0.0019,239.322,0.0019,213.926,0.0011,478.644,0.0029,312.279
16,2016,4,2048,51200,256,1,1,1,0.0019,213.549,0.0019,215.439,0.0012,427.097,0.0031,300.282
16,2032,4,2048,51200,256,1,1,1,0.0019,242.769,0.0019,215.883,0.0011,485.537,0.003,316.08
16,2048,4,2048,51200,256,1,1,1,0.0019,248.264,0.0019,218.019,0.0011,496.528,0.003,320.862
16,2064,4,2048,51200,256,1,1,1,0.0019,225.4,0.0019,216.822,0.0012,450.8,0.0032,308.387
16,2080,4,2048,51200,256,1,1,1,0.0019,208.85,0.0019,218.582,0.0014,417.7,0.0033,300.663
16,2096,4,2048,51200,256,1,1,1,0.0019,234.993,0.0019,219.854,0.0012,469.987,0.0032,316.391
16,2112,4,2048,51200,256,1,1,1,0.002,226.455,0.002,221.188,0.0013,452.91,0.0033,313.134
16,2128,4,2048,51200,256,1,1,1,0.002,224.732,0.002,222.983,0.0013,449.464,0.0033,313.836
16,2144,4,2048,51200,256,1,1,1,0.002,232.161,0.002,225.006,0.0013,464.321,0.0033,319.799
16,2160,4,2048,51200,256,1,1,1,0.002,216.978,0.002,226.383,0.0014,433.955,0.0034,312.412
16,2176,4,2048,51200,256,1,1,1,0.002,161.358,0.002,228.508,0.0019,322.717,0.0039,274.724
16,2192,4,2048,51200,256,1,1,1,0.002,195.381,0.002,227.664,0.0016,390.762,0.0036,299.86
16,2208,4,2048,51200,256,1,1,1,0.002,232.672,0.002,229.292,0.0014,465.344,0.0034,324.269
16,2224,4,2048,51200,256,1,1,1,0.0021,226.934,0.0021,230.398,0.0014,453.868,0.0035,322.041
16,2240,4,2048,51200,256,1,1,1,0.0021,221.957,0.0021,232.051,0.0015,443.914,0.0035,320.557
16,2256,4,2048,51200,256,1,1,1,0.0021,231.824,0.0021,233.884,0.0014,463.647,0.0035,328.008
16,2272,4,2048,51200,256,1,1,1,0.0021,241.419,0.0021,235.015,0.0014,482.838,0.0035,334.533
16,2288,4,2048,51200,256,1,1,1,0.0021,237.536,0.0021,236.226,0.0014,475.071,0.0035,333.492
16,2304,4,2048,51200,256,1,1,1,0.0021,210.68,0.0021,238.292,0.0017,421.361,0.0038,318.689
16,2320,4,2048,51200,256,1,1,1,0.0021,227.036,0.0021,238.809,0.0016,454.072,0.0037,329.625
16,2336,4,2048,51200,256,1,1,1,0.0021,226.884,0.0021,240.693,0.0016,453.767,0.0037,331.138
16,2352,4,2048,51200,256,1,1,1,0.0022,234.659,0.0022,241.965,0.0015,469.318,0.0037,337.011
16,2368,4,2048,51200,256,1,1,1,0.0022,233.308,0.0022,243.11,0.0016,466.616,0.0037,337.231
16,2384,4,2048,51200,256,1,1,1,0.0022,231.188,0.0022,243.345,0.0016,462.375,0.0038,336.229
16,2400,4,2048,51200,256,1,1,1,0.0022,214.452,0.0022,245.169,0.0018,428.904,0.004,326.905
16,2416,4,2048,51200,256,1,1,1,0.0022,222.178,0.0022,246.262,0.0017,444.356,0.0039,332.971
16,2432,4,2048,51200,256,1,1,1,0.0022,233.08,0.0022,249.298,0.0017,466.159,0.0039,342.428
16,2448,4,2048,51200,256,1,1,1,0.0023,211.541,0.0023,247.239,0.0019,423.081,0.0041,326.68
16,2464,4,2048,51200,256,1,1,1,0.0023,209.344,0.0023,249.471,0.0019,418.689,0.0042,326.814
16,2480,4,2048,51200,256,1,1,1,0.0023,230.781,0.0023,250.142,0.0017,461.562,0.004,341.922
16,2496,4,2048,51200,256,1,1,1,0.0023,246.683,0.0023,251.94,0.0017,493.366,0.0039,353.344
16,2512,4,2048,51200,256,1,1,1,0.0023,233.165,0.0023,253.625,0.0018,466.33,0.0041,346.343
16,2528,4,2048,51200,256,1,1,1,0.0023,235.359,0.0023,255.362,0.0018,470.718,0.0041,349.199
16,2544,4,2048,51200,256,1,1,1,0.0023,227.673,0.0023,256.321,0.0019,455.345,0.0042,344.943
16,2560,4,2048,51200,256,1,1,1,0.0023,206.37,0.0023,259.206,0.0021,412.74,0.0044,331.811
16,2576,4,2048,51200,256,1,1,1,0.0023,234.524,0.0023,258.998,0.0019,469.048,0.0042,351.717
16,2592,4,2048,51200,256,1,1,1,0.0024,216.292,0.0024,260.814,0.002,432.584,0.0044,340.45
16,2608,4,2048,51200,256,1,1,1,0.0024,229.231,0.0024,261.974,0.0019,458.462,0.0043,350.539
16,2624,4,2048,51200,256,1,1,1,0.0024,228.601,0.0024,263.754,0.002,457.202,0.0044,351.487
16,2640,4,2048,51200,256,1,1,1,0.0024,236.232,0.0024,263.802,0.0019,472.464,0.0043,356.837
16,2656,4,2048,51200,256,1,1,1,0.0024,241.523,0.0024,266.462,0.0019,483.045,0.0043,362.471
16,2672,4,2048,51200,256,1,1,1,0.0024,225.794,0.0024,267.003,0.0021,451.588,0.0045,352.075
16,2688,4,2048,51200,256,1,1,1,0.0024,213.351,0.0024,269.284,0.0022,426.702,0.0046,344.456
16,2704,4,2048,51200,256,1,1,1,0.0025,230.612,0.0025,265.845,0.0021,461.223,0.0046,354.816
16,2720,4,2048,51200,256,1,1,1,0.0025,227.464,0.0025,267.885,0.0021,454.927,0.0046,354.128
16,2736,4,2048,51200,256,1,1,1,0.0025,223.512,0.0025,269.023,0.0022,447.025,0.0047,352.132
16,2752,4,2048,51200,256,1,1,1,0.0025,245.731,0.0025,270.736,0.002,491.462,0.0045,369.039
16,2768,4,2048,51200,256,1,1,1,0.0025,228.056,0.0025,272.658,0.0022,456.113,0.0047,358.151
16,2784,4,2048,51200,256,1,1,1,0.0025,239.426,0.0025,274.295,0.0021,478.852,0.0047,367.532
16,2800,4,2048,51200,256,1,1,1,0.0025,242.46,0.0025,275.742,0.0021,484.92,0.0047,370.785
16,2816,4,2048,51200,256,1,1,1,0.0026,244.657,0.0026,277.605,0.0021,489.314,0.0047,373.758
16,2832,4,2048,51200,256,1,1,1,0.0026,222.552,0.0026,279.234,0.0024,445.103,0.0049,358.78
16,2848,4,2048,51200,256,1,1,1,0.0026,232.704,0.0026,281.309,0.0023,465.407,0.0049,367.958
16,2864,4,2048,51200,256,1,1,1,0.0026,226.283,0.0026,282.109,0.0024,452.567,0.005,363.71
16,2880,4,2048,51200,256,1,1,1,0.0026,183.841,0.0026,283.484,0.003,367.682,0.0056,328.292
16,2896,4,2048,51200,256,1,1,1,0.0026,228.255,0.0026,282.927,0.0024,456.51,0.005,365.901
16,2912,4,2048,51200,256,1,1,1,0.0026,230.134,0.0026,285.226,0.0024,460.269,0.005,368.956
16,2928,4,2048,51200,256,1,1,1,0.0026,240.412,0.0026,286.212,0.0023,480.824,0.005,377.419
16,2944,4,2048,51200,256,1,1,1,0.0027,231.259,0.0027,288.836,0.0025,462.518,0.0051,372.371
16,2960,4,2048,51200,256,1,1,1,0.0027,232.44,0.0027,288.383,0.0025,464.879,0.0052,373.039
16,2976,4,2048,51200,256,1,1,1,0.0027,233.192,0.0027,289.929,0.0025,466.384,0.0052,374.72
16,2992,4,2048,51200,256,1,1,1,0.0027,231.189,0.0027,291.027,0.0025,462.377,0.0052,373.954
16,3008,4,2048,51200,256,1,1,1,0.0027,233.19,0.0027,292.883,0.0025,466.38,0.0053,376.81
16,3024,4,2048,51200,256,1,1,1,0.0027,222.107,0.0027,294.377,0.0027,444.215,0.0054,368.923
16,3040,4,2048,51200,256,1,1,1,0.0028,233.939,0.0028,293.061,0.0026,467.877,0.0054,377.63
16,3056,4,2048,51200,256,1,1,1,0.0028,234.401,0.0028,296.863,0.0026,468.802,0.0054,380.566
16,3072,4,2048,51200,256,1,1,1,0.0028,244.186,0.0028,299.51,0.0025,488.373,0.0053,390.002
16,3088,4,2048,51200,256,1,1,1,0.0028,218.98,0.0028,298.542,0.0029,437.96,0.0056,369.072
16,3104,4,2048,51200,256,1,1,1,0.0028,230.636,0.0028,299.272,0.0027,461.273,0.0055,379.277
16,3120,4,2048,51200,256,1,1,1,0.0028,210.718,0.0028,300.413,0.003,421.436,0.0058,363.066
16,3136,4,2048,51200,256,1,1,1,0.0028,219.521,0.0028,301.725,0.0029,439.042,0.0058,371.602
16,3152,4,2048,51200,256,1,1,1,0.0028,224.167,0.0028,303.727,0.0029,448.334,0.0057,376.841
16,3168,4,2048,51200,256,1,1,1,0.0029,229.778,0.0029,305.286,0.0029,459.555,0.0057,382.577
16,3184,4,2048,51200,256,1,1,1,0.0029,235.962,0.0029,306.024,0.0028,471.925,0.0057,388.192
16,3200,4,2048,51200,256,1,1,1,0.0029,224.48,0.0029,307.959,0.003,448.961,0.0059,379.818
16,3216,4,2048,51200,256,1,1,1,0.0029,225.704,0.0029,304.904,0.003,451.408,0.0059,379.048
16,3232,4,2048,51200,256,1,1,1,0.0029,240.513,0.0029,306.857,0.0028,481.026,0.0058,392.565
16,3248,4,2048,51200,256,1,1,1,0.003,228.393,0.003,307.784,0.003,456.786,0.006,383.19
16,3264,4,2048,51200,256,1,1,1,0.003,207.117,0.003,309.462,0.0034,414.235,0.0063,365.214
16,3280,4,2048,51200,256,1,1,1,0.003,223.835,0.003,309.358,0.0031,447.67,0.0061,380.308
16,3296,4,2048,51200,256,1,1,1,0.003,230.342,0.003,311.348,0.0031,460.683,0.0061,387.166
16,3312,4,2048,51200,256,1,1,1,0.003,221.038,0.003,311.31,0.0033,442.076,0.0063,379.08
16,3328,4,2048,51200,256,1,1,1,0.003,237.336,0.003,312.982,0.0031,474.672,0.0061,394.167
16,3344,4,2048,51200,256,1,1,1,0.003,206.356,0.003,314.127,0.0036,412.713,0.0066,367.185
16,3360,4,2048,51200,256,1,1,1,0.0031,191.182,0.0031,315.998,0.0039,382.364,0.0069,353.087
16,3376,4,2048,51200,256,1,1,1,0.0031,225.269,0.0031,316.877,0.0033,450.538,0.0064,386.256
16,3392,4,2048,51200,256,1,1,1,0.0031,226.144,0.0031,318.666,0.0033,452.287,0.0064,388.119
16,3408,4,2048,51200,256,1,1,1,0.0031,221.434,0.0031,319.908,0.0034,442.868,0.0065,384.618
16,3424,4,2048,51200,256,1,1,1,0.0031,228.523,0.0031,321.614,0.0034,457.045,0.0065,392.039
16,3440,4,2048,51200,256,1,1,1,0.0031,219.522,0.0031,322.815,0.0035,439.044,0.0067,384.558
16,3456,4,2048,51200,256,1,1,1,0.0031,211.771,0.0031,324.538,0.0037,423.543,0.0068,378.173
16,3472,4,2048,51200,256,1,1,1,0.0031,227.672,0.0031,325.514,0.0035,455.344,0.0066,393.641
16,3488,4,2048,51200,256,1,1,1,0.0032,232.737,0.0032,327.161,0.0034,465.474,0.0066,399.191
16,3504,4,2048,51200,256,1,1,1,0.0032,228.283,0.0032,327.848,0.0035,456.566,0.0067,395.601
16,3520,4,2048,51200,256,1,1,1,0.0032,233.263,0.0032,329.76,0.0035,466.526,0.0067,401.247
16,3536,4,2048,51200,256,1,1,1,0.0032,218.339,0.0032,330.81,0.0038,436.677,0.0069,388.0
16,3552,4,2048,51200,256,1,1,1,0.0032,233.141,0.0032,332.557,0.0035,466.282,0.0067,402.821
16,3568,4,2048,51200,256,1,1,1,0.0032,228.119,0.0032,333.192,0.0037,456.238,0.0069,398.603
16,3584,4,2048,51200,256,1,1,1,0.0032,204.415,0.0032,334.888,0.0041,408.83,0.0074,376.317
16,3600,4,2048,51200,256,1,1,1,0.0033,210.681,0.0033,331.447,0.004,421.361,0.0073,380.947
16,3616,4,2048,51200,256,1,1,1,0.0033,226.385,0.0033,333.19,0.0038,452.77,0.0071,397.073
16,3632,4,2048,51200,256,1,1,1,0.0033,215.986,0.0033,333.835,0.004,431.971,0.0073,387.479
16,3648,4,2048,51200,256,1,1,1,0.0033,222.002,0.0033,335.851,0.0039,444.003,0.0073,394.421
16,3664,4,2048,51200,256,1,1,1,0.0033,219.642,0.0033,337.756,0.004,439.283,0.0073,393.174
16,3680,4,2048,51200,256,1,1,1,0.0033,229.332,0.0033,339.68,0.0039,458.664,0.0072,403.546
16,3696,4,2048,51200,256,1,1,1,0.0034,214.544,0.0034,340.384,0.0042,429.088,0.0075,389.53
16,3712,4,2048,51200,256,1,1,1,0.0034,223.324,0.0034,341.999,0.004,446.649,0.0074,399.087
16,16,4,2048,51200,256,1,1,1,0.0005,0.371,0.0005,2.004,0.0,0.741,0.0006,1.907
16,32,4,2048,51200,256,1,1,1,0.0005,1.509,0.0005,4.076,0.0,3.017,0.0006,3.996
16,48,4,2048,51200,256,1,1,1,0.0006,3.311,0.0006,5.688,0.0,6.623,0.0006,5.755
16,64,4,2048,51200,256,1,1,1,0.0006,4.468,0.0006,8.262,0.0001,8.936,0.0006,8.328
16,80,4,2048,51200,256,1,1,1,0.0007,9.43,0.0007,8.822,0.0,18.859,0.0007,9.46
16,96,4,2048,51200,256,1,1,1,0.0007,9.667,0.0007,10.688,0.0001,19.334,0.0007,11.436
16,112,4,2048,51200,256,1,1,1,0.0006,10.84,0.0006,14.924,0.0001,21.679,0.0006,15.731
16,128,4,2048,51200,256,1,1,1,0.0006,14.51,0.0006,16.455,0.0001,29.02,0.0007,17.861
16,144,4,2048,51200,256,1,1,1,0.0005,31.457,0.0005,20.05,0.0,62.915,0.0006,23.173
16,160,4,2048,51200,256,1,1,1,0.0006,27.307,0.0006,22.044,0.0001,54.613,0.0006,25.247
16,176,4,2048,51200,256,1,1,1,0.0006,44.675,0.0006,22.018,0.0,89.35,0.0007,26.557
16,192,4,2048,51200,256,1,1,1,0.0006,33.406,0.0006,27.261,0.0001,66.812,0.0006,31.775
16,208,4,2048,51200,256,1,1,1,0.0006,39.778,0.0006,29.634,0.0001,79.555,0.0006,35.211
16,224,4,2048,51200,256,1,1,1,0.0006,53.244,0.0006,32.287,0.0001,106.488,0.0006,39.57
16,240,4,2048,51200,256,1,1,1,0.0006,53.865,0.0006,36.016,0.0001,107.73,0.0006,44.095
16,256,4,2048,51200,256,1,1,1,0.0005,73.544,0.0005,39.505,0.0001,147.088,0.0006,49.941
16,272,4,2048,51200,256,1,1,1,0.0006,68.175,0.0006,39.826,0.0001,136.35,0.0007,50.368
16,288,4,2048,51200,256,1,1,1,0.0006,73.457,0.0006,43.733,0.0001,146.914,0.0006,55.659
16,304,4,2048,51200,256,1,1,1,0.0008,92.665,0.0008,34.275,0.0001,185.33,0.0008,46.067
16,320,4,2048,51200,256,1,1,1,0.0006,98.922,0.0006,47.948,0.0001,197.845,0.0007,63.457
16,336,4,2048,51200,256,1,1,1,0.0006,91.933,0.0006,52.918,0.0001,183.866,0.0006,69.222
16,352,4,2048,51200,256,1,1,1,0.0006,113.919,0.0006,54.728,0.0001,227.839,0.0007,73.675
16,368,4,2048,51200,256,1,1,1,0.0006,144.641,0.0006,58.05,0.0001,289.281,0.0006,80.23
16,384,4,2048,51200,256,1,1,1,0.0006,117.965,0.0006,63.392,0.0001,235.93,0.0006,85.446
16,400,4,2048,51200,256,1,1,1,0.0006,135.126,0.0006,64.096,0.0001,270.252,0.0007,88.335
16,416,4,2048,51200,256,1,1,1,0.0006,117.066,0.0006,68.157,0.0001,234.133,0.0007,92.054
16,432,4,2048,51200,256,1,1,1,0.0008,111.349,0.0008,54.119,0.0001,222.698,0.0009,75.366
16,448,4,2048,51200,256,1,1,1,0.0006,134.657,0.0006,75.021,0.0001,269.315,0.0007,103.189
16,464,4,2048,51200,256,1,1,1,0.0006,153.633,0.0006,78.122,0.0001,307.266,0.0007,109.483
16,480,4,2048,51200,256,1,1,1,0.0006,160.224,0.0006,85.265,0.0001,320.448,0.0006,119.409
16,496,4,2048,51200,256,1,1,1,0.0006,171.666,0.0006,87.48,0.0001,343.333,0.0007,123.96
16,512,4,2048,51200,256,1,1,1,0.0006,187.063,0.0006,90.752,0.0001,374.126,0.0007,130.198
16,528,4,2048,51200,256,1,1,1,0.0006,135.376,0.0006,89.89,0.0001,270.753,0.0007,123.218
16,544,4,2048,51200,256,1,1,1,0.0006,127.394,0.0006,92.786,0.0002,254.788,0.0008,125.465
16,560,4,2048,51200,256,1,1,1,0.0006,134.785,0.0006,94.006,0.0002,269.571,0.0008,128.732
16,576,4,2048,51200,256,1,1,1,0.0006,150.078,0.0006,96.041,0.0001,300.156,0.0008,134.259
16,592,4,2048,51200,256,1,1,1,0.0006,147.533,0.0006,97.878,0.0002,295.067,0.0008,136.432
16,608,4,2048,51200,256,1,1,1,0.0006,145.661,0.0006,101.114,0.0002,291.322,0.0008,140.197
16,624,4,2048,51200,256,1,1,1,0.0007,159.17,0.0007,102.622,0.0002,318.34,0.0008,144.951
16,640,4,2048,51200,256,1,1,1,0.0007,163.044,0.0007,105.683,0.0002,326.088,0.0008,149.666
16,656,4,2048,51200,256,1,1,1,0.0007,167.712,0.0007,106.315,0.0002,335.425,0.0008,151.773
16,672,4,2048,51200,256,1,1,1,0.0007,160.077,0.0007,109.059,0.0002,320.154,0.0009,153.93
16,688,4,2048,51200,256,1,1,1,0.0007,175.697,0.0007,110.527,0.0002,351.394,0.0009,159.132
16,704,4,2048,51200,256,1,1,1,0.0007,180.208,0.0007,113.841,0.0002,360.416,0.0009,164.312
16,720,4,2048,51200,256,1,1,1,0.0007,180.558,0.0007,112.078,0.0002,361.117,0.0009,162.879
16,736,4,2048,51200,256,1,1,1,0.0007,188.033,0.0007,114.411,0.0002,376.066,0.0009,167.484
16,752,4,2048,51200,256,1,1,1,0.0008,205.711,0.0008,115.605,0.0002,411.422,0.0009,172.466
16,768,4,2048,51200,256,1,1,1,0.0008,176.926,0.0008,120.093,0.0002,353.851,0.001,172.77
16,784,4,2048,51200,256,1,1,1,0.0008,172.914,0.0008,116.82,0.0002,345.828,0.001,168.709
16,800,4,2048,51200,256,1,1,1,0.0008,191.067,0.0008,122.314,0.0002,382.134,0.001,179.272
16,816,4,2048,51200,256,1,1,1,0.0008,178.025,0.0008,123.604,0.0002,356.05,0.001,178.326
16,832,4,2048,51200,256,1,1,1,0.0008,201.017,0.0008,125.883,0.0002,402.035,0.001,186.414
16,848,4,2048,51200,256,1,1,1,0.0008,194.035,0.0008,125.38,0.0002,388.07,0.0011,184.862
16,864,4,2048,51200,256,1,1,1,0.0008,179.124,0.0008,127.742,0.0003,358.248,0.0011,184.459
16,880,4,2048,51200,256,1,1,1,0.0009,191.023,0.0009,128.616,0.0003,382.047,0.0011,188.763
16,896,4,2048,51200,256,1,1,1,0.0009,180.926,0.0009,131.133,0.0003,361.852,0.0012,189.447
16,912,4,2048,51200,256,1,1,1,0.0009,203.21,0.0009,131.551,0.0003,406.421,0.0011,195.786
16,928,4,2048,51200,256,1,1,1,0.0009,208.846,0.0009,133.544,0.0003,417.692,0.0012,199.787
16,944,4,2048,51200,256,1,1,1,0.0009,216.558,0.0009,134.527,0.0003,433.117,0.0012,203.074
16,960,4,2048,51200,256,1,1,1,0.0009,166.772,0.0009,136.46,0.0004,333.543,0.0013,192.358
16,976,4,2048,51200,256,1,1,1,0.0009,214.677,0.0009,137.461,0.0003,429.354,0.0012,206.954
16,992,4,2048,51200,256,1,1,1,0.0009,221.165,0.0009,138.933,0.0003,442.329,0.0012,210.571
16,1008,4,2048,51200,256,1,1,1,0.001,198.134,0.001,140.143,0.0003,396.267,0.0013,206.668
16,1024,4,2048,51200,256,1,1,1,0.001,217.247,0.001,142.761,0.0003,434.493,0.0013,214.91
16,1040,4,2048,51200,256,1,1,1,0.001,188.16,0.001,142.259,0.0004,376.321,0.0014,206.828
16,1056,4,2048,51200,256,1,1,1,0.001,198.032,0.001,144.318,0.0004,396.063,0.0014,212.306
16,1072,4,2048,51200,256,1,1,1,0.001,206.813,0.001,145.117,0.0004,413.625,0.0014,216.03
16,1088,4,2048,51200,256,1,1,1,0.001,174.098,0.001,146.047,0.0004,348.195,0.0015,207.045
16,1104,4,2048,51200,256,1,1,1,0.0011,213.71,0.0011,146.132,0.0004,427.42,0.0014,219.788
16,1120,4,2048,51200,256,1,1,1,0.0011,212.271,0.0011,147.904,0.0004,424.542,0.0015,221.726
16,1136,4,2048,51200,256,1,1,1,0.0011,218.741,0.0011,149.674,0.0004,437.482,0.0015,225.837
16,1152,4,2048,51200,256,1,1,1,0.0011,194.553,0.0011,151.709,0.0004,389.107,0.0015,221.076
16,1168,4,2048,51200,256,1,1,1,0.0011,221.917,0.0011,153.081,0.0004,443.833,0.0015,231.227
16,1184,4,2048,51200,256,1,1,1,0.0011,229.267,0.0011,155.878,0.0004,458.535,0.0015,236.741
16,1200,4,2048,51200,256,1,1,1,0.0011,225.253,0.0011,157.604,0.0004,450.505,0.0015,237.876
16,1216,4,2048,51200,256,1,1,1,0.0011,240.054,0.0011,159.84,0.0004,480.109,0.0015,244.87
16,1232,4,2048,51200,256,1,1,1,0.0012,231.978,0.0012,158.106,0.0004,463.956,0.0016,241.065
16,1248,4,2048,51200,256,1,1,1,0.0012,237.511,0.0012,161.497,0.0004,475.021,0.0016,246.754
16,1264,4,2048,51200,256,1,1,1,0.0012,239.187,0.0012,162.862,0.0004,478.374,0.0016,249.104
16,1280,4,2048,51200,256,1,1,1,0.0012,231.89,0.0012,165.746,0.0005,463.779,0.0016,250.455
16,1296,4,2048,51200,256,1,1,1,0.0012,194.92,0.0012,159.703,0.0006,389.84,0.0018,231.963
16,1312,4,2048,51200,256,1,1,1,0.0012,213.98,0.0012,162.874,0.0005,427.959,0.0018,242.261
16,1328,4,2048,51200,256,1,1,1,0.0013,210.295,0.0013,161.659,0.0005,420.59,0.0018,240.03
16,1344,4,2048,51200,256,1,1,1,0.0013,205.75,0.0013,162.411,0.0006,411.499,0.0019,239.479
16,1360,4,2048,51200,256,1,1,1,0.0013,216.24,0.0013,165.095,0.0006,432.48,0.0018,246.219
16,1376,4,2048,51200,256,1,1,1,0.0013,223.366,0.0013,167.016,0.0006,446.732,0.0019,250.948
16,1392,4,2048,51200,256,1,1,1,0.0013,224.2,0.0013,167.367,0.0006,448.4,0.0019,251.888
16,1408,4,2048,51200,256,1,1,1,0.0013,227.967,0.0013,170.143,0.0006,455.933,0.0019,256.373
16,1424,4,2048,51200,256,1,1,1,0.0013,231.552,0.0013,172.009,0.0006,463.104,0.0019,259.842
16,1440,4,2048,51200,256,1,1,1,0.0013,206.503,0.0013,173.19,0.0007,413.006,0.002,252.071
16,1456,4,2048,51200,256,1,1,1,0.0013,228.597,0.0013,175.322,0.0006,457.194,0.002,262.836
16,1472,4,2048,51200,256,1,1,1,0.0014,237.94,0.0014,177.247,0.0006,475.879,0.002,268.397
16,1488,4,2048,51200,256,1,1,1,0.0014,238.129,0.0014,179.719,0.0006,476.258,0.002,271.333
16,1504,4,2048,51200,256,1,1,1,0.0014,239.876,0.0014,181.266,0.0006,479.752,0.002,273.839
16,1520,4,2048,51200,256,1,1,1,0.0014,241.044,0.0014,182.421,0.0006,482.089,0.002,275.731
16,1536,4,2048,51200,256,1,1,1,0.0014,242.745,0.0014,185.043,0.0006,485.49,0.002,279.334
16,1552,4,2048,51200,256,1,1,1,0.0014,233.931,0.0014,182.6,0.0007,467.863,0.0021,273.844
16,1568,4,2048,51200,256,1,1,1,0.0014,219.33,0.0014,184.794,0.0007,438.659,0.0022,270.502
16,1584,4,2048,51200,256,1,1,1,0.0015,214.8,0.0015,185.831,0.0008,429.599,0.0022,269.799
16,1600,4,2048,51200,256,1,1,1,0.0015,225.113,0.0015,187.562,0.0007,450.226,0.0022,276.051
16,1616,4,2048,51200,256,1,1,1,0.0015,236.701,0.0015,186.504,0.0007,473.402,0.0022,279.854
16,1632,4,2048,51200,256,1,1,1,0.0015,221.218,0.0015,188.717,0.0008,442.437,0.0023,275.974
16,1648,4,2048,51200,256,1,1,1,0.0015,240.813,0.0015,188.904,0.0007,481.625,0.0023,284.35
16,1664,4,2048,51200,256,1,1,1,0.0015,239.32,0.0015,190.99,0.0008,478.641,0.0023,286.108
16,1680,4,2048,51200,256,1,1,1,0.0016,213.55,0.0016,190.802,0.0009,427.101,0.0024,275.151
16,1696,4,2048,51200,256,1,1,1,0.0016,250.144,0.0016,192.192,0.0008,500.289,0.0023,291.985
16,1712,4,2048,51200,256,1,1,1,0.0016,252.05,0.0016,193.444,0.0008,504.1,0.0023,294.231
16,1728,4,2048,51200,256,1,1,1,0.0016,227.482,0.0016,195.242,0.0009,454.965,0.0025,286.195
16,1744,4,2048,51200,256,1,1,1,0.0016,256.235,0.0016,194.52,0.0008,512.469,0.0024,297.393
16,1760,4,2048,51200,256,1,1,1,0.0016,258.67,0.0016,196.32,0.0008,517.34,0.0024,300.405
16,1776,4,2048,51200,256,1,1,1,0.0016,252.162,0.0016,197.696,0.0008,504.323,0.0025,299.534
16,1792,4,2048,51200,256,1,1,1,0.0017,219.497,0.0017,198.774,0.001,438.993,0.0026,286.598
16,1808,4,2048,51200,256,1,1,1,0.0017,231.328,0.0017,195.448,0.0009,462.656,0.0026,289.077
16,1824,4,2048,51200,256,1,1,1,0.0017,233.564,0.0017,197.427,0.0009,467.128,0.0027,292.152
16,1840,4,2048,51200,256,1,1,1,0.0017,231.935,0.0017,198.254,0.001,463.871,0.0027,292.413
16,1856,4,2048,51200,256,1,1,1,0.0018,236.838,0.0018,200.103,0.001,473.676,0.0027,296.547
16,1872,4,2048,51200,256,1,1,1,0.0018,217.98,0.0018,202.977,0.0011,435.959,0.0028,290.52
16,1888,4,2048,51200,256,1,1,1,0.0018,233.382,0.0018,204.571,0.001,466.764,0.0028,299.583
16,1904,4,2048,51200,256,1,1,1,0.0018,203.493,0.0018,205.414,0.0012,406.986,0.0029,285.294
16,1920,4,2048,51200,256,1,1,1,0.0018,168.738,0.0018,207.479,0.0014,337.475,0.0032,265.332
16,1936,4,2048,51200,256,1,1,1,0.0018,193.609,0.0018,207.454,0.0013,387.217,0.0031,281.526
16,1952,4,2048,51200,256,1,1,1,0.0018,246.109,0.0018,208.603,0.001,492.218,0.0028,309.941
16,1968,4,2048,51200,256,1,1,1,0.0018,224.066,0.0018,209.934,0.0011,448.133,0.003,300.757
16,1984,4,2048,51200,256,1,1,1,0.0019,224.788,0.0019,211.183,0.0011,449.576,0.003,302.388
16,2000,4,2048,51200,256,1,1,1,0.0019,242.96,0.0019,212.604,0.0011,485.92,0.0029,312.797
16,2016,4,2048,51200,256,1,1,1,0.0019,211.178,0.0019,214.5,0.0013,422.357,0.0031,298.158
16,2032,4,2048,51200,256,1,1,1,0.0019,253.219,0.0019,215.116,0.0011,506.438,0.003,320.274
16,2048,4,2048,51200,256,1,1,1,0.0019,244.727,0.0019,217.283,0.0011,489.455,0.003,318.483
16,2064,4,2048,51200,256,1,1,1,0.0019,225.59,0.0019,216.256,0.0012,451.179,0.0032,307.998
16,2080,4,2048,51200,256,1,1,1,0.0019,195.563,0.0019,217.924,0.0014,391.126,0.0034,291.968
16,2096,4,2048,51200,256,1,1,1,0.002,241.037,0.002,219.036,0.0012,482.074,0.0032,318.744
16,2112,4,2048,51200,256,1,1,1,0.002,225.937,0.002,220.792,0.0013,451.874,0.0033,312.512
16,2128,4,2048,51200,256,1,1,1,0.002,231.926,0.002,221.446,0.0013,463.851,0.0033,316.459
16,2144,4,2048,51200,256,1,1,1,0.002,236.744,0.002,223.2,0.0013,473.488,0.0033,320.692
16,2160,4,2048,51200,256,1,1,1,0.002,225.863,0.002,224.069,0.0014,451.727,0.0034,315.65
16,2176,4,2048,51200,256,1,1,1,0.002,161.533,0.002,226.234,0.0019,323.066,0.0039,273.469
16,2192,4,2048,51200,256,1,1,1,0.002,196.591,0.002,227.046,0.0016,393.182,0.0036,300.223
16,2208,4,2048,51200,256,1,1,1,0.002,240.867,0.002,229.121,0.0013,481.734,0.0034,328.622
16,2224,4,2048,51200,256,1,1,1,0.0021,243.008,0.0021,229.673,0.0013,486.015,0.0034,330.388
16,2240,4,2048,51200,256,1,1,1,0.0021,226.732,0.0021,231.997,0.0015,453.463,0.0035,323.358
16,2256,4,2048,51200,256,1,1,1,0.0021,253.517,0.0021,232.405,0.0013,507.035,0.0034,338.605
16,2272,4,2048,51200,256,1,1,1,0.0021,248.82,0.0021,233.948,0.0014,497.64,0.0035,337.645
16,2288,4,2048,51200,256,1,1,1,0.0021,246.975,0.0021,234.903,0.0014,493.949,0.0035,337.62
16,2304,4,2048,51200,256,1,1,1,0.0021,209.675,0.0021,237.32,0.0017,419.35,0.0038,317.292
16,2320,4,2048,51200,256,1,1,1,0.0022,241.895,0.0022,235.107,0.0015,483.79,0.0036,335.262
16,2336,4,2048,51200,256,1,1,1,0.0022,231.717,0.0022,237.081,0.0015,463.435,0.0037,331.167
16,2352,4,2048,51200,256,1,1,1,0.0022,233.522,0.0022,237.824,0.0016,467.045,0.0037,332.96
16,2368,4,2048,51200,256,1,1,1,0.0022,237.346,0.0022,240.015,0.0015,474.693,0.0037,337.13
16,2384,4,2048,51200,256,1,1,1,0.0022,246.552,0.0022,241.211,0.0015,493.104,0.0037,343.557
16,2400,4,2048,51200,256,1,1,1,0.0022,212.837,0.0022,243.352,0.0018,425.674,0.004,324.465
16,2416,4,2048,51200,256,1,1,1,0.0023,232.415,0.0023,239.522,0.0016,464.831,0.0039,334.126
16,2432,4,2048,51200,256,1,1,1,0.0023,227.072,0.0023,242.144,0.0017,454.144,0.004,333.03
16,2448,4,2048,51200,256,1,1,1,0.0023,226.221,0.0023,241.72,0.0017,452.442,0.004,332.262
16,2464,4,2048,51200,256,1,1,1,0.0023,233.316,0.0023,247.924,0.0017,466.633,0.004,341.703
16,2480,4,2048,51200,256,1,1,1,0.0023,248.014,0.0023,248.708,0.0016,496.028,0.0039,351.375
16,2496,4,2048,51200,256,1,1,1,0.0023,257.915,0.0023,250.738,0.0016,515.831,0.0039,358.911
16,2512,4,2048,51200,256,1,1,1,0.0023,256.718,0.0023,251.904,0.0016,513.436,0.0039,359.329
16,2528,4,2048,51200,256,1,1,1,0.0023,250.494,0.0023,253.322,0.0017,500.989,0.004,356.975
16,2544,4,2048,51200,256,1,1,1,0.0023,255.386,0.0023,254.618,0.0017,510.772,0.004,361.05
16,2560,4,2048,51200,256,1,1,1,0.0023,235.098,0.0023,256.885,0.0018,470.197,0.0042,350.391
16,2576,4,2048,51200,256,1,1,1,0.0024,233.316,0.0024,256.212,0.0019,466.632,0.0042,348.801
16,2592,4,2048,51200,256,1,1,1,0.0024,229.745,0.0024,258.148,0.0019,459.49,0.0043,347.97
16,2608,4,2048,51200,256,1,1,1,0.0024,238.432,0.0024,259.105,0.0019,476.864,0.0043,354.55
16,2624,4,2048,51200,256,1,1,1,0.0024,243.429,0.0024,261.224,0.0019,486.859,0.0043,359.516
16,2640,4,2048,51200,256,1,1,1,0.0024,227.072,0.0024,263.189,0.002,454.144,0.0044,350.088
16,2656,4,2048,51200,256,1,1,1,0.0024,244.021,0.0024,265.446,0.0019,488.043,0.0043,363.346
16,2672,4,2048,51200,256,1,1,1,0.0024,239.369,0.0024,266.343,0.002,478.738,0.0044,361.03
16,2688,4,2048,51200,256,1,1,1,0.0024,218.559,0.0024,268.453,0.0022,437.117,0.0046,347.851
16,2704,4,2048,51200,256,1,1,1,0.0025,239.884,0.0025,266.902,0.002,479.769,0.0045,361.969
16,2720,4,2048,51200,256,1,1,1,0.0025,238.707,0.0025,268.921,0.002,477.414,0.0045,362.76
16,2736,4,2048,51200,256,1,1,1,0.0025,233.424,0.0025,269.772,0.0021,466.848,0.0046,359.798
16,2752,4,2048,51200,256,1,1,1,0.0025,240.073,0.0025,272.33,0.0021,480.147,0.0046,366.383
16,2768,4,2048,51200,256,1,1,1,0.0025,254.421,0.0025,274.066,0.002,508.842,0.0045,377.412
16,2784,4,2048,51200,256,1,1,1,0.0025,236.545,0.0025,274.364,0.0021,473.09,0.0047,365.553
16,2800,4,2048,51200,256,1,1,1,0.0026,252.796,0.0026,274.722,0.002,505.591,0.0046,377.026
16,2816,4,2048,51200,256,1,1,1,0.0026,246.402,0.0026,277.379,0.0021,492.804,0.0047,374.797
16,2832,4,2048,51200,256,1,1,1,0.0026,235.963,0.0026,277.209,0.0022,471.927,0.0048,367.398
16,2848,4,2048,51200,256,1,1,1,0.0026,231.924,0.0026,279.698,0.0023,463.848,0.0049,366.262
16,2864,4,2048,51200,256,1,1,1,0.0026,228.212,0.0026,280.556,0.0024,456.425,0.005,364.133
16,2880,4,2048,51200,256,1,1,1,0.0026,186.757,0.0026,282.545,0.0029,373.514,0.0055,330.524
16,2896,4,2048,51200,256,1,1,1,0.0026,230.044,0.0026,282.988,0.0024,460.087,0.005,367.307
16,2912,4,2048,51200,256,1,1,1,0.0026,229.276,0.0026,285.478,0.0024,458.552,0.0051,368.465
16,2928,4,2048,51200,256,1,1,1,0.0027,237.823,0.0027,286.169,0.0024,475.646,0.005,375.473
16,2944,4,2048,51200,256,1,1,1,0.0026,233.204,0.0026,288.993,0.0024,466.407,0.0051,373.977
16,2960,4,2048,51200,256,1,1,1,0.0027,234.797,0.0027,286.654,0.0024,469.594,0.0051,373.666
16,2976,4,2048,51200,256,1,1,1,0.0027,246.729,0.0027,288.351,0.0024,493.458,0.0051,383.746
16,2992,4,2048,51200,256,1,1,1,0.0027,251.286,0.0027,289.512,0.0023,502.572,0.0051,387.922
16,3008,4,2048,51200,256,1,1,1,0.0027,259.43,0.0027,291.303,0.0023,518.86,0.005,395.032
16,3024,4,2048,51200,256,1,1,1,0.0027,239.758,0.0027,293.429,0.0025,479.516,0.0052,382.305
16,3040,4,2048,51200,256,1,1,1,0.0027,236.105,0.0027,294.974,0.0026,472.211,0.0053,380.594
16,3056,4,2048,51200,256,1,1,1,0.0028,254.342,0.0028,295.532,0.0024,508.685,0.0052,394.719
16,3072,4,2048,51200,256,1,1,1,0.0028,235.169,0.0028,297.093,0.0026,470.338,0.0054,381.379
16,3088,4,2048,51200,256,1,1,1,0.0028,226.879,0.0028,295.556,0.0028,453.759,0.0056,373.789
16,3104,4,2048,51200,256,1,1,1,0.0028,216.017,0.0028,297.39,0.0029,432.035,0.0057,365.876
16,3120,4,2048,51200,256,1,1,1,0.0028,210.368,0.0028,297.745,0.003,420.736,0.0059,361.194
16,3136,4,2048,51200,256,1,1,1,0.0029,223.957,0.0029,299.929,0.0029,447.915,0.0057,374.274
16,3152,4,2048,51200,256,1,1,1,0.0029,232.671,0.0029,300.31,0.0028,465.342,0.0057,381.748
16,3168,4,2048,51200,256,1,1,1,0.0029,223.148,0.0029,302.149,0.0029,446.297,0.0058,375.052
16,3184,4,2048,51200,256,1,1,1,0.0029,248.852,0.0029,302.716,0.0027,497.704,0.0056,396.17
16,3200,4,2048,51200,256,1,1,1,0.0029,232.172,0.0029,305.141,0.0029,464.344,0.0058,384.57
16,3216,4,2048,51200,256,1,1,1,0.0029,246.192,0.0029,305.346,0.0028,492.384,0.0057,396.01
16,3232,4,2048,51200,256,1,1,1,0.0029,230.877,0.0029,306.532,0.003,461.754,0.0059,384.461
16,3248,4,2048,51200,256,1,1,1,0.003,242.403,0.003,307.061,0.0029,484.806,0.0058,394.263
16,3264,4,2048,51200,256,1,1,1,0.003,207.605,0.003,308.986,0.0034,415.21,0.0063,365.408
16,3280,4,2048,51200,256,1,1,1,0.003,251.535,0.003,309.781,0.0028,503.07,0.0058,403.362
16,3296,4,2048,51200,256,1,1,1,0.003,235.848,0.003,311.307,0.003,471.695,0.006,391.784
16,3312,4,2048,51200,256,1,1,1,0.003,232.806,0.003,311.929,0.0031,465.612,0.0061,389.661
16,3328,4,2048,51200,256,1,1,1,0.003,235.158,0.003,313.91,0.0031,470.317,0.0061,392.918
16,3344,4,2048,51200,256,1,1,1,0.0031,234.526,0.0031,312.315,0.0031,469.051,0.0062,391.44
16,3360,4,2048,51200,256,1,1,1,0.0031,185.563,0.0031,314.106,0.004,371.125,0.0071,346.306
16,3376,4,2048,51200,256,1,1,1,0.0031,229.038,0.0031,314.999,0.0033,458.076,0.0064,388.46
16,3392,4,2048,51200,256,1,1,1,0.0031,233.176,0.0031,316.823,0.0032,466.352,0.0063,393.185
16,3408,4,2048,51200,256,1,1,1,0.0031,239.06,0.0031,320.721,0.0032,478.119,0.0063,400.645
16,3424,4,2048,51200,256,1,1,1,0.0031,218.454,0.0031,322.98,0.0035,436.908,0.0066,383.623
16,3440,4,2048,51200,256,1,1,1,0.0031,236.372,0.0031,323.263,0.0033,472.744,0.0064,399.964
16,3456,4,2048,51200,256,1,1,1,0.0031,207.597,0.0031,325.262,0.0038,415.194,0.0069,374.476
16,3472,4,2048,51200,256,1,1,1,0.0032,224.704,0.0032,322.306,0.0035,449.407,0.0067,389.103
16,3488,4,2048,51200,256,1,1,1,0.0032,245.777,0.0032,324.338,0.0032,491.554,0.0064,408.78
16,3504,4,2048,51200,256,1,1,1,0.0032,239.645,0.0032,324.97,0.0034,479.29,0.0066,403.99
16,3520,4,2048,51200,256,1,1,1,0.0032,232.616,0.0032,327.044,0.0035,465.233,0.0067,399.085
16,3536,4,2048,51200,256,1,1,1,0.0032,229.554,0.0032,330.777,0.0036,459.108,0.0068,398.499
16,3552,4,2048,51200,256,1,1,1,0.0032,228.841,0.0032,332.973,0.0036,457.682,0.0068,399.117
16,3568,4,2048,51200,256,1,1,1,0.0032,229.879,0.0032,333.631,0.0036,459.758,0.0068,400.479
16,3584,4,2048,51200,256,1,1,1,0.0032,213.52,0.0032,335.786,0.0039,427.039,0.0072,385.992
16,3600,4,2048,51200,256,1,1,1,0.0033,228.211,0.0033,333.408,0.0037,456.422,0.007,398.87
16,3616,4,2048,51200,256,1,1,1,0.0033,233.115,0.0033,335.565,0.0037,466.231,0.007,404.648
16,3632,4,2048,51200,256,1,1,1,0.0033,233.672,0.0033,335.989,0.0037,467.345,0.007,405.432
16,3648,4,2048,51200,256,1,1,1,0.0033,221.875,0.0033,337.687,0.0039,443.75,0.0072,395.284
16,3664,4,2048,51200,256,1,1,1,0.0034,239.241,0.0034,334.799,0.0037,478.482,0.007,409.857
16,3680,4,2048,51200,256,1,1,1,0.0034,217.669,0.0034,336.704,0.0041,435.338,0.0074,390.71
16,3696,4,2048,51200,256,1,1,1,0.0034,224.517,0.0034,337.172,0.004,449.034,0.0074,397.626
16,3712,4,2048,51200,256,1,1,1,0.0034,223.71,0.0034,339.9,0.004,447.419,0.0074,398.343
16,3728,4,2048,51200,256,1,1,1,0.0034,224.583,0.0034,340.214,0.0041,449.166,0.0075,399.38
16,3744,4,2048,51200,256,1,1,1,0.0034,208.861,0.0034,342.455,0.0044,417.722,0.0078,384.818
16,3760,4,2048,51200,256,1,1,1,0.0034,244.372,0.0034,343.16,0.0038,488.744,0.0072,419.54
16,3776,4,2048,51200,256,1,1,1,0.0034,229.57,0.0034,344.865,0.0041,459.14,0.0075,406.763
16,3792,4,2048,51200,256,1,1,1,0.0035,242.441,0.0035,344.767,0.0039,484.883,0.0074,418.781
16,3808,4,2048,51200,256,1,1,1,0.0035,223.271,0.0035,346.429,0.0043,446.541,0.0077,401.502
16,3824,4,2048,51200,256,1,1,1,0.0035,230.585,0.0035,343.076,0.0042,461.171,0.0077,406.839
16,3840,4,2048,51200,256,1,1,1,0.0035,172.278,0.0035,347.367,0.0056,344.555,0.0091,345.64
16,3856,4,2048,51200,256,1,1,1,0.0035,223.704,0.0035,349.676,0.0044,447.408,0.0079,403.683
16,3872,4,2048,51200,256,1,1,1,0.0035,196.464,0.0035,351.728,0.005,392.928,0.0085,375.874
16,3888,4,2048,51200,256,1,1,1,0.0035,221.011,0.0035,352.674,0.0045,442.022,0.008,402.541
16,3904,4,2048,51200,256,1,1,1,0.0036,207.44,0.0036,354.551,0.0048,414.88,0.0084,389.252
16,3920,4,2048,51200,256,1,1,1,0.0036,228.026,0.0036,356.039,0.0044,456.051,0.008,411.363
16,3936,4,2048,51200,256,1,1,1,0.0036,221.219,0.0036,358.336,0.0046,442.438,0.0082,405.639
16,3952,4,2048,51200,256,1,1,1,0.0036,229.046,0.0036,359.375,0.0045,458.092,0.0081,414.142
16,3968,4,2048,51200,256,1,1,1,0.0036,214.358,0.0036,361.49,0.0048,428.715,0.0084,399.992
16,3984,4,2048,51200,256,1,1,1,0.0036,236.054,0.0036,360.346,0.0044,472.108,0.008,421.637
16,4000,4,2048,51200,256,1,1,1,0.0036,221.084,0.0036,362.23,0.0047,442.168,0.0084,407.48
16,4016,4,2048,51200,256,1,1,1,0.0037,239.188,0.0037,363.342,0.0044,478.376,0.0081,426.335
16,4032,4,2048,51200,256,1,1,1,0.0037,209.923,0.0037,365.26,0.0051,419.847,0.0087,396.984
16,4048,4,2048,51200,256,1,1,1,0.0037,245.94,0.0037,364.877,0.0044,491.88,0.0081,433.731
16,4064,4,2048,51200,256,1,1,1,0.0037,231.658,0.0037,366.536,0.0047,463.316,0.0084,420.565
16,4080,4,2048,51200,256,1,1,1,0.0037,225.032,0.0037,367.285,0.0048,450.065,0.0086,414.147
16,4096,4,2048,51200,256,1,1,1,0.0037,224.897,0.0037,369.039,0.0049,449.794,0.0086,414.876
16,4112,4,2048,51200,256,1,1,1,0.0037,214.025,0.0037,372.775,0.0052,428.05,0.0089,404.966
16,4128,4,2048,51200,256,1,1,1,0.0037,208.059,0.0037,374.713,0.0054,416.117,0.0091,399.17
16,4144,4,2048,51200,256,1,1,1,0.0037,199.726,0.0037,375.871,0.0056,399.452,0.0094,390.054
16,4160,4,2048,51200,256,1,1,1,0.0037,208.396,0.0037,377.02,0.0054,416.792,0.0092,400.57
16,4176,4,2048,51200,256,1,1,1,0.0038,192.822,0.0038,373.815,0.0059,385.645,0.0097,381.018
16,4192,4,2048,51200,256,1,1,1,0.0038,230.693,0.0038,375.707,0.005,461.386,0.0088,424.277
16,4208,4,2048,51200,256,1,1,1,0.0038,224.405,0.0038,376.607,0.0052,448.811,0.009,418.083
16,4224,4,2048,51200,256,1,1,1,0.0038,237.205,0.0038,378.918,0.0049,474.409,0.0088,432.632
16,4240,4,2048,51200,256,1,1,1,0.0039,208.324,0.0039,378.058,0.0057,416.648,0.0095,400.972
16,4256,4,2048,51200,256,1,1,1,0.0039,205.072,0.0039,379.923,0.0058,410.144,0.0097,398.024
16,4272,4,2048,51200,256,1,1,1,0.0039,233.592,0.0039,380.614,0.0051,467.185,0.009,429.779
16,4288,4,2048,51200,256,1,1,1,0.0039,205.028,0.0039,382.746,0.0059,410.056,0.0098,399.162
16,4304,4,2048,51200,256,1,1,1,0.0039,209.559,0.0039,384.031,0.0058,419.118,0.0097,404.972
16,4320,4,2048,51200,256,1,1,1,0.0039,192.416,0.0039,386.419,0.0064,384.832,0.0103,385.437
16,4336,4,2048,51200,256,1,1,1,0.0039,232.184,0.0039,388.068,0.0053,464.368,0.0092,431.928
16,4352,4,2048,51200,256,1,1,1,0.0039,165.39,0.0039,388.461,0.0075,330.78,0.0115,350.661
16,4368,4,2048,51200,256,1,1,1,0.004,222.062,0.004,390.393,0.0056,444.125,0.0096,421.96
16,4384,4,2048,51200,256,1,1,1,0.004,198.005,0.004,392.271,0.0064,396.01,0.0103,394.576
16,4400,4,2048,51200,256,1,1,1,0.004,197.841,0.004,393.279,0.0064,395.682,0.0104,394.762
16,4416,4,2048,51200,256,1,1,1,0.004,225.572,0.004,395.619,0.0057,451.145,0.0096,428.235
16,4432,4,2048,51200,256,1,1,1,0.004,211.936,0.004,394.273,0.0061,423.872,0.0101,412.085
16,4448,4,2048,51200,256,1,1,1,0.004,224.803,0.004,396.447,0.0058,449.606,0.0098,427.761
16,4464,4,2048,51200,256,1,1,1,0.004,200.479,0.004,397.164,0.0065,400.959,0.0106,399.506
16,4480,4,2048,51200,256,1,1,1,0.0041,196.089,0.0041,398.535,0.0067,392.178,0.0108,394.573
16,4496,4,2048,51200,256,1,1,1,0.0041,215.869,0.0041,399.451,0.0061,431.738,0.0102,418.86
16,4512,4,2048,51200,256,1,1,1,0.0041,229.615,0.0041,402.034,0.0058,459.23,0.0099,435.664
16,4528,4,2048,51200,256,1,1,1,0.0041,195.701,0.0041,402.719,0.0069,391.403,0.011,395.628
16,4544,4,2048,51200,256,1,1,1,0.0041,233.591,0.0041,404.224,0.0058,467.182,0.0099,441.082
16,4560,4,2048,51200,256,1,1,1,0.0041,219.815,0.0041,407.687,0.0062,439.63,0.0103,426.927
16,4576,4,2048,51200,256,1,1,1,0.0041,232.513,0.0041,409.178,0.0059,465.026,0.01,442.119
16,4592,4,2048,51200,256,1,1,1,0.0041,224.076,0.0041,409.968,0.0062,448.152,0.0103,432.854
16,4608,4,2048,51200,256,1,1,1,0.0041,209.458,0.0041,412.657,0.0066,418.915,0.0108,416.519
16,4624,4,2048,51200,256,1,1,1,0.0042,193.415,0.0042,410.675,0.0072,386.829,0.0114,395.537
16,4640,4,2048,51200,256,1,1,1,0.0042,216.034,0.0042,412.59,0.0065,432.069,0.0107,424.473
16,4656,4,2048,51200,256,1,1,1,0.0042,213.423,0.0042,413.4,0.0067,426.845,0.0108,421.649
16,4672,4,2048,51200,256,1,1,1,0.0042,206.042,0.0042,415.442,0.0069,412.084,0.0111,413.349
16,4688,4,2048,51200,256,1,1,1,0.0042,218.244,0.0042,415.282,0.0066,436.488,0.0108,428.21
16,4704,4,2048,51200,256,1,1,1,0.0042,217.524,0.0042,417.218,0.0067,435.048,0.0109,428.125
16,4720,4,2048,51200,256,1,1,1,0.0042,204.272,0.0042,418.163,0.0071,408.544,0.0114,412.13
16,4736,4,2048,51200,256,1,1,1,0.0043,193.541,0.0043,420.14,0.0076,387.082,0.0119,398.953
16,4752,4,2048,51200,256,1,1,1,0.0043,226.626,0.0043,419.677,0.0065,453.251,0.0108,439.947
16,4768,4,2048,51200,256,1,1,1,0.0043,202.039,0.0043,421.926,0.0074,404.078,0.0117,410.642
16,4784,4,2048,51200,256,1,1,1,0.0043,229.621,0.0043,422.776,0.0065,459.241,0.0108,444.751
16,4800,4,2048,51200,256,1,1,1,0.0043,192.057,0.0043,424.625,0.0079,384.113,0.0122,398.468
16,4816,4,2048,51200,256,1,1,1,0.0043,229.006,0.0043,424.543,0.0066,458.012,0.011,444.777
16,4832,4,2048,51200,256,1,1,1,0.0044,218.303,0.0044,426.248,0.007,436.607,0.0114,432.64
16,4848,4,2048,51200,256,1,1,1,0.0044,228.528,0.0044,427.061,0.0067,457.057,0.0111,445.261
16,4864,4,2048,51200,256,1,1,1,0.0044,207.775,0.0044,429.583,0.0075,415.55,0.0118,420.732
16,4880,4,2048,51200,256,1,1,1,0.0044,221.278,0.0044,430.622,0.0071,442.556,0.0114,437.981
16,4896,4,2048,51200,256,1,1,1,0.0044,178.727,0.0044,432.913,0.0088,357.454,0.0132,382.58
16,4912,4,2048,51200,256,1,1,1,0.0044,194.557,0.0044,433.777,0.0081,389.114,0.0125,404.813
16,4928,4,2048,51200,256,1,1,1,0.0044,193.255,0.0044,435.683,0.0082,386.51,0.0126,403.663
16,4944,4,2048,51200,256,1,1,1,0.0045,183.509,0.0045,434.1,0.0087,367.019,0.0132,389.684
16,4960,4,2048,51200,256,1,1,1,0.0045,184.769,0.0045,436.132,0.0087,369.537,0.0132,392.062
16,4976,4,2048,51200,256,1,1,1,0.0044,182.79,0.0044,440.844,0.0089,365.58,0.0133,390.667
16,4992,4,2048,51200,256,1,1,1,0.0045,201.277,0.0045,439.268,0.0081,402.554,0.0126,415.615
16,5008,4,2048,51200,256,1,1,1,0.0045,212.489,0.0045,440.88,0.0077,424.979,0.0122,430.819
16,5024,4,2048,51200,256,1,1,1,0.0045,203.605,0.0045,442.484,0.0081,407.209,0.0126,419.784
16,5040,4,2048,51200,256,1,1,1,0.0045,197.367,0.0045,442.402,0.0084,394.734,0.013,411.384
16,5056,4,2048,51200,256,1,1,1,0.0045,220.442,0.0045,443.488,0.0076,440.884,0.0121,441.858
16,5072,4,2048,51200,256,1,1,1,0.0045,193.241,0.0045,446.251,0.0087,386.482,0.0133,406.941
16,5088,4,2048,51200,256,1,1,1,0.0046,232.006,0.0046,447.777,0.0073,464.013,0.0119,457.784
16,5104,4,2048,51200,256,1,1,1,0.0046,188.952,0.0046,448.595,0.009,377.904,0.0136,401.647
16,5120,4,2048,51200,256,1,1,1,0.0046,214.901,0.0046,450.915,0.008,429.802,0.0126,437.484
16,5136,4,2048,51200,256,1,1,1,0.0046,185.447,0.0046,449.912,0.0093,370.895,0.0139,397.035
16,5152,4,2048,51200,256,1,1,1,0.0046,205.399,0.0046,451.671,0.0085,410.797,0.0131,425.218
16,5168,4,2048,51200,256,1,1,1,0.0046,190.168,0.0046,452.718,0.0092,380.336,0.0138,404.569
16,5184,4,2048,51200,256,1,1,1,0.0046,178.323,0.0046,454.508,0.0099,356.646,0.0145,387.928
16,5200,4,2048,51200,256,1,1,1,0.0047,185.485,0.0047,454.89,0.0096,370.97,0.0142,398.494
16,5216,4,2048,51200,256,1,1,1,0.0047,182.68,0.0047,457.18,0.0098,365.36,0.0144,395.057
16,5232,4,2048,51200,256,1,1,1,0.0047,183.739,0.0047,458.124,0.0098,367.478,0.0144,396.859
16,5248,4,2048,51200,256,1,1,1,0.0047,187.142,0.0047,459.805,0.0096,374.284,0.0143,402.27
16,5264,4,2048,51200,256,1,1,1,0.0047,190.304,0.0047,458.412,0.0095,380.607,0.0143,406.4
16,5280,4,2048,51200,256,1,1,1,0.0047,199.389,0.0047,460.859,0.0092,398.777,0.0139,419.923
16,5296,4,2048,51200,256,1,1,1,0.0048,223.856,0.0048,461.168,0.0082,447.713,0.013,452.648
16,5312,4,2048,51200,256,1,1,1,0.0048,205.963,0.0048,463.281,0.009,411.926,0.0137,429.722
16,5328,4,2048,51200,256,1,1,1,0.0048,219.593,0.0048,464.351,0.0085,439.186,0.0132,448.259
16,5344,4,2048,51200,256,1,1,1,0.0048,202.398,0.0048,466.599,0.0092,404.796,0.014,425.856
16,5360,4,2048,51200,256,1,1,1,0.0048,221.834,0.0048,467.645,0.0085,443.669,0.0133,452.325
16,5376,4,2048,51200,256,1,1,1,0.0048,172.853,0.0048,469.527,0.011,345.706,0.0158,383.436
16,5392,4,2048,51200,256,1,1,1,0.0049,224.434,0.0049,466.43,0.0085,448.868,0.0134,455.262
16,5408,4,2048,51200,256,1,1,1,0.0049,189.868,0.0049,468.934,0.0101,379.736,0.015,408.729
16,5424,4,2048,51200,256,1,1,1,0.0049,190.421,0.0049,469.36,0.0101,380.843,0.015,409.644
16,5440,4,2048,51200,256,1,1,1,0.0049,174.019,0.0049,471.488,0.0111,348.038,0.016,385.673
16,5456,4,2048,51200,256,1,1,1,0.0049,191.69,0.0049,476.251,0.0102,383.381,0.015,413.418
16,5472,4,2048,51200,256,1,1,1,0.0049,184.962,0.0049,477.547,0.0106,369.924,0.0155,403.823
16,5488,4,2048,51200,256,1,1,1,0.0049,187.194,0.0049,479.18,0.0105,374.389,0.0154,407.579
16,5504,4,2048,51200,256,1,1,1,0.0049,224.988,0.0049,480.609,0.0088,449.976,0.0137,460.912
16,5520,4,2048,51200,256,1,1,1,0.0049,190.267,0.0049,479.12,0.0105,380.535,0.0154,412.091
16,5536,4,2048,51200,256,1,1,1,0.005,226.81,0.005,480.687,0.0089,453.62,0.0138,463.326
16,5552,4,2048,51200,256,1,1,1,0.005,197.363,0.005,481.889,0.0102,394.726,0.0152,423.197
16,5568,4,2048,51200,256,1,1,1,0.005,212.811,0.005,484.08,0.0095,425.623,0.0145,445.633
16,5584,4,2048,51200,256,1,1,1,0.005,189.706,0.005,485.134,0.0108,379.412,0.0158,412.858
16,5600,4,2048,51200,256,1,1,1,0.005,218.049,0.005,487.139,0.0094,436.098,0.0144,453.767
16,5616,4,2048,51200,256,1,1,1,0.005,187.329,0.005,488.021,0.011,374.657,0.016,410.046
16,5632,4,2048,51200,256,1,1,1,0.005,230.121,0.005,489.808,0.009,460.242,0.014,470.797
16,5648,4,2048,51200,256,1,1,1,0.005,182.374,0.005,492.656,0.0115,364.748,0.0165,403.664
16,5664,4,2048,51200,256,1,1,1,0.005,224.698,0.005,494.085,0.0094,449.396,0.0144,465.009
16,5680,4,2048,51200,256,1,1,1,0.005,185.735,0.005,495.042,0.0114,371.47,0.0164,409.397
16,5696,4,2048,51200,256,1,1,1,0.005,213.595,0.005,497.006,0.01,427.19,0.015,450.679
16,5712,4,2048,51200,256,1,1,1,0.0051,189.312,0.0051,494.533,0.0113,378.624,0.0164,414.675
16,5728,4,2048,51200,256,1,1,1,0.0051,188.945,0.0051,495.999,0.0114,377.889,0.0165,414.49
16,5744,4,2048,51200,256,1,1,1,0.0051,191.697,0.0051,497.255,0.0113,383.394,0.0164,418.959
16,5760,4,2048,51200,256,1,1,1,0.0051,131.085,0.0051,499.048,0.0166,262.169,0.0217,318.137
16,5776,4,2048,51200,256,1,1,1,0.0052,225.771,0.0052,498.39,0.0097,451.543,0.0148,467.837
16,5792,4,2048,51200,256,1,1,1,0.0052,187.54,0.0052,500.745,0.0117,375.08,0.0169,413.522
16,5808,4,2048,51200,256,1,1,1,0.0052,213.715,0.0052,501.196,0.0103,427.43,0.0155,452.07
16,5824,4,2048,51200,256,1,1,1,0.0052,185.836,0.0052,503.172,0.012,371.673,0.0172,411.488
16,5840,4,2048,51200,256,1,1,1,0.0052,223.225,0.0052,507.97,0.01,446.45,0.0152,467.403
16,5856,4,2048,51200,256,1,1,1,0.0052,197.99,0.0052,510.076,0.0114,395.98,0.0165,431.715
16,5872,4,2048,51200,256,1,1,1,0.0052,194.715,0.0052,510.607,0.0116,389.43,0.0168,426.912
16,5888,4,2048,51200,256,1,1,1,0.0052,189.553,0.0052,513.392,0.012,379.105,0.0172,419.71
16,5904,4,2048,51200,256,1,1,1,0.0053,191.231,0.0053,509.607,0.0119,382.462,0.0172,421.333
16,5920,4,2048,51200,256,1,1,1,0.0053,187.664,0.0053,511.546,0.0122,375.329,0.0175,416.31
16,5936,4,2048,51200,256,1,1,1,0.0053,210.699,0.0053,512.592,0.011,421.399,0.0162,451.056
16,5952,4,2048,51200,256,1,1,1,0.0053,182.757,0.0053,514.181,0.0127,365.514,0.018,409.233
16,5968,4,2048,51200,256,1,1,1,0.0053,183.508,0.0053,514.692,0.0127,367.017,0.018,410.528
16,5984,4,2048,51200,256,1,1,1,0.0053,181.789,0.0053,515.832,0.0129,363.577,0.0182,408.058
16,6000,4,2048,51200,256,1,1,1,0.0053,185.078,0.0053,517.227,0.0127,370.155,0.0181,413.575
16,6016,4,2048,51200,256,1,1,1,0.0053,212.07,0.0053,518.847,0.0112,424.141,0.0165,454.783
16,6032,4,2048,51200,256,1,1,1,0.0054,189.497,0.0054,520.304,0.0126,378.995,0.0179,421.211
16,6048,4,2048,51200,256,1,1,1,0.0054,194.612,0.0054,522.073,0.0123,389.223,0.0177,429.552
16,6064,4,2048,51200,256,1,1,1,0.0054,183.839,0.0054,522.652,0.0131,367.678,0.0185,412.83
16,6080,4,2048,51200,256,1,1,1,0.0054,215.096,0.0054,524.902,0.0113,430.191,0.0167,460.856
16,6096,4,2048,51200,256,1,1,1,0.0054,179.293,0.0054,523.308,0.0136,358.585,0.019,405.663
16,6112,4,2048,51200,256,1,1,1,0.0054,219.688,0.0054,525.304,0.0111,439.375,0.0166,467.567
16,6128,4,2048,51200,256,1,1,1,0.0055,193.678,0.0055,526.042,0.0127,387.357,0.0182,429.039
16,6144,4,2048,51200,256,1,1,1,0.0055,186.564,0.0055,528.0,0.0133,373.128,0.0187,418.336
16,6160,4,2048,51200,256,1,1,1,0.0055,184.5,0.0055,531.693,0.0135,368.999,0.0189,415.871
16,6176,4,2048,51200,256,1,1,1,0.0055,189.147,0.0055,534.042,0.0132,378.294,0.0187,423.81
16,6192,4,2048,51200,256,1,1,1,0.0055,192.803,0.0055,533.93,0.013,385.607,0.0185,429.537
16,6208,4,2048,51200,256,1,1,1,0.0055,185.449,0.0055,536.106,0.0136,370.898,0.0191,418.35
16,6224,4,2048,51200,256,1,1,1,0.0055,221.842,0.0055,533.914,0.0114,443.685,0.017,473.107
16,6240,4,2048,51200,256,1,1,1,0.0055,180.163,0.0055,536.096,0.0142,360.326,0.0197,409.753
16,6256,4,2048,51200,256,1,1,1,0.0056,191.894,0.0056,536.911,0.0134,383.788,0.0189,428.766
16,6272,4,2048,51200,256,1,1,1,0.0056,169.778,0.0056,539.366,0.0152,339.555,0.0207,393.109
16,6288,4,2048,51200,256,1,1,1,0.0056,183.284,0.0056,538.118,0.0141,366.568,0.0197,415.237
16,6304,4,2048,51200,256,1,1,1,0.0056,176.636,0.0056,539.774,0.0147,353.271,0.0204,404.666
16,6320,4,2048,51200,256,1,1,1,0.0056,164.357,0.0056,540.337,0.0159,328.714,0.0216,383.979
16,6336,4,2048,51200,256,1,1,1,0.0056,205.388,0.0056,540.917,0.0128,410.776,0.0185,450.608
16,6352,4,2048,51200,256,1,1,1,0.0056,166.167,0.0056,544.657,0.0159,332.335,0.0216,387.877
16,6368,4,2048,51200,256,1,1,1,0.0056,200.464,0.0056,546.252,0.0133,400.928,0.0189,444.342
16,6384,4,2048,51200,256,1,1,1,0.0057,170.105,0.0057,547.438,0.0157,340.21,0.0214,395.128
16,6400,4,2048,51200,256,1,1,1,0.0057,223.666,0.0057,547.142,0.012,447.333,0.0177,479.438
16,6416,4,2048,51200,256,1,1,1,0.0057,168.006,0.0057,547.959,0.0161,336.011,0.0218,391.602
16,6432,4,2048,51200,256,1,1,1,0.0057,220.328,0.0057,550.144,0.0123,440.656,0.018,475.37
16,6448,4,2048,51200,256,1,1,1,0.0057,167.322,0.0057,551.376,0.0163,334.643,0.022,391.03
16,6464,4,2048,51200,256,1,1,1,0.0057,162.254,0.0057,553.171,0.0169,324.509,0.0226,382.5
16,6480,4,2048,51200,256,1,1,1,0.0058,179.162,0.0058,553.055,0.0154,358.324,0.0211,411.447
16,6496,4,2048,51200,256,1,1,1,0.0058,162.435,0.0058,555.202,0.017,324.87,0.0228,383.144
16,6512,4,2048,51200,256,1,1,1,0.0058,186.767,0.0058,555.711,0.0149,373.535,0.0207,424.549
16,6528,4,2048,51200,256,1,1,1,0.0058,143.695,0.0058,558.382,0.0194,287.389,0.0252,349.558
16,6544,4,2048,51200,256,1,1,1,0.0058,210.049,0.0058,557.422,0.0134,420.098,0.0192,461.779
16,6560,4,2048,51200,256,1,1,1,0.0058,165.527,0.0058,559.974,0.017,331.054,0.0229,389.36
16,6576,4,2048,51200,256,1,1,1,0.0058,213.083,0.0058,560.1,0.0133,426.166,0.0191,467.07
16,6592,4,2048,51200,256,1,1,1,0.0059,185.53,0.0059,562.422,0.0153,371.061,0.0212,423.867
16,6608,4,2048,51200,256,1,1,1,0.0058,189.168,0.0058,566.234,0.0151,378.336,0.021,430.651
16,6624,4,2048,51200,256,1,1,1,0.0058,169.741,0.0058,567.962,0.0169,339.482,0.0228,398.096
16,6640,4,2048,51200,256,1,1,1,0.0059,189.408,0.0059,568.269,0.0153,378.816,0.0211,431.451
16,6656,4,2048,51200,256,1,1,1,0.0059,185.947,0.0059,570.851,0.0156,371.895,0.0215,426.245
16,6672,4,2048,51200,256,1,1,1,0.0059,177.749,0.0059,568.787,0.0164,355.498,0.0223,412.011
16,6688,4,2048,51200,256,1,1,1,0.0059,179.465,0.0059,570.38,0.0163,358.93,0.0223,415.223
16,6704,4,2048,51200,256,1,1,1,0.0059,160.285,0.0059,571.265,0.0184,320.57,0.0243,381.838
16,6720,4,2048,51200,256,1,1,1,0.006,163.531,0.006,572.504,0.0181,327.063,0.0241,387.846
16,6736,4,2048,51200,256,1,1,1,0.0059,161.201,0.0059,575.888,0.0184,322.401,0.0244,384.211
16,6752,4,2048,51200,256,1,1,1,0.0059,196.885,0.0059,578.43,0.0152,393.77,0.0211,445.772
16,6768,4,2048,51200,256,1,1,1,0.0059,166.843,0.0059,581.487,0.018,333.686,0.0239,395.217
16,6784,4,2048,51200,256,1,1,1,0.006,182.719,0.006,581.397,0.0165,365.439,0.0225,422.804
16,6800,4,2048,51200,256,1,1,1,0.006,171.617,0.006,579.383,0.0177,343.234,0.0237,403.259
16,6816,4,2048,51200,256,1,1,1,0.006,162.262,0.006,581.763,0.0188,324.524,0.0248,387.006
16,6832,4,2048,51200,256,1,1,1,0.006,192.155,0.006,584.482,0.0159,384.31,0.0219,439.224
16,6848,4,2048,51200,256,1,1,1,0.006,163.708,0.006,584.743,0.0188,327.417,0.0248,390.069
16,6864,4,2048,51200,256,1,1,1,0.0061,190.405,0.0061,584.931,0.0162,380.81,0.0223,436.379
16,6880,4,2048,51200,256,1,1,1,0.0061,163.431,0.0061,587.073,0.019,326.862,0.0251,389.916
16,6896,4,2048,51200,256,1,1,1,0.0061,195.602,0.0061,587.362,0.0159,391.204,0.022,445.472
16,6912,4,2048,51200,256,1,1,1,0.0061,158.971,0.0061,592.309,0.0197,317.942,0.0258,382.573
16,6928,4,2048,51200,256,1,1,1,0.0062,215.257,0.0062,586.489,0.0146,430.514,0.0208,476.746
16,6944,4,2048,51200,256,1,1,1,0.0062,159.994,0.0062,588.736,0.0198,319.988,0.0259,383.872
16,6960,4,2048,51200,256,1,1,1,0.0062,185.865,0.0062,589.409,0.0171,371.731,0.0233,429.556
16,6976,4,2048,51200,256,1,1,1,0.0062,167.688,0.0062,591.129,0.019,335.376,0.0252,398.154
16,6992,4,2048,51200,256,1,1,1,0.0062,210.293,0.0062,593.217,0.0152,420.587,0.0214,470.472
16,7008,4,2048,51200,256,1,1,1,0.0062,164.205,0.0062,595.223,0.0196,328.411,0.0258,392.506
16,7024,4,2048,51200,256,1,1,1,0.0062,177.874,0.0062,596.392,0.0182,355.748,0.0244,417.039
16,7040,4,2048,51200,256,1,1,1,0.0062,166.225,0.0062,598.107,0.0195,332.451,0.0258,396.599
16,7056,4,2048,51200,256,1,1,1,0.0062,159.31,0.0062,599.792,0.0205,318.62,0.0267,384.195
16,7072,4,2048,51200,256,1,1,1,0.0063,207.592,0.0063,600.062,0.0158,415.184,0.022,467.632
16,7088,4,2048,51200,256,1,1,1,0.0062,162.158,0.0062,605.116,0.0203,324.316,0.0265,390.223
16,7104,4,2048,51200,256,1,1,1,0.0063,197.971,0.0063,603.877,0.0167,395.941,0.023,452.661
16,7120,4,2048,51200,256,1,1,1,0.0063,163.652,0.0063,605.817,0.0203,327.304,0.0266,393.047
16,7136,4,2048,51200,256,1,1,1,0.0063,196.265,0.0063,607.496,0.017,392.53,0.0233,450.521
16,7152,4,2048,51200,256,1,1,1,0.0063,163.217,0.0063,608.703,0.0205,326.434,0.0268,392.658
16,7168,4,2048,51200,256,1,1,1,0.0063,195.916,0.0063,610.917,0.0172,391.833,0.0235,450.593
16,7184,4,2048,51200,256,1,1,1,0.0063,169.502,0.0063,609.268,0.02,339.005,0.0263,404.191
16,7200,4,2048,51200,256,1,1,1,0.0064,178.454,0.0064,610.022,0.019,356.909,0.0254,420.302
16,7216,4,2048,51200,256,1,1,1,0.0064,171.361,0.0064,610.601,0.0199,342.721,0.0263,407.734
16,7232,4,2048,51200,256,1,1,1,0.0064,162.091,0.0064,612.621,0.0211,324.182,0.0275,391.094
16,7248,4,2048,51200,256,1,1,1,0.0064,177.714,0.0064,610.798,0.0194,355.428,0.0258,419.088
16,7264,4,2048,51200,256,1,1,1,0.0064,161.574,0.0064,613.598,0.0214,323.147,0.0278,390.25
16,7280,4,2048,51200,256,1,1,1,0.0065,195.01,0.0065,613.579,0.0178,390.02,0.0243,449.503
16,7296,4,2048,51200,256,1,1,1,0.0065,161.674,0.0065,616.64,0.0216,323.348,0.028,390.854
16,7312,4,2048,51200,256,1,1,1,0.0065,200.267,0.0065,618.613,0.0175,400.534,0.024,459.323
16,7328,4,2048,51200,256,1,1,1,0.0065,162.61,0.0065,620.61,0.0216,325.22,0.0281,393.147
16,7344,4,2048,51200,256,1,1,1,0.0065,201.137,0.0065,620.982,0.0176,402.274,0.0241,461.232
16,7360,4,2048,51200,256,1,1,1,0.0065,174.506,0.0065,623.179,0.0203,349.011,0.0268,415.316
16,7376,4,2048,51200,256,1,1,1,0.0065,189.942,0.0065,626.235,0.0188,379.884,0.0253,443.131
16,7392,4,2048,51200,256,1,1,1,0.0065,165.159,0.0065,626.123,0.0217,330.317,0.0282,398.636
16,7408,4,2048,51200,256,1,1,1,0.0065,164.102,0.0065,627.046,0.0219,328.204,0.0284,396.793
16,7424,4,2048,51200,256,1,1,1,0.0065,175.528,0.0065,629.138,0.0206,351.056,0.0271,418.067
16,7440,4,2048,51200,256,1,1,1,0.0066,160.902,0.0066,627.997,0.0225,321.805,0.0291,390.911
16,7456,4,2048,51200,256,1,1,1,0.0066,182.254,0.0066,631.175,0.02,364.508,0.0266,430.434
16,7472,4,2048,51200,256,1,1,1,0.0066,159.735,0.0066,631.047,0.0229,319.47,0.0295,389.105
16,7488,4,2048,51200,256,1,1,1,0.0066,179.504,0.0066,635.053,0.0205,359.007,0.027,426.135
16,7504,4,2048,51200,256,1,1,1,0.0066,164.406,0.0066,633.102,0.0224,328.812,0.0291,398.15
16,7520,4,2048,51200,256,1,1,1,0.0066,192.688,0.0066,636.734,0.0192,385.376,0.0258,449.688
16,7536,4,2048,51200,256,1,1,1,0.0066,166.753,0.0066,636.013,0.0223,333.506,0.029,402.923
16,7552,4,2048,51200,256,1,1,1,0.0067,177.651,0.0067,637.765,0.021,355.302,0.0277,423.18
16,7568,4,2048,51200,256,1,1,1,0.0067,160.612,0.0067,635.496,0.0234,321.224,0.0301,391.293
16,7584,4,2048,51200,256,1,1,1,0.0067,161.867,0.0067,638.101,0.0233,323.735,0.03,394.013
16,7600,4,2048,51200,256,1,1,1,0.0067,201.568,0.0067,638.085,0.0188,403.135,0.0255,465.132
16,7616,4,2048,51200,256,1,1,1,0.0067,146.974,0.0067,642.7,0.0259,293.947,0.0326,365.787
16,7632,4,2048,51200,256,1,1,1,0.0067,177.236,0.0067,642.997,0.0215,354.473,0.0283,423.19
16,7648,4,2048,51200,256,1,1,1,0.0067,187.929,0.0067,645.13,0.0204,375.857,0.0271,442.716
16,7664,4,2048,51200,256,1,1,1,0.0068,200.77,0.0068,645.946,0.0192,401.539,0.0259,465.218
16,7680,4,2048,51200,256,1,1,1,0.0068,136.036,0.0068,648.449,0.0284,272.073,0.0352,344.37
16,7696,4,2048,51200,256,1,1,1,0.0068,162.13,0.0068,647.406,0.0239,324.261,0.0307,395.686
16,7712,4,2048,51200,256,1,1,1,0.0068,213.023,0.0068,649.17,0.0183,426.045,0.0251,486.509
16,7728,4,2048,51200,256,1,1,1,0.0068,162.34,0.0068,650.462,0.0241,324.68,0.0309,396.47
16,7744,4,2048,51200,256,1,1,1,0.0068,196.593,0.0068,654.745,0.02,393.186,0.0268,459.546
16,7760,4,2048,51200,256,1,1,1,0.0069,163.265,0.0069,649.935,0.0242,326.529,0.031,398.13
16,7776,4,2048,51200,256,1,1,1,0.0069,208.295,0.0069,650.516,0.019,416.591,0.0259,478.811
16,7792,4,2048,51200,256,1,1,1,0.0069,161.213,0.0069,651.64,0.0247,322.425,0.0316,394.422
16,7808,4,2048,51200,256,1,1,1,0.0069,163.057,0.0069,653.702,0.0245,326.114,0.0314,398.203
16,7824,4,2048,51200,256,1,1,1,0.0069,166.79,0.0069,656.935,0.0241,333.58,0.031,405.712
16,7840,4,2048,51200,256,1,1,1,0.0069,163.472,0.0069,658.294,0.0246,326.945,0.0316,399.582
16,7856,4,2048,51200,256,1,1,1,0.0069,184.684,0.0069,658.248,0.0219,369.368,0.0288,438.924
16,7872,4,2048,51200,256,1,1,1,0.0069,163.672,0.0069,660.747,0.0248,327.344,0.0318,400.262
16,7888,4,2048,51200,256,1,1,1,0.007,182.737,0.007,661.764,0.0223,365.474,0.0293,435.931
16,7904,4,2048,51200,256,1,1,1,0.007,164.144,0.007,663.869,0.0249,328.288,0.0319,401.55
16,7920,4,2048,51200,256,1,1,1,0.007,198.324,0.007,664.467,0.0207,396.649,0.0277,464.164
16,7936,4,2048,51200,256,1,1,1,0.007,167.378,0.007,666.665,0.0247,334.756,0.0316,408.061
16,7952,4,2048,51200,256,1,1,1,0.007,195.769,0.007,668.918,0.0212,391.537,0.0282,460.416
16,7968,4,2048,51200,256,1,1,1,0.007,166.889,0.007,669.361,0.0249,333.777,0.0319,407.466
16,7984,4,2048,51200,256,1,1,1,0.007,160.174,0.007,670.225,0.0261,320.348,0.0331,394.652
16,8000,4,2048,51200,256,1,1,1,0.007,194.716,0.007,671.302,0.0215,389.432,0.0286,458.92
16,8016,4,2048,51200,256,1,1,1,0.0071,188.057,0.0071,671.528,0.0224,376.114,0.0295,447.018
16,8032,4,2048,51200,256,1,1,1,0.0071,175.364,0.0071,673.564,0.0241,350.728,0.0312,423.989
16,8048,4,2048,51200,256,1,1,1,0.0071,165.214,0.0071,674.208,0.0257,330.427,0.0328,404.835
16,8064,4,2048,51200,256,1,1,1,0.0071,153.363,0.0071,679.528,0.0278,306.726,0.0349,382.32
16,8080,4,2048,51200,256,1,1,1,0.0071,181.719,0.0071,679.368,0.0235,363.438,0.0306,436.603
16,8096,4,2048,51200,256,1,1,1,0.0071,161.604,0.0071,681.733,0.0266,323.209,0.0337,398.769
16,8112,4,2048,51200,256,1,1,1,0.0071,187.021,0.0071,682.248,0.0231,374.042,0.0302,446.747
16,8128,4,2048,51200,256,1,1,1,0.0071,166.841,0.0071,687.441,0.026,333.681,0.033,409.606
16,8144,4,2048,51200,256,1,1,1,0.0071,188.158,0.0071,685.198,0.0231,376.316,0.0302,449.254
16,8160,4,2048,51200,256,1,1,1,0.0071,195.046,0.0071,688.838,0.0224,390.092,0.0295,462.289
16,8176,4,2048,51200,256,1,1,1,0.0072,158.666,0.0072,681.738,0.0276,317.331,0.0348,392.958
16,8192,4,2048,51200,256,1,1,1,0.0073,186.881,0.0073,676.832,0.0235,373.761,0.0308,445.59
16,8208,4,2048,51200,256,1,1,1,0.0073,158.961,0.0073,682.821,0.0278,317.922,0.035,393.642
16,8224,4,2048,51200,256,1,1,1,0.0073,154.749,0.0073,685.45,0.0286,309.497,0.0359,385.617
16,8240,4,2048,51200,256,1,1,1,0.0073,196.602,0.0073,684.823,0.0226,393.203,0.0299,464.36
16,8256,4,2048,51200,256,1,1,1,0.0073,161.997,0.0073,688.046,0.0276,323.995,0.0349,400.179
16,8272,4,2048,51200,256,1,1,1,0.0073,192.302,0.0073,686.392,0.0233,384.604,0.0307,456.869
16,8288,4,2048,51200,256,1,1,1,0.0073,161.489,0.0073,689.64,0.0279,322.978,0.0352,399.351
16,8304,4,2048,51200,256,1,1,1,0.0074,191.341,0.0074,689.923,0.0236,382.681,0.031,455.662
16,8320,4,2048,51200,256,1,1,1,0.0074,151.394,0.0074,692.483,0.03,302.789,0.0373,379.609
16,8336,4,2048,51200,256,1,1,1,0.0074,182.025,0.0074,693.917,0.025,364.049,0.0324,439.102
16,8352,4,2048,51200,256,1,1,1,0.0074,160.132,0.0074,694.169,0.0285,320.265,0.0359,397.176
16,8368,4,2048,51200,256,1,1,1,0.0074,163.893,0.0074,695.023,0.028,327.786,0.0354,404.64
16,8384,4,2048,51200,256,1,1,1,0.0074,163.49,0.0074,697.576,0.0282,326.98,0.0356,404.149
16,8400,4,2048,51200,256,1,1,1,0.0074,160.746,0.0074,700.119,0.0288,321.493,0.0362,399.045
16,8416,4,2048,51200,256,1,1,1,0.0074,184.699,0.0074,699.201,0.0251,369.398,0.0326,444.782
16,8432,4,2048,51200,256,1,1,1,0.0074,162.664,0.0074,702.933,0.0286,325.327,0.0361,403.129
16,8448,4,2048,51200,256,1,1,1,0.0075,203.031,0.0075,700.005,0.023,406.062,0.0305,478.195
16,8464,4,2048,51200,256,1,1,1,0.0075,159.975,0.0075,701.796,0.0293,319.95,0.0368,397.664
16,8480,4,2048,51200,256,1,1,1,0.0075,190.419,0.0075,704.165,0.0247,380.838,0.0323,456.039
16,8496,4,2048,51200,256,1,1,1,0.0075,169.53,0.0075,704.735,0.0279,339.06,0.0354,416.7
16,8512,4,2048,51200,256,1,1,1,0.0075,188.481,0.0075,706.903,0.0252,376.961,0.0327,452.848
16,8528,4,2048,51200,256,1,1,1,0.0076,170.56,0.0076,706.79,0.0279,341.12,0.0355,418.927
16,8544,4,2048,51200,256,1,1,1,0.0076,160.525,0.0076,709.242,0.0298,321.05,0.0374,399.546
16,8560,4,2048,51200,256,1,1,1,0.0076,198.094,0.0076,709.654,0.0242,396.189,0.0318,470.83
16,8576,4,2048,51200,256,1,1,1,0.0076,160.003,0.0076,712.777,0.0301,320.006,0.0377,398.883
16,8592,4,2048,51200,256,1,1,1,0.0076,181.756,0.0076,711.867,0.0266,363.511,0.0342,440.931
16,8608,4,2048,51200,256,1,1,1,0.0076,161.946,0.0076,714.755,0.03,323.892,0.0376,402.945
16,8624,4,2048,51200,256,1,1,1,0.0076,190.869,0.0076,715.076,0.0255,381.738,0.0332,458.388
16,8640,4,2048,51200,256,1,1,1,0.0076,154.102,0.0076,717.899,0.0317,308.203,0.0394,387.525
16,8656,4,2048,51200,256,1,1,1,0.0076,178.816,0.0076,719.845,0.0275,357.632,0.0351,436.378
16,8672,4,2048,51200,256,1,1,1,0.0077,164.11,0.0077,719.884,0.03,328.22,0.0377,407.773
16,8688,4,2048,51200,256,1,1,1,0.0077,172.922,0.0077,720.941,0.0286,345.844,0.0363,425.153
16,8704,4,2048,51200,256,1,1,1,0.0077,146.671,0.0077,722.479,0.0339,293.342,0.0415,372.704
16,8720,4,2048,51200,256,1,1,1,0.0077,176.575,0.0077,723.482,0.0282,353.15,0.0359,432.506
16,8736,4,2048,51200,256,1,1,1,0.0077,193.694,0.0077,723.886,0.0258,387.387,0.0335,464.829
16,8752,4,2048,51200,256,1,1,1,0.0077,168.146,0.0077,724.628,0.0299,336.293,0.0376,416.228
16,8768,4,2048,51200,256,1,1,1,0.0077,158.879,0.0077,726.908,0.0317,317.758,0.0395,398.034
16,8784,4,2048,51200,256,1,1,1,0.0078,171.165,0.0078,725.869,0.0295,342.33,0.0373,422.267
16,8800,4,2048,51200,256,1,1,1,0.0078,162.474,0.0078,728.812,0.0312,324.948,0.039,405.429
16,8816,4,2048,51200,256,1,1,1,0.0078,181.639,0.0078,731.033,0.028,363.277,0.0358,443.123
16,8832,4,2048,51200,256,1,1,1,0.0078,162.544,0.0078,731.954,0.0315,325.089,0.0392,405.892
16,8848,4,2048,51200,256,1,1,1,0.0078,190.875,0.0078,731.295,0.0269,381.751,0.0347,460.586
16,8864,4,2048,51200,256,1,1,1,0.0078,161.463,0.0078,733.88,0.0319,322.925,0.0397,403.909
16,8880,4,2048,51200,256,1,1,1,0.0079,192.29,0.0079,733.724,0.0269,384.58,0.0347,463.551
16,8896,4,2048,51200,256,1,1,1,0.0079,170.562,0.0079,736.564,0.0304,341.123,0.0383,422.278
16,8912,4,2048,51200,256,1,1,1,0.0079,197.39,0.0079,737.216,0.0264,394.779,0.0342,473.502
16,8928,4,2048,51200,256,1,1,1,0.0079,164.551,0.0079,739.428,0.0317,329.101,0.0396,410.657
16,8944,4,2048,51200,256,1,1,1,0.0079,197.662,0.0079,740.065,0.0265,395.325,0.0344,474.403
16,8960,4,2048,51200,256,1,1,1,0.0079,162.403,0.0079,742.925,0.0324,324.805,0.0403,406.703
16,8976,4,2048,51200,256,1,1,1,0.0079,159.868,0.0079,741.7,0.033,319.735,0.041,401.442
16,8992,4,2048,51200,256,1,1,1,0.0079,158.387,0.0079,742.959,0.0335,316.774,0.0414,398.556
16,9008,4,2048,51200,256,1,1,1,0.008,159.026,0.008,744.451,0.0334,318.052,0.0414,399.997
16,9024,4,2048,51200,256,1,1,1,0.008,184.387,0.008,746.16,0.0289,368.773,0.0369,450.206
16,9040,4,2048,51200,256,1,1,1,0.008,158.75,0.008,746.633,0.0337,317.501,0.0417,399.637
16,9056,4,2048,51200,256,1,1,1,0.008,178.086,0.008,749.001,0.0302,356.172,0.0382,438.378
16,9072,4,2048,51200,256,1,1,1,0.008,161.275,0.008,749.765,0.0334,322.549,0.0414,405.064
16,9088,4,2048,51200,256,1,1,1,0.008,172.94,0.008,754.094,0.0313,345.879,0.0393,428.869
16,9104,4,2048,51200,256,1,1,1,0.008,158.548,0.008,752.217,0.0343,317.096,0.0423,399.745
16,9120,4,2048,51200,256,1,1,1,0.008,161.289,0.008,754.233,0.0338,322.578,0.0418,405.522
16,9136,4,2048,51200,256,1,1,1,0.0081,182.532,0.0081,754.361,0.03,365.065,0.038,447.609
16,9152,4,2048,51200,256,1,1,1,0.0081,160.468,0.0081,757.188,0.0342,320.935,0.0423,404.129
16,9168,4,2048,51200,256,1,1,1,0.0081,187.901,0.0081,756.401,0.0293,375.801,0.0374,458.163
16,9184,4,2048,51200,256,1,1,1,0.0081,159.676,0.0081,759.669,0.0346,319.352,0.0427,402.74
16,9200,4,2048,51200,256,1,1,1,0.0081,178.184,0.0081,760.778,0.0311,356.369,0.0392,439.89
16,9216,4,2048,51200,256,1,1,1,0.0081,157.796,0.0081,765.334,0.0353,315.592,0.0434,399.419
16,9232,4,2048,51200,256,1,1,1,0.0081,186.839,0.0081,761.685,0.0299,373.678,0.038,456.769
16,9248,4,2048,51200,256,1,1,1,0.0082,157.801,0.0082,763.715,0.0355,315.603,0.0437,399.248
16,9264,4,2048,51200,256,1,1,1,0.0082,160.993,0.0082,765.252,0.0349,321.987,0.0431,405.935
16,9280,4,2048,51200,256,1,1,1,0.0082,190.88,0.0082,765.515,0.0296,381.759,0.0378,464.969
16,9296,4,2048,51200,256,1,1,1,0.0082,161.341,0.0082,766.295,0.0351,322.682,0.0433,406.727
16,9312,4,2048,51200,256,1,1,1,0.0082,174.715,0.0082,768.422,0.0325,349.431,0.0407,433.864
16,9328,4,2048,51200,256,1,1,1,0.0082,160.834,0.0082,769.075,0.0355,321.668,0.0437,405.945
16,9344,4,2048,51200,256,1,1,1,0.0082,195.013,0.0082,771.78,0.0293,390.025,0.0376,473.621
16,9360,4,2048,51200,256,1,1,1,0.0083,170.348,0.0083,770.705,0.0337,340.696,0.042,425.374
16,9376,4,2048,51200,256,1,1,1,0.0083,183.495,0.0083,773.249,0.0314,366.989,0.0397,451.642
16,9392,4,2048,51200,256,1,1,1,0.0083,161.431,0.0083,775.018,0.0358,322.862,0.0441,407.711
16,9408,4,2048,51200,256,1,1,1,0.0083,162.617,0.0083,775.962,0.0357,325.234,0.044,410.224
16,9424,4,2048,51200,256,1,1,1,0.0083,186.941,0.0083,775.324,0.0311,373.883,0.0395,458.558
16,9440,4,2048,51200,256,1,1,1,0.0083,163.118,0.0083,779.681,0.0358,326.235,0.0441,411.596
16,9456,4,2048,51200,256,1,1,1,0.0083,186.107,0.0083,779.231,0.0315,372.213,0.0398,457.401
16,9472,4,2048,51200,256,1,1,1,0.0083,162.809,0.0083,781.306,0.0361,325.618,0.0445,411.101
16,9488,4,2048,51200,256,1,1,1,0.0084,172.847,0.0084,779.928,0.0341,345.694,0.0425,431.296
16,9504,4,2048,51200,256,1,1,1,0.0084,159.432,0.0084,783.382,0.0371,318.863,0.0455,404.321
16,9520,4,2048,51200,256,1,1,1,0.0084,174.517,0.0084,783.938,0.034,349.035,0.0424,435.056
16,9536,4,2048,51200,256,1,1,1,0.0084,159.454,0.0084,785.952,0.0374,318.908,0.0458,404.588
16,9552,4,2048,51200,256,1,1,1,0.0084,190.501,0.0084,786.277,0.0314,381.003,0.0398,466.725
16,9568,4,2048,51200,256,1,1,1,0.0084,159.915,0.0084,787.573,0.0375,319.831,0.046,405.674
16,9584,4,2048,51200,256,1,1,1,0.0084,160.954,0.0084,789.079,0.0374,321.908,0.0458,407.955
16,9600,4,2048,51200,256,1,1,1,0.0085,152.941,0.0085,790.727,0.0395,305.882,0.0479,391.365
16,9616,4,2048,51200,256,1,1,1,0.0085,167.275,0.0085,791.447,0.0362,334.551,0.0447,421.149
16,9632,4,2048,51200,256,1,1,1,0.0085,193.998,0.0085,793.731,0.0313,387.995,0.0398,474.354
16,9648,4,2048,51200,256,1,1,1,0.0085,160.548,0.0085,794.114,0.038,321.096,0.0465,407.545
16,9664,4,2048,51200,256,1,1,1,0.0085,161.703,0.0085,796.781,0.0379,323.405,0.0463,410.178
16,9680,4,2048,51200,256,1,1,1,0.0085,194.856,0.0085,796.468,0.0315,389.711,0.04,476.321
16,9696,4,2048,51200,256,1,1,1,0.0085,161.88,0.0085,799.082,0.0381,323.761,0.0466,410.741
16,9712,4,2048,51200,256,1,1,1,0.0086,175.65,0.0086,799.113,0.0352,351.3,0.0437,438.84
16,9728,4,2048,51200,256,1,1,1,0.0085,163.08,0.0085,802.328,0.038,326.161,0.0466,413.51
16,9744,4,2048,51200,256,1,1,1,0.0086,186.317,0.0086,802.192,0.0334,372.633,0.042,460.368
16,9760,4,2048,51200,256,1,1,1,0.0086,161.702,0.0086,805.184,0.0386,323.404,0.0472,410.896
16,9776,4,2048,51200,256,1,1,1,0.0086,161.502,0.0086,805.264,0.0388,323.003,0.0474,410.474
16,9792,4,2048,51200,256,1,1,1,0.0086,161.204,0.0086,802.769,0.039,322.407,0.0476,409.613
16,9808,4,2048,51200,256,1,1,1,0.0086,161.662,0.0086,806.307,0.039,323.324,0.0476,410.882
16,9824,4,2048,51200,256,1,1,1,0.0086,175.987,0.0086,809.904,0.0359,351.973,0.0446,440.588
16,9840,4,2048,51200,256,1,1,1,0.0087,167.376,0.0087,808.064,0.0379,334.751,0.0466,422.846
16,9856,4,2048,51200,256,1,1,1,0.0087,185.163,0.0087,810.854,0.0344,370.327,0.043,459.018
16,9872,4,2048,51200,256,1,1,1,0.0087,163.824,0.0087,811.896,0.039,327.648,0.0477,415.851
16,9888,4,2048,51200,256,1,1,1,0.0087,162.419,0.0087,814.962,0.0395,324.837,0.0481,413.199
16,9904,4,2048,51200,256,1,1,1,0.0087,161.25,0.0087,814.04,0.0399,322.5,0.0486,410.664
16,9920,4,2048,51200,256,1,1,1,0.0087,163.111,0.0087,817.367,0.0395,326.222,0.0482,414.841
16,9936,4,2048,51200,256,1,1,1,0.0087,175.954,0.0087,817.545,0.0368,351.909,0.0455,441.244
16,9952,4,2048,51200,256,1,1,1,0.0087,162.935,0.0087,820.245,0.0398,325.871,0.0486,414.715
16,9968,4,2048,51200,256,1,1,1,0.0087,182.399,0.0087,821.353,0.0357,364.798,0.0444,454.608
16,9984,4,2048,51200,256,1,1,1,0.0087,163.588,0.0087,824.616,0.0399,327.175,0.0487,416.452
16,10000,4,2048,51200,256,1,1,1,0.0088,187.233,0.0088,821.936,0.035,374.466,0.0438,464.281
16,10016,4,2048,51200,256,1,1,1,0.0088,160.799,0.0088,825.07,0.0409,321.598,0.0497,410.627
16,10032,4,2048,51200,256,1,1,1,0.0088,179.801,0.0088,825.81,0.0367,359.602,0.0455,449.821
16,10048,4,2048,51200,256,1,1,1,0.0088,160.583,0.0088,828.708,0.0412,321.166,0.05,410.469
16,10064,4,2048,51200,256,1,1,1,0.0088,173.797,0.0088,828.125,0.0382,347.593,0.047,437.836
16,10080,4,2048,51200,256,1,1,1,0.0088,157.572,0.0088,833.417,0.0423,315.144,0.0511,404.481
16,10096,4,2048,51200,256,1,1,1,0.0088,176.241,0.0088,832.048,0.0379,352.482,0.0467,443.2
16,10112,4,2048,51200,256,1,1,1,0.0089,160.393,0.0089,833.653,0.0418,320.786,0.0506,410.454
16,10128,4,2048,51200,256,1,1,1,0.0089,188.094,0.0089,834.399,0.0357,376.188,0.0446,467.306
16,10144,4,2048,51200,256,1,1,1,0.0089,161.955,0.0089,837.105,0.0416,323.909,0.0505,414.025
16,10160,4,2048,51200,256,1,1,1,0.0089,184.365,0.0089,840.248,0.0367,368.73,0.0456,460.46
16,10176,4,2048,51200,256,1,1,1,0.0089,161.706,0.0089,839.177,0.042,323.413,0.0509,413.66
16,10192,4,2048,51200,256,1,1,1,0.0089,161.821,0.0089,840.919,0.0421,323.642,0.051,414.041
16,10208,4,2048,51200,256,1,1,1,0.0089,180.104,0.0089,842.805,0.0379,360.209,0.0468,452.081
16,10224,4,2048,51200,256,1,1,1,0.0089,161.661,0.0089,842.953,0.0424,323.321,0.0513,413.855
16,10240,4,2048,51200,256,1,1,1,0.0089,178.261,0.0089,845.118,0.0385,356.523,0.0475,448.539
16,10256,4,2048,51200,256,1,1,1,0.009,161.5,0.009,843.619,0.0427,323.0,0.0517,413.551
16,10272,4,2048,51200,256,1,1,1,0.009,175.528,0.009,845.885,0.0394,351.056,0.0484,442.994
16,10288,4,2048,51200,256,1,1,1,0.009,163.667,0.009,847.001,0.0424,327.333,0.0514,418.396
16,10304,4,2048,51200,256,1,1,1,0.009,180.182,0.009,848.681,0.0386,360.364,0.0476,452.772
16,10320,4,2048,51200,256,1,1,1,0.009,160.14,0.009,848.789,0.0436,320.279,0.0526,411.059
16,10336,4,2048,51200,256,1,1,1,0.009,162.969,0.009,852.473,0.043,325.938,0.052,417.36
16,10352,4,2048,51200,256,1,1,1,0.0091,175.253,0.0091,849.739,0.0401,350.507,0.0492,442.749
16,10368,4,2048,51200,256,1,1,1,0.0091,162.667,0.0091,852.873,0.0433,325.333,0.0524,416.733
16,10384,4,2048,51200,256,1,1,1,0.0091,174.017,0.0091,853.088,0.0406,348.035,0.0497,440.497
16,10400,4,2048,51200,256,1,1,1,0.0091,160.892,0.0091,856.429,0.0441,321.784,0.0531,413.241
16,10416,4,2048,51200,256,1,1,1,0.0091,189.077,0.0091,855.642,0.0376,378.155,0.0467,471.409
16,10432,4,2048,51200,256,1,1,1,0.0091,161.448,0.0091,856.781,0.0442,322.896,0.0533,414.432
16,10448,4,2048,51200,256,1,1,1,0.0092,161.806,0.0092,857.724,0.0442,323.612,0.0534,415.261
16,10464,4,2048,51200,256,1,1,1,0.0092,162.778,0.0092,859.861,0.0441,325.557,0.0532,417.495
16,10480,4,2048,51200,256,1,1,1,0.0092,161.977,0.0092,860.654,0.0444,323.955,0.0536,415.848
16,10496,4,2048,51200,256,1,1,1,0.0092,183.726,0.0092,861.957,0.0393,367.451,0.0485,461.205
16,10512,4,2048,51200,256,1,1,1,0.0092,160.124,0.0092,862.714,0.0452,320.248,0.0544,412.043
16,10528,4,2048,51200,256,1,1,1,0.0092,174.268,0.0092,864.174,0.0417,348.535,0.0509,441.959
16,10544,4,2048,51200,256,1,1,1,0.0092,160.459,0.0092,865.44,0.0454,320.919,0.0546,412.96
16,10560,4,2048,51200,256,1,1,1,0.0092,174.836,0.0092,866.781,0.0418,349.671,0.051,443.36
16,10576,4,2048,51200,256,1,1,1,0.0093,162.333,0.0093,867.987,0.0452,324.666,0.0544,417.147
16,10592,4,2048,51200,256,1,1,1,0.0093,174.096,0.0093,869.703,0.0422,348.191,0.0515,442.07
16,10608,4,2048,51200,256,1,1,1,0.0093,161.504,0.0093,872.789,0.0457,323.007,0.0549,415.744
16,10624,4,2048,51200,256,1,1,1,0.0093,184.408,0.0093,875.346,0.0401,368.816,0.0494,463.859
16,10640,4,2048,51200,256,1,1,1,0.0093,160.485,0.0093,871.741,0.0462,320.97,0.0556,413.458
16,10656,4,2048,51200,256,1,1,1,0.0093,161.486,0.0093,874.902,0.0461,322.972,0.0554,415.846
16,10672,4,2048,51200,256,1,1,1,0.0093,160.548,0.0093,876.07,0.0465,321.097,0.0558,413.917
16,10688,4,2048,51200,256,1,1,1,0.0093,160.385,0.0093,879.564,0.0467,320.769,0.056,413.83
16,10704,4,2048,51200,256,1,1,1,0.0093,161.954,0.0093,879.948,0.0464,323.908,0.0557,417.22
16,10720,4,2048,51200,256,1,1,1,0.0094,173.95,0.0094,880.063,0.0433,347.9,0.0527,442.623
16,10736,4,2048,51200,256,1,1,1,0.0094,161.903,0.0094,881.637,0.0467,323.806,0.056,417.225
16,10752,4,2048,51200,256,1,1,1,0.0094,174.753,0.0094,884.718,0.0434,349.506,0.0527,444.698
16,10768,4,2048,51200,256,1,1,1,0.0094,160.06,0.0094,883.306,0.0475,320.12,0.0569,413.372
16,10784,4,2048,51200,256,1,1,1,0.0094,187.629,0.0094,884.977,0.0406,375.257,0.05,471.293
16,10800,4,2048,51200,256,1,1,1,0.0094,159.407,0.0094,888.44,0.048,318.813,0.0574,412.337
16,10816,4,2048,51200,256,1,1,1,0.0094,182.951,0.0094,889.231,0.0419,365.903,0.0513,462.101
16,10832,4,2048,51200,256,1,1,1,0.0094,161.278,0.0094,892.022,0.0477,322.556,0.0571,416.632
16,10848,4,2048,51200,256,1,1,1,0.0095,181.981,0.0095,891.311,0.0424,363.962,0.0518,460.275
16,10864,4,2048,51200,256,1,1,1,0.0095,160.565,0.0095,892.027,0.0482,321.13,0.0577,415.073
16,10880,4,2048,51200,256,1,1,1,0.0095,138.197,0.0095,894.317,0.0561,276.394,0.0656,365.759
16,10896,4,2048,51200,256,1,1,1,0.0095,178.945,0.0095,893.32,0.0435,357.891,0.053,454.134
16,10912,4,2048,51200,256,1,1,1,0.0095,160.814,0.0095,899.26,0.0485,321.627,0.058,416.132
16,10928,4,2048,51200,256,1,1,1,0.0095,171.003,0.0095,898.575,0.0458,342.006,0.0553,437.891
16,10944,4,2048,51200,256,1,1,1,0.0095,163.551,0.0095,899.102,0.048,327.101,0.0575,422.007
16,10960,4,2048,51200,256,1,1,1,0.0096,173.166,0.0096,900.368,0.0455,346.332,0.055,442.599
16,10976,4,2048,51200,256,1,1,1,0.0095,162.57,0.0095,904.021,0.0486,325.139,0.0581,420.251
16,10992,4,2048,51200,256,1,1,1,0.0096,160.969,0.0096,903.419,0.0492,321.939,0.0588,416.734
16,11008,4,2048,51200,256,1,1,1,0.0096,162.721,0.0096,906.34,0.0488,325.442,0.0584,420.736
16,11024,4,2048,51200,256,1,1,1,0.0097,174.66,0.0097,901.799,0.0456,349.321,0.0553,445.835
16,11040,4,2048,51200,256,1,1,1,0.0096,158.548,0.0096,909.577,0.0504,317.097,0.06,411.894
16,11056,4,2048,51200,256,1,1,1,0.0096,173.024,0.0096,908.053,0.0463,346.047,0.0559,442.89
16,11072,4,2048,51200,256,1,1,1,0.0096,161.201,0.0096,910.919,0.0498,322.402,0.0595,417.747
16,11088,4,2048,51200,256,1,1,1,0.0097,179.468,0.0097,911.142,0.0449,358.937,0.0546,456.713
16,11104,4,2048,51200,256,1,1,1,0.0097,161.11,0.0097,914.049,0.0502,322.22,0.0598,417.763
16,11120,4,2048,51200,256,1,1,1,0.0097,175.561,0.0097,914.898,0.0462,351.122,0.0558,448.799
16,11136,4,2048,51200,256,1,1,1,0.0097,162.119,0.0097,917.3,0.0501,324.238,0.0598,420.177
16,11152,4,2048,51200,256,1,1,1,0.0097,185.329,0.0097,917.664,0.044,370.659,0.0537,469.484
16,11168,4,2048,51200,256,1,1,1,0.0097,162.178,0.0097,922.266,0.0504,324.356,0.0601,420.651
16,11184,4,2048,51200,256,1,1,1,0.0097,183.519,0.0097,920.264,0.0447,367.037,0.0544,465.935
16,11200,4,2048,51200,256,1,1,1,0.0097,161.717,0.0097,923.297,0.0508,323.435,0.0606,419.705
16,11216,4,2048,51200,256,1,1,1,0.0097,188.208,0.0097,925.347,0.0438,376.417,0.0535,476.126
16,11232,4,2048,51200,256,1,1,1,0.0098,160.68,0.0098,923.758,0.0515,321.36,0.0612,417.456
16,11248,4,2048,51200,256,1,1,1,0.0098,162.589,0.0098,925.471,0.051,325.178,0.0608,421.733
16,11264,4,2048,51200,256,1,1,1,0.0098,190.138,0.0098,928.254,0.0437,380.277,0.0535,480.361
16,11280,4,2048,51200,256,1,1,1,0.0098,159.674,0.0098,926.429,0.0522,319.348,0.062,415.419
16,11296,4,2048,51200,256,1,1,1,0.0098,181.974,0.0098,927.273,0.046,363.949,0.0558,463.264
16,11312,4,2048,51200,256,1,1,1,0.0098,159.577,0.0098,929.641,0.0526,319.154,0.0624,415.414
16,11328,4,2048,51200,256,1,1,1,0.0099,170.825,0.0099,930.136,0.0492,341.65,0.0591,439.836
16,11344,4,2048,51200,256,1,1,1,0.0099,159.964,0.0099,931.93,0.0527,319.928,0.0626,416.404
16,11360,4,2048,51200,256,1,1,1,0.0099,172.682,0.0099,934.134,0.049,345.363,0.0588,444.113
16,11376,4,2048,51200,256,1,1,1,0.0099,159.649,0.0099,935.127,0.0531,319.298,0.063,415.919
16,11392,4,2048,51200,256,1,1,1,0.0099,173.866,0.0099,936.544,0.0489,347.731,0.0588,446.819
16,11408,4,2048,51200,256,1,1,1,0.0099,159.35,0.0099,936.842,0.0535,318.7,0.0634,415.362
16,11424,4,2048,51200,256,1,1,1,0.0099,171.802,0.0099,939.181,0.0498,343.604,0.0597,442.587
16,11440,4,2048,51200,256,1,1,1,0.0099,160.602,0.0099,939.743,0.0534,321.204,0.0633,418.296
16,11456,4,2048,51200,256,1,1,1,0.0099,174.115,0.0099,942.031,0.0494,348.23,0.0593,447.753
16,11472,4,2048,51200,256,1,1,1,0.01,157.464,0.01,943.001,0.0548,314.927,0.0647,411.584
16,11488,4,2048,51200,256,1,1,1,0.01,161.286,0.01,944.956,0.0536,322.572,0.0636,420.134
16,11504,4,2048,51200,256,1,1,1,0.01,176.283,0.01,942.709,0.0492,352.567,0.0592,452.411
16,11520,4,2048,51200,256,1,1,1,0.01,137.8,0.01,944.396,0.0631,275.6,0.0731,367.292
16,11536,4,2048,51200,256,1,1,1,0.0101,178.593,0.0101,943.849,0.0488,357.187,0.0589,457.402
16,11552,4,2048,51200,256,1,1,1,0.01,161.65,0.01,948.361,0.0541,323.3,0.0641,421.133
16,11568,4,2048,51200,256,1,1,1,0.0101,177.535,0.0101,949.385,0.0494,355.069,0.0595,455.584
16,11584,4,2048,51200,256,1,1,1,0.0101,161.148,0.0101,948.329,0.0546,322.295,0.0647,420.008
16,11600,4,2048,51200,256,1,1,1,0.0101,179.257,0.0101,949.182,0.0492,358.514,0.0593,459.215
16,11616,4,2048,51200,256,1,1,1,0.0101,160.579,0.0101,950.613,0.0551,321.157,0.0652,418.894
16,11632,4,2048,51200,256,1,1,1,0.0101,160.73,0.0101,951.488,0.0552,321.459,0.0653,419.277
16,11648,4,2048,51200,256,1,1,1,0.0102,188.432,0.0102,951.891,0.0472,376.863,0.0573,478.757
16,11664,4,2048,51200,256,1,1,1,0.0102,161.161,0.0102,954.184,0.0553,322.321,0.0655,420.393
16,11680,4,2048,51200,256,1,1,1,0.0102,172.468,0.0102,954.444,0.0518,344.936,0.062,445.053
16,11696,4,2048,51200,256,1,1,1,0.0102,161.146,0.0102,957.873,0.0556,322.291,0.0658,420.593
16,11712,4,2048,51200,256,1,1,1,0.0102,174.8,0.0102,958.657,0.0514,349.599,0.0616,450.38
16,11728,4,2048,51200,256,1,1,1,0.0102,162.231,0.0102,958.713,0.0556,324.463,0.0658,423.025
16,11744,4,2048,51200,256,1,1,1,0.0102,184.591,0.0102,961.496,0.049,369.182,0.0592,471.463
16,11760,4,2048,51200,256,1,1,1,0.0103,161.781,0.0103,960.502,0.056,323.561,0.0663,422.136
16,11776,4,2048,51200,256,1,1,1,0.0102,176.36,0.0102,964.728,0.0515,352.72,0.0618,454.17
16,11792,4,2048,51200,256,1,1,1,0.0103,158.785,0.0103,959.643,0.0574,317.57,0.0677,415.435
16,11808,4,2048,51200,256,1,1,1,0.0103,161.44,0.0103,962.899,0.0566,322.88,0.0669,421.519
16,11824,4,2048,51200,256,1,1,1,0.0103,169.81,0.0103,963.299,0.054,339.62,0.0643,439.88
16,11840,4,2048,51200,256,1,1,1,0.0103,160.655,0.0103,966.17,0.0572,321.31,0.0675,419.984
16,11856,4,2048,51200,256,1,1,1,0.0104,181.982,0.0104,965.062,0.0506,363.965,0.061,466.167
16,11872,4,2048,51200,256,1,1,1,0.0104,161.06,0.0104,967.834,0.0574,322.12,0.0677,420.974
16,11888,4,2048,51200,256,1,1,1,0.0104,169.31,0.0104,969.017,0.0547,338.621,0.0651,439.172
16,11904,4,2048,51200,256,1,1,1,0.0104,159.879,0.0104,971.269,0.0581,319.758,0.0685,418.564
16,11920,4,2048,51200,256,1,1,1,0.0104,170.538,0.0104,970.965,0.0546,341.076,0.065,441.969
16,11936,4,2048,51200,256,1,1,1,0.0104,160.955,0.0104,973.658,0.058,321.91,0.0684,421.091
16,11952,4,2048,51200,256,1,1,1,0.0104,161.127,0.0104,974.504,0.0581,322.253,0.0685,421.518
16,11968,4,2048,51200,256,1,1,1,0.0105,167.464,0.0105,973.897,0.0561,334.928,0.0665,435.439
16,11984,4,2048,51200,256,1,1,1,0.0104,162.469,0.0104,979.981,0.0579,324.937,0.0684,424.838
16,12000,4,2048,51200,256,1,1,1,0.0104,171.52,0.0104,981.224,0.055,343.039,0.0655,444.807
16,12016,4,2048,51200,256,1,1,1,0.0105,163.914,0.0105,982.482,0.0577,327.829,0.0682,428.186
16,12032,4,2048,51200,256,1,1,1,0.0105,180.418,0.0105,985.013,0.0526,360.835,0.063,464.323
16,12048,4,2048,51200,256,1,1,1,0.0105,160.531,0.0105,986.15,0.0593,321.062,0.0697,420.898
16,12064,4,2048,51200,256,1,1,1,0.0105,171.791,0.0105,988.321,0.0555,343.583,0.066,445.875
16,12080,4,2048,51200,256,1,1,1,0.0105,160.367,0.0105,992.54,0.0596,320.733,0.0701,420.92
16,12096,4,2048,51200,256,1,1,1,0.0105,172.21,0.0105,993.153,0.0557,344.419,0.0662,447.116
16,12112,4,2048,51200,256,1,1,1,0.0105,160.781,0.0105,991.37,0.0598,321.562,0.0703,421.753
16,12128,4,2048,51200,256,1,1,1,0.0105,170.059,0.0105,994.418,0.0567,340.117,0.0672,442.476
16,12144,4,2048,51200,256,1,1,1,0.0105,161.682,0.0105,993.418,0.0598,323.363,0.0703,423.874
16,12160,4,2048,51200,256,1,1,1,0.0105,162.293,0.0105,997.274,0.0597,324.586,0.0702,425.475
16,12176,4,2048,51200,256,1,1,1,0.0106,185.365,0.0106,994.159,0.0524,370.73,0.063,475.557
16,12192,4,2048,51200,256,1,1,1,0.0106,164.765,0.0106,999.427,0.0591,329.529,0.0697,431.093
16,12208,4,2048,51200,256,1,1,1,0.0106,170.505,0.0106,999.46,0.0573,341.009,0.0679,443.761
16,12224,4,2048,51200,256,1,1,1,0.0106,162.578,0.0106,1001.904,0.0602,325.156,0.0708,426.37
16,12240,4,2048,51200,256,1,1,1,0.0106,182.202,0.0106,1002.625,0.0539,364.405,0.0645,469.41
16,12256,4,2048,51200,256,1,1,1,0.0106,164.643,0.0106,1004.48,0.0598,329.287,0.0704,431.118
16,12272,4,2048,51200,256,1,1,1,0.0106,180.161,0.0106,1008.417,0.0548,360.322,0.0654,465.426
16,12288,4,2048,51200,256,1,1,1,0.0106,163.589,0.0106,1008.481,0.0605,327.178,0.0711,429.01
16,12304,4,2048,51200,256,1,1,1,0.0107,173.902,0.0107,1007.309,0.0571,347.805,0.0677,451.707
16,12320,4,2048,51200,256,1,1,1,0.0107,160.037,0.0107,1006.87,0.0622,320.074,0.0729,420.944
16,12336,4,2048,51200,256,1,1,1,0.0107,154.283,0.0107,1008.399,0.0646,308.566,0.0754,408.043
16,12352,4,2048,51200,256,1,1,1,0.0107,173.166,0.0107,1009.966,0.0577,346.333,0.0685,450.255
16,12368,4,2048,51200,256,1,1,1,0.0107,158.543,0.0107,1011.171,0.0632,317.086,0.074,417.821
16,12384,4,2048,51200,256,1,1,1,0.0108,167.064,0.0108,1012.142,0.0602,334.129,0.0709,436.925
16,12400,4,2048,51200,256,1,1,1,0.0107,163.084,0.0107,1015.392,0.0618,326.169,0.0725,428.257
16,12416,4,2048,51200,256,1,1,1,0.0108,175.282,0.0108,1014.989,0.0576,350.564,0.0684,455.208
16,12432,4,2048,51200,256,1,1,1,0.0108,160.679,0.0108,1017.492,0.063,321.357,0.0738,422.974
16,12448,4,2048,51200,256,1,1,1,0.0108,174.065,0.0108,1017.67,0.0583,348.13,0.0691,452.711
16,12464,4,2048,51200,256,1,1,1,0.0108,162.077,0.0108,1019.871,0.0628,324.154,0.0736,426.244
16,12480,4,2048,51200,256,1,1,1,0.0108,168.572,0.0108,1023.316,0.0606,337.144,0.0713,440.95
16,12496,4,2048,51200,256,1,1,1,0.0109,162.72,0.0109,1020.179,0.0629,325.439,0.0737,427.686
16,12512,4,2048,51200,256,1,1,1,0.0108,176.636,0.0108,1023.675,0.0581,353.272,0.0689,458.731
16,12528,4,2048,51200,256,1,1,1,0.0109,160.83,0.0109,1023.823,0.064,321.66,0.0748,423.647
16,12544,4,2048,51200,256,1,1,1,0.0109,172.824,0.0109,1026.696,0.0597,345.647,0.0705,450.547
16,12560,4,2048,51200,256,1,1,1,0.0109,163.332,0.0109,1023.251,0.0633,326.664,0.0742,429.215
16,12576,4,2048,51200,256,1,1,1,0.0109,161.832,0.0109,1029.038,0.064,323.664,0.0749,426.191
16,12592,4,2048,51200,256,1,1,1,0.0109,168.408,0.0109,1028.568,0.0617,336.816,0.0726,440.866
16,12608,4,2048,51200,256,1,1,1,0.0109,160.352,0.0109,1030.557,0.065,320.705,0.0759,422.929
16,12624,4,2048,51200,256,1,1,1,0.0109,175.86,0.0109,1032.705,0.0594,351.719,0.0703,457.598
16,12640,4,2048,51200,256,1,1,1,0.0109,163.487,0.0109,1034.447,0.064,326.974,0.075,430.207
16,12656,4,2048,51200,256,1,1,1,0.011,161.653,0.011,1035.659,0.0649,323.307,0.0759,426.142
16,12672,4,2048,51200,256,1,1,1,0.011,174.413,0.011,1034.593,0.0603,348.827,0.0713,454.519
16,12688,4,2048,51200,256,1,1,1,0.011,164.572,0.011,1035.369,0.0641,329.145,0.0751,432.675
16,12704,4,2048,51200,256,1,1,1,0.011,169.359,0.011,1036.446,0.0625,338.719,0.0735,443.431
16,12720,4,2048,51200,256,1,1,1,0.011,163.952,0.011,1038.411,0.0647,327.903,0.0757,431.449
16,12736,4,2048,51200,256,1,1,1,0.011,172.741,0.011,1039.97,0.0615,345.482,0.0726,451.15
16,12752,4,2048,51200,256,1,1,1,0.0111,161.017,0.0111,1041.243,0.0662,322.034,0.0772,424.984
16,12768,4,2048,51200,256,1,1,1,0.011,179.947,0.011,1045.159,0.0594,359.893,0.0704,467.354
16,12784,4,2048,51200,256,1,1,1,0.0111,153.903,0.0111,1043.901,0.0696,307.807,0.0807,408.921
16,12800,4,2048,51200,256,1,1,1,0.0111,174.788,0.0111,1042.535,0.0614,349.576,0.0726,455.814
16,12816,4,2048,51200,256,1,1,1,0.0111,161.657,0.0111,1045.475,0.0666,323.314,0.0777,426.646
16,12832,4,2048,51200,256,1,1,1,0.0112,166.247,0.0112,1042.052,0.0649,332.494,0.0761,436.766
16,12848,4,2048,51200,256,1,1,1,0.0112,160.162,0.0112,1046.766,0.0675,320.325,0.0787,423.319
16,12864,4,2048,51200,256,1,1,1,0.0112,168.729,0.0112,1046.457,0.0643,337.458,0.0755,442.578
16,12880,4,2048,51200,256,1,1,1,0.0112,162.021,0.0112,1047.206,0.0671,324.042,0.0783,427.537
16,12896,4,2048,51200,256,1,1,1,0.0112,168.995,0.0112,1049.182,0.0645,337.991,0.0757,443.327
16,12912,4,2048,51200,256,1,1,1,0.0112,162.075,0.0112,1048.915,0.0674,324.15,0.0787,427.744
16,12928,4,2048,51200,256,1,1,1,0.0112,163.216,0.0112,1052.559,0.0671,326.433,0.0783,430.529
16,12944,4,2048,51200,256,1,1,1,0.0113,182.3,0.0113,1050.319,0.0602,364.6,0.0715,472.772
16,12960,4,2048,51200,256,1,1,1,0.0112,155.902,0.0112,1056.688,0.0706,311.804,0.0818,414.101
16,12976,4,2048,51200,256,1,1,1,0.0113,171.141,0.0113,1052.73,0.0645,342.282,0.0758,448.298
16,12992,4,2048,51200,256,1,1,1,0.0113,163.069,0.0113,1056.533,0.0678,326.137,0.0791,430.394
16,13008,4,2048,51200,256,1,1,1,0.0113,165.155,0.0113,1056.363,0.0671,330.31,0.0785,435.088
16,13024,4,2048,51200,256,1,1,1,0.0113,162.509,0.0113,1059.347,0.0684,325.018,0.0797,429.274
16,13040,4,2048,51200,256,1,1,1,0.0113,166.99,0.0113,1062.473,0.0667,333.979,0.078,439.569
16,13056,4,2048,51200,256,1,1,1,0.0113,148.499,0.0113,1061.855,0.0752,296.999,0.0866,397.235
16,13072,4,2048,51200,256,1,1,1,0.0113,162.935,0.0113,1065.371,0.0687,325.871,0.0801,430.562
16,13088,4,2048,51200,256,1,1,1,0.0114,169.246,0.0114,1061.719,0.0663,338.492,0.0777,444.567
16,13104,4,2048,51200,256,1,1,1,0.0114,156.407,0.0114,1066.73,0.072,312.813,0.0833,415.725
16,13120,4,2048,51200,256,1,1,1,0.0114,169.848,0.0114,1067.357,0.0664,339.696,0.0778,446.247
16,13136,4,2048,51200,256,1,1,1,0.0114,158.894,0.0114,1069.147,0.0712,317.787,0.0826,421.536
16,13152,4,2048,51200,256,1,1,1,0.0114,170.237,0.0114,1069.303,0.0666,340.474,0.078,447.222
16,13168,4,2048,51200,256,1,1,1,0.0114,155.106,0.0114,1072.593,0.0733,310.211,0.0847,413.01
16,13184,4,2048,51200,256,1,1,1,0.0114,184.203,0.0114,1074.783,0.0618,368.406,0.0733,478.532
16,13200,4,2048,51200,256,1,1,1,0.0115,169.858,0.0115,1069.948,0.0672,339.716,0.0787,446.388
16,13216,4,2048,51200,256,1,1,1,0.0115,165.132,0.0115,1076.832,0.0693,330.265,0.0808,436.129
16,13232,4,2048,51200,256,1,1,1,0.0117,170.233,0.0117,1058.868,0.0674,340.465,0.0791,446.528
16,13248,4,2048,51200,256,1,1,1,0.0115,159.431,0.0115,1080.318,0.0721,318.863,0.0836,423.317
16,13264,4,2048,51200,256,1,1,1,0.0126,174.381,0.0126,983.975,0.0661,348.761,0.0787,450.586
16,13280,4,2048,51200,256,1,1,1,0.0115,165.462,0.0115,1081.802,0.0699,330.923,0.0814,437.129
16,13296,4,2048,51200,256,1,1,1,0.0115,174.525,0.0115,1081.692,0.0664,349.051,0.0779,457.515
16,13312,4,2048,51200,256,1,1,1,0.0115,164.963,0.0115,1084.829,0.0704,329.927,0.0819,436.154
16,13328,4,2048,51200,256,1,1,1,0.0116,168.194,0.0116,1083.33,0.0692,336.389,0.0808,443.379
16,13344,4,2048,51200,256,1,1,1,0.0116,161.388,0.0116,1083.705,0.0723,322.776,0.0839,427.93
16,13360,4,2048,51200,256,1,1,1,0.0116,160.546,0.0116,1087.0,0.0729,321.093,0.0844,426.176
16,13376,4,2048,51200,256,1,1,1,0.0116,171.944,0.0116,1086.1,0.0682,343.887,0.0798,451.964
16,13392,4,2048,51200,256,1,1,1,0.0116,159.049,0.0116,1088.285,0.0739,318.097,0.0855,422.793
16,13408,4,2048,51200,256,1,1,1,0.012,165.947,0.012,1057.757,0.071,331.893,0.083,436.759
16,13424,4,2048,51200,256,1,1,1,0.0116,160.365,0.0116,1091.49,0.0736,320.73,0.0853,425.969
16,13440,4,2048,51200,256,1,1,1,0.0117,138.348,0.0117,1091.983,0.0856,276.696,0.0972,374.52
16,13456,4,2048,51200,256,1,1,1,0.0117,168.173,0.0117,1089.71,0.0706,336.346,0.0823,443.64
16,13472,4,2048,51200,256,1,1,1,0.0117,158.699,0.0117,1094.094,0.0749,317.398,0.0866,422.256
16,13488,4,2048,51200,256,1,1,1,0.0125,169.374,0.0125,1025.954,0.0704,338.747,0.0829,442.4
16,13504,4,2048,51200,256,1,1,1,0.0117,180.24,0.0117,1097.837,0.0663,360.479,0.078,471.166
16,13520,4,2048,51200,256,1,1,1,0.0117,161.223,0.0117,1102.563,0.0743,322.447,0.086,428.481
16,13536,4,2048,51200,256,1,1,1,0.0117,173.861,0.0117,1100.06,0.0691,347.722,0.0808,457.037
16,13552,4,2048,51200,256,1,1,1,0.0118,162.219,0.0118,1100.261,0.0742,324.439,0.086,430.627
16,13568,4,2048,51200,256,1,1,1,0.0117,178.817,0.0117,1104.933,0.0675,357.633,0.0792,468.418
16,13584,4,2048,51200,256,1,1,1,0.0118,159.338,0.0118,1100.909,0.0759,318.676,0.0877,424.028
16,13600,4,2048,51200,256,1,1,1,0.0118,170.672,0.0118,1105.127,0.071,341.344,0.0828,450.118
16,13616,4,2048,51200,256,1,1,1,0.0118,160.331,0.0118,1102.44,0.0758,320.662,0.0876,426.378
16,13632,4,2048,51200,256,1,1,1,0.0118,162.525,0.0118,1105.636,0.0749,325.05,0.0868,431.577
16,13648,4,2048,51200,256,1,1,1,0.0127,173.235,0.0127,1034.003,0.0705,346.471,0.0832,451.402
16,13664,4,2048,51200,256,1,1,1,0.0118,160.425,0.0118,1110.059,0.0763,320.851,0.0881,426.969
16,13680,4,2048,51200,256,1,1,1,0.0125,167.309,0.0125,1055.332,0.0733,334.618,0.0858,439.55
16,13696,4,2048,51200,256,1,1,1,0.0119,162.482,0.0119,1111.129,0.0757,324.964,0.0876,431.74
16,13712,4,2048,51200,256,1,1,1,0.0119,173.745,0.0119,1111.319,0.0709,347.49,0.0828,457.366
16,13728,4,2048,51200,256,1,1,1,0.0119,159.177,0.0119,1114.28,0.0776,318.355,0.0895,424.276
16,13744,4,2048,51200,256,1,1,1,0.0119,169.5,0.0119,1116.001,0.073,339.001,0.085,448.015
16,13760,4,2048,51200,256,1,1,1,0.0119,159.581,0.0119,1117.012,0.0778,319.162,0.0897,425.332
16,13776,4,2048,51200,256,1,1,1,0.012,171.227,0.012,1117.513,0.0726,342.454,0.0846,452.004
16,13792,4,2048,51200,256,1,1,1,0.0127,177.617,0.0127,1053.999,0.0702,355.235,0.0829,462.342
16,13808,4,2048,51200,256,1,1,1,0.012,162.83,0.012,1122.666,0.0767,325.659,0.0887,433.091
16,13824,4,2048,51200,256,1,1,1,0.0125,171.45,0.0125,1076.933,0.073,342.9,0.0855,450.088
16,13840,4,2048,51200,256,1,1,1,0.012,162.574,0.012,1124.34,0.0772,325.148,0.0892,432.575
16,13856,4,2048,51200,256,1,1,1,0.014,161.94,0.014,964.925,0.0777,323.879,0.0917,421.772
16,13872,4,2048,51200,256,1,1,1,0.012,156.88,0.012,1123.945,0.0804,313.76,0.0924,419.365
16,13888,4,2048,51200,256,1,1,1,0.0136,170.675,0.0136,995.871,0.0741,341.35,0.0877,443.075
16,13904,4,2048,51200,256,1,1,1,0.0121,159.154,0.0121,1127.423,0.0796,318.307,0.0917,424.798
16,13920,4,2048,51200,256,1,1,1,0.0139,171.699,0.0139,980.316,0.074,343.397,0.0879,444.203
16,13936,4,2048,51200,256,1,1,1,0.0121,161.712,0.0121,1129.721,0.0787,323.425,0.0908,430.819
16,13952,4,2048,51200,256,1,1,1,0.0121,167.756,0.0121,1132.939,0.076,335.512,0.0881,444.873
16,13968,4,2048,51200,256,1,1,1,0.0122,171.158,0.0122,1128.689,0.0747,342.315,0.0869,452.39
16,13984,4,2048,51200,256,1,1,1,0.0121,158.845,0.0121,1133.717,0.0807,317.69,0.0928,424.356
16,14000,4,2048,51200,256,1,1,1,0.014,171.981,0.014,984.765,0.0747,343.962,0.0887,445.103
16,14016,4,2048,51200,256,1,1,1,0.0122,159.711,0.0122,1133.986,0.0806,319.421,0.0928,426.364
16,14032,4,2048,51200,256,1,1,1,0.0122,173.86,0.0122,1135.183,0.0742,347.72,0.0864,458.861
16,14048,4,2048,51200,256,1,1,1,0.0122,157.811,0.0122,1137.663,0.082,315.623,0.0942,422.115
16,14064,4,2048,51200,256,1,1,1,0.0122,162.711,0.0122,1136.761,0.0797,325.422,0.0919,433.425
16,14080,4,2048,51200,256,1,1,1,0.0122,163.321,0.0122,1138.167,0.0796,326.642,0.0918,434.897
16,14096,4,2048,51200,256,1,1,1,0.0123,158.745,0.0123,1137.872,0.082,317.49,0.0943,424.277
16,14112,4,2048,51200,256,1,1,1,0.0142,168.758,0.0142,984.231,0.0773,337.515,0.0916,437.974
16,14128,4,2048,51200,256,1,1,1,0.0123,158.946,0.0123,1142.214,0.0823,317.892,0.0946,424.939
16,14144,4,2048,51200,256,1,1,1,0.0123,167.133,0.0123,1143.025,0.0784,334.267,0.0907,443.895
16,14160,4,2048,51200,256,1,1,1,0.0128,161.582,0.0128,1098.658,0.0813,323.164,0.0941,428.805
16,14176,4,2048,51200,256,1,1,1,0.0123,158.969,0.0123,1148.334,0.0828,317.937,0.0951,425.265
16,14192,4,2048,51200,256,1,1,1,0.0142,166.284,0.0142,996.999,0.0794,332.569,0.0936,433.359
16,14208,4,2048,51200,256,1,1,1,0.0123,162.554,0.0123,1153.274,0.0814,325.109,0.0937,433.824
16,14224,4,2048,51200,256,1,1,1,0.0144,176.705,0.0144,989.526,0.075,353.411,0.0894,455.618
16,14240,4,2048,51200,256,1,1,1,0.0123,161.33,0.0123,1154.522,0.0824,322.66,0.0947,431.029
16,14256,4,2048,51200,256,1,1,1,0.0123,170.972,0.0123,1156.176,0.0779,341.944,0.0902,453.343
16,14272,4,2048,51200,256,1,1,1,0.0123,163.17,0.0123,1159.813,0.0818,326.341,0.0941,435.546
16,14288,4,2048,51200,256,1,1,1,0.0124,172.924,0.0124,1159.756,0.0774,345.848,0.0897,457.984
16,14304,4,2048,51200,256,1,1,1,0.0124,161.84,0.0124,1156.825,0.0829,323.68,0.0953,432.297
16,14320,4,2048,51200,256,1,1,1,0.0124,160.745,0.0124,1158.918,0.0836,321.491,0.096,429.846
16,14336,4,2048,51200,256,1,1,1,0.0133,170.759,0.0133,1083.077,0.0789,341.518,0.0922,448.682
16,14352,4,2048,51200,256,1,1,1,0.0124,157.41,0.0124,1162.321,0.0858,314.819,0.0982,422.203
16,14368,4,2048,51200,256,1,1,1,0.0144,166.157,0.0144,1006.902,0.0814,332.314,0.0958,433.653
16,14384,4,2048,51200,256,1,1,1,0.0125,157.031,0.0125,1163.782,0.0863,314.062,0.0988,421.369
16,14400,4,2048,51200,256,1,1,1,0.0124,171.069,0.0124,1169.977,0.0794,342.137,0.0919,454.232
16,14416,4,2048,51200,256,1,1,1,0.0125,156.558,0.0125,1170.602,0.087,313.116,0.0995,420.554
16,14432,4,2048,51200,256,1,1,1,0.0125,158.36,0.0125,1168.779,0.0862,316.721,0.0987,424.692
16,14448,4,2048,51200,256,1,1,1,0.0144,167.765,0.0144,1018.337,0.0815,335.53,0.0959,437.926
16,14464,4,2048,51200,256,1,1,1,0.0125,158.459,0.0125,1169.919,0.0865,316.918,0.0991,424.961
16,14480,4,2048,51200,256,1,1,1,0.0143,164.768,0.0143,1025.338,0.0834,329.535,0.0977,431.68
16,14496,4,2048,51200,256,1,1,1,0.0126,157.827,0.0126,1172.859,0.0873,315.655,0.0998,423.602
16,14512,4,2048,51200,256,1,1,1,0.0126,166.75,0.0126,1175.551,0.0828,333.499,0.0953,444.513
16,14528,4,2048,51200,256,1,1,1,0.0126,156.394,0.0126,1177.505,0.0884,312.788,0.101,420.429
16,14544,4,2048,51200,256,1,1,1,0.0126,157.256,0.0126,1176.773,0.0882,314.512,0.1008,422.417
16,14560,4,2048,51200,256,1,1,1,0.0144,168.288,0.0144,1030.206,0.0826,336.575,0.097,439.803
16,14576,4,2048,51200,256,1,1,1,0.0126,158.061,0.0126,1180.161,0.0881,316.122,0.1007,424.446
16,14592,4,2048,51200,256,1,1,1,0.0147,165.968,0.0147,1016.428,0.0841,331.936,0.0988,433.755
16,14608,4,2048,51200,256,1,1,1,0.0127,155.918,0.0127,1181.279,0.0897,311.836,0.1024,419.441
16,14624,4,2048,51200,256,1,1,1,0.0126,167.229,0.0126,1186.383,0.0838,334.459,0.0965,446.112
16,14640,4,2048,51200,256,1,1,1,0.0127,156.776,0.0127,1185.699,0.0896,313.552,0.1023,421.644
16,14656,4,2048,51200,256,1,1,1,0.0127,157.435,0.0127,1187.622,0.0894,314.87,0.1021,423.273
16,14672,4,2048,51200,256,1,1,1,0.0146,166.141,0.0146,1033.052,0.0849,332.281,0.0995,435.15
16,14688,4,2048,51200,256,1,1,1,0.0127,156.556,0.0127,1188.379,0.0903,313.113,0.103,421.223
16,14704,4,2048,51200,256,1,1,1,0.0128,168.136,0.0128,1186.12,0.0843,336.273,0.0971,448.165
16,14720,4,2048,51200,256,1,1,1,0.0128,156.456,0.0128,1191.214,0.0908,312.912,0.1035,421.097
16,14736,4,2048,51200,256,1,1,1,0.0128,173.403,0.0128,1190.509,0.0821,346.805,0.0949,460.52
16,14752,4,2048,51200,256,1,1,1,0.0128,156.889,0.0128,1192.504,0.0909,313.779,0.1037,422.162
16,14768,4,2048,51200,256,1,1,1,0.0128,168.406,0.0128,1194.508,0.0849,336.812,0.0977,449.178
16,14784,4,2048,51200,256,1,1,1,0.0146,167.305,0.0146,1050.869,0.0856,334.61,0.1002,438.804
16,14800,4,2048,51200,256,1,1,1,0.0128,158.544,0.0128,1201.257,0.0905,317.089,0.1033,426.428
16,14816,4,2048,51200,256,1,1,1,0.0147,170.803,0.0147,1045.491,0.0842,341.607,0.0989,446.269
16,14832,4,2048,51200,256,1,1,1,0.0128,157.87,0.0128,1200.015,0.0913,315.741,0.1042,424.771
16,14848,4,2048,51200,256,1,1,1,0.0128,157.856,0.0128,1204.961,0.0915,315.712,0.1043,424.945
16,14864,4,2048,51200,256,1,1,1,0.0129,157.693,0.0129,1200.969,0.0918,315.385,0.1047,424.38
16,14880,4,2048,51200,256,1,1,1,0.0148,166.044,0.0148,1046.793,0.0874,332.089,0.1022,435.693
16,14896,4,2048,51200,256,1,1,1,0.0129,157.21,0.0129,1203.938,0.0925,314.42,0.1054,423.355
16,14912,4,2048,51200,256,1,1,1,0.0129,167.094,0.0129,1209.907,0.0872,334.188,0.1001,446.812
16,14928,4,2048,51200,256,1,1,1,0.0129,157.073,0.0129,1206.02,0.093,314.146,0.1059,423.107
16,14944,4,2048,51200,256,1,1,1,0.013,159.585,0.013,1207.523,0.0917,319.171,0.1047,429.096
16,14960,4,2048,51200,256,1,1,1,0.013,156.39,0.013,1207.059,0.0938,312.779,0.1068,421.522
16,14976,4,2048,51200,256,1,1,1,0.013,160.68,0.013,1209.828,0.0915,321.361,0.1045,431.763
16,14992,4,2048,51200,256,1,1,1,0.015,169.416,0.015,1046.96,0.0869,338.833,0.102,443.204
16,15008,4,2048,51200,256,1,1,1,0.013,158.015,0.013,1216.225,0.0934,316.03,0.1064,425.739
16,15024,4,2048,51200,256,1,1,1,0.0148,174.02,0.0148,1065.813,0.085,348.04,0.0998,454.632
16,15040,4,2048,51200,256,1,1,1,0.013,157.95,0.013,1214.432,0.0939,315.9,0.1069,425.496
16,15056,4,2048,51200,256,1,1,1,0.015,167.728,0.015,1055.237,0.0886,335.456,0.1036,439.912
16,15072,4,2048,51200,256,1,1,1,0.0131,158.073,0.0131,1218.042,0.0942,316.146,0.1072,425.927
16,15088,4,2048,51200,256,1,1,1,0.0131,166.246,0.0131,1217.005,0.0897,332.493,0.1028,445.094
16,15104,4,2048,51200,256,1,1,1,0.0131,156.818,0.0131,1219.401,0.0953,313.636,0.1084,422.999
16,15120,4,2048,51200,256,1,1,1,0.0131,155.59,0.0131,1218.397,0.0963,311.179,0.1094,420.035
16,15136,4,2048,51200,256,1,1,1,0.0153,164.619,0.0153,1048.176,0.0912,329.238,0.1065,432.477
16,15152,4,2048,51200,256,1,1,1,0.0131,156.538,0.0131,1224.149,0.0961,313.075,0.1092,422.512
16,15168,4,2048,51200,256,1,1,1,0.015,164.877,0.015,1075.965,0.0914,329.755,0.1064,434.661
16,15184,4,2048,51200,256,1,1,1,0.0131,156.207,0.0131,1227.612,0.0967,312.413,0.1099,421.856
16,15200,4,2048,51200,256,1,1,1,0.0132,166.768,0.0132,1226.675,0.0908,333.536,0.104,446.716
16,15216,4,2048,51200,256,1,1,1,0.0131,155.668,0.0131,1234.838,0.0975,311.336,0.1106,420.855
16,15232,4,2048,51200,256,1,1,1,0.0131,126.767,0.0131,1237.709,0.1199,253.534,0.1331,350.51
16,15248,4,2048,51200,256,1,1,1,0.0152,166.538,0.0152,1070.654,0.0915,333.075,0.1067,438.079
16,15264,4,2048,51200,256,1,1,1,0.0132,155.45,0.0132,1237.925,0.0982,310.901,0.1114,420.442
16,15280,4,2048,51200,256,1,1,1,0.0132,171.683,0.0132,1238.069,0.0891,343.365,0.1023,458.685
16,15296,4,2048,51200,256,1,1,1,0.0132,156.697,0.0132,1237.002,0.0979,313.394,0.1111,423.362
16,15312,4,2048,51200,256,1,1,1,0.0132,155.659,0.0132,1239.675,0.0987,311.317,0.1119,420.989
16,15328,4,2048,51200,256,1,1,1,0.0154,169.943,0.0154,1068.872,0.0906,339.886,0.106,445.602
16,15344,4,2048,51200,256,1,1,1,0.0133,154.858,0.0133,1242.212,0.0996,309.715,0.1129,419.166
16,15360,4,2048,51200,256,1,1,1,0.0152,135.138,0.0152,1083.556,0.1144,270.277,0.1296,365.766
16,15376,4,2048,51200,256,1,1,1,0.0152,169.218,0.0152,1087.356,0.0916,338.436,0.1068,445.051
16,15392,4,2048,51200,256,1,1,1,0.0133,159.173,0.0133,1243.812,0.0975,318.345,0.1109,429.488
16,15408,4,2048,51200,256,1,1,1,0.0153,174.871,0.0153,1084.109,0.089,349.743,0.1043,457.53
16,15424,4,2048,51200,256,1,1,1,0.0133,158.224,0.0133,1248.64,0.0985,316.449,0.1119,427.42
16,15440,4,2048,51200,256,1,1,1,0.0155,167.456,0.0155,1074.947,0.0933,334.912,0.1088,440.329
16,15456,4,2048,51200,256,1,1,1,0.0133,158.324,0.0133,1250.786,0.0989,316.648,0.1122,427.732
16,15472,4,2048,51200,256,1,1,1,0.0134,160.787,0.0134,1250.344,0.0976,321.574,0.1109,433.56
16,15488,4,2048,51200,256,1,1,1,0.0134,156.783,0.0134,1248.967,0.1003,313.566,0.1137,423.974
16,15504,4,2048,51200,256,1,1,1,0.0134,158.172,0.0134,1251.707,0.0996,316.344,0.113,427.389
16,15520,4,2048,51200,256,1,1,1,0.0155,162.706,0.0155,1086.002,0.097,325.413,0.1125,430.156
16,15536,4,2048,51200,256,1,1,1,0.0135,153.055,0.0135,1253.237,0.1034,306.11,0.1168,415.203
16,15552,4,2048,51200,256,1,1,1,0.0157,160.059,0.0157,1078.557,0.099,320.118,0.1147,423.699
16,15568,4,2048,51200,256,1,1,1,0.0135,158.918,0.0135,1257.296,0.0999,317.835,0.1134,429.366
16,15584,4,2048,51200,256,1,1,1,0.0135,160.63,0.0135,1256.234,0.0991,321.261,0.1126,433.389
16,15600,4,2048,51200,256,1,1,1,0.0135,157.173,0.0135,1259.294,0.1015,314.346,0.115,425.274
16,15616,4,2048,51200,256,1,1,1,0.0135,174.023,0.0135,1256.919,0.0918,348.047,0.1054,464.895
16,15632,4,2048,51200,256,1,1,1,0.0152,156.88,0.0152,1122.627,0.1021,313.76,0.1173,418.59
16,15648,4,2048,51200,256,1,1,1,0.0136,156.969,0.0136,1260.473,0.1022,313.938,0.1158,424.814
16,15664,4,2048,51200,256,1,1,1,0.0135,172.714,0.0135,1264.352,0.0931,345.427,0.1067,462.171
16,15680,4,2048,51200,256,1,1,1,0.0135,157.561,0.0135,1269.21,0.1023,315.122,0.1158,426.561
16,15696,4,2048,51200,256,1,1,1,0.0159,162.73,0.0159,1083.491,0.0992,325.46,0.1151,430.01
16,15712,4,2048,51200,256,1,1,1,0.0136,155.729,0.0136,1264.031,0.1039,311.458,0.1175,421.962
16,15728,4,2048,51200,256,1,1,1,0.0137,171.431,0.0137,1262.719,0.0946,342.862,0.1082,459.072
16,15744,4,2048,51200,256,1,1,1,0.0158,170.216,0.0158,1092.998,0.0954,340.432,0.1113,447.497
16,15760,4,2048,51200,256,1,1,1,0.0137,158.53,0.0137,1268.403,0.1027,317.06,0.1163,428.813
16,15776,4,2048,51200,256,1,1,1,0.0159,167.192,0.0159,1091.265,0.0976,334.384,0.1135,440.55
16,15792,4,2048,51200,256,1,1,1,0.0137,158.14,0.0137,1271.518,0.1034,316.28,0.117,427.993
16,15808,4,2048,51200,256,1,1,1,0.0137,164.784,0.0137,1275.397,0.0994,329.569,0.1131,443.952
16,15824,4,2048,51200,256,1,1,1,0.0137,151.754,0.0137,1276.228,0.1081,303.508,0.1218,412.819
16,15840,4,2048,51200,256,1,1,1,0.0137,157.022,0.0137,1278.844,0.1047,314.044,0.1184,425.584
16,15856,4,2048,51200,256,1,1,1,0.0161,161.4,0.0161,1089.601,0.1021,322.8,0.1182,427.249
16,15872,4,2048,51200,256,1,1,1,0.0137,158.434,0.0137,1286.837,0.1042,316.867,0.1179,429.262
16,15888,4,2048,51200,256,1,1,1,0.0157,163.859,0.0157,1120.241,0.101,327.718,0.1167,434.488
16,15904,4,2048,51200,256,1,1,1,0.0137,155.896,0.0137,1285.968,0.1063,311.792,0.1201,423.128
16,15920,4,2048,51200,256,1,1,1,0.0137,162.483,0.0137,1286.296,0.1022,324.966,0.116,438.894
16,15936,4,2048,51200,256,1,1,1,0.0156,170.414,0.0156,1133.622,0.0977,340.828,0.1133,450.171
16,15952,4,2048,51200,256,1,1,1,0.0138,152.24,0.0138,1284.787,0.1095,304.48,0.1234,414.255
16,15968,4,2048,51200,256,1,1,1,0.0158,164.056,0.0158,1125.246,0.1019,328.112,0.1177,435.174
16,15984,4,2048,51200,256,1,1,1,0.0138,152.044,0.0138,1287.152,0.1101,304.088,0.124,413.854
16,16000,4,2048,51200,256,1,1,1,0.016,176.187,0.016,1114.12,0.0952,352.375,0.1112,462.087
16,16016,4,2048,51200,256,1,1,1,0.0139,156.238,0.0139,1287.164,0.1076,312.476,0.1215,423.953
16,16032,4,2048,51200,256,1,1,1,0.0139,163.658,0.0139,1290.521,0.1029,327.315,0.1168,441.818
16,16048,4,2048,51200,256,1,1,1,0.0139,157.124,0.0139,1289.655,0.1074,314.248,0.1213,426.163
16,16064,4,2048,51200,256,1,1,1,0.0139,163.136,0.0139,1291.713,0.1037,326.272,0.1176,440.613
16,16080,4,2048,51200,256,1,1,1,0.0139,158.039,0.0139,1300.155,0.1072,316.077,0.1211,428.746
16,16096,4,2048,51200,256,1,1,1,0.0138,165.727,0.0138,1306.05,0.1025,331.454,0.1163,447.349
16,16112,4,2048,51200,256,1,1,1,0.0139,157.035,0.0139,1305.104,0.1083,314.07,0.1222,426.505
16,16128,4,2048,51200,256,1,1,1,0.0138,154.993,0.0138,1310.934,0.11,309.986,0.1238,421.785
16,16144,4,2048,51200,256,1,1,1,0.0159,162.99,0.0159,1145.298,0.1048,325.979,0.1207,433.675
16,16160,4,2048,51200,256,1,1,1,0.014,158.366,0.014,1301.276,0.1081,316.733,0.1221,429.545
16,16176,4,2048,51200,256,1,1,1,0.0159,175.636,0.0159,1148.404,0.0976,351.272,0.1135,462.77
16,16192,4,2048,51200,256,1,1,1,0.014,157.603,0.014,1302.749,0.109,315.207,0.123,427.756
16,16208,4,2048,51200,256,1,1,1,0.0141,159.431,0.0141,1301.195,0.108,318.862,0.1221,432.08
16,16224,4,2048,51200,256,1,1,1,0.0141,156.198,0.0141,1303.681,0.1104,312.397,0.1245,424.396
16,16240,4,2048,51200,256,1,1,1,0.0141,159.929,0.0141,1307.442,0.1081,319.857,0.1221,433.5
16,16256,4,2048,51200,256,1,1,1,0.0162,169.554,0.0162,1138.677,0.1021,339.107,0.1183,448.372
16,16272,4,2048,51200,256,1,1,1,0.0141,159.141,0.0141,1308.483,0.109,318.282,0.1231,431.638
16,16288,4,2048,51200,256,1,1,1,0.0162,170.325,0.0162,1138.889,0.1021,340.649,0.1183,450.131
16,16304,4,2048,51200,256,1,1,1,0.0141,158.278,0.0141,1315.333,0.1101,316.556,0.1241,429.807
16,16320,4,2048,51200,256,1,1,1,0.0163,139.079,0.0163,1141.176,0.1255,278.159,0.1418,377.12
16,16336,4,2048,51200,256,1,1,1,0.0166,157.216,0.0166,1121.969,0.1112,314.431,0.1278,419.095
16,16352,4,2048,51200,256,1,1,1,0.0141,153.768,0.0141,1321.373,0.114,307.537,0.1281,419.109
16,16368,4,2048,51200,256,1,1,1,0.0141,153.006,0.0141,1321.371,0.1148,306.013,0.1289,417.254
16,16384,4,2048,51200,256,1,1,1,0.0141,129.911,0.0141,1328.917,0.1354,259.821,0.1495,360.416
16,16400,4,2048,51200,256,1,1,1,0.0162,158.462,0.0162,1152.514,0.1112,316.924,0.1275,423.427
16,16416,4,2048,51200,256,1,1,1,0.0142,154.879,0.0142,1325.307,0.114,309.759,0.1282,421.917
16,16432,4,2048,51200,256,1,1,1,0.0142,158.788,0.0142,1324.627,0.1114,317.576,0.1256,431.332
16,16448,4,2048,51200,256,1,1,1,0.0163,140.055,0.0163,1158.951,0.1266,280.11,0.1428,380.092
16,16464,4,2048,51200,256,1,1,1,0.0143,157.978,0.0143,1322.334,0.1124,315.955,0.1267,429.283
16,16480,4,2048,51200,256,1,1,1,0.0155,162.597,0.0155,1221.733,0.1095,325.193,0.1249,436.229
16,16496,4,2048,51200,256,1,1,1,0.0142,154.298,0.0142,1335.896,0.1156,308.596,0.1298,420.847
16,16512,4,2048,51200,256,1,1,1,0.0162,162.353,0.0162,1170.015,0.1101,324.706,0.1263,433.277
16,16528,4,2048,51200,256,1,1,1,0.0143,154.313,0.0143,1330.632,0.116,308.625,0.1303,420.689
16,16544,4,2048,51200,256,1,1,1,0.0142,160.478,0.0142,1338.417,0.1118,320.956,0.126,435.87
16,16560,4,2048,51200,256,1,1,1,0.0143,149.046,0.0143,1334.943,0.1206,298.092,0.1349,407.986
16,16576,4,2048,51200,256,1,1,1,0.0143,152.285,0.0143,1338.955,0.1182,304.57,0.1325,416.024
16,16592,4,2048,51200,256,1,1,1,0.0164,163.809,0.0164,1165.247,0.1101,327.617,0.1266,436.401
16,16608,4,2048,51200,256,1,1,1,0.0143,159.767,0.0143,1339.806,0.1131,319.533,0.1275,434.184
16,16624,4,2048,51200,256,1,1,1,0.0167,160.324,0.0167,1149.768,0.113,320.648,0.1297,427.557
16,16640,4,2048,51200,256,1,1,1,0.0144,154.856,0.0144,1340.407,0.1172,309.711,0.1316,422.306
16,16656,4,2048,51200,256,1,1,1,0.0143,159.561,0.0143,1345.382,0.1139,319.123,0.1283,433.873
16,16672,4,2048,51200,256,1,1,1,0.0149,156.64,0.0149,1301.266,0.1163,313.28,0.1312,425.212
16,16688,4,2048,51200,256,1,1,1,0.0144,159.841,0.0144,1344.871,0.1142,319.682,0.1286,434.518
16,16704,4,2048,51200,256,1,1,1,0.0164,170.486,0.0164,1185.573,0.1073,340.972,0.1236,452.804
16,16720,4,2048,51200,256,1,1,1,0.0145,157.756,0.0145,1345.007,0.1161,315.512,0.1306,429.472
16,16736,4,2048,51200,256,1,1,1,0.0145,177.253,0.0145,1347.627,0.1036,354.506,0.118,476.145
16,16752,4,2048,51200,256,1,1,1,0.0145,156.461,0.0145,1344.609,0.1175,312.923,0.1321,426.31
16,16768,4,2048,51200,256,1,1,1,0.0145,155.948,0.0145,1351.634,0.1182,311.895,0.1326,425.3
16,16784,4,2048,51200,256,1,1,1,0.017,157.827,0.017,1152.67,0.117,315.654,0.134,421.828
16,16800,4,2048,51200,256,1,1,1,0.0145,166.666,0.0145,1352.871,0.111,333.332,0.1255,451.185
16,16816,4,2048,51200,256,1,1,1,0.017,159.346,0.017,1154.292,0.1163,318.692,0.1333,425.435
16,16832,4,2048,51200,256,1,1,1,0.0146,161.119,0.0146,1350.841,0.1152,322.237,0.1298,437.767
16,16848,4,2048,51200,256,1,1,1,0.0166,157.165,0.0166,1188.592,0.1184,314.33,0.135,421.873
16,16864,4,2048,51200,256,1,1,1,0.0146,145.823,0.0146,1358.585,0.1278,291.646,0.1424,400.702
16,16880,4,2048,51200,256,1,1,1,0.0146,172.666,0.0146,1355.501,0.1081,345.331,0.1228,465.569
16,16896,4,2048,51200,256,1,1,1,0.0146,158.943,0.0146,1358.244,0.1177,317.887,0.1323,432.753
16,16912,4,2048,51200,256,1,1,1,0.0146,162.42,0.0146,1359.776,0.1154,324.84,0.13,441.204
16,16928,4,2048,51200,256,1,1,1,0.0164,157.154,0.0164,1217.284,0.1195,314.309,0.1359,423.049
16,16944,4,2048,51200,256,1,1,1,0.0146,158.164,0.0146,1364.279,0.119,316.328,0.1336,431.057
16,16960,4,2048,51200,256,1,1,1,0.0146,159.289,0.0146,1364.589,0.1183,318.578,0.133,433.791
16,16976,4,2048,51200,256,1,1,1,0.0162,158.478,0.0162,1235.307,0.1192,316.956,0.1354,426.92
16,16992,4,2048,51200,256,1,1,1,0.0146,160.654,0.0146,1371.671,0.1178,321.309,0.1324,437.336
16,17008,4,2048,51200,256,1,1,1,0.0165,160.709,0.0165,1218.956,0.118,321.418,0.1345,431.489
16,17024,4,2048,51200,256,1,1,1,0.0147,158.425,0.0147,1374.41,0.1199,316.85,0.1345,432.012
16,17040,4,2048,51200,256,1,1,1,0.0163,162.156,0.0163,1236.889,0.1174,324.312,0.1337,435.664
16,17056,4,2048,51200,256,1,1,1,0.0147,159.034,0.0147,1378.75,0.1199,318.068,0.1345,433.629
16,17072,4,2048,51200,256,1,1,1,0.0147,160.542,0.0147,1374.901,0.119,321.083,0.1337,437.148
16,17088,4,2048,51200,256,1,1,1,0.0164,177.029,0.0164,1233.828,0.1081,354.057,0.1245,470.19
16,17104,4,2048,51200,256,1,1,1,0.0147,159.769,0.0147,1379.263,0.12,319.538,0.1347,435.416
16,17120,4,2048,51200,256,1,1,1,0.0168,159.485,0.0168,1210.288,0.1204,318.97,0.1373,428.195
16,17136,4,2048,51200,256,1,1,1,0.0149,173.388,0.0149,1371.126,0.111,346.776,0.1259,467.829
16,17152,4,2048,51200,256,1,1,1,0.0169,163.443,0.0169,1206.882,0.118,326.885,0.1349,437.325
16,17168,4,2048,51200,256,1,1,1,0.0148,156.58,0.0148,1379.937,0.1234,313.159,0.1382,427.658
16,17184,4,2048,51200,256,1,1,1,0.0171,163.481,0.0171,1199.377,0.1184,326.962,0.1355,437.062
16,17200,4,2048,51200,256,1,1,1,0.0149,157.963,0.0149,1382.726,0.1227,315.926,0.1376,431.111
16,17216,4,2048,51200,256,1,1,1,0.0149,160.426,0.0149,1380.448,0.1211,320.853,0.136,437.014
16,17232,4,2048,51200,256,1,1,1,0.0149,155.507,0.0149,1381.964,0.1251,311.014,0.1401,425.086
16,17248,4,2048,51200,256,1,1,1,0.0149,160.438,0.0149,1383.814,0.1215,320.876,0.1364,437.147
16,17264,4,2048,51200,256,1,1,1,0.0166,159.426,0.0166,1245.449,0.1225,318.852,0.1391,429.495
16,17280,4,2048,51200,256,1,1,1,0.0149,129.559,0.0149,1387.069,0.151,259.119,0.166,360.671
16,17296,4,2048,51200,256,1,1,1,0.0149,161.598,0.0149,1389.701,0.1213,323.196,0.1363,440.149
16,17312,4,2048,51200,256,1,1,1,0.0168,155.968,0.0168,1234.962,0.1259,311.935,0.1428,420.836
16,17328,4,2048,51200,256,1,1,1,0.015,160.314,0.015,1390.58,0.1227,320.628,0.1377,437.052
16,17344,4,2048,51200,256,1,1,1,0.0166,162.921,0.0166,1259.167,0.121,325.842,0.1376,438.32
16,17360,4,2048,51200,256,1,1,1,0.015,157.327,0.015,1393.331,0.1255,314.654,0.1405,429.861
16,17376,4,2048,51200,256,1,1,1,0.015,161.257,0.015,1399.416,0.1227,322.514,0.1377,439.629
16,17392,4,2048,51200,256,1,1,1,0.015,145.885,0.015,1396.662,0.1359,291.771,0.1509,401.805
16,17408,4,2048,51200,256,1,1,1,0.015,136.757,0.015,1402.7,0.1452,273.514,0.1602,379.174
16,17424,4,2048,51200,256,1,1,1,0.015,156.526,0.015,1404.474,0.1271,313.051,0.1421,428.244
16,17440,4,2048,51200,256,1,1,1,0.0151,167.85,0.0151,1402.137,0.1188,335.7,0.1338,455.656
16,17456,4,2048,51200,256,1,1,1,0.0151,144.29,0.0151,1402.113,0.1384,288.581,0.1535,397.978
16,17472,4,2048,51200,256,1,1,1,0.0169,168.473,0.0169,1252.576,0.1188,336.946,0.1357,451.068
16,17488,4,2048,51200,256,1,1,1,0.0151,158.748,0.0151,1404.18,0.1263,317.497,0.1414,433.644
16,17504,4,2048,51200,256,1,1,1,0.017,157.934,0.017,1250.35,0.1271,315.868,0.1441,426.075
16,17520,4,2048,51200,256,1,1,1,0.0151,158.212,0.0151,1407.623,0.1271,316.425,0.1423,432.439
16,17536,4,2048,51200,256,1,1,1,0.0151,147.896,0.0151,1407.987,0.1363,295.792,0.1514,407.069
16,17552,4,2048,51200,256,1,1,1,0.0171,151.18,0.0171,1253.199,0.1335,302.36,0.1506,410.012
16,17568,4,2048,51200,256,1,1,1,0.0152,158.158,0.0152,1410.932,0.1279,316.315,0.1431,432.397
16,17584,4,2048,51200,256,1,1,1,0.0164,159.482,0.0164,1309.4,0.1271,318.965,0.1434,432.048
16,17600,4,2048,51200,256,1,1,1,0.0152,157.556,0.0152,1411.796,0.1288,315.112,0.1441,430.943
16,17616,4,2048,51200,256,1,1,1,0.0152,159.685,0.0152,1411.866,0.1274,319.37,0.1426,436.142
16,17632,4,2048,51200,256,1,1,1,0.0172,170.124,0.0172,1253.779,0.1198,340.249,0.137,454.938
16,17648,4,2048,51200,256,1,1,1,0.0153,158.769,0.0153,1414.728,0.1286,317.538,0.1438,433.989
16,17664,4,2048,51200,256,1,1,1,0.0172,174.694,0.0172,1255.866,0.1171,349.387,0.1343,465.676
16,17680,4,2048,51200,256,1,1,1,0.0153,159.623,0.0153,1417.961,0.1283,319.245,0.1436,436.169
16,17696,4,2048,51200,256,1,1,1,0.0175,157.605,0.0175,1237.734,0.1302,315.211,0.1478,424.725
16,17712,4,2048,51200,256,1,1,1,0.0153,154.024,0.0153,1424.837,0.1335,308.048,0.1487,422.647
16,17728,4,2048,51200,256,1,1,1,0.0172,172.099,0.0172,1264.721,0.1197,344.197,0.1369,460.022
16,17744,4,2048,51200,256,1,1,1,0.0153,157.443,0.0153,1429.003,0.1311,314.885,0.1463,431.168
16,17760,4,2048,51200,256,1,1,1,0.0153,160.037,0.0153,1426.825,0.1292,320.074,0.1445,437.444
16,17776,4,2048,51200,256,1,1,1,0.0175,154.016,0.0175,1252.224,0.1345,308.032,0.1519,416.715
16,17792,4,2048,51200,256,1,1,1,0.0153,158.884,0.0153,1430.434,0.1306,317.768,0.1459,434.73
16,17808,4,2048,51200,256,1,1,1,0.0174,158.872,0.0174,1261.825,0.1308,317.744,0.1482,428.675
16,17824,4,2048,51200,256,1,1,1,0.0153,158.285,0.0153,1435.916,0.1315,316.57,0.1469,433.426
16,17840,4,2048,51200,256,1,1,1,0.0154,165.291,0.0154,1433.525,0.1262,330.582,0.1416,450.442
16,17856,4,2048,51200,256,1,1,1,0.0156,157.626,0.0156,1420.444,0.1326,315.252,0.1481,431.31
16,17872,4,2048,51200,256,1,1,1,0.0154,158.286,0.0154,1436.181,0.1322,316.572,0.1477,433.422
16,17888,4,2048,51200,256,1,1,1,0.0171,159.235,0.0171,1299.846,0.1317,318.47,0.1488,430.999
16,17904,4,2048,51200,256,1,1,1,0.0155,158.654,0.0155,1436.87,0.1324,317.308,0.1479,434.335
16,17920,4,2048,51200,256,1,1,1,0.0155,165.351,0.0155,1437.717,0.1273,330.703,0.1428,450.705
16,17936,4,2048,51200,256,1,1,1,0.0155,151.252,0.0155,1440.887,0.1394,302.504,0.1549,416.207
16,17952,4,2048,51200,256,1,1,1,0.0155,154.456,0.0155,1442.561,0.1367,308.912,0.1522,424.171
16,17968,4,2048,51200,256,1,1,1,0.0155,155.413,0.0155,1443.266,0.1361,310.826,0.1516,426.547
16,17984,4,2048,51200,256,1,1,1,0.0155,149.907,0.0155,1445.724,0.1414,299.815,0.1569,412.996
16,18000,4,2048,51200,256,1,1,1,0.0156,153.361,0.0156,1442.427,0.1385,306.722,0.154,421.45
16,18016,4,2048,51200,256,1,1,1,0.0175,152.62,0.0175,1283.677,0.1394,305.241,0.1569,414.459
16,18032,4,2048,51200,256,1,1,1,0.0156,155.033,0.0156,1446.767,0.1374,310.065,0.153,425.695
16,18048,4,2048,51200,256,1,1,1,0.0172,165.588,0.0172,1308.792,0.1289,331.177,0.1462,446.468
16,18064,4,2048,51200,256,1,1,1,0.0156,156.4,0.0156,1450.494,0.1367,312.801,0.1523,429.169
16,18080,4,2048,51200,256,1,1,1,0.0175,160.663,0.0175,1296.422,0.1333,321.327,0.1508,434.228
16,18096,4,2048,51200,256,1,1,1,0.0156,150.738,0.0156,1451.229,0.1424,301.476,0.158,415.179
16,18112,4,2048,51200,256,1,1,1,0.0156,163.285,0.0156,1454.174,0.1317,326.57,0.1473,446.157
16,18128,4,2048,51200,256,1,1,1,0.0171,155.618,0.0171,1327.465,0.1384,311.236,0.1555,423.227
16,18144,4,2048,51200,256,1,1,1,0.0156,153.249,0.0156,1457.388,0.1408,306.498,0.1564,421.565
16,18160,4,2048,51200,256,1,1,1,0.0156,151.845,0.0156,1463.267,0.1423,303.691,0.1579,418.249
16,18176,4,2048,51200,256,1,1,1,0.0175,159.551,0.0175,1305.906,0.1357,319.101,0.1532,431.9
16,18192,4,2048,51200,256,1,1,1,0.0157,156.912,0.0157,1456.328,0.1382,313.825,0.154,430.567
16,18208,4,2048,51200,256,1,1,1,0.0157,172.461,0.0157,1458.994,0.126,344.923,0.1417,468.579
16,18224,4,2048,51200,256,1,1,1,0.0157,155.183,0.0157,1459.657,0.1403,310.366,0.156,426.39
16,18240,4,2048,51200,256,1,1,1,0.0158,151.137,0.0158,1461.077,0.1443,302.273,0.16,416.403
16,18256,4,2048,51200,256,1,1,1,0.0175,167.924,0.0175,1319.881,0.1301,335.848,0.1475,452.405
16,18272,4,2048,51200,256,1,1,1,0.0158,157.8,0.0158,1461.93,0.1387,315.6,0.1545,432.898
16,18288,4,2048,51200,256,1,1,1,0.0178,157.584,0.0178,1300.359,0.1391,315.169,0.1569,426.941
16,18304,4,2048,51200,256,1,1,1,0.0158,157.441,0.0158,1465.251,0.1395,314.883,0.1553,432.105
16,18320,4,2048,51200,256,1,1,1,0.0158,154.046,0.0158,1468.466,0.1428,308.092,0.1586,423.805
16,18336,4,2048,51200,256,1,1,1,0.0158,158.843,0.0158,1468.579,0.1387,317.686,0.1546,435.648
16,18352,4,2048,51200,256,1,1,1,0.0158,170.408,0.0158,1477.86,0.1295,340.815,0.1453,464.217
16,18368,4,2048,51200,256,1,1,1,0.0158,152.96,0.0158,1477.214,0.1446,305.92,0.1604,421.346
16,18384,4,2048,51200,256,1,1,1,0.0158,152.163,0.0158,1475.985,0.1456,304.326,0.1614,419.328
16,18400,4,2048,51200,256,1,1,1,0.0175,163.131,0.0175,1341.542,0.136,326.261,0.1535,441.763
16,18416,4,2048,51200,256,1,1,1,0.0159,158.155,0.0159,1479.311,0.1405,316.309,0.1564,434.251
16,18432,4,2048,51200,256,1,1,1,0.018,164.691,0.018,1306.024,0.1352,329.382,0.1532,444.108
16,18448,4,2048,51200,256,1,1,1,0.0159,151.131,0.0159,1477.339,0.1476,302.263,0.1635,416.78
16,18464,4,2048,51200,256,1,1,1,0.0159,155.187,0.0159,1485.563,0.144,310.374,0.1598,427.079
16,18480,4,2048,51200,256,1,1,1,0.0176,152.496,0.0176,1341.32,0.1468,304.993,0.1644,416.02
16,18496,4,2048,51200,256,1,1,1,0.0159,143.784,0.0159,1484.67,0.1559,287.569,0.1719,398.576
16,18512,4,2048,51200,256,1,1,1,0.018,149.829,0.018,1318.61,0.1499,299.658,0.1679,408.759
16,18528,4,2048,51200,256,1,1,1,0.0177,153.55,0.0177,1341.083,0.1465,307.099,0.1642,418.562
16,18544,4,2048,51200,256,1,1,1,0.016,152.684,0.016,1488.447,0.1476,305.368,0.1636,420.922
16,18560,4,2048,51200,256,1,1,1,0.0161,158.895,0.0161,1482.886,0.1421,317.79,0.1581,436.139
16,18576,4,2048,51200,256,1,1,1,0.016,147.868,0.016,1487.696,0.1529,295.737,0.169,408.876
16,18592,4,2048,51200,256,1,1,1,0.0161,151.634,0.0161,1487.477,0.1494,303.269,0.1655,418.268
16,18608,4,2048,51200,256,1,1,1,0.018,151.99,0.018,1327.136,0.1493,303.981,0.1673,414.279
16,18624,4,2048,51200,256,1,1,1,0.0161,149.055,0.0161,1494.075,0.1525,298.11,0.1686,411.998
16,18640,4,2048,51200,256,1,1,1,0.018,153.781,0.018,1332.59,0.1481,307.562,0.1661,418.806
16,18656,4,2048,51200,256,1,1,1,0.016,147.965,0.016,1499.408,0.1542,295.93,0.1702,409.399
16,18672,4,2048,51200,256,1,1,1,0.0161,161.06,0.0161,1492.554,0.1419,322.121,0.158,441.733
16,18688,4,2048,51200,256,1,1,1,0.017,153.293,0.017,1423.615,0.1493,306.585,0.1663,420.516
16,18704,4,2048,51200,256,1,1,1,0.0161,145.176,0.0161,1500.388,0.1579,290.352,0.174,402.407
16,18720,4,2048,51200,256,1,1,1,0.0176,143.385,0.0176,1373.108,0.1602,286.77,0.1778,394.545
16,18736,4,2048,51200,256,1,1,1,0.0162,152.647,0.0162,1501.436,0.1507,305.294,0.1669,421.129
16,18752,4,2048,51200,256,1,1,1,0.0161,147.104,0.0161,1506.508,0.1567,294.207,0.1728,407.392
16,18768,4,2048,51200,256,1,1,1,0.0171,153.29,0.0171,1422.374,0.1506,306.58,0.1677,420.449
16,18784,4,2048,51200,256,1,1,1,0.0162,148.395,0.0162,1506.857,0.1558,296.79,0.172,410.632
16,18800,4,2048,51200,256,1,1,1,0.0181,161.459,0.0181,1349.926,0.1435,322.918,0.1616,437.938
16,18816,4,2048,51200,256,1,1,1,0.0162,154.526,0.0162,1511.034,0.1502,309.053,0.1663,426.048
16,18832,4,2048,51200,256,1,1,1,0.0162,147.72,0.0162,1510.225,0.1573,295.44,0.1736,409.01
16,18848,4,2048,51200,256,1,1,1,0.0163,158.947,0.0163,1509.578,0.1465,317.893,0.1627,436.967
16,18864,4,2048,51200,256,1,1,1,0.0171,156.189,0.0171,1434.706,0.1493,312.378,0.1665,427.929
16,18880,4,2048,51200,256,1,1,1,0.0163,149.603,0.0163,1512.582,0.1562,299.206,0.1724,413.778
16,18896,4,2048,51200,256,1,1,1,0.0178,155.201,0.0178,1388.824,0.1508,310.401,0.1685,424.056
16,18912,4,2048,51200,256,1,1,1,0.0163,149.365,0.0163,1516.955,0.1569,298.731,0.1732,413.286
16,18928,4,2048,51200,256,1,1,1,0.018,150.435,0.018,1373.723,0.1561,300.871,0.1741,411.898
16,18944,4,2048,51200,256,1,1,1,0.0163,157.762,0.0163,1521.527,0.1491,315.524,0.1654,434.344
16,18960,4,2048,51200,256,1,1,1,0.0164,149.438,0.0164,1510.439,0.1577,298.876,0.1741,413.287
16,18976,4,2048,51200,256,1,1,1,0.0164,153.49,0.0164,1519.319,0.1537,306.98,0.1701,423.644
16,18992,4,2048,51200,256,1,1,1,0.0164,148.172,0.0164,1516.067,0.1595,296.344,0.176,410.248
16,19008,4,2048,51200,256,1,1,1,0.0164,149.144,0.0164,1521.416,0.1588,298.287,0.1752,412.817
16,19024,4,2048,51200,256,1,1,1,0.0164,149.536,0.0164,1526.258,0.1586,299.071,0.175,413.919
16,19040,4,2048,51200,256,1,1,1,0.0164,150.244,0.0164,1527.768,0.1581,300.488,0.1745,415.73
16,19056,4,2048,51200,256,1,1,1,0.0182,154.88,0.0182,1377.959,0.1537,309.759,0.1719,422.877
16,19072,4,2048,51200,256,1,1,1,0.0164,151.799,0.0164,1535.798,0.157,303.598,0.1734,419.823
16,19088,4,2048,51200,256,1,1,1,0.0164,162.614,0.0164,1529.453,0.1468,325.228,0.1633,446.542
16,19104,4,2048,51200,256,1,1,1,0.0183,150.985,0.0183,1379.421,0.1584,301.97,0.1767,413.377
16,19120,4,2048,51200,256,1,1,1,0.0165,161.166,0.0165,1534.134,0.1487,322.331,0.1651,443.087
16,19136,4,2048,51200,256,1,1,1,0.0165,152.63,0.0165,1529.616,0.1572,305.261,0.1738,421.725
16,19152,4,2048,51200,256,1,1,1,0.0183,153.101,0.0183,1384.681,0.157,306.201,0.1753,418.716
16,19168,4,2048,51200,256,1,1,1,0.0165,150.485,0.0165,1536.391,0.16,300.971,0.1765,416.519
16,19184,4,2048,51200,256,1,1,1,0.0166,163.084,0.0166,1534.371,0.1479,326.168,0.1645,447.819
16,19200,4,2048,51200,256,1,1,1,0.0166,146.959,0.0166,1533.421,0.1644,293.918,0.181,407.571
16,19216,4,2048,51200,256,1,1,1,0.0188,151.926,0.0188,1357.747,0.1593,303.851,0.1781,414.966
16,19232,4,2048,51200,256,1,1,1,0.0166,149.243,0.0166,1540.465,0.1624,298.485,0.179,413.482
16,19248,4,2048,51200,256,1,1,1,0.0186,149.66,0.0186,1372.911,0.1622,299.321,0.1809,409.885
16,19264,4,2048,51200,256,1,1,1,0.0166,149.093,0.0166,1541.047,0.1631,298.186,0.1797,413.112
16,19280,4,2048,51200,256,1,1,1,0.0166,162.257,0.0166,1542.118,0.1501,324.514,0.1668,445.972
16,19296,4,2048,51200,256,1,1,1,0.0166,155.652,0.0166,1545.06,0.1568,311.305,0.1734,429.638
16,19312,4,2048,51200,256,1,1,1,0.0166,161.248,0.0166,1547.73,0.1516,322.496,0.1682,443.625
16,19328,4,2048,51200,256,1,1,1,0.0167,,,,,,,
