num_attention_heads,hidden_size,train_micro_batch_size_per_gpu,seq_length,vocab_size,train_batch_size,tensor_mp_size,pipeline_mp_size,dp_size,flash_attn_latency,mlp_4h_to_h,estimated_attention_duration,estimated_attention_throughput,estimated_mlp_duration,estimated_mlp_throughput,estimated_duration,estimated_throughput
8,8,4,2048,51200,256,1,1,1,,,,,,,,
8,8,4,2048,51200,256,1,1,1,0.0006,0.056,0.0006,0.943,0.0001,0.112,0.0006,0.847
8,16,4,2048,51200,256,1,1,1,0.0009,0.242,0.0009,1.168,0.0001,0.484,0.001,1.121
8,24,4,2048,51200,256,1,1,1,0.0008,0.719,0.0008,2.05,0.0001,1.439,0.0009,2.013
8,32,4,2048,51200,256,1,1,1,0.0006,0.869,0.0006,3.991,0.0001,1.739,0.0006,3.716
8,40,4,2048,51200,256,1,1,1,0.0007,1.745,0.0007,4.287,0.0001,3.491,0.0007,4.22
8,48,4,2048,51200,256,1,1,1,0.0006,2.142,0.0006,5.727,0.0001,4.285,0.0007,5.573
8,56,4,2048,51200,256,1,1,1,0.0006,2.514,0.0006,6.837,0.0001,5.027,0.0007,6.613
8,64,4,2048,51200,256,1,1,1,0.0006,5.023,0.0006,7.882,0.0001,10.046,0.0006,8.065
8,72,4,2048,51200,256,1,1,1,0.0006,4.342,0.0006,8.652,0.0001,8.685,0.0007,8.655
8,80,4,2048,51200,256,1,1,1,0.0006,5.865,0.0006,9.744,0.0001,11.729,0.0007,9.958
8,88,4,2048,51200,256,1,1,1,0.0006,6.213,0.0006,10.996,0.0001,12.427,0.0007,11.172
8,96,4,2048,51200,256,1,1,1,0.0006,11.597,0.0006,12.112,0.0001,23.194,0.0006,13.023
8,104,4,2048,51200,256,1,1,1,0.0006,10.161,0.0006,12.862,0.0001,20.322,0.0007,13.641
8,112,4,2048,51200,256,1,1,1,0.0006,16.337,0.0006,14.533,0.0001,32.674,0.0006,15.995
8,120,4,2048,51200,256,1,1,1,0.0006,14.351,0.0006,15.648,0.0001,28.702,0.0006,16.987
8,128,4,2048,51200,256,1,1,1,0.0006,21.103,0.0006,17.215,0.0001,42.207,0.0006,19.292
8,136,4,2048,51200,256,1,1,1,0.0006,24.758,0.0006,18.249,0.0,49.516,0.0006,20.736
8,144,4,2048,51200,256,1,1,1,0.0006,20.103,0.0006,19.433,0.0001,40.206,0.0006,21.645
8,152,4,2048,51200,256,1,1,1,0.0006,29.253,0.0006,21.06,0.0001,58.506,0.0006,24.248
8,160,4,2048,51200,256,1,1,1,0.0006,31.631,0.0006,20.659,0.0001,63.263,0.0007,24.114
8,168,4,2048,51200,256,1,1,1,0.0006,38.091,0.0006,23.184,0.0,76.182,0.0006,27.371
8,176,4,2048,51200,256,1,1,1,0.0006,40.928,0.0006,24.513,0.0,81.857,0.0006,29.144
8,184,4,2048,51200,256,1,1,1,0.0006,29.318,0.0006,25.321,0.0001,58.636,0.0007,29.194
8,192,4,2048,51200,256,1,1,1,0.0006,47.708,0.0006,25.913,0.0001,95.415,0.0006,31.402
8,200,4,2048,51200,256,1,1,1,0.0006,47.977,0.0006,27.273,0.0001,95.953,0.0006,33.111
8,208,4,2048,51200,256,1,1,1,0.0006,55.814,0.0006,28.121,0.0001,111.628,0.0006,34.668
8,216,4,2048,51200,256,1,1,1,0.0006,44.084,0.0006,30.181,0.0001,88.167,0.0007,36.359
8,224,4,2048,51200,256,1,1,1,0.0006,61.167,0.0006,32.415,0.0001,122.334,0.0006,40.225
8,232,4,2048,51200,256,1,1,1,0.0006,56.241,0.0006,33.835,0.0001,112.481,0.0006,41.701
8,240,4,2048,51200,256,1,1,1,0.0006,70.85,0.0006,35.046,0.0001,141.699,0.0006,44.203
8,248,4,2048,51200,256,1,1,1,0.0006,55.185,0.0006,35.708,0.0001,110.37,0.0007,44.072
8,256,4,2048,51200,256,1,1,1,0.0006,81.965,0.0006,37.984,0.0001,163.93,0.0006,48.667
8,264,4,2048,51200,256,1,1,1,0.0006,71.28,0.0006,38.421,0.0001,142.559,0.0006,48.782
8,272,4,2048,51200,256,1,1,1,0.0006,73.198,0.0006,39.991,0.0001,146.395,0.0006,50.937
8,280,4,2048,51200,256,1,1,1,0.0006,76.55,0.0006,39.961,0.0001,153.1,0.0007,51.364
8,288,4,2048,51200,256,1,1,1,0.0006,59.034,0.0006,41.683,0.0001,118.067,0.0007,51.934
8,296,4,2048,51200,256,1,1,1,0.0006,83.362,0.0006,42.929,0.0001,166.725,0.0007,55.745
8,304,4,2048,51200,256,1,1,1,0.0006,101.078,0.0006,45.585,0.0001,202.155,0.0006,60.237
8,312,4,2048,51200,256,1,1,1,0.0006,117.271,0.0006,48.298,0.0001,234.542,0.0006,64.64
8,320,4,2048,51200,256,1,1,1,0.0006,90.103,0.0006,49.672,0.0001,180.206,0.0006,64.817
8,328,4,2048,51200,256,1,1,1,0.0006,96.849,0.0006,49.963,0.0001,193.698,0.0007,65.951
8,336,4,2048,51200,256,1,1,1,0.0006,90.76,0.0006,53.462,0.0001,181.52,0.0006,69.731
8,344,4,2048,51200,256,1,1,1,0.0006,101.829,0.0006,55.429,0.0001,203.657,0.0006,73.276
8,352,4,2048,51200,256,1,1,1,0.0006,104.749,0.0006,56.114,0.0001,209.499,0.0006,74.6
8,360,4,2048,51200,256,1,1,1,0.0006,106.381,0.0006,57.471,0.0001,212.762,0.0006,76.604
8,368,4,2048,51200,256,1,1,1,0.0006,99.676,0.0006,59.171,0.0001,199.352,0.0007,78.186
8,376,4,2048,51200,256,1,1,1,0.0006,137.875,0.0006,60.668,0.0001,275.751,0.0006,83.399
8,384,4,2048,51200,256,1,1,1,0.0006,116.486,0.0006,62.79,0.0001,232.972,0.0006,84.601
8,392,4,2048,51200,256,1,1,1,0.0006,117.646,0.0006,64.563,0.0001,235.293,0.0006,87.08
8,400,4,2048,51200,256,1,1,1,0.0009,126.031,0.0009,41.032,0.0001,252.062,0.001,58.714
8,408,4,2048,51200,256,1,1,1,0.0006,122.522,0.0006,63.579,0.0001,245.045,0.0007,86.953
8,416,4,2048,51200,256,1,1,1,0.0006,131.024,0.0006,65.492,0.0001,262.047,0.0007,90.294
8,424,4,2048,51200,256,1,1,1,0.0006,134.742,0.0006,71.35,0.0001,269.483,0.0007,97.948
8,432,4,2048,51200,256,1,1,1,0.0006,141.427,0.0006,73.057,0.0001,282.854,0.0007,100.939
8,440,4,2048,51200,256,1,1,1,0.0006,131.507,0.0006,74.649,0.0001,263.013,0.0007,102.102
8,448,4,2048,51200,256,1,1,1,0.0006,129.36,0.0006,76.336,0.0001,258.72,0.0007,104.104
8,456,4,2048,51200,256,1,1,1,0.0006,157.286,0.0006,78.958,0.0001,314.573,0.0006,110.519
8,464,4,2048,51200,256,1,1,1,0.0006,146.975,0.0006,80.114,0.0001,293.951,0.0007,111.18
8,472,4,2048,51200,256,1,1,1,0.001,148.619,0.001,48.22,0.0001,297.239,0.0011,71.344
8,480,4,2048,51200,256,1,1,1,0.0006,146.086,0.0006,81.673,0.0001,292.173,0.0007,113.546
8,488,4,2048,51200,256,1,1,1,0.0006,142.504,0.0006,83.327,0.0001,285.007,0.0007,115.346
8,496,4,2048,51200,256,1,1,1,0.0006,157.573,0.0006,86.597,0.0001,315.147,0.0007,121.351
8,504,4,2048,51200,256,1,1,1,0.0006,173.553,0.0006,88.631,0.0001,347.106,0.0007,125.893
8,512,4,2048,51200,256,1,1,1,0.0006,150.701,0.0006,90.484,0.0001,301.401,0.0007,125.657
8,520,4,2048,51200,256,1,1,1,0.0006,125.502,0.0006,89.681,0.0001,251.005,0.0007,120.974
8,528,4,2048,51200,256,1,1,1,0.0006,140.196,0.0006,89.566,0.0001,280.393,0.0007,123.636
8,536,4,2048,51200,256,1,1,1,0.0006,128.819,0.0006,91.064,0.0001,257.639,0.0007,123.616
8,544,4,2048,51200,256,1,1,1,0.0006,124.964,0.0006,92.053,0.0002,249.929,0.0008,124.188
8,552,4,2048,51200,256,1,1,1,0.0006,131.653,0.0006,93.722,0.0002,263.305,0.0008,127.568
8,560,4,2048,51200,256,1,1,1,0.0006,135.927,0.0006,94.006,0.0002,271.853,0.0008,128.947
8,568,4,2048,51200,256,1,1,1,0.0006,136.023,0.0006,95.484,0.0002,272.047,0.0008,130.848
8,576,4,2048,51200,256,1,1,1,0.0006,131.937,0.0006,96.829,0.0002,263.875,0.0008,131.74
8,584,4,2048,51200,256,1,1,1,0.0006,157.405,0.0006,97.206,0.0001,314.809,0.0008,137.07
8,592,4,2048,51200,256,1,1,1,0.0006,142.907,0.0006,98.11,0.0002,285.814,0.0008,135.831
8,600,4,2048,51200,256,1,1,1,0.0006,142.815,0.0006,99.134,0.0002,285.629,0.0008,137.2
8,608,4,2048,51200,256,1,1,1,0.0006,148.591,0.0006,101.24,0.0002,297.182,0.0008,140.907
8,616,4,2048,51200,256,1,1,1,0.0007,147.113,0.0007,101.321,0.0002,294.227,0.0008,140.968
8,624,4,2048,51200,256,1,1,1,0.0007,151.677,0.0007,101.976,0.0002,303.354,0.0008,142.839
8,632,4,2048,51200,256,1,1,1,0.0007,150.441,0.0007,103.472,0.0002,300.881,0.0008,144.516
8,640,4,2048,51200,256,1,1,1,0.0007,170.5,0.0007,105.492,0.0002,341.0,0.0008,150.762
8,648,4,2048,51200,256,1,1,1,0.0007,174.346,0.0007,105.249,0.0002,348.693,0.0008,151.407
8,656,4,2048,51200,256,1,1,1,0.0007,158.299,0.0007,105.891,0.0002,316.597,0.0009,149.529
8,664,4,2048,51200,256,1,1,1,0.0007,161.314,0.0007,107.165,0.0002,322.628,0.0009,151.804
8,672,4,2048,51200,256,1,1,1,0.0007,153.247,0.0007,108.805,0.0002,306.493,0.0009,152.208
8,680,4,2048,51200,256,1,1,1,0.0007,181.94,0.0007,109.458,0.0002,363.879,0.0009,158.715
8,688,4,2048,51200,256,1,1,1,0.0007,167.139,0.0007,109.71,0.0002,334.279,0.0009,156.584
8,696,4,2048,51200,256,1,1,1,0.0007,167.018,0.0007,110.574,0.0002,334.035,0.0009,157.79
8,704,4,2048,51200,256,1,1,1,0.0007,192.421,0.0007,112.645,0.0002,384.842,0.0009,165.062
8,712,4,2048,51200,256,1,1,1,0.0007,171.182,0.0007,114.855,0.0002,342.365,0.0009,163.951
8,720,4,2048,51200,256,1,1,1,0.0007,164.22,0.0007,115.423,0.0002,328.44,0.0009,163.333
8,728,4,2048,51200,256,1,1,1,0.0007,173.319,0.0007,115.568,0.0002,346.637,0.0009,165.701
8,736,4,2048,51200,256,1,1,1,0.0007,175.19,0.0007,117.307,0.0002,350.381,0.0009,168.294
8,744,4,2048,51200,256,1,1,1,0.0007,190.288,0.0007,118.297,0.0002,380.576,0.0009,172.684
8,752,4,2048,51200,256,1,1,1,0.0007,164.569,0.0007,118.536,0.0002,329.137,0.001,167.755
8,760,4,2048,51200,256,1,1,1,0.0007,179.776,0.0007,119.213,0.0002,359.552,0.001,172.152
8,768,4,2048,51200,256,1,1,1,0.0007,186.991,0.0007,121.138,0.0002,373.981,0.001,176.082
8,776,4,2048,51200,256,1,1,1,0.0008,146.86,0.0008,119.02,0.0003,293.72,0.001,164.254
8,784,4,2048,51200,256,1,1,1,0.0008,163.006,0.0008,119.686,0.0002,326.012,0.001,169.513
8,792,4,2048,51200,256,1,1,1,0.0008,168.146,0.0008,120.523,0.0002,336.292,0.001,171.909
8,800,4,2048,51200,256,1,1,1,0.0008,185.984,0.0008,122.089,0.0002,371.967,0.001,177.95
8,808,4,2048,51200,256,1,1,1,0.0008,175.872,0.0008,122.636,0.0002,351.744,0.001,176.524
8,816,4,2048,51200,256,1,1,1,0.0008,171.262,0.0008,123.084,0.0003,342.524,0.0011,176.121
8,824,4,2048,51200,256,1,1,1,0.0008,175.297,0.0008,123.828,0.0003,350.594,0.0011,178.144
8,832,4,2048,51200,256,1,1,1,0.0008,180.711,0.0008,125.883,0.0003,361.421,0.0011,181.932
8,840,4,2048,51200,256,1,1,1,0.0008,172.546,0.0008,126.247,0.0003,345.091,0.0011,180.513
8,848,4,2048,51200,256,1,1,1,0.0008,182.777,0.0008,126.392,0.0003,365.554,0.0011,183.439
8,856,4,2048,51200,256,1,1,1,0.0008,186.531,0.0008,127.227,0.0003,373.062,0.0011,185.481
8,864,4,2048,51200,256,1,1,1,0.0008,169.071,0.0008,128.788,0.0003,338.142,0.0011,182.903
8,872,4,2048,51200,256,1,1,1,0.0008,184.02,0.0008,129.347,0.0003,368.039,0.0011,187.659
8,880,4,2048,51200,256,1,1,1,0.0008,185.602,0.0008,130.325,0.0003,371.204,0.0011,189.345
8,888,4,2048,51200,256,1,1,1,0.0009,197.486,0.0009,130.269,0.0003,394.971,0.0011,192.345
8,896,4,2048,51200,256,1,1,1,0.0009,177.988,0.0009,131.956,0.0003,355.977,0.0011,189.539
8,904,4,2048,51200,256,1,1,1,0.0009,205.672,0.0009,132.448,0.0003,411.345,0.0011,197.13
8,912,4,2048,51200,256,1,1,1,0.0009,196.246,0.0009,132.637,0.0003,392.491,0.0012,195.391
8,920,4,2048,51200,256,1,1,1,0.0009,194.603,0.0009,133.618,0.0003,389.206,0.0012,196.301
8,928,4,2048,51200,256,1,1,1,0.0009,197.78,0.0009,135.532,0.0003,395.56,0.0012,199.429
8,936,4,2048,51200,256,1,1,1,0.0009,194.656,0.0009,136.167,0.0003,389.313,0.0012,199.556
8,944,4,2048,51200,256,1,1,1,0.0009,201.496,0.0009,136.176,0.0003,402.991,0.0012,201.496
8,952,4,2048,51200,256,1,1,1,0.0009,207.735,0.0009,137.348,0.0003,415.47,0.0012,204.538
8,960,4,2048,51200,256,1,1,1,0.0009,155.922,0.0009,138.458,0.0004,311.844,0.0013,190.567
8,968,4,2048,51200,256,1,1,1,0.0009,163.148,0.0009,137.419,0.0004,326.295,0.0013,192.275
8,976,4,2048,51200,256,1,1,1,0.0009,206.115,0.0009,138.102,0.0003,412.229,0.0012,205.648
8,984,4,2048,51200,256,1,1,1,0.0009,204.643,0.0009,139.07,0.0003,409.286,0.0012,206.576
8,992,4,2048,51200,256,1,1,1,0.0009,213.04,0.0009,140.133,0.0003,426.081,0.0012,210.054
8,1000,4,2048,51200,256,1,1,1,0.0009,202.072,0.0009,140.288,0.0003,404.144,0.0013,207.677
8,1008,4,2048,51200,256,1,1,1,0.001,194.658,0.001,140.507,0.0003,389.317,0.0013,206.107
8,1016,4,2048,51200,256,1,1,1,0.001,212.255,0.001,140.858,0.0003,424.51,0.0013,211.32
8,1024,4,2048,51200,256,1,1,1,0.001,215.017,0.001,143.178,0.0003,430.034,0.0013,214.829
8,1032,4,2048,51200,256,1,1,1,0.001,190.996,0.001,142.672,0.0004,381.991,0.0013,207.934
8,1040,4,2048,51200,256,1,1,1,0.001,176.012,0.001,142.848,0.0004,352.025,0.0014,203.561
8,1048,4,2048,51200,256,1,1,1,0.001,190.783,0.001,144.493,0.0004,381.565,0.0014,210.156
8,1056,4,2048,51200,256,1,1,1,0.001,195.113,0.001,145.945,0.0004,390.226,0.0014,213.179
8,1064,4,2048,51200,256,1,1,1,0.001,191.733,0.001,146.299,0.0004,383.466,0.0014,212.698
8,1072,4,2048,51200,256,1,1,1,0.001,199.283,0.001,147.75,0.0004,398.565,0.0014,216.709
8,1080,4,2048,51200,256,1,1,1,0.001,194.21,0.001,148.16,0.0004,388.421,0.0014,215.77
8,1088,4,2048,51200,256,1,1,1,0.001,166.906,0.001,149.885,0.0005,333.812,0.0015,208.06
8,1096,4,2048,51200,256,1,1,1,0.001,182.263,0.001,148.334,0.0004,364.525,0.0015,212.358
8,1104,4,2048,51200,256,1,1,1,0.001,201.018,0.001,148.42,0.0004,402.035,0.0014,218.661
8,1112,4,2048,51200,256,1,1,1,0.001,203.573,0.001,149.0,0.0004,407.145,0.0014,220.224
8,1120,4,2048,51200,256,1,1,1,0.001,200.391,0.001,150.946,0.0004,400.782,0.0015,221.494
8,1128,4,2048,51200,256,1,1,1,0.0011,203.621,0.0011,151.291,0.0004,407.242,0.0015,223.033
8,1136,4,2048,51200,256,1,1,1,0.0011,208.639,0.0011,151.73,0.0004,417.278,0.0015,225.196
8,1144,4,2048,51200,256,1,1,1,0.0011,208.705,0.0011,152.765,0.0004,417.41,0.0015,226.501
8,1152,4,2048,51200,256,1,1,1,0.0011,186.222,0.0011,152.929,0.0005,372.444,0.0015,219.447
8,1160,4,2048,51200,256,1,1,1,0.0011,210.526,0.0011,153.961,0.0004,421.053,0.0015,228.683
8,1168,4,2048,51200,256,1,1,1,0.0011,212.547,0.0011,154.673,0.0004,425.094,0.0015,230.232
8,1176,4,2048,51200,256,1,1,1,0.0011,207.118,0.0011,155.475,0.0004,414.235,0.0015,229.573
8,1184,4,2048,51200,256,1,1,1,0.0011,211.064,0.0011,156.872,0.0004,422.128,0.0015,232.463
8,1192,4,2048,51200,256,1,1,1,0.0011,214.676,0.0011,157.5,0.0004,429.351,0.0015,234.426
8,1200,4,2048,51200,256,1,1,1,0.0011,215.304,0.0011,157.173,0.0004,430.607,0.0016,234.441
8,1208,4,2048,51200,256,1,1,1,0.0011,212.483,0.0011,158.813,0.0005,424.966,0.0016,235.468
8,1216,4,2048,51200,256,1,1,1,0.0011,219.6,0.0011,160.047,0.0004,439.201,0.0016,239.182
8,1224,4,2048,51200,256,1,1,1,0.0011,212.337,0.0011,162.082,0.0005,424.673,0.0016,239.177
8,1232,4,2048,51200,256,1,1,1,0.0011,201.23,0.0011,159.613,0.0005,402.46,0.0016,233.011
8,1240,4,2048,51200,256,1,1,1,0.0012,219.519,0.0012,159.952,0.0005,439.039,0.0016,239.56
8,1248,4,2048,51200,256,1,1,1,0.0012,219.681,0.0012,161.542,0.0005,439.362,0.0016,241.473
8,1256,4,2048,51200,256,1,1,1,0.0012,215.064,0.0012,162.146,0.0005,430.127,0.0016,240.785
8,1264,4,2048,51200,256,1,1,1,0.0012,226.129,0.0012,162.94,0.0005,452.257,0.0016,245.318
8,1272,4,2048,51200,256,1,1,1,0.0012,223.592,0.0012,163.432,0.0005,447.184,0.0016,245.218
8,1280,4,2048,51200,256,1,1,1,0.0012,214.474,0.0012,165.202,0.0005,428.948,0.0017,244.243
8,1288,4,2048,51200,256,1,1,1,0.0012,200.237,0.0012,163.832,0.0005,400.474,0.0017,237.924
8,1296,4,2048,51200,256,1,1,1,0.0012,189.995,0.0012,163.499,0.0006,379.989,0.0018,233.783
8,1304,4,2048,51200,256,1,1,1,0.0012,202.057,0.0012,164.998,0.0006,404.114,0.0018,240.044
8,1312,4,2048,51200,256,1,1,1,0.0012,206.37,0.0012,165.026,0.0005,412.74,0.0018,241.8
8,1320,4,2048,51200,256,1,1,1,0.0012,198.274,0.0012,166.842,0.0006,396.548,0.0018,240.696
8,1328,4,2048,51200,256,1,1,1,0.0012,204.029,0.0012,167.041,0.0006,408.058,0.0018,243.234
8,1336,4,2048,51200,256,1,1,1,0.0012,213.396,0.0012,168.685,0.0005,426.791,0.0018,248.479
8,1344,4,2048,51200,256,1,1,1,0.0012,197.274,0.0012,169.056,0.0006,394.548,0.0018,242.843
8,1352,4,2048,51200,256,1,1,1,0.0013,207.744,0.0013,168.28,0.0006,415.488,0.0018,246.275
8,1360,4,2048,51200,256,1,1,1,0.0013,205.589,0.0013,166.973,0.0006,411.178,0.0019,244.294
8,1368,4,2048,51200,256,1,1,1,0.0013,209.036,0.0013,169.275,0.0006,418.072,0.0019,248.026
8,1376,4,2048,51200,256,1,1,1,0.0013,210.541,0.0013,168.988,0.0006,421.081,0.0019,248.436
8,1384,4,2048,51200,256,1,1,1,0.0013,210.003,0.0013,170.729,0.0006,420.006,0.0019,250.113
8,1392,4,2048,51200,256,1,1,1,0.0013,208.97,0.0013,169.228,0.0006,417.94,0.0019,248.354
8,1400,4,2048,51200,256,1,1,1,0.0013,211.184,0.0013,171.809,0.0006,422.368,0.0019,251.905
8,1408,4,2048,51200,256,1,1,1,0.0013,214.027,0.0013,170.619,0.0006,428.053,0.0019,251.913
8,1416,4,2048,51200,256,1,1,1,0.0013,212.82,0.0013,174.703,0.0006,425.639,0.0019,255.673
8,1424,4,2048,51200,256,1,1,1,0.0013,215.315,0.0013,173.641,0.0006,430.63,0.0019,255.701
8,1432,4,2048,51200,256,1,1,1,0.0013,213.751,0.0013,176.205,0.0006,427.503,0.0019,257.78
8,1440,4,2048,51200,256,1,1,1,0.0013,196.767,0.0013,175.862,0.0007,393.535,0.002,250.548
8,1448,4,2048,51200,256,1,1,1,0.0013,217.338,0.0013,177.489,0.0006,434.675,0.002,260.708
8,1456,4,2048,51200,256,1,1,1,0.0014,219.357,0.0014,174.969,0.0006,438.715,0.002,259.088
8,1464,4,2048,51200,256,1,1,1,0.0013,217.112,0.0013,178.163,0.0006,434.225,0.002,261.544
8,1472,4,2048,51200,256,1,1,1,0.0014,223.668,0.0014,176.592,0.0006,447.336,0.002,262.606
8,1480,4,2048,51200,256,1,1,1,0.0013,226.477,0.0013,180.289,0.0006,452.954,0.002,267.533
8,1488,4,2048,51200,256,1,1,1,0.0014,224.4,0.0014,179.351,0.0006,448.8,0.002,265.929
8,1496,4,2048,51200,256,1,1,1,0.0014,227.439,0.0014,182.46,0.0006,454.877,0.002,270.344
8,1504,4,2048,51200,256,1,1,1,0.0014,227.284,0.0014,181.15,0.0007,454.567,0.002,269.096
8,1512,4,2048,51200,256,1,1,1,0.0014,220.046,0.0014,183.447,0.0007,440.091,0.0021,268.658
8,1520,4,2048,51200,256,1,1,1,0.0014,229.555,0.0014,182.379,0.0007,459.11,0.002,271.457
8,1528,4,2048,51200,256,1,1,1,0.0014,230.83,0.0014,184.287,0.0007,461.659,0.002,273.995
8,1536,4,2048,51200,256,1,1,1,0.0014,228.618,0.0014,183.42,0.0007,457.236,0.0021,272.398
8,1544,4,2048,51200,256,1,1,1,0.0014,221.998,0.0014,188.177,0.0007,443.997,0.0021,274.54
8,1552,4,2048,51200,256,1,1,1,0.0014,224.305,0.0014,186.129,0.0007,448.61,0.0021,273.616
8,1560,4,2048,51200,256,1,1,1,0.0014,215.992,0.0014,188.58,0.0007,431.984,0.0021,272.594
8,1568,4,2048,51200,256,1,1,1,0.0014,213.223,0.0014,187.627,0.0008,426.446,0.0022,270.591
8,1576,4,2048,51200,256,1,1,1,0.0014,211.927,0.0014,188.9,0.0008,423.854,0.0022,271.315
8,1584,4,2048,51200,256,1,1,1,0.0014,213.373,0.0014,187.697,0.0008,426.745,0.0022,270.94
8,1592,4,2048,51200,256,1,1,1,0.0014,215.377,0.0014,190.364,0.0008,430.754,0.0022,274.442
8,1600,4,2048,51200,256,1,1,1,0.0015,223.149,0.0015,189.047,0.0008,446.298,0.0022,276.671
8,1608,4,2048,51200,256,1,1,1,0.0015,225.626,0.0015,189.862,0.0008,451.252,0.0022,278.615
8,1616,4,2048,51200,256,1,1,1,0.0015,231.101,0.0015,187.073,0.0007,462.203,0.0022,278.232
8,1624,4,2048,51200,256,1,1,1,0.0015,211.341,0.0015,191.22,0.0008,422.682,0.0023,273.823
8,1632,4,2048,51200,256,1,1,1,0.0015,214.942,0.0015,189.432,0.0008,429.884,0.0023,273.901
8,1640,4,2048,51200,256,1,1,1,0.0015,227.686,0.0015,193.274,0.0008,455.373,0.0023,283.231
8,1648,4,2048,51200,256,1,1,1,0.0015,234.295,0.0015,190.018,0.0008,468.591,0.0023,282.902
8,1656,4,2048,51200,256,1,1,1,0.0015,223.869,0.0015,194.723,0.0008,447.737,0.0023,283.171
8,1664,4,2048,51200,256,1,1,1,0.0015,233.242,0.0015,192.233,0.0008,466.484,0.0023,284.885
8,1672,4,2048,51200,256,1,1,1,0.0015,222.776,0.0015,194.302,0.0008,445.553,0.0023,282.5
8,1680,4,2048,51200,256,1,1,1,0.0016,211.829,0.0016,191.509,0.0009,423.657,0.0024,275.006
8,1688,4,2048,51200,256,1,1,1,0.0015,232.165,0.0015,195.251,0.0008,464.329,0.0023,287.705
8,1696,4,2048,51200,256,1,1,1,0.0016,229.866,0.0016,192.329,0.0008,459.733,0.0024,284.006
8,1704,4,2048,51200,256,1,1,1,0.0015,238.939,0.0015,197.35,0.0008,477.879,0.0023,292.822
8,1712,4,2048,51200,256,1,1,1,0.0016,240.753,0.0016,193.532,0.0008,481.506,0.0024,289.907
8,1720,4,2048,51200,256,1,1,1,0.0016,222.607,0.0016,198.031,0.0009,445.214,0.0024,286.521
8,1728,4,2048,51200,256,1,1,1,0.0016,226.534,0.0016,195.154,0.0009,453.069,0.0025,285.693
8,1736,4,2048,51200,256,1,1,1,0.0016,232.6,0.0016,198.628,0.0008,465.201,0.0024,291.777
8,1744,4,2048,51200,256,1,1,1,0.0016,235.593,0.0016,193.502,0.0008,471.185,0.0025,288.197
8,1752,4,2048,51200,256,1,1,1,0.0016,245.56,0.0016,199.321,0.0008,491.121,0.0024,298.167
8,1760,4,2048,51200,256,1,1,1,0.0016,246.604,0.0016,195.602,0.0008,493.208,0.0025,294.994
8,1768,4,2048,51200,256,1,1,1,0.0016,239.898,0.0016,201.213,0.0009,479.797,0.0025,297.85
8,1776,4,2048,51200,256,1,1,1,0.0016,219.794,0.0016,197.561,0.0009,439.588,0.0026,285.444
8,1784,4,2048,51200,256,1,1,1,0.0016,240.276,0.0016,202.745,0.0009,480.551,0.0025,299.698
8,1792,4,2048,51200,256,1,1,1,0.0017,196.275,0.0017,198.64,0.0011,392.549,0.0027,274.602
8,1800,4,2048,51200,256,1,1,1,0.0016,221.794,0.0016,204.225,0.001,443.588,0.0026,292.752
8,1808,4,2048,51200,256,1,1,1,0.0017,220.291,0.0017,199.568,0.001,440.581,0.0027,287.883
8,1816,4,2048,51200,256,1,1,1,0.0016,209.281,0.0016,205.385,0.001,418.561,0.0027,287.58
8,1824,4,2048,51200,256,1,1,1,0.0017,213.11,0.0017,201.532,0.001,426.219,0.0027,286.284
8,1832,4,2048,51200,256,1,1,1,0.0017,218.398,0.0017,207.254,0.001,436.797,0.0027,294.11
8,1840,4,2048,51200,256,1,1,1,0.0017,206.514,0.0017,202.258,0.0011,413.028,0.0028,283.659
8,1848,4,2048,51200,256,1,1,1,0.0017,189.968,0.0017,208.042,0.0012,379.935,0.0029,279.099
8,1856,4,2048,51200,256,1,1,1,0.0017,224.283,0.0017,204.782,0.001,448.566,0.0027,295.089
8,1864,4,2048,51200,256,1,1,1,0.0017,204.77,0.0017,208.943,0.0011,409.541,0.0028,288.595
8,1872,4,2048,51200,256,1,1,1,0.0017,211.43,0.0017,203.563,0.0011,422.859,0.0028,287.688
8,1880,4,2048,51200,256,1,1,1,0.0017,223.22,0.0017,209.737,0.001,446.439,0.0027,299.262
8,1888,4,2048,51200,256,1,1,1,0.0018,226.872,0.0018,205.702,0.001,453.745,0.0028,297.532
8,1896,4,2048,51200,256,1,1,1,0.0017,205.375,0.0017,212.18,0.0011,410.75,0.0029,291.905
8,1904,4,2048,51200,256,1,1,1,0.0018,208.215,0.0018,206.931,0.0011,416.431,0.0029,289.173
8,1912,4,2048,51200,256,1,1,1,0.0017,226.672,0.0017,212.942,0.0011,453.343,0.0028,304.19
8,1920,4,2048,51200,256,1,1,1,0.0018,167.048,0.0018,208.854,0.0014,334.097,0.0032,265.107
8,1928,4,2048,51200,256,1,1,1,0.0017,228.801,0.0017,213.834,0.0011,457.603,0.0028,306.231
8,1936,4,2048,51200,256,1,1,1,0.0018,205.449,0.0018,208.273,0.0012,410.899,0.003,289.058
8,1944,4,2048,51200,256,1,1,1,0.0018,220.834,0.0018,214.807,0.0011,441.667,0.0029,303.094
8,1952,4,2048,51200,256,1,1,1,0.0018,227.193,0.0018,210.411,0.0011,454.385,0.0029,302.609
8,1960,4,2048,51200,256,1,1,1,0.0018,223.273,0.0018,216.895,0.0011,446.547,0.0029,306.35
8,1968,4,2048,51200,256,1,1,1,0.0018,233.447,0.0018,211.018,0.0011,466.894,0.0029,306.426
8,1976,4,2048,51200,256,1,1,1,0.0018,231.6,0.0018,217.963,0.0011,463.2,0.0029,311.808
8,1984,4,2048,51200,256,1,1,1,0.0018,239.443,0.0018,212.903,0.0011,478.886,0.0029,311.228
8,1992,4,2048,51200,256,1,1,1,0.0018,222.921,0.0018,219.295,0.0012,445.843,0.003,308.519
8,2000,4,2048,51200,256,1,1,1,0.0019,239.392,0.0019,213.898,0.0011,478.784,0.0029,312.288
8,2008,4,2048,51200,256,1,1,1,0.0018,239.214,0.0018,220.325,0.0011,478.428,0.0029,318.113
8,2016,4,2048,51200,256,1,1,1,0.0019,214.54,0.0019,215.735,0.0012,429.079,0.0031,301.087
8,2024,4,2048,51200,256,1,1,1,0.0018,234.057,0.0018,222.085,0.0011,468.115,0.003,317.183
8,2032,4,2048,51200,256,1,1,1,0.0019,236.969,0.0019,216.259,0.0011,473.938,0.003,313.571
8,2040,4,2048,51200,256,1,1,1,0.0018,239.83,0.0018,222.803,0.0011,479.66,0.003,320.962
8,2048,4,2048,51200,256,1,1,1,0.0019,242.226,0.0019,217.807,0.0011,484.452,0.003,317.742
8,2056,4,2048,51200,256,1,1,1,0.0018,229.603,0.0018,224.376,0.0012,459.206,0.0031,317.086
8,2064,4,2048,51200,256,1,1,1,0.0019,229.19,0.0019,217.237,0.0012,458.379,0.0031,310.759
8,2072,4,2048,51200,256,1,1,1,0.0019,223.641,0.0019,224.788,0.0013,447.282,0.0031,314.266
8,2080,4,2048,51200,256,1,1,1,0.0019,212.239,0.0019,219.225,0.0013,424.479,0.0033,303.182
8,2088,4,2048,51200,256,1,1,1,0.0019,217.721,0.0019,226.378,0.0013,435.443,0.0032,312.291
8,2096,4,2048,51200,256,1,1,1,0.0019,231.755,0.0019,220.224,0.0012,463.51,0.0032,315.017
8,2104,4,2048,51200,256,1,1,1,0.0019,220.694,0.0019,227.88,0.0013,441.388,0.0032,315.39
8,2112,4,2048,51200,256,1,1,1,0.002,225.282,0.002,222.44,0.0013,450.564,0.0032,313.55
8,2120,4,2048,51200,256,1,1,1,0.0019,226.531,0.0019,228.441,0.0013,453.063,0.0032,319.358
8,2128,4,2048,51200,256,1,1,1,0.002,226.461,0.002,222.414,0.0013,452.921,0.0033,314.318
8,2136,4,2048,51200,256,1,1,1,0.0019,223.54,0.0019,229.855,0.0013,447.081,0.0033,318.928
8,2144,4,2048,51200,256,1,1,1,0.002,235.206,0.002,224.298,0.0013,470.412,0.0033,320.833
8,2152,4,2048,51200,256,1,1,1,0.0019,227.993,0.0019,231.662,0.0013,455.986,0.0033,323.13
8,2160,4,2048,51200,256,1,1,1,0.002,215.509,0.002,225.504,0.0014,431.019,0.0034,310.825
8,2168,4,2048,51200,256,1,1,1,0.0019,225.871,0.0019,232.893,0.0014,451.742,0.0033,323.031
8,2176,4,2048,51200,256,1,1,1,0.002,153.607,0.002,227.415,0.002,307.215,0.004,267.449
8,2184,4,2048,51200,256,1,1,1,0.002,228.253,0.002,234.813,0.0014,456.506,0.0033,326.127
8,2192,4,2048,51200,256,1,1,1,0.002,191.196,0.002,228.375,0.0016,382.391,0.0037,297.493
8,2200,4,2048,51200,256,1,1,1,0.002,226.425,0.002,235.832,0.0014,452.85,0.0034,325.993
8,2208,4,2048,51200,256,1,1,1,0.002,240.954,0.002,230.267,0.0013,481.908,0.0034,329.663
8,2216,4,2048,51200,256,1,1,1,0.002,233.491,0.002,237.559,0.0014,466.981,0.0034,331.698
8,2224,4,2048,51200,256,1,1,1,0.002,239.192,0.002,230.928,0.0014,478.383,0.0034,329.41
8,2232,4,2048,51200,256,1,1,1,0.002,233.66,0.002,238.807,0.0014,467.321,0.0034,332.948
8,2240,4,2048,51200,256,1,1,1,0.0021,215.014,0.0021,233.026,0.0015,430.028,0.0036,317.053
8,2248,4,2048,51200,256,1,1,1,0.002,237.539,0.002,240.13,0.0014,475.078,0.0034,336.428
8,2256,4,2048,51200,256,1,1,1,0.0021,240.697,0.0021,233.686,0.0014,481.393,0.0035,332.867
8,2264,4,2048,51200,256,1,1,1,0.002,237.767,0.002,241.683,0.0014,475.535,0.0034,337.967
8,2272,4,2048,51200,256,1,1,1,0.0021,241.861,0.0021,235.656,0.0014,483.722,0.0035,335.325
8,2280,4,2048,51200,256,1,1,1,0.002,233.063,0.002,242.939,0.0015,466.126,0.0035,336.314
8,2288,4,2048,51200,256,1,1,1,0.0021,243.524,0.0021,236.667,0.0014,487.049,0.0035,337.243
8,2296,4,2048,51200,256,1,1,1,0.002,237.672,0.002,244.309,0.0015,475.345,0.0035,340.305
8,2304,4,2048,51200,256,1,1,1,0.0021,197.675,0.0021,238.437,0.0018,395.35,0.0039,309.842
8,2312,4,2048,51200,256,1,1,1,0.0021,225.206,0.0021,244.831,0.0016,450.412,0.0036,333.168
8,2320,4,2048,51200,256,1,1,1,0.0021,226.604,0.0021,237.639,0.0016,453.208,0.0037,328.426
8,2328,4,2048,51200,256,1,1,1,0.0021,224.127,0.0021,246.058,0.0016,448.253,0.0037,333.531
8,2336,4,2048,51200,256,1,1,1,0.0021,229.977,0.0021,239.643,0.0016,459.954,0.0037,332.198
8,2344,4,2048,51200,256,1,1,1,0.0021,228.162,0.0021,247.977,0.0016,456.325,0.0037,337.703
8,2352,4,2048,51200,256,1,1,1,0.0022,224.066,0.0022,240.845,0.0016,448.132,0.0038,329.604
8,2360,4,2048,51200,256,1,1,1,0.0021,231.311,0.0021,249.251,0.0016,462.623,0.0037,340.799
8,2368,4,2048,51200,256,1,1,1,0.0022,230.799,0.0022,243.03,0.0016,461.599,0.0038,335.63
8,2376,4,2048,51200,256,1,1,1,0.0021,224.282,0.0021,249.824,0.0016,448.564,0.0038,336.812
8,2384,4,2048,51200,256,1,1,1,0.0022,229.298,0.0022,242.361,0.0016,458.595,0.0038,334.279
8,2392,4,2048,51200,256,1,1,1,0.0021,225.043,0.0021,251.097,0.0017,450.085,0.0038,338.376
8,2400,4,2048,51200,256,1,1,1,0.0022,202.254,0.0022,244.218,0.0019,404.509,0.0041,317.694
8,2408,4,2048,51200,256,1,1,1,0.0021,239.119,0.0021,252.983,0.0016,478.238,0.0037,348.953
8,2416,4,2048,51200,256,1,1,1,0.0022,233.482,0.0022,245.613,0.0016,466.964,0.0039,339.665
8,2424,4,2048,51200,256,1,1,1,0.0022,242.503,0.0022,253.972,0.0016,485.005,0.0037,351.942
8,2432,4,2048,51200,256,1,1,1,0.0022,238.953,0.0022,247.142,0.0016,477.907,0.0039,344.348
8,2440,4,2048,51200,256,1,1,1,0.0022,231.585,0.0022,255.772,0.0017,463.171,0.0039,346.521
8,2448,4,2048,51200,256,1,1,1,0.0022,209.268,0.0022,247.609,0.0019,418.536,0.0041,325.349
8,2456,4,2048,51200,256,1,1,1,0.0022,236.61,0.0022,256.676,0.0017,473.22,0.0039,350.574
8,2464,4,2048,51200,256,1,1,1,0.0023,236.759,0.0023,249.763,0.0017,473.519,0.0039,345.308
8,2472,4,2048,51200,256,1,1,1,0.0022,239.474,0.0022,258.38,0.0017,478.947,0.0039,353.833
8,2480,4,2048,51200,256,1,1,1,0.0023,220.702,0.0023,250.688,0.0018,441.404,0.0041,335.681
8,2488,4,2048,51200,256,1,1,1,0.0022,227.347,0.0022,259.868,0.0018,454.693,0.004,347.041
8,2496,4,2048,51200,256,1,1,1,0.0023,237.047,0.0023,252.462,0.0017,474.095,0.004,347.822
8,2504,4,2048,51200,256,1,1,1,0.0022,245.022,0.0022,260.78,0.0017,490.044,0.0039,359.439
8,2512,4,2048,51200,256,1,1,1,0.0023,242.814,0.0023,252.858,0.0017,485.628,0.004,351.836
8,2520,4,2048,51200,256,1,1,1,0.0022,234.146,0.0022,262.125,0.0018,468.291,0.004,353.501
8,2528,4,2048,51200,256,1,1,1,0.0023,234.926,0.0023,254.893,0.0018,469.852,0.0041,348.558
8,2536,4,2048,51200,256,1,1,1,0.0022,236.119,0.0022,264.025,0.0018,472.238,0.004,356.342
8,2544,4,2048,51200,256,1,1,1,0.0023,248.177,0.0023,255.432,0.0017,496.354,0.004,357.402
8,2552,4,2048,51200,256,1,1,1,0.0023,238.402,0.0023,264.861,0.0018,476.805,0.004,358.589
8,2560,4,2048,51200,256,1,1,1,0.0023,221.363,0.0023,257.351,0.0019,442.725,0.0043,341.451
8,2568,4,2048,51200,256,1,1,1,0.0023,212.489,0.0023,266.112,0.002,424.978,0.0043,341.158
8,2576,4,2048,51200,256,1,1,1,0.0024,217.729,0.0024,258.074,0.002,435.457,0.0044,339.479
8,2584,4,2048,51200,256,1,1,1,0.0023,221.729,0.0023,267.821,0.002,443.459,0.0043,349.286
8,2592,4,2048,51200,256,1,1,1,0.0024,222.007,0.0024,259.834,0.002,444.013,0.0043,343.859
8,2600,4,2048,51200,256,1,1,1,0.0023,225.223,0.0023,269.033,0.002,450.447,0.0043,352.755
8,2608,4,2048,51200,256,1,1,1,0.0024,232.406,0.0024,261.163,0.0019,464.811,0.0043,352.106
8,2616,4,2048,51200,256,1,1,1,0.0023,221.85,0.0023,270.301,0.002,443.701,0.0043,351.252
8,2624,4,2048,51200,256,1,1,1,0.0024,228.981,0.0024,262.967,0.002,457.963,0.0044,351.178
8,2632,4,2048,51200,256,1,1,1,0.0023,229.532,0.0023,271.85,0.002,459.064,0.0043,358.011
8,2640,4,2048,51200,256,1,1,1,0.0024,234.053,0.0024,264.18,0.002,468.107,0.0044,355.643
8,2648,4,2048,51200,256,1,1,1,0.0023,220.717,0.0023,273.117,0.0021,441.433,0.0044,352.487
8,2656,4,2048,51200,256,1,1,1,0.0024,230.144,0.0024,266.374,0.002,460.288,0.0044,354.633
8,2664,4,2048,51200,256,1,1,1,0.0023,224.592,0.0023,275.21,0.0021,449.183,0.0044,356.896
8,2672,4,2048,51200,256,1,1,1,0.0024,242.264,0.0024,267.365,0.0019,484.529,0.0044,363.737
8,2680,4,2048,51200,256,1,1,1,0.0024,228.082,0.0024,276.673,0.0021,456.163,0.0044,360.572
8,2688,4,2048,51200,256,1,1,1,0.0024,199.757,0.0024,269.506,0.0024,399.514,0.0048,333.754
8,2696,4,2048,51200,256,1,1,1,0.0024,229.187,0.0024,274.952,0.0021,458.375,0.0045,360.259
8,2704,4,2048,51200,256,1,1,1,0.0025,236.924,0.0025,266.721,0.002,473.848,0.0045,359.826
8,2712,4,2048,51200,256,1,1,1,0.0024,221.099,0.0024,275.735,0.0022,442.198,0.0046,354.829
8,2720,4,2048,51200,256,1,1,1,0.0025,229.627,0.0025,268.229,0.0021,459.254,0.0046,355.921
8,8,4,2048,51200,256,1,1,1,0.0006,0.087,0.0006,0.935,0.0,0.173,0.0006,0.876
8,16,4,2048,51200,256,1,1,1,0.0006,0.336,0.0006,1.914,0.0,0.671,0.0006,1.814
8,24,4,2048,51200,256,1,1,1,0.0006,0.738,0.0006,2.79,0.0001,1.477,0.0006,2.685
8,32,4,2048,51200,256,1,1,1,0.0006,0.88,0.0006,3.848,0.0001,1.76,0.0007,3.604
8,40,4,2048,51200,256,1,1,1,0.0007,1.458,0.0007,3.925,0.0001,2.916,0.0008,3.833
8,48,4,2048,51200,256,1,1,1,0.0008,3.347,0.0008,4.315,0.0,6.693,0.0008,4.445
8,56,4,2048,51200,256,1,1,1,0.0006,3.358,0.0006,6.872,0.0001,6.716,0.0006,6.857
8,64,4,2048,51200,256,1,1,1,0.0006,3.456,0.0006,7.344,0.0001,6.911,0.0007,7.296
8,72,4,2048,51200,256,1,1,1,0.0006,6.386,0.0006,9.166,0.0001,12.772,0.0006,9.476
8,80,4,2048,51200,256,1,1,1,0.0006,5.668,0.0006,9.247,0.0001,11.336,0.0007,9.468
8,88,4,2048,51200,256,1,1,1,0.0006,10.417,0.0006,11.162,0.0,20.834,0.0006,11.918
8,96,4,2048,51200,256,1,1,1,0.0007,9.173,0.0007,10.311,0.0001,18.347,0.0007,11.018
8,104,4,2048,51200,256,1,1,1,0.0006,9.791,0.0006,13.68,0.0001,19.581,0.0006,14.353
8,112,4,2048,51200,256,1,1,1,0.0006,12.351,0.0006,14.724,0.0001,24.702,0.0006,15.773
8,120,4,2048,51200,256,1,1,1,0.0006,14.439,0.0006,15.909,0.0001,28.878,0.0006,17.252
8,128,4,2048,51200,256,1,1,1,0.0006,22.075,0.0006,16.556,0.0,44.151,0.0006,18.679
8,136,4,2048,51200,256,1,1,1,0.0006,20.203,0.0006,18.757,0.0001,40.405,0.0006,20.882
8,144,4,2048,51200,256,1,1,1,0.0005,28.646,0.0005,20.067,0.0,57.292,0.0006,23.027
8,152,4,2048,51200,256,1,1,1,0.0005,33.147,0.0005,21.496,0.0,66.294,0.0006,24.961
8,160,4,2048,51200,256,1,1,1,0.0006,35.545,0.0006,21.166,0.0,71.09,0.0006,24.884
8,168,4,2048,51200,256,1,1,1,0.0006,31.161,0.0006,22.553,0.0001,62.321,0.0006,26.234
8,176,4,2048,51200,256,1,1,1,0.0005,45.152,0.0005,25.169,0.0,90.304,0.0006,30.092
8,184,4,2048,51200,256,1,1,1,0.0005,42.15,0.0005,26.543,0.0001,84.3,0.0006,31.598
8,192,4,2048,51200,256,1,1,1,0.0006,39.424,0.0006,27.635,0.0001,78.849,0.0006,32.738
8,200,4,2048,51200,256,1,1,1,0.0006,56.497,0.0006,28.474,0.0,112.993,0.0006,34.904
8,208,4,2048,51200,256,1,1,1,0.0006,65.27,0.0006,29.861,0.0,130.541,0.0006,37.08
8,216,4,2048,51200,256,1,1,1,0.0006,64.671,0.0006,30.67,0.0,129.342,0.0006,38.2
8,224,4,2048,51200,256,1,1,1,0.0006,65.453,0.0006,32.618,0.0001,130.905,0.0006,40.687
8,232,4,2048,51200,256,1,1,1,0.0005,75.372,0.0005,35.042,0.0,150.744,0.0006,44.193
8,240,4,2048,51200,256,1,1,1,0.0006,78.252,0.0006,34.948,0.0,156.504,0.0006,44.45
8,248,4,2048,51200,256,1,1,1,0.0006,79.722,0.0006,36.128,0.0001,159.443,0.0006,46.139
8,256,4,2048,51200,256,1,1,1,0.0006,103.844,0.0006,37.904,0.0,207.687,0.0006,49.455
8,264,4,2048,51200,256,1,1,1,0.0008,73.957,0.0008,29.659,0.0001,147.914,0.0008,38.641
8,272,4,2048,51200,256,1,1,1,0.0006,66.675,0.0006,41.955,0.0001,133.35,0.0006,52.617
8,280,4,2048,51200,256,1,1,1,0.0008,79.388,0.0008,31.752,0.0001,158.777,0.0008,41.799
8,288,4,2048,51200,256,1,1,1,0.0006,66.681,0.0006,44.815,0.0001,133.362,0.0006,56.199
8,296,4,2048,51200,256,1,1,1,0.0006,73.465,0.0006,44.21,0.0001,146.929,0.0007,56.423
8,304,4,2048,51200,256,1,1,1,0.0006,91.434,0.0006,45.749,0.0001,182.868,0.0006,59.841
8,312,4,2048,51200,256,1,1,1,0.0006,94.26,0.0006,47.164,0.0001,188.521,0.0006,61.954
8,320,4,2048,51200,256,1,1,1,0.0006,97.998,0.0006,49.609,0.0001,195.996,0.0006,65.355
8,328,4,2048,51200,256,1,1,1,0.0006,96.215,0.0006,50.801,0.0001,192.43,0.0006,66.883
8,336,4,2048,51200,256,1,1,1,0.0006,89.965,0.0006,52.672,0.0001,179.931,0.0007,68.754
8,344,4,2048,51200,256,1,1,1,0.0006,107.593,0.0006,53.387,0.0001,215.185,0.0006,71.336
8,352,4,2048,51200,256,1,1,1,0.0006,113.284,0.0006,55.595,0.0001,226.567,0.0006,74.665
8,360,4,2048,51200,256,1,1,1,0.0006,112.825,0.0006,58.627,0.0001,225.65,0.0006,78.514
8,368,4,2048,51200,256,1,1,1,0.0006,110.608,0.0006,59.313,0.0001,221.215,0.0006,79.416
8,376,4,2048,51200,256,1,1,1,0.0006,116.985,0.0006,61.367,0.0001,233.97,0.0006,82.681
8,384,4,2048,51200,256,1,1,1,0.0006,120.917,0.0006,62.612,0.0001,241.834,0.0006,84.79
8,392,4,2048,51200,256,1,1,1,0.0006,153.514,0.0006,64.008,0.0001,307.028,0.0006,89.157
8,400,4,2048,51200,256,1,1,1,0.0006,124.357,0.0006,65.417,0.0001,248.713,0.0007,89.014
8,408,4,2048,51200,256,1,1,1,0.0006,103.78,0.0006,67.307,0.0001,207.561,0.0007,89.182
8,416,4,2048,51200,256,1,1,1,0.0006,136.973,0.0006,70.035,0.0001,273.947,0.0006,96.278
8,424,4,2048,51200,256,1,1,1,0.0006,135.112,0.0006,71.34,0.0001,270.225,0.0007,97.972
8,432,4,2048,51200,256,1,1,1,0.0006,113.246,0.0006,72.349,0.0001,226.492,0.0007,96.912
8,440,4,2048,51200,256,1,1,1,0.0006,137.195,0.0006,74.188,0.0001,274.389,0.0007,102.176
8,448,4,2048,51200,256,1,1,1,0.0006,162.95,0.0006,76.933,0.0001,325.9,0.0006,108.213
8,456,4,2048,51200,256,1,1,1,0.0006,131.234,0.0006,78.209,0.0001,262.467,0.0007,106.794
8,464,4,2048,51200,256,1,1,1,0.0006,136.934,0.0006,81.546,0.0001,273.867,0.0007,111.666
8,472,4,2048,51200,256,1,1,1,0.0006,156.12,0.0006,81.829,0.0001,312.241,0.0007,114.525
8,480,4,2048,51200,256,1,1,1,0.0006,154.455,0.0006,83.295,0.0001,308.909,0.0007,116.424
8,488,4,2048,51200,256,1,1,1,0.0006,146.682,0.0006,85.182,0.0001,293.365,0.0007,118.043
8,496,4,2048,51200,256,1,1,1,0.0006,164.118,0.0006,88.23,0.0001,328.235,0.0007,124.05
8,504,4,2048,51200,256,1,1,1,0.0006,162.443,0.0006,89.359,0.0001,324.887,0.0007,125.531
8,512,4,2048,51200,256,1,1,1,0.0006,172.212,0.0006,91.188,0.0001,344.424,0.0007,129.18
8,520,4,2048,51200,256,1,1,1,0.0006,128.636,0.0006,89.656,0.0001,257.273,0.0007,121.522
8,528,4,2048,51200,256,1,1,1,0.0006,134.42,0.0006,90.532,0.0001,268.84,0.0007,123.772
8,536,4,2048,51200,256,1,1,1,0.0006,134.411,0.0006,91.735,0.0001,268.821,0.0007,125.373
8,544,4,2048,51200,256,1,1,1,0.0006,128.679,0.0006,93.782,0.0002,257.358,0.0007,126.795
8,552,4,2048,51200,256,1,1,1,0.0006,137.832,0.0006,94.48,0.0001,275.664,0.0007,129.559
8,560,4,2048,51200,256,1,1,1,0.0006,139.62,0.0006,95.702,0.0001,279.24,0.0008,131.503
8,568,4,2048,51200,256,1,1,1,0.0006,134.638,0.0006,95.509,0.0002,269.275,0.0008,130.605
8,576,4,2048,51200,256,1,1,1,0.0006,135.219,0.0006,96.966,0.0002,270.439,0.0008,132.56
8,584,4,2048,51200,256,1,1,1,0.0006,148.219,0.0006,97.973,0.0002,296.438,0.0008,136.395
8,592,4,2048,51200,256,1,1,1,0.0006,147.306,0.0006,99.241,0.0002,294.613,0.0008,137.914
8,600,4,2048,51200,256,1,1,1,0.0006,151.082,0.0006,99.729,0.0002,302.164,0.0008,139.419
8,608,4,2048,51200,256,1,1,1,0.0006,153.564,0.0006,102.388,0.0002,307.129,0.0008,143.125
8,616,4,2048,51200,256,1,1,1,0.0006,154.806,0.0006,103.011,0.0002,309.612,0.0008,144.323
8,624,4,2048,51200,256,1,1,1,0.0007,160.29,0.0007,103.467,0.0002,320.58,0.0008,146.109
8,632,4,2048,51200,256,1,1,1,0.0007,154.489,0.0007,104.557,0.0002,308.978,0.0008,146.519
8,640,4,2048,51200,256,1,1,1,0.0007,159.403,0.0007,107.084,0.0002,318.807,0.0008,150.556
8,648,4,2048,51200,256,1,1,1,0.0007,158.811,0.0007,105.212,0.0002,317.623,0.0008,148.608
8,656,4,2048,51200,256,1,1,1,0.0007,165.197,0.0007,105.903,0.0002,330.395,0.0009,150.848
8,664,4,2048,51200,256,1,1,1,0.0007,163.653,0.0007,107.027,0.0002,327.306,0.0009,152.1
8,672,4,2048,51200,256,1,1,1,0.0007,161.123,0.0007,108.703,0.0002,322.245,0.0009,153.746
8,680,4,2048,51200,256,1,1,1,0.0007,186.416,0.0007,109.572,0.0002,372.833,0.0009,159.59
8,688,4,2048,51200,256,1,1,1,0.0007,160.299,0.0007,109.985,0.0002,320.598,0.0009,155.506
8,696,4,2048,51200,256,1,1,1,0.0007,171.938,0.0007,110.425,0.0002,343.877,0.0009,158.58
8,704,4,2048,51200,256,1,1,1,0.0007,178.074,0.0007,112.429,0.0002,356.148,0.0009,162.292
8,712,4,2048,51200,256,1,1,1,0.0007,181.27,0.0007,113.198,0.0002,362.539,0.0009,164.038
8,720,4,2048,51200,256,1,1,1,0.0007,174.907,0.0007,113.688,0.0002,349.813,0.0009,163.646
8,728,4,2048,51200,256,1,1,1,0.0007,178.668,0.0007,113.546,0.0002,357.336,0.0009,164.476
8,736,4,2048,51200,256,1,1,1,0.0007,176.304,0.0007,115.708,0.0002,352.608,0.0009,166.724
8,744,4,2048,51200,256,1,1,1,0.0007,185.236,0.0007,116.444,0.0002,370.471,0.0009,169.585
8,752,4,2048,51200,256,1,1,1,0.0007,188.547,0.0007,116.852,0.0002,377.095,0.0009,170.948
8,760,4,2048,51200,256,1,1,1,0.0008,167.198,0.0008,118.122,0.0002,334.396,0.001,168.155
8,768,4,2048,51200,256,1,1,1,0.0008,191.588,0.0008,120.029,0.0002,383.175,0.001,175.728
8,776,4,2048,51200,256,1,1,1,0.0008,173.332,0.0008,121.691,0.0002,346.664,0.001,173.962
8,784,4,2048,51200,256,1,1,1,0.0008,167.507,0.0008,121.744,0.0002,335.014,0.001,172.851
8,792,4,2048,51200,256,1,1,1,0.0008,178.484,0.0008,123.117,0.0002,356.967,0.001,177.198
8,800,4,2048,51200,256,1,1,1,0.0008,184.608,0.0008,124.35,0.0002,369.217,0.001,180.194
8,808,4,2048,51200,256,1,1,1,0.0008,178.692,0.0008,124.576,0.0002,357.385,0.001,179.326
8,816,4,2048,51200,256,1,1,1,0.0008,175.111,0.0008,125.842,0.0002,350.221,0.001,180.07
8,824,4,2048,51200,256,1,1,1,0.0008,182.546,0.0008,126.785,0.0002,365.092,0.001,183.135
8,832,4,2048,51200,256,1,1,1,0.0008,189.149,0.0008,128.257,0.0002,378.299,0.001,186.544
8,840,4,2048,51200,256,1,1,1,0.0008,182.228,0.0008,127.325,0.0003,364.456,0.0011,184.11
8,848,4,2048,51200,256,1,1,1,0.0008,183.46,0.0008,127.783,0.0003,366.92,0.0011,185.138
8,856,4,2048,51200,256,1,1,1,0.0008,185.608,0.0008,127.67,0.0003,371.217,0.0011,185.755
8,864,4,2048,51200,256,1,1,1,0.0008,179.598,0.0008,129.688,0.0003,359.195,0.0011,186.692
8,872,4,2048,51200,256,1,1,1,0.0008,191.9,0.0008,129.806,0.0003,383.799,0.0011,190.074
8,880,4,2048,51200,256,1,1,1,0.0008,191.196,0.0008,130.685,0.0003,382.392,0.0011,191.112
8,888,4,2048,51200,256,1,1,1,0.0008,192.255,0.0008,131.613,0.0003,384.509,0.0011,192.622
8,896,4,2048,51200,256,1,1,1,0.0009,178.714,0.0009,132.253,0.0003,357.428,0.0011,190.054
8,904,4,2048,51200,256,1,1,1,0.0009,197.017,0.0009,132.179,0.0003,394.034,0.0011,194.839
8,912,4,2048,51200,256,1,1,1,0.0009,200.401,0.0009,133.408,0.0003,400.803,0.0011,197.243
8,920,4,2048,51200,256,1,1,1,0.0009,193.247,0.0009,133.752,0.0003,386.494,0.0012,196.112
8,928,4,2048,51200,256,1,1,1,0.0009,216.207,0.0009,135.261,0.0003,432.413,0.0011,203.38
8,936,4,2048,51200,256,1,1,1,0.0009,203.776,0.0009,135.577,0.0003,407.551,0.0012,201.155
8,944,4,2048,51200,256,1,1,1,0.0009,206.98,0.0009,135.945,0.0003,413.96,0.0012,202.55
8,952,4,2048,51200,256,1,1,1,0.0009,216.962,0.0009,136.11,0.0003,433.924,0.0012,205.231
8,960,4,2048,51200,256,1,1,1,0.0009,153.232,0.0009,138.139,0.0004,306.464,0.0013,189.263
8,968,4,2048,51200,256,1,1,1,0.0009,179.684,0.0009,137.216,0.0003,359.368,0.0013,197.342
8,976,4,2048,51200,256,1,1,1,0.0009,214.029,0.0009,137.745,0.0003,428.058,0.0012,207.131
8,984,4,2048,51200,256,1,1,1,0.0009,214.435,0.0009,138.309,0.0003,428.87,0.0012,208.091
8,992,4,2048,51200,256,1,1,1,0.0009,210.482,0.0009,139.786,0.0003,420.964,0.0012,209.041
8,1000,4,2048,51200,256,1,1,1,0.0009,228.571,0.0009,140.383,0.0003,457.143,0.0012,214.125
8,1008,4,2048,51200,256,1,1,1,0.001,197.71,0.001,140.648,0.0003,395.42,0.0013,207.104
8,1016,4,2048,51200,256,1,1,1,0.001,218.001,0.001,141.398,0.0003,436.001,0.0013,213.329
8,1024,4,2048,51200,256,1,1,1,0.001,223.173,0.001,143.596,0.0003,446.346,0.0013,217.288
8,1032,4,2048,51200,256,1,1,1,0.001,197.525,0.001,142.824,0.0004,395.05,0.0013,209.99
8,1040,4,2048,51200,256,1,1,1,0.001,187.325,0.001,142.953,0.0004,374.65,0.0014,207.302
8,1048,4,2048,51200,256,1,1,1,0.001,201.598,0.001,143.804,0.0004,403.195,0.0013,212.578
8,1056,4,2048,51200,256,1,1,1,0.001,193.297,0.001,144.934,0.0004,386.593,0.0014,211.563
8,1064,4,2048,51200,256,1,1,1,0.001,191.062,0.001,142.585,0.0004,382.123,0.0014,208.581
8,1072,4,2048,51200,256,1,1,1,0.001,205.818,0.001,146.492,0.0004,411.636,0.0014,217.253
8,1080,4,2048,51200,256,1,1,1,0.001,199.149,0.001,146.205,0.0004,398.297,0.0014,215.203
8,1088,4,2048,51200,256,1,1,1,0.001,165.144,0.001,148.291,0.0005,330.287,0.0015,205.852
8,1096,4,2048,51200,256,1,1,1,0.001,186.83,0.001,147.621,0.0004,373.661,0.0015,213.177
8,1104,4,2048,51200,256,1,1,1,0.001,206.505,0.001,148.328,0.0004,413.011,0.0014,220.183
8,1112,4,2048,51200,256,1,1,1,0.001,210.423,0.001,148.829,0.0004,420.846,0.0014,222.034
8,1120,4,2048,51200,256,1,1,1,0.001,205.07,0.001,150.796,0.0004,410.139,0.0014,222.77
8,1128,4,2048,51200,256,1,1,1,0.0011,207.265,0.0011,150.535,0.0004,414.531,0.0015,223.326
8,1136,4,2048,51200,256,1,1,1,0.0011,217.75,0.0011,151.33,0.0004,435.499,0.0015,227.394
8,1144,4,2048,51200,256,1,1,1,0.0011,217.512,0.0011,151.568,0.0004,435.024,0.0015,227.774
8,1152,4,2048,51200,256,1,1,1,0.0011,192.725,0.0011,153.089,0.0005,385.451,0.0015,221.877
8,1160,4,2048,51200,256,1,1,1,0.0011,219.979,0.0011,154.11,0.0004,439.958,0.0015,231.628
8,1168,4,2048,51200,256,1,1,1,0.0011,223.113,0.0011,154.833,0.0004,446.226,0.0015,233.495
8,1176,4,2048,51200,256,1,1,1,0.0011,218.082,0.0011,155.464,0.0004,436.163,0.0015,232.914
8,1184,4,2048,51200,256,1,1,1,0.0011,234.176,0.0011,156.849,0.0004,468.353,0.0015,239.164
8,1192,4,2048,51200,256,1,1,1,0.0011,225.053,0.0011,157.534,0.0004,450.105,0.0015,237.563
8,1200,4,2048,51200,256,1,1,1,0.0011,227.38,0.0011,158.668,0.0004,454.76,0.0015,239.657
8,1208,4,2048,51200,256,1,1,1,0.0011,226.107,0.0011,159.317,0.0004,452.215,0.0015,240.177
8,1216,4,2048,51200,256,1,1,1,0.0011,232.142,0.0011,160.935,0.0004,464.283,0.0015,243.882
8,1224,4,2048,51200,256,1,1,1,0.0011,226.023,0.0011,159.208,0.0004,452.046,0.0016,240.386
8,1232,4,2048,51200,256,1,1,1,0.0011,229.241,0.0011,159.714,0.0004,458.481,0.0016,242.057
8,1240,4,2048,51200,256,1,1,1,0.0011,231.459,0.0011,160.432,0.0004,462.919,0.0016,243.667
8,1248,4,2048,51200,256,1,1,1,0.0011,227.841,0.0011,161.924,0.0004,455.681,0.0016,244.403
8,1256,4,2048,51200,256,1,1,1,0.0012,225.025,0.0012,162.101,0.0005,450.05,0.0016,243.906
8,1264,4,2048,51200,256,1,1,1,0.0012,236.124,0.0012,163.446,0.0004,472.247,0.0016,248.868
8,1272,4,2048,51200,256,1,1,1,0.0012,240.729,0.0012,164.049,0.0004,481.457,0.0016,251.04
8,1280,4,2048,51200,256,1,1,1,0.0012,231.091,0.0012,165.248,0.0005,462.182,0.0016,249.671
8,1288,4,2048,51200,256,1,1,1,0.0012,205.226,0.0012,162.924,0.0005,410.452,0.0017,238.827
8,1296,4,2048,51200,256,1,1,1,0.0012,192.547,0.0012,162.356,0.0006,385.094,0.0018,233.678
8,1304,4,2048,51200,256,1,1,1,0.0012,212.183,0.0012,164.649,0.0005,424.366,0.0017,243.335
8,1312,4,2048,51200,256,1,1,1,0.0012,213.558,0.0012,164.648,0.0005,427.116,0.0017,243.958
8,1320,4,2048,51200,256,1,1,1,0.0012,206.507,0.0012,166.864,0.0006,413.013,0.0018,243.843
8,1328,4,2048,51200,256,1,1,1,0.0012,214.002,0.0012,165.839,0.0005,428.004,0.0018,245.635
8,1336,4,2048,51200,256,1,1,1,0.0012,212.651,0.0012,168.202,0.0006,425.302,0.0018,247.719
8,1344,4,2048,51200,256,1,1,1,0.0012,201.656,0.0012,167.352,0.0006,403.312,0.0018,242.906
8,1352,4,2048,51200,256,1,1,1,0.0012,217.427,0.0012,169.232,0.0006,434.854,0.0018,250.764
8,1360,4,2048,51200,256,1,1,1,0.0013,218.076,0.0013,169.564,0.0006,436.152,0.0018,251.478
8,1368,4,2048,51200,256,1,1,1,0.0013,209.264,0.0013,170.632,0.0006,418.529,0.0018,249.469
8,1376,4,2048,51200,256,1,1,1,0.0013,215.964,0.0013,171.734,0.0006,431.928,0.0018,253.213
8,1384,4,2048,51200,256,1,1,1,0.0013,218.818,0.0013,172.727,0.0006,437.635,0.0018,255.404
8,1392,4,2048,51200,256,1,1,1,0.0013,220.157,0.0013,172.297,0.0006,440.315,0.0019,255.59
8,1400,4,2048,51200,256,1,1,1,0.0013,197.276,0.0013,173.883,0.0007,394.553,0.0019,248.324
8,1408,4,2048,51200,256,1,1,1,0.0013,224.78,0.0013,174.287,0.0006,449.56,0.0019,259.572
8,1416,4,2048,51200,256,1,1,1,0.0013,223.871,0.0013,175.657,0.0006,447.742,0.0019,260.787
8,1424,4,2048,51200,256,1,1,1,0.0013,224.177,0.0013,174.053,0.0006,448.355,0.0019,259.395
8,1432,4,2048,51200,256,1,1,1,0.0013,227.717,0.0013,177.3,0.0006,455.435,0.0019,264.141
8,1440,4,2048,51200,256,1,1,1,0.0013,189.227,0.0013,175.48,0.0007,378.455,0.002,246.82
8,1448,4,2048,51200,256,1,1,1,0.0013,208.323,0.0013,178.157,0.0007,416.645,0.002,257.753
8,1456,4,2048,51200,256,1,1,1,0.0013,229.412,0.0013,175.718,0.0006,458.825,0.002,263.536
8,1464,4,2048,51200,256,1,1,1,0.0013,218.844,0.0013,179.126,0.0006,437.689,0.002,263.176
8,1472,4,2048,51200,256,1,1,1,0.0014,220.391,0.0014,176.758,0.0006,440.782,0.002,261.538
8,1480,4,2048,51200,256,1,1,1,0.0013,233.309,0.0013,180.332,0.0006,466.617,0.002,270.107
8,1488,4,2048,51200,256,1,1,1,0.0014,225.966,0.0014,178.879,0.0006,451.931,0.002,266.045
8,1496,4,2048,51200,256,1,1,1,0.0014,220.571,0.0014,181.655,0.0007,441.141,0.002,266.862
8,1504,4,2048,51200,256,1,1,1,0.0014,230.823,0.0014,181.16,0.0006,461.645,0.002,270.44
8,1512,4,2048,51200,256,1,1,1,0.0014,226.897,0.0014,183.255,0.0007,453.794,0.002,271.187
8,1520,4,2048,51200,256,1,1,1,0.0014,219.594,0.0014,181.346,0.0007,439.188,0.0021,266.535
8,1528,4,2048,51200,256,1,1,1,0.0014,235.926,0.0014,184.735,0.0006,471.853,0.002,276.379
8,1536,4,2048,51200,256,1,1,1,0.0014,233.169,0.0014,183.567,0.0007,466.337,0.0021,274.285
8,1544,4,2048,51200,256,1,1,1,0.0014,220.844,0.0014,185.809,0.0007,441.687,0.0021,271.766
8,1552,4,2048,51200,256,1,1,1,0.0014,234.99,0.0014,183.511,0.0007,469.98,0.0021,275.169
8,1560,4,2048,51200,256,1,1,1,0.0014,218.358,0.0014,187.031,0.0007,436.715,0.0021,272.136
8,1568,4,2048,51200,256,1,1,1,0.0014,217.506,0.0014,185.092,0.0007,435.012,0.0022,270.025
8,1576,4,2048,51200,256,1,1,1,0.0014,216.343,0.0014,188.159,0.0008,432.687,0.0022,272.57
8,1584,4,2048,51200,256,1,1,1,0.0015,203.628,0.0015,185.719,0.0008,407.256,0.0023,264.692
8,1592,4,2048,51200,256,1,1,1,0.0014,213.45,0.0014,189.518,0.0008,426.901,0.0022,272.789
8,1600,4,2048,51200,256,1,1,1,0.0015,234.188,0.0015,186.961,0.0007,468.376,0.0022,279.099
8,1608,4,2048,51200,256,1,1,1,0.0014,234.441,0.0014,191.487,0.0007,468.882,0.0022,283.829
8,1616,4,2048,51200,256,1,1,1,0.0015,236.806,0.0015,189.631,0.0007,473.612,0.0022,283.044
8,1624,4,2048,51200,256,1,1,1,0.0015,229.04,0.0015,192.463,0.0008,458.081,0.0022,282.796
8,1632,4,2048,51200,256,1,1,1,0.0015,208.493,0.0015,190.622,0.0008,416.986,0.0023,272.047
8,1640,4,2048,51200,256,1,1,1,0.0015,236.509,0.0015,193.966,0.0007,473.019,0.0022,287.586
8,1648,4,2048,51200,256,1,1,1,0.0015,240.37,0.0015,191.41,0.0007,480.741,0.0022,286.707
8,1656,4,2048,51200,256,1,1,1,0.0015,222.847,0.0015,194.995,0.0008,445.694,0.0023,282.974
8,1664,4,2048,51200,256,1,1,1,0.0015,245.511,0.0015,193.553,0.0007,491.023,0.0023,291.115
8,1672,4,2048,51200,256,1,1,1,0.0015,227.898,0.0015,194.692,0.0008,455.795,0.0023,285.119
8,1680,4,2048,51200,256,1,1,1,0.0016,225.33,0.0016,191.716,0.0008,450.66,0.0024,281.262
8,1688,4,2048,51200,256,1,1,1,0.0015,236.229,0.0015,196.17,0.0008,472.459,0.0023,290.315
8,1696,4,2048,51200,256,1,1,1,0.0016,214.918,0.0016,192.839,0.0009,429.836,0.0024,277.864
8,1704,4,2048,51200,256,1,1,1,0.0015,249.281,0.0015,196.992,0.0008,498.563,0.0023,296.656
8,1712,4,2048,51200,256,1,1,1,0.0016,244.703,0.0016,193.133,0.0008,489.407,0.0024,291.079
8,1720,4,2048,51200,256,1,1,1,0.0016,231.983,0.0016,198.133,0.0008,463.965,0.0024,290.825
8,1728,4,2048,51200,256,1,1,1,0.0016,224.25,0.0016,194.667,0.0009,448.5,0.0025,284.214
8,1736,4,2048,51200,256,1,1,1,0.0016,231.271,0.0016,198.638,0.0009,462.542,0.0024,291.202
8,1744,4,2048,51200,256,1,1,1,0.0016,240.807,0.0016,195.048,0.0008,481.613,0.0024,291.877
8,1752,4,2048,51200,256,1,1,1,0.0016,255.542,0.0016,200.252,0.0008,511.085,0.0024,303.111
8,1760,4,2048,51200,256,1,1,1,0.0016,256.5,0.0016,196.743,0.0008,513.0,0.0024,300.018
8,1768,4,2048,51200,256,1,1,1,0.0016,257.743,0.0016,201.544,0.0008,515.486,0.0024,305.515
8,1776,4,2048,51200,256,1,1,1,0.0017,230.171,0.0017,197.475,0.0009,460.342,0.0025,290.112
8,1784,4,2048,51200,256,1,1,1,0.0016,250.671,0.0016,203.197,0.0008,501.343,0.0024,304.547
8,1792,4,2048,51200,256,1,1,1,0.0017,218.967,0.0017,199.465,0.001,437.934,0.0026,286.974
8,1800,4,2048,51200,256,1,1,1,0.0016,215.982,0.0016,204.798,0.001,431.965,0.0026,290.374
8,1808,4,2048,51200,256,1,1,1,0.0017,231.668,0.0017,200.139,0.0009,463.337,0.0026,293.699
8,1816,4,2048,51200,256,1,1,1,0.0016,228.272,0.0016,206.147,0.0009,456.545,0.0026,297.81
8,1824,4,2048,51200,256,1,1,1,0.0017,229.454,0.0017,201.341,0.001,458.909,0.0026,294.01
8,1832,4,2048,51200,256,1,1,1,0.0017,202.61,0.0017,207.464,0.0011,405.22,0.0027,285.862
8,1840,4,2048,51200,256,1,1,1,0.0017,204.564,0.0017,203.019,0.0011,409.129,0.0028,283.268
8,1848,4,2048,51200,256,1,1,1,0.0017,223.241,0.0017,208.902,0.001,446.482,0.0027,298.191
8,1856,4,2048,51200,256,1,1,1,0.0017,236.362,0.0017,204.887,0.001,472.724,0.0027,300.883
8,1864,4,2048,51200,256,1,1,1,0.0017,230.116,0.0017,209.22,0.001,460.232,0.0027,302.047
8,1872,4,2048,51200,256,1,1,1,0.0017,228.603,0.0017,204.322,0.001,457.205,0.0027,296.924
8,1880,4,2048,51200,256,1,1,1,0.0017,233.555,0.0017,209.865,0.001,467.11,0.0027,304.474
8,1888,4,2048,51200,256,1,1,1,0.0017,209.806,0.0017,206.097,0.0011,419.611,0.0029,289.173
8,1896,4,2048,51200,256,1,1,1,0.0017,237.375,0.0017,211.903,0.001,474.75,0.0027,308.353
8,1904,4,2048,51200,256,1,1,1,0.0018,220.375,0.0018,206.184,0.0011,440.751,0.0029,294.912
8,1912,4,2048,51200,256,1,1,1,0.0017,237.267,0.0017,212.754,0.001,474.534,0.0027,309.264
8,1920,4,2048,51200,256,1,1,1,0.0018,174.551,0.0018,208.694,0.0014,349.101,0.0032,270.21
8,1928,4,2048,51200,256,1,1,1,0.0017,225.214,0.0017,214.622,0.0011,450.428,0.0028,305.084
8,1936,4,2048,51200,256,1,1,1,0.0018,204.641,0.0018,209.809,0.0012,409.283,0.003,289.878
8,1944,4,2048,51200,256,1,1,1,0.0017,215.395,0.0017,216.192,0.0011,430.789,0.0029,301.312
8,1952,4,2048,51200,256,1,1,1,0.0018,230.107,0.0018,211.731,0.0011,460.214,0.0029,305.254
8,1960,4,2048,51200,256,1,1,1,0.0018,230.704,0.0018,217.822,0.0011,461.409,0.0029,311.061
8,1968,4,2048,51200,256,1,1,1,0.0018,246.066,0.0018,212.533,0.001,492.133,0.0028,313.83
8,1976,4,2048,51200,256,1,1,1,0.0018,241.042,0.0018,218.591,0.0011,482.084,0.0028,317.124
8,1984,4,2048,51200,256,1,1,1,0.0018,235.698,0.0018,214.218,0.0011,471.395,0.0029,310.606
8,1992,4,2048,51200,256,1,1,1,0.0018,242.694,0.0018,219.677,0.0011,485.387,0.0029,319.094
8,2000,4,2048,51200,256,1,1,1,0.0019,231.151,0.0019,214.231,0.0011,462.302,0.003,308.504
8,2008,4,2048,51200,256,1,1,1,0.0018,245.855,0.0018,221.097,0.0011,491.711,0.0029,322.108
8,2016,4,2048,51200,256,1,1,1,0.0019,201.491,0.0019,216.199,0.0013,402.982,0.0032,293.852
8,2024,4,2048,51200,256,1,1,1,0.0018,230.917,0.0018,222.339,0.0012,461.834,0.003,315.745
8,2032,4,2048,51200,256,1,1,1,0.0019,236.456,0.0019,216.886,0.0011,472.911,0.003,313.879
8,2040,4,2048,51200,256,1,1,1,0.0018,230.693,0.0018,223.728,0.0012,461.386,0.003,316.974
8,2048,4,2048,51200,256,1,1,1,0.0019,238.411,0.0019,218.222,0.0012,476.821,0.003,316.222
8,2056,4,2048,51200,256,1,1,1,0.0019,236.115,0.0019,224.056,0.0012,472.231,0.003,320.297
8,2064,4,2048,51200,256,1,1,1,0.0019,231.931,0.0019,217.871,0.0012,463.863,0.0031,312.75
8,2072,4,2048,51200,256,1,1,1,0.0019,211.892,0.0019,224.884,0.0013,423.783,0.0032,307.488
8,2080,4,2048,51200,256,1,1,1,0.0019,213.069,0.0019,219.771,0.0013,426.138,0.0033,304.113
8,2088,4,2048,51200,256,1,1,1,0.0019,229.295,0.0019,227.18,0.0012,458.59,0.0031,319.585
8,2096,4,2048,51200,256,1,1,1,0.0019,228.619,0.0019,220.596,0.0013,457.238,0.0032,313.664
8,2104,4,2048,51200,256,1,1,1,0.0019,224.395,0.0019,228.556,0.0013,448.79,0.0032,318.096
8,2112,4,2048,51200,256,1,1,1,0.0019,235.186,0.0019,223.135,0.0012,470.371,0.0032,319.522
8,2120,4,2048,51200,256,1,1,1,0.0019,200.83,0.0019,228.613,0.0015,401.66,0.0034,303.76
8,2128,4,2048,51200,256,1,1,1,0.002,225.703,0.002,222.649,0.0013,451.406,0.0033,314.096
8,2136,4,2048,51200,256,1,1,1,0.0019,224.75,0.0019,230.21,0.0013,449.501,0.0033,319.924
8,2144,4,2048,51200,256,1,1,1,0.002,222.991,0.002,224.543,0.0014,445.982,0.0033,314.288
8,2152,4,2048,51200,256,1,1,1,0.0019,237.766,0.0019,231.921,0.0013,475.533,0.0032,328.86
8,2160,4,2048,51200,256,1,1,1,0.002,231.36,0.002,225.504,0.0013,462.719,0.0033,319.924
8,2168,4,2048,51200,256,1,1,1,0.0019,242.607,0.0019,233.027,0.0013,485.215,0.0032,332.593
8,2176,4,2048,51200,256,1,1,1,0.002,158.672,0.002,227.724,0.002,317.344,0.004,271.988
8,2184,4,2048,51200,256,1,1,1,0.002,243.608,0.002,234.794,0.0013,487.215,0.0032,334.802
8,2192,4,2048,51200,256,1,1,1,0.002,190.723,0.002,228.078,0.0017,381.446,0.0037,296.95
8,2200,4,2048,51200,256,1,1,1,0.002,235.028,0.002,235.688,0.0013,470.057,0.0033,330.908
8,2208,4,2048,51200,256,1,1,1,0.002,231.231,0.002,230.013,0.0014,462.461,0.0034,324.064
8,2216,4,2048,51200,256,1,1,1,0.002,237.334,0.002,237.655,0.0014,474.668,0.0033,333.997
8,2224,4,2048,51200,256,1,1,1,0.0021,250.83,0.0021,230.595,0.0013,501.66,0.0033,335.311
8,2232,4,2048,51200,256,1,1,1,0.002,220.434,0.002,238.749,0.0015,440.867,0.0035,324.872
8,2240,4,2048,51200,256,1,1,1,0.0021,215.895,0.0021,232.285,0.0015,431.789,0.0036,317.024
8,2248,4,2048,51200,256,1,1,1,0.002,218.357,0.002,239.949,0.0015,436.714,0.0035,324.596
8,2256,4,2048,51200,256,1,1,1,0.0021,250.216,0.0021,232.726,0.0013,500.432,0.0034,337.17
8,2264,4,2048,51200,256,1,1,1,0.002,230.675,0.002,240.881,0.0015,461.349,0.0035,333.098
8,2272,4,2048,51200,256,1,1,1,0.0021,225.314,0.0021,234.79,0.0015,450.628,0.0036,325.017
8,2280,4,2048,51200,256,1,1,1,0.002,244.602,0.002,242.595,0.0014,489.205,0.0034,342.798
8,2288,4,2048,51200,256,1,1,1,0.0021,213.42,0.0021,235.429,0.0016,426.84,0.0037,318.211
8,2296,4,2048,51200,256,1,1,1,0.0021,252.102,0.0021,243.575,0.0014,504.204,0.0034,347.968
8,2304,4,2048,51200,256,1,1,1,0.0021,189.657,0.0021,237.428,0.0018,379.315,0.004,303.305
8,2312,4,2048,51200,256,1,1,1,0.0021,232.995,0.0021,245.068,0.0015,465.99,0.0036,338.213
8,2320,4,2048,51200,256,1,1,1,0.0021,235.023,0.0021,238.737,0.0015,470.046,0.0036,334.36
8,2328,4,2048,51200,256,1,1,1,0.0021,234.126,0.0021,246.381,0.0015,468.251,0.0036,340.066
8,2336,4,2048,51200,256,1,1,1,0.0021,244.238,0.0021,240.252,0.0015,488.476,0.0036,341.065
8,2344,4,2048,51200,256,1,1,1,0.0021,220.917,0.0021,248.492,0.0016,441.834,0.0037,333.387
8,2352,4,2048,51200,256,1,1,1,0.0022,216.736,0.0022,241.193,0.0017,433.472,0.0038,325.164
8,2360,4,2048,51200,256,1,1,1,0.0021,225.794,0.0021,251.261,0.0016,451.588,0.0037,338.795
8,2368,4,2048,51200,256,1,1,1,0.0022,244.289,0.0022,243.822,0.0015,488.577,0.0037,344.33
8,2376,4,2048,51200,256,1,1,1,0.0021,238.472,0.0021,250.504,0.0016,476.944,0.0037,346.362
8,2384,4,2048,51200,256,1,1,1,0.0022,234.636,0.0022,243.292,0.0016,469.273,0.0038,338.295
8,2392,4,2048,51200,256,1,1,1,0.0021,229.09,0.0021,251.418,0.0016,458.181,0.0038,341.265
8,2400,4,2048,51200,256,1,1,1,0.0022,212.962,0.0022,245.563,0.0018,425.923,0.004,326.179
8,2408,4,2048,51200,256,1,1,1,0.0021,226.865,0.0021,253.523,0.0017,453.73,0.0038,341.511
8,2416,4,2048,51200,256,1,1,1,0.0022,214.561,0.0022,246.36,0.0018,429.123,0.004,327.948
8,2424,4,2048,51200,256,1,1,1,0.0022,249.698,0.0022,254.643,0.0015,499.397,0.0037,356.844
8,2432,4,2048,51200,256,1,1,1,0.0022,231.211,0.0022,248.506,0.0017,462.422,0.0039,340.626
8,2440,4,2048,51200,256,1,1,1,0.0022,237.333,0.0022,254.972,0.0016,474.666,0.0038,349.608
8,2448,4,2048,51200,256,1,1,1,0.0023,208.894,0.0023,243.172,0.0019,417.788,0.0042,321.886
8,2456,4,2048,51200,256,1,1,1,0.0022,240.784,0.0022,251.992,0.0016,481.567,0.0039,349.521
8,2464,4,2048,51200,256,1,1,1,0.0023,233.065,0.0023,247.254,0.0017,466.13,0.004,341.017
8,2472,4,2048,51200,256,1,1,1,0.0022,253.069,0.0022,253.659,0.0016,506.138,0.0038,358.381
8,2480,4,2048,51200,256,1,1,1,0.0023,248.467,0.0023,249.896,0.0016,496.933,0.0039,352.622
8,2488,4,2048,51200,256,1,1,1,0.0022,249.617,0.0022,259.754,0.0016,499.234,0.0038,361.38
8,2496,4,2048,51200,256,1,1,1,0.0023,222.963,0.0023,252.196,0.0018,445.927,0.0041,338.422
8,2504,4,2048,51200,256,1,1,1,0.0022,241.542,0.0022,260.799,0.0017,483.085,0.0039,357.239
8,2512,4,2048,51200,256,1,1,1,0.0023,247.003,0.0023,253.598,0.0017,494.005,0.004,354.991
8,2520,4,2048,51200,256,1,1,1,0.0022,222.356,0.0022,262.539,0.0019,444.713,0.0041,345.682
8,2528,4,2048,51200,256,1,1,1,0.0023,241.716,0.0023,255.522,0.0017,483.432,0.004,353.373
8,2536,4,2048,51200,256,1,1,1,0.0022,235.865,0.0022,264.772,0.0018,471.73,0.004,356.732
8,2544,4,2048,51200,256,1,1,1,0.0023,247.609,0.0023,256.136,0.0017,495.219,0.004,357.621
8,2552,4,2048,51200,256,1,1,1,0.0023,256.057,0.0023,265.529,0.0017,512.114,0.0039,370.403
8,2560,4,2048,51200,256,1,1,1,0.0023,224.726,0.0023,258.778,0.0019,449.452,0.0042,344.831
8,2568,4,2048,51200,256,1,1,1,0.0023,232.638,0.0023,266.337,0.0019,465.276,0.0041,355.877
8,2576,4,2048,51200,256,1,1,1,0.0024,222.278,0.0024,258.066,0.002,444.556,0.0043,342.691
8,2584,4,2048,51200,256,1,1,1,0.0023,226.598,0.0023,267.962,0.0019,453.196,0.0042,352.903
8,2592,4,2048,51200,256,1,1,1,0.0024,217.98,0.0024,259.887,0.002,435.959,0.0044,341.022
8,2600,4,2048,51200,256,1,1,1,0.0023,237.327,0.0023,269.512,0.0019,474.654,0.0042,361.612
8,2608,4,2048,51200,256,1,1,1,0.0024,237.933,0.0024,261.119,0.0019,475.867,0.0043,355.764
8,2616,4,2048,51200,256,1,1,1,0.0023,228.991,0.0023,270.554,0.002,457.982,0.0043,356.622
8,2624,4,2048,51200,256,1,1,1,0.0024,225.9,0.0024,262.791,0.002,451.8,0.0044,348.897
8,2632,4,2048,51200,256,1,1,1,0.0023,222.625,0.0023,268.727,0.002,445.251,0.0044,350.802
8,2640,4,2048,51200,256,1,1,1,0.0024,212.359,0.0024,260.438,0.0022,424.719,0.0046,337.505
8,2648,4,2048,51200,256,1,1,1,0.0024,227.266,0.0024,270.052,0.002,454.532,0.0044,355.184
8,2656,4,2048,51200,256,1,1,1,0.0024,238.237,0.0024,262.626,0.0019,476.474,0.0044,357.38
8,2664,4,2048,51200,256,1,1,1,0.0024,216.657,0.0024,271.606,0.0021,433.314,0.0045,348.452
8,2672,4,2048,51200,256,1,1,1,0.0025,245.354,0.0025,263.369,0.0019,490.708,0.0044,362.704
8,2680,4,2048,51200,256,1,1,1,0.0024,244.853,0.0024,273.242,0.0019,489.706,0.0043,369.943
8,2688,4,2048,51200,256,1,1,1,0.0025,215.182,0.0025,264.972,0.0022,430.363,0.0047,342.933
8,2696,4,2048,51200,256,1,1,1,0.0024,237.62,0.0024,276.945,0.002,475.24,0.0044,367.744
8,2704,4,2048,51200,256,1,1,1,0.0025,251.498,0.0025,268.543,0.0019,502.996,0.0044,370.871
8,2712,4,2048,51200,256,1,1,1,0.0024,230.699,0.0024,278.081,0.0021,461.398,0.0045,363.629
8,2720,4,2048,51200,256,1,1,1,0.0025,247.692,0.0025,270.175,0.002,495.383,0.0044,369.74
8,2728,4,2048,51200,256,1,1,1,0.0024,236.114,0.0024,280.056,0.0021,472.229,0.0045,369.043
8,2736,4,2048,51200,256,1,1,1,0.0025,210.247,0.0025,271.169,0.0023,420.495,0.0048,343.464
8,2744,4,2048,51200,256,1,1,1,0.0024,242.833,0.0024,281.116,0.002,485.666,0.0044,374.681
8,2752,4,2048,51200,256,1,1,1,0.0025,229.115,0.0025,273.248,0.0022,458.231,0.0047,359.267
8,2760,4,2048,51200,256,1,1,1,0.0024,223.18,0.0024,281.453,0.0022,446.36,0.0047,360.463
8,2768,4,2048,51200,256,1,1,1,0.0025,234.84,0.0025,273.525,0.0021,469.68,0.0047,363.662
8,2776,4,2048,51200,256,1,1,1,0.0024,251.992,0.0024,283.238,0.002,503.984,0.0044,382.768
8,2784,4,2048,51200,256,1,1,1,0.0025,239.246,0.0025,275.304,0.0021,478.491,0.0046,368.14
8,2792,4,2048,51200,256,1,1,1,0.0025,233.351,0.0025,284.735,0.0022,466.702,0.0046,370.564
8,2800,4,2048,51200,256,1,1,1,0.0025,247.792,0.0025,276.297,0.0021,495.585,0.0046,374.862
8,2808,4,2048,51200,256,1,1,1,0.0025,241.523,0.0025,286.288,0.0021,483.045,0.0046,377.748
8,2816,4,2048,51200,256,1,1,1,0.0025,227.903,0.0025,278.495,0.0023,455.805,0.0048,362.294
8,2824,4,2048,51200,256,1,1,1,0.0025,211.811,0.0025,286.636,0.0025,423.622,0.005,354.893
8,2832,4,2048,51200,256,1,1,1,0.0026,218.061,0.0026,278.313,0.0024,436.121,0.005,354.667
8,2840,4,2048,51200,256,1,1,1,0.0025,198.813,0.0025,288.307,0.0027,397.625,0.0052,344.708
8,2848,4,2048,51200,256,1,1,1,0.0026,231.093,0.0026,280.375,0.0023,462.186,0.0049,366.112
8,2856,4,2048,51200,256,1,1,1,0.0025,221.075,0.0025,290.053,0.0024,442.15,0.0049,364.777
8,2864,4,2048,51200,256,1,1,1,0.0026,213.08,0.0026,281.343,0.0025,426.16,0.0051,352.746
8,2872,4,2048,51200,256,1,1,1,0.0025,232.178,0.0025,291.558,0.0023,464.356,0.0048,374.623
8,2880,4,2048,51200,256,1,1,1,0.0026,194.553,0.0026,283.851,0.0028,389.107,0.0054,338.413
8,2888,4,2048,51200,256,1,1,1,0.0025,212.251,0.0025,293.481,0.0026,424.502,0.0051,359.665
8,2896,4,2048,51200,256,1,1,1,0.0026,218.659,0.0026,284.633,0.0025,437.318,0.0051,359.484
8,2904,4,2048,51200,256,1,1,1,0.0025,225.982,0.0025,294.957,0.0024,451.964,0.005,372.061
8,2912,4,2048,51200,256,1,1,1,0.0026,218.557,0.0026,286.777,0.0025,437.113,0.0052,360.83
8,2920,4,2048,51200,256,1,1,1,0.0025,241.539,0.0025,296.657,0.0023,483.078,0.0049,385.441
8,2928,4,2048,51200,256,1,1,1,0.0026,228.529,0.0026,287.82,0.0025,457.058,0.0051,369.511
8,2936,4,2048,51200,256,1,1,1,0.0026,217.026,0.0026,297.5,0.0026,434.051,0.0052,366.329
8,2944,4,2048,51200,256,1,1,1,0.0026,236.379,0.0026,289.86,0.0024,472.758,0.005,376.99
8,2952,4,2048,51200,256,1,1,1,0.0026,247.538,0.0026,298.911,0.0023,495.077,0.0049,391.643
8,2960,4,2048,51200,256,1,1,1,0.0027,226.792,0.0027,289.506,0.0025,453.583,0.0052,369.373
8,2968,4,2048,51200,256,1,1,1,0.0026,233.539,0.0026,299.913,0.0025,467.078,0.0051,381.563
8,2976,4,2048,51200,256,1,1,1,0.0027,238.301,0.0027,291.097,0.0024,476.602,0.0051,379.42
8,2984,4,2048,51200,256,1,1,1,0.0026,241.535,0.0026,301.37,0.0024,483.071,0.005,388.874
8,2992,4,2048,51200,256,1,1,1,0.0027,240.31,0.0027,291.907,0.0024,480.619,0.0051,381.557
8,3000,4,2048,51200,256,1,1,1,0.0026,231.988,0.0026,302.761,0.0025,463.975,0.0052,382.264
8,3008,4,2048,51200,256,1,1,1,0.0027,237.296,0.0027,293.905,0.0025,474.592,0.0052,380.68
8,3016,4,2048,51200,256,1,1,1,0.0026,250.535,0.0026,305.315,0.0024,501.069,0.005,398.568
8,3024,4,2048,51200,256,1,1,1,0.0027,221.595,0.0027,296.299,0.0027,443.19,0.0054,369.703
8,3032,4,2048,51200,256,1,1,1,0.0026,239.731,0.0026,306.509,0.0025,479.463,0.0051,391.03
8,3040,4,2048,51200,256,1,1,1,0.0027,243.792,0.0027,298.005,0.0025,487.584,0.0052,388.555
8,3048,4,2048,51200,256,1,1,1,0.0026,226.763,0.0026,308.198,0.0027,453.526,0.0053,381.487
8,3056,4,2048,51200,256,1,1,1,0.0027,238.471,0.0027,299.176,0.0026,476.942,0.0053,385.295
8,3064,4,2048,51200,256,1,1,1,0.0027,248.553,0.0027,309.747,0.0025,497.106,0.0051,400.232
8,3072,4,2048,51200,256,1,1,1,0.0027,225.543,0.0027,301.146,0.0027,451.086,0.0055,376.169
8,3080,4,2048,51200,256,1,1,1,0.0027,231.171,0.0027,309.389,0.0027,462.341,0.0054,386.034
8,3088,4,2048,51200,256,1,1,1,0.0028,231.842,0.0028,299.366,0.0027,463.684,0.0055,380.261
8,3096,4,2048,51200,256,1,1,1,0.0027,225.327,0.0027,310.345,0.0028,450.655,0.0055,381.706
8,3104,4,2048,51200,256,1,1,1,0.0028,224.669,0.0028,301.308,0.0028,449.338,0.0056,375.634
8,3112,4,2048,51200,256,1,1,1,0.0027,241.502,0.0027,312.131,0.0026,483.004,0.0053,396.375
8,3120,4,2048,51200,256,1,1,1,0.0028,216.027,0.0028,301.817,0.003,432.054,0.0058,368.582
8,3128,4,2048,51200,256,1,1,1,0.0027,223.681,0.0027,312.848,0.0029,447.361,0.0056,381.863
8,3136,4,2048,51200,256,1,1,1,0.0028,227.185,0.0028,303.231,0.0028,454.369,0.0057,379.033
8,3144,4,2048,51200,256,1,1,1,0.0027,230.405,0.0027,312.744,0.0028,460.81,0.0056,387.651
8,3152,4,2048,51200,256,1,1,1,0.0028,231.178,0.0028,302.883,0.0028,462.355,0.0057,382.174
8,3160,4,2048,51200,256,1,1,1,0.0028,218.261,0.0028,313.261,0.003,436.522,0.0058,377.375
8,3168,4,2048,51200,256,1,1,1,0.0029,232.777,0.0029,304.5,0.0028,465.553,0.0057,384.564
8,3176,4,2048,51200,256,1,1,1,0.0028,236.973,0.0028,314.523,0.0028,473.946,0.0056,394.38
8,3184,4,2048,51200,256,1,1,1,0.0029,231.625,0.0029,304.741,0.0029,463.251,0.0057,383.817
8,3192,4,2048,51200,256,1,1,1,0.0028,220.329,0.0028,315.378,0.003,440.658,0.0058,380.535
8,3200,4,2048,51200,256,1,1,1,0.0029,241.406,0.0029,306.374,0.0028,482.811,0.0057,392.859
8,3208,4,2048,51200,256,1,1,1,0.0028,227.455,0.0028,316.631,0.003,454.909,0.0058,387.628
8,3216,4,2048,51200,256,1,1,1,0.0029,251.341,0.0029,306.208,0.0027,502.682,0.0056,400.568
8,3224,4,2048,51200,256,1,1,1,0.0028,235.707,0.0028,317.022,0.0029,471.414,0.0057,395.011
8,3232,4,2048,51200,256,1,1,1,0.0029,227.386,0.0029,307.242,0.003,454.772,0.0059,381.957
8,3240,4,2048,51200,256,1,1,1,0.0028,235.897,0.0028,318.642,0.0029,471.794,0.0058,396.215
8,3248,4,2048,51200,256,1,1,1,0.003,238.431,0.003,308.059,0.0029,476.861,0.0059,391.708
8,3256,4,2048,51200,256,1,1,1,0.0029,232.319,0.0029,319.225,0.003,464.638,0.0059,393.542
8,3264,4,2048,51200,256,1,1,1,0.003,207.206,0.003,309.788,0.0034,414.412,0.0063,365.477
8,3272,4,2048,51200,256,1,1,1,0.0029,228.026,0.0029,321.489,0.0031,456.052,0.0059,391.166
8,3280,4,2048,51200,256,1,1,1,0.003,256.521,0.003,312.654,0.0027,513.041,0.0057,409.151
8,3288,4,2048,51200,256,1,1,1,0.0029,231.067,0.0029,322.526,0.0031,462.133,0.0059,394.506
8,3296,4,2048,51200,256,1,1,1,0.003,233.374,0.003,314.276,0.0031,466.747,0.006,391.544
8,3304,4,2048,51200,256,1,1,1,0.0029,235.508,0.0029,323.94,0.003,471.017,0.0059,399.274
8,3312,4,2048,51200,256,1,1,1,0.003,228.241,0.003,314.59,0.0031,456.483,0.0061,387.361
8,3320,4,2048,51200,256,1,1,1,0.0029,224.604,0.0029,324.264,0.0032,449.209,0.0061,389.807
8,3328,4,2048,51200,256,1,1,1,0.003,228.352,0.003,316.514,0.0032,456.704,0.0062,388.649
8,3336,4,2048,51200,256,1,1,1,0.0029,226.622,0.0029,323.933,0.0032,453.245,0.0062,391.482
8,3344,4,2048,51200,256,1,1,1,0.003,211.097,0.003,313.921,0.0035,422.195,0.0065,371.563
8,3352,4,2048,51200,256,1,1,1,0.003,212.275,0.003,324.932,0.0035,424.55,0.0064,378.696
8,3360,4,2048,51200,256,1,1,1,0.0031,198.72,0.0031,315.725,0.0037,397.44,0.0068,360.593
8,3368,4,2048,51200,256,1,1,1,0.003,222.634,0.003,326.423,0.0033,445.269,0.0063,389.324
8,3376,4,2048,51200,256,1,1,1,0.0031,223.822,0.0031,315.931,0.0033,447.644,0.0064,384.413
8,3384,4,2048,51200,256,1,1,1,0.003,228.355,0.003,327.818,0.0033,456.709,0.0063,395.393
8,3392,4,2048,51200,256,1,1,1,0.0031,221.068,0.0031,314.275,0.0034,442.135,0.0065,381.016
8,3400,4,2048,51200,256,1,1,1,0.003,229.374,0.003,328.966,0.0033,458.749,0.0063,397.013
8,3408,4,2048,51200,256,1,1,1,0.0031,223.841,0.0031,318.639,0.0034,447.681,0.0065,386.075
8,3416,4,2048,51200,256,1,1,1,0.003,218.698,0.003,329.93,0.0035,437.396,0.0065,387.659
8,3424,4,2048,51200,256,1,1,1,0.0031,236.281,0.0031,320.441,0.0033,472.562,0.0064,398.138
8,3432,4,2048,51200,256,1,1,1,0.003,225.261,0.003,331.447,0.0034,450.522,0.0065,394.703
8,3440,4,2048,51200,256,1,1,1,0.0031,232.055,0.0031,321.191,0.0033,464.109,0.0065,394.954
8,3448,4,2048,51200,256,1,1,1,0.003,221.22,0.003,332.411,0.0035,442.441,0.0066,391.467
8,3456,4,2048,51200,256,1,1,1,0.0031,219.412,0.0031,322.672,0.0036,438.825,0.0067,384.407
8,3464,4,2048,51200,256,1,1,1,0.003,221.238,0.003,335.979,0.0036,442.476,0.0066,393.447
8,3472,4,2048,51200,256,1,1,1,0.0031,222.652,0.0031,325.307,0.0035,445.304,0.0067,388.922
8,3480,4,2048,51200,256,1,1,1,0.003,219.887,0.003,337.205,0.0036,439.773,0.0067,392.828
8,3488,4,2048,51200,256,1,1,1,0.0032,240.702,0.0032,327.128,0.0033,481.404,0.0065,406.17
8,3496,4,2048,51200,256,1,1,1,0.0031,228.419,0.0031,338.722,0.0035,456.837,0.0066,401.822
8,3504,4,2048,51200,256,1,1,1,0.0032,222.846,0.0032,327.691,0.0036,445.692,0.0068,390.498
8,3512,4,2048,51200,256,1,1,1,0.0031,228.771,0.0031,339.451,0.0035,457.542,0.0066,402.586
8,3520,4,2048,51200,256,1,1,1,0.0032,215.604,0.0032,329.826,0.0038,431.208,0.0069,384.81
8,3528,4,2048,51200,256,1,1,1,0.0031,226.114,0.0031,337.721,0.0036,452.229,0.0067,399.157
8,3536,4,2048,51200,256,1,1,1,0.0032,219.994,0.0032,328.229,0.0037,439.988,0.0069,388.174
8,3544,4,2048,51200,256,1,1,1,0.0031,238.356,0.0031,339.921,0.0035,476.711,0.0066,411.772
8,3552,4,2048,51200,256,1,1,1,0.0032,228.078,0.0032,329.993,0.0036,456.157,0.0069,396.732
8,3560,4,2048,51200,256,1,1,1,0.0031,248.171,0.0031,341.566,0.0033,496.341,0.0065,421.53
8,3568,4,2048,51200,256,1,1,1,0.0032,243.155,0.0032,330.851,0.0034,486.31,0.0067,410.744
8,3576,4,2048,51200,256,1,1,1,0.0031,223.14,0.0031,342.487,0.0038,446.28,0.0069,398.955
8,3584,4,2048,51200,256,1,1,1,0.0033,217.213,0.0033,332.534,0.0039,434.426,0.0071,387.915
8,3592,4,2048,51200,256,1,1,1,0.0032,221.629,0.0032,342.492,0.0038,443.258,0.007,397.508
8,3600,4,2048,51200,256,1,1,1,0.0033,201.019,0.0033,331.81,0.0042,402.039,0.0075,371.305
8,3608,4,2048,51200,256,1,1,1,0.0032,229.933,0.0032,343.996,0.0037,459.866,0.0069,406.355
8,3616,4,2048,51200,256,1,1,1,0.0033,230.472,0.0033,333.837,0.0037,460.944,0.007,401.236
8,3624,4,2048,51200,256,1,1,1,0.0032,217.294,0.0032,345.084,0.004,434.587,0.0072,394.599
8,3632,4,2048,51200,256,1,1,1,0.0033,219.006,0.0033,334.868,0.0039,438.012,0.0073,390.973
8,3640,4,2048,51200,256,1,1,1,0.0032,219.887,0.0032,346.717,0.0039,439.774,0.0072,398.056
8,3648,4,2048,51200,256,1,1,1,0.0033,223.001,0.0033,336.807,0.0039,446.001,0.0072,395.896
8,3656,4,2048,51200,256,1,1,1,0.0032,244.113,0.0032,350.546,0.0036,488.227,0.0068,423.338
8,3664,4,2048,51200,256,1,1,1,0.0033,212.779,0.0033,339.828,0.0041,425.557,0.0074,387.426
8,3672,4,2048,51200,256,1,1,1,0.0032,213.181,0.0032,351.665,0.0041,426.362,0.0074,393.742
8,3680,4,2048,51200,256,1,1,1,0.0033,223.119,0.0033,342.188,0.004,446.238,0.0073,398.938
8,3688,4,2048,51200,256,1,1,1,0.0032,228.61,0.0032,353.837,0.0039,457.22,0.0071,410.471
8,3696,4,2048,51200,256,1,1,1,0.0033,233.585,0.0033,342.818,0.0038,467.171,0.0072,409.312
8,3704,4,2048,51200,256,1,1,1,0.0032,236.046,0.0032,354.798,0.0038,472.093,0.007,418.227
8,3712,4,2048,51200,256,1,1,1,0.0033,224.336,0.0033,345.055,0.004,448.673,0.0074,401.692
8,3720,4,2048,51200,256,1,1,1,0.0033,237.352,0.0033,355.269,0.0038,474.704,0.0071,419.759
8,3728,4,2048,51200,256,1,1,1,0.0034,232.998,0.0034,343.833,0.0039,465.997,0.0073,409.379
8,3736,4,2048,51200,256,1,1,1,0.0033,229.187,0.0033,356.302,0.004,458.374,0.0073,412.4
8,3744,4,2048,51200,256,1,1,1,0.0034,190.896,0.0034,345.644,0.0048,381.792,0.0082,366.866
8,3752,4,2048,51200,256,1,1,1,0.0033,231.842,0.0033,357.963,0.004,463.684,0.0073,415.91
8,3760,4,2048,51200,256,1,1,1,0.0034,220.975,0.0034,346.191,0.0042,441.95,0.0076,399.034
8,3768,4,2048,51200,256,1,1,1,0.0033,248.422,0.0033,358.525,0.0037,496.843,0.007,432.052
8,3776,4,2048,51200,256,1,1,1,0.0034,223.769,0.0034,347.806,0.0042,447.538,0.0076,402.669
8,3784,4,2048,51200,256,1,1,1,0.0034,230.006,0.0034,355.155,0.0041,460.012,0.0074,412.678
8,3792,4,2048,51200,256,1,1,1,0.0034,235.731,0.0034,348.015,0.004,471.463,0.0074,414.375
8,3800,4,2048,51200,256,1,1,1,0.0033,210.53,0.0033,359.919,0.0045,421.06,0.0078,395.006
8,3808,4,2048,51200,256,1,1,1,0.0035,230.506,0.0035,347.084,0.0041,461.011,0.0076,408.91
8,3816,4,2048,51200,256,1,1,1,0.0033,236.599,0.0033,361.87,0.004,473.198,0.0074,422.729
8,3824,4,2048,51200,256,1,1,1,0.0035,218.981,0.0035,351.103,0.0044,437.962,0.0078,399.608
8,3832,4,2048,51200,256,1,1,1,0.0034,209.504,0.0034,363.018,0.0046,419.009,0.008,395.357
8,3840,4,2048,51200,256,1,1,1,0.0035,190.695,0.0035,353.18,0.0051,381.391,0.0085,369.933
8,3848,4,2048,51200,256,1,1,1,0.0034,205.586,0.0034,363.183,0.0047,411.172,0.0081,391.137
8,3856,4,2048,51200,256,1,1,1,0.0035,227.426,0.0035,351.47,0.0043,454.852,0.0078,408.307
8,3864,4,2048,51200,256,1,1,1,0.0034,198.753,0.0034,364.306,0.0049,397.506,0.0083,383.949
8,3872,4,2048,51200,256,1,1,1,0.0035,188.475,0.0035,352.991,0.0052,376.949,0.0087,367.293
8,3880,4,2048,51200,256,1,1,1,0.0034,230.899,0.0034,365.866,0.0043,461.799,0.0077,419.231
8,3888,4,2048,51200,256,1,1,1,0.0035,212.592,0.0035,353.902,0.0047,425.184,0.0082,394.428
8,3896,4,2048,51200,256,1,1,1,0.0034,212.719,0.0034,366.868,0.0047,425.438,0.0081,400.68
8,3904,4,2048,51200,256,1,1,1,0.0035,234.137,0.0035,355.929,0.0043,468.275,0.0078,417.308
8,3912,4,2048,51200,256,1,1,1,0.0034,215.188,0.0034,368.763,0.0047,430.375,0.0081,404.248
8,3920,4,2048,51200,256,1,1,1,0.0035,224.941,0.0035,357.845,0.0045,449.882,0.008,409.182
8,3928,4,2048,51200,256,1,1,1,0.0034,195.505,0.0034,370.031,0.0052,391.01,0.0086,382.623
8,3936,4,2048,51200,256,1,1,1,0.0036,217.619,0.0036,359.237,0.0047,435.239,0.0082,402.337
8,3944,4,2048,51200,256,1,1,1,0.0035,226.929,0.0035,371.677,0.0045,453.859,0.0079,418.132
8,3952,4,2048,51200,256,1,1,1,0.0036,231.558,0.0036,359.752,0.0044,463.116,0.008,416.845
8,3960,4,2048,51200,256,1,1,1,0.0035,215.153,0.0035,372.523,0.0048,430.306,0.0082,405.984
8,3968,4,2048,51200,256,1,1,1,0.0036,214.101,0.0036,361.506,0.0048,428.203,0.0084,399.726
8,3976,4,2048,51200,256,1,1,1,0.0035,213.865,0.0035,374.453,0.0048,427.73,0.0083,405.46
8,3984,4,2048,51200,256,1,1,1,0.0036,205.376,0.0036,363.003,0.0051,410.752,0.0087,390.907
8,3992,4,2048,51200,256,1,1,1,0.0036,206.564,0.0036,368.636,0.0051,413.127,0.0086,394.745
8,4000,4,2048,51200,256,1,1,1,0.0036,227.904,0.0036,364.961,0.0046,455.807,0.0082,415.875
8,4008,4,2048,51200,256,1,1,1,0.0035,212.116,0.0035,377.564,0.005,424.232,0.0085,404.93
8,4016,4,2048,51200,256,1,1,1,0.0036,206.055,0.0036,365.795,0.0051,412.111,0.0088,392.929
8,4024,4,2048,51200,256,1,1,1,0.0035,218.131,0.0035,378.538,0.0049,436.261,0.0084,412.042
8,4032,4,2048,51200,256,1,1,1,0.0036,199.439,0.0036,367.753,0.0053,398.878,0.009,386.28
8,4040,4,2048,51200,256,1,1,1,0.0035,231.49,0.0035,378.322,0.0046,462.981,0.0082,426.233
8,4048,4,2048,51200,256,1,1,1,0.0037,218.016,0.0037,366.315,0.0049,436.031,0.0086,406.251
8,4056,4,2048,51200,256,1,1,1,0.0036,218.272,0.0036,379.598,0.0049,436.544,0.0085,412.703
8,4064,4,2048,51200,256,1,1,1,0.0037,238.225,0.0037,368.01,0.0045,476.45,0.0082,427.907
8,4072,4,2048,51200,256,1,1,1,0.0036,222.135,0.0036,381.412,0.0049,444.269,0.0085,417.77
8,4080,4,2048,51200,256,1,1,1,0.0037,212.202,0.0037,368.913,0.0051,424.404,0.0088,401.183
8,4088,4,2048,51200,256,1,1,1,0.0036,199.514,0.0036,382.79,0.0055,399.028,0.0091,392.621
8,4096,4,2048,51200,256,1,1,1,0.0037,229.145,0.0037,370.903,0.0048,458.29,0.0085,420.212
8,4104,4,2048,51200,256,1,1,1,0.0036,210.349,0.0036,384.751,0.0052,420.698,0.0088,406.108
8,4112,4,2048,51200,256,1,1,1,0.0037,192.133,0.0037,373.089,0.0058,384.267,0.0095,379.891
8,4120,4,2048,51200,256,1,1,1,0.0036,202.408,0.0036,385.941,0.0055,404.816,0.0091,397.347
8,4128,4,2048,51200,256,1,1,1,0.0037,203.696,0.0037,374.996,0.0055,407.392,0.0092,394.303
8,4136,4,2048,51200,256,1,1,1,0.0036,180.407,0.0036,387.43,0.0062,360.814,0.0098,370.594
8,4144,4,2048,51200,256,1,1,1,0.0037,204.648,0.0037,375.911,0.0055,409.296,0.0092,395.796
8,4152,4,2048,51200,256,1,1,1,0.0036,201.459,0.0036,388.002,0.0056,402.918,0.0092,397.057
8,4160,4,2048,51200,256,1,1,1,0.0037,178.947,0.0037,378.223,0.0063,357.895,0.0101,365.435
8,4168,4,2048,51200,256,1,1,1,0.0036,198.634,0.0036,389.491,0.0057,397.268,0.0094,394.247
8,4176,4,2048,51200,256,1,1,1,0.0038,198.997,0.0038,377.255,0.0057,397.994,0.0095,389.773
8,4184,4,2048,51200,256,1,1,1,0.0037,218.897,0.0037,390.809,0.0052,437.793,0.0089,418.493
8,4192,4,2048,51200,256,1,1,1,0.0038,207.805,0.0038,379.745,0.0055,415.61,0.0093,401.082
8,4200,4,2048,51200,256,1,1,1,0.0037,212.494,0.0037,392.075,0.0054,424.989,0.0091,411.736
8,4208,4,2048,51200,256,1,1,1,0.0038,208.665,0.0038,381.095,0.0056,417.331,0.0093,402.654
8,4216,4,2048,51200,256,1,1,1,0.0037,217.819,0.0037,393.846,0.0053,435.638,0.009,418.614
8,4224,4,2048,51200,256,1,1,1,0.0038,215.155,0.0038,382.703,0.0054,430.309,0.0092,410.732
8,4232,4,2048,51200,256,1,1,1,0.0037,213.992,0.0037,393.576,0.0055,427.984,0.0092,414.115
8,4240,4,2048,51200,256,1,1,1,0.0038,217.897,0.0038,380.743,0.0054,435.795,0.0092,412.927
8,4248,4,2048,51200,256,1,1,1,0.0037,201.418,0.0037,395.191,0.0059,402.836,0.0096,399.874
8,4256,4,2048,51200,256,1,1,1,0.0038,224.974,0.0038,382.926,0.0053,449.948,0.0091,421.693
8,4264,4,2048,51200,256,1,1,1,0.0037,210.409,0.0037,396.849,0.0057,420.818,0.0094,411.31
8,4272,4,2048,51200,256,1,1,1,0.0039,236.459,0.0039,383.512,0.0051,472.919,0.0089,434.186
8,4280,4,2048,51200,256,1,1,1,0.0037,220.284,0.0037,397.996,0.0054,440.569,0.0092,423.248
8,4288,4,2048,51200,256,1,1,1,0.0039,196.848,0.0039,385.673,0.0061,393.695,0.01,390.588
8,4296,4,2048,51200,256,1,1,1,0.0037,188.237,0.0037,401.152,0.0064,376.475,0.0102,385.544
8,4304,4,2048,51200,256,1,1,1,0.0039,205.267,0.0039,389.034,0.0059,410.534,0.0098,402.04
8,4312,4,2048,51200,256,1,1,1,0.0038,219.552,0.0038,401.971,0.0056,439.105,0.0093,424.129
8,4320,4,2048,51200,256,1,1,1,0.0039,179.866,0.0039,391.555,0.0068,359.732,0.0107,371.263
8,4328,4,2048,51200,256,1,1,1,0.0038,200.847,0.0038,403.64,0.0061,401.694,0.0099,402.435
8,4336,4,2048,51200,256,1,1,1,0.0039,205.496,0.0039,391.596,0.006,410.991,0.0099,403.36
8,4344,4,2048,51200,256,1,1,1,0.0038,207.242,0.0038,404.956,0.006,414.484,0.0097,410.793
8,4352,4,2048,51200,256,1,1,1,0.0039,167.58,0.0039,394.003,0.0074,335.16,0.0113,355.428
8,4360,4,2048,51200,256,1,1,1,0.0038,204.64,0.0038,405.604,0.0061,409.279,0.0099,407.868
8,4368,4,2048,51200,256,1,1,1,0.0039,191.949,0.0039,392.937,0.0065,383.899,0.0104,387.299
8,4376,4,2048,51200,256,1,1,1,0.0038,205.86,0.0038,406.485,0.0061,411.721,0.0099,409.707
8,4384,4,2048,51200,256,1,1,1,0.0039,192.0,0.0039,394.11,0.0066,384.0,0.0105,387.795
8,4392,4,2048,51200,256,1,1,1,0.0038,214.394,0.0038,408.109,0.0059,428.787,0.0097,420.658
8,4400,4,2048,51200,256,1,1,1,0.004,201.816,0.004,395.635,0.0063,403.632,0.0102,400.545
8,4408,4,2048,51200,256,1,1,1,0.0038,204.489,0.0038,409.459,0.0062,408.978,0.0101,409.161
8,4416,4,2048,51200,256,1,1,1,0.004,221.851,0.004,397.706,0.0058,443.702,0.0097,424.968
8,4424,4,2048,51200,256,1,1,1,0.0039,204.424,0.0039,408.362,0.0063,408.849,0.0101,408.663
8,4432,4,2048,51200,256,1,1,1,0.004,230.5,0.004,395.288,0.0056,461.001,0.0096,433.541
8,4440,4,2048,51200,256,1,1,1,0.0039,214.781,0.0039,409.485,0.006,429.562,0.0099,421.686
8,4448,4,2048,51200,256,1,1,1,0.004,203.588,0.004,397.054,0.0064,407.176,0.0104,403.261
8,4456,4,2048,51200,256,1,1,1,0.0039,228.683,0.0039,411.24,0.0057,457.366,0.0096,438.633
8,4464,4,2048,51200,256,1,1,1,0.004,224.786,0.004,397.676,0.0058,449.573,0.0098,428.295
8,4472,4,2048,51200,256,1,1,1,0.0039,201.992,0.0039,411.637,0.0065,403.985,0.0104,406.864
8,4480,4,2048,51200,256,1,1,1,0.004,132.681,0.004,399.521,0.0099,265.362,0.014,304.238
8,4488,4,2048,51200,256,1,1,1,0.0039,210.012,0.0039,415.894,0.0063,420.024,0.0102,418.443
8,4496,4,2048,51200,256,1,1,1,0.004,202.066,0.004,403.19,0.0066,404.132,0.0106,403.773
8,4504,4,2048,51200,256,1,1,1,0.0039,149.661,0.0039,417.184,0.0089,299.321,0.0128,335.352
8,4512,4,2048,51200,256,1,1,1,0.004,222.573,0.004,405.251,0.006,445.146,0.01,429.085
8,4520,4,2048,51200,256,1,1,1,0.0039,213.559,0.0039,418.61,0.0063,427.117,0.0102,423.843
8,4528,4,2048,51200,256,1,1,1,0.0041,204.454,0.0041,406.142,0.0066,408.908,0.0106,407.852
8,4536,4,2048,51200,256,1,1,1,0.0039,217.732,0.0039,420.447,0.0062,435.464,0.0101,429.633
8,4544,4,2048,51200,256,1,1,1,0.0041,201.999,0.0041,407.755,0.0067,403.998,0.0108,405.417
8,4552,4,2048,51200,256,1,1,1,0.0039,233.601,0.0039,421.386,0.0058,467.202,0.0098,448.673
8,4560,4,2048,51200,256,1,1,1,0.0041,212.964,0.0041,409.095,0.0064,425.927,0.0105,419.374
8,4568,4,2048,51200,256,1,1,1,0.004,220.758,0.004,422.514,0.0062,441.516,0.0102,434.103
8,4576,4,2048,51200,256,1,1,1,0.0041,228.676,0.0041,411.19,0.006,457.351,0.0101,438.657
8,4584,4,2048,51200,256,1,1,1,0.004,225.28,0.004,424.231,0.0061,450.561,0.0101,440.192
8,4592,4,2048,51200,256,1,1,1,0.0041,232.375,0.0041,411.927,0.0059,464.749,0.01,443.184
8,4600,4,2048,51200,256,1,1,1,0.004,201.091,0.004,425.845,0.0069,402.183,0.0109,410.844
8,4608,4,2048,51200,256,1,1,1,0.0041,186.914,0.0041,413.798,0.0074,373.829,0.0116,388.046
8,4616,4,2048,51200,256,1,1,1,0.004,141.953,0.004,425.388,0.0098,283.905,0.0138,324.884
8,4624,4,2048,51200,256,1,1,1,0.0042,217.458,0.0042,411.473,0.0064,434.917,0.0106,425.72
8,4632,4,2048,51200,256,1,1,1,0.004,209.092,0.004,426.127,0.0067,418.184,0.0108,421.16
8,4640,4,2048,51200,256,1,1,1,0.0042,142.477,0.0042,413.517,0.0099,284.953,0.0141,323.017
8,4648,4,2048,51200,256,1,1,1,0.004,216.74,0.004,428.332,0.0065,433.48,0.0106,431.515
8,4656,4,2048,51200,256,1,1,1,0.0042,204.339,0.0042,414.127,0.007,408.678,0.0111,410.725
8,4664,4,2048,51200,256,1,1,1,0.004,210.223,0.004,429.545,0.0068,420.446,0.0108,423.847
8,4672,4,2048,51200,256,1,1,1,0.0042,221.315,0.0042,416.179,0.0065,442.63,0.0107,432.226
8,4680,4,2048,51200,256,1,1,1,0.0041,226.801,0.0041,428.69,0.0063,453.602,0.0104,443.836
8,4688,4,2048,51200,256,1,1,1,0.0042,194.516,0.0042,415.486,0.0074,389.032,0.0116,398.641
8,4696,4,2048,51200,256,1,1,1,0.0041,204.822,0.0041,429.736,0.0071,409.645,0.0112,417.025
8,4704,4,2048,51200,256,1,1,1,0.0042,230.79,0.0042,417.313,0.0063,461.58,0.0105,443.766
8,4712,4,2048,51200,256,1,1,1,0.0041,205.127,0.0041,431.37,0.0071,410.255,0.0112,417.996
8,4720,4,2048,51200,256,1,1,1,0.0043,204.659,0.0043,417.84,0.0071,409.318,0.0114,412.501
8,4728,4,2048,51200,256,1,1,1,0.0041,145.669,0.0041,432.45,0.0101,291.339,0.0142,332.357
8,4736,4,2048,51200,256,1,1,1,0.0043,208.459,0.0043,419.706,0.0071,416.918,0.0113,417.968
8,4744,4,2048,51200,256,1,1,1,0.0041,203.613,0.0041,436.476,0.0072,407.226,0.0114,417.812
8,4752,4,2048,51200,256,1,1,1,0.0043,140.645,0.0043,422.659,0.0105,281.29,0.0148,322.003
8,4760,4,2048,51200,256,1,1,1,0.0041,204.233,0.0041,437.095,0.0073,408.466,0.0114,418.834
8,4768,4,2048,51200,256,1,1,1,0.0043,209.614,0.0043,424.268,0.0071,419.227,0.0114,421.118
8,4776,4,2048,51200,256,1,1,1,0.0042,206.529,0.0042,436.075,0.0072,413.057,0.0114,421.462
8,4784,4,2048,51200,256,1,1,1,0.0043,188.394,0.0043,425.376,0.008,376.787,0.0122,393.777
8,4792,4,2048,51200,256,1,1,1,0.0041,194.926,0.0041,440.453,0.0077,389.852,0.0119,407.534
8,4800,4,2048,51200,256,1,1,1,0.0043,198.366,0.0043,427.535,0.0076,396.733,0.0119,407.827
8,4808,4,2048,51200,256,1,1,1,0.0042,188.807,0.0042,441.419,0.008,377.614,0.0122,399.41
8,4816,4,2048,51200,256,1,1,1,0.0043,234.991,0.0043,427.552,0.0065,469.981,0.0108,453.013
8,4824,4,2048,51200,256,1,1,1,0.0042,192.912,0.0042,444.753,0.0079,385.824,0.0121,406.132
8,4832,4,2048,51200,256,1,1,1,0.0043,205.986,0.0043,429.137,0.0074,411.973,0.0117,418.285
8,4840,4,2048,51200,256,1,1,1,0.0042,229.001,0.0042,443.971,0.0067,458.001,0.0109,452.606
8,4848,4,2048,51200,256,1,1,1,0.0043,231.193,0.0043,429.808,0.0067,462.386,0.011,449.534
8,4856,4,2048,51200,256,1,1,1,0.0042,207.112,0.0042,445.54,0.0075,414.224,0.0117,425.503
8,4864,4,2048,51200,256,1,1,1,0.0043,147.775,0.0043,432.091,0.0105,295.551,0.0148,335.528
8,4872,4,2048,51200,256,1,1,1,0.0042,182.363,0.0042,445.222,0.0085,364.726,0.0128,391.404
8,4880,4,2048,51200,256,1,1,1,0.0044,185.973,0.0044,431.023,0.0084,371.946,0.0128,392.208
8,4888,4,2048,51200,256,1,1,1,0.0042,209.835,0.0042,447.177,0.0075,419.67,0.0117,429.629
8,4896,4,2048,51200,256,1,1,1,0.0044,178.391,0.0044,432.999,0.0088,356.781,0.0132,382.125
8,4904,4,2048,51200,256,1,1,1,0.0042,186.5,0.0042,448.306,0.0085,373.0,0.0127,398.198
8,4912,4,2048,51200,256,1,1,1,0.0044,218.456,0.0044,433.919,0.0072,436.912,0.0116,435.78
8,4920,4,2048,51200,256,1,1,1,0.0043,186.796,0.0043,450.059,0.0085,373.592,0.0128,399.129
8,4928,4,2048,51200,256,1,1,1,0.0044,186.503,0.0044,438.193,0.0085,373.005,0.0129,395.138
8,4936,4,2048,51200,256,1,1,1,0.0043,195.067,0.0043,452.551,0.0082,390.134,0.0124,411.5
8,4944,4,2048,51200,256,1,1,1,0.0044,187.814,0.0044,439.387,0.0085,375.629,0.0129,397.33
8,4952,4,2048,51200,256,1,1,1,0.0043,228.6,0.0043,453.813,0.007,457.2,0.0113,455.919
8,4960,4,2048,51200,256,1,1,1,0.0044,203.632,0.0044,441.397,0.0079,407.263,0.0123,419.469
8,4968,4,2048,51200,256,1,1,1,0.0043,187.822,0.0043,455.816,0.0086,375.645,0.0129,402.261
8,4976,4,2048,51200,256,1,1,1,0.0044,228.687,0.0044,442.479,0.0071,457.374,0.0115,451.656
8,4984,4,2048,51200,256,1,1,1,0.0043,195.209,0.0043,456.457,0.0083,390.417,0.0126,412.882
8,4992,4,2048,51200,256,1,1,1,0.0044,205.991,0.0044,444.266,0.0079,411.982,0.0124,423.555
8,5000,4,2048,51200,256,1,1,1,0.0043,227.452,0.0043,456.509,0.0072,454.904,0.0115,455.506
8,5008,4,2048,51200,256,1,1,1,0.0045,188.326,0.0045,441.517,0.0087,376.652,0.0132,398.667
8,5016,4,2048,51200,256,1,1,1,0.0043,204.92,0.0043,457.654,0.008,409.84,0.0124,426.589
8,5024,4,2048,51200,256,1,1,1,0.0045,160.707,0.0045,443.186,0.0103,321.415,0.0148,358.418
8,5032,4,2048,51200,256,1,1,1,0.0043,189.359,0.0043,459.432,0.0088,378.719,0.0131,405.48
8,5040,4,2048,51200,256,1,1,1,0.0045,183.776,0.0045,443.46,0.0091,367.553,0.0136,392.808
8,5048,4,2048,51200,256,1,1,1,0.0044,235.024,0.0044,460.855,0.0071,470.049,0.0115,466.553
8,5056,4,2048,51200,256,1,1,1,0.0045,188.044,0.0045,445.678,0.0089,376.088,0.0134,399.512
8,5064,4,2048,51200,256,1,1,1,0.0044,189.207,0.0044,460.886,0.0089,378.414,0.0133,405.667
8,5072,4,2048,51200,256,1,1,1,0.0045,226.26,0.0045,446.283,0.0075,452.52,0.012,450.158
8,5080,4,2048,51200,256,1,1,1,0.0044,188.357,0.0044,462.124,0.009,376.714,0.0134,404.792
8,5088,4,2048,51200,256,1,1,1,0.0045,230.584,0.0045,448.368,0.0074,461.167,0.0119,456.28
8,5096,4,2048,51200,256,1,1,1,0.0044,192.132,0.0044,463.866,0.0089,384.264,0.0133,410.706
8,5104,4,2048,51200,256,1,1,1,0.0046,199.345,0.0046,449.066,0.0086,398.689,0.0131,416.204
8,5112,4,2048,51200,256,1,1,1,0.0044,144.207,0.0044,465.129,0.0119,288.413,0.0163,336.341
8,5120,4,2048,51200,256,1,1,1,0.0046,189.971,0.0046,450.876,0.009,379.941,0.0136,403.762
8,5128,4,2048,51200,256,1,1,1,0.0044,195.593,0.0044,464.848,0.0088,391.185,0.0133,415.896
8,5136,4,2048,51200,256,1,1,1,0.0046,137.44,0.0046,449.125,0.0126,274.88,0.0172,321.662
8,5144,4,2048,51200,256,1,1,1,0.0045,185.6,0.0045,466.353,0.0093,371.201,0.0138,401.939
8,5152,4,2048,51200,256,1,1,1,0.0046,197.396,0.0046,451.014,0.0088,394.791,0.0134,414.138
8,5160,4,2048,51200,256,1,1,1,0.0045,136.974,0.0045,467.825,0.0127,273.947,0.0172,324.307
8,5168,4,2048,51200,256,1,1,1,0.0046,181.438,0.0046,451.945,0.0096,362.875,0.0143,391.804
8,5176,4,2048,51200,256,1,1,1,0.0045,184.427,0.0045,469.08,0.0095,368.854,0.014,400.943
8,5184,4,2048,51200,256,1,1,1,0.0046,134.082,0.0046,453.772,0.0131,268.164,0.0178,316.676
8,5192,4,2048,51200,256,1,1,1,0.0045,185.23,0.0045,471.307,0.0095,370.459,0.014,402.727
8,5200,4,2048,51200,256,1,1,1,0.0047,183.372,0.0047,455.468,0.0097,366.744,0.0143,395.596
8,5208,4,2048,51200,256,1,1,1,0.0045,174.256,0.0045,472.225,0.0102,348.512,0.0147,386.406
8,5216,4,2048,51200,256,1,1,1,0.0047,184.548,0.0047,458.075,0.0097,369.096,0.0143,398.034
8,5224,4,2048,51200,256,1,1,1,0.0045,186.185,0.0045,473.538,0.0096,372.369,0.0141,404.727
8,5232,4,2048,51200,256,1,1,1,0.0047,207.248,0.0047,458.649,0.0087,414.496,0.0133,429.984
8,5240,4,2048,51200,256,1,1,1,0.0045,190.158,0.0045,474.842,0.0095,380.317,0.014,410.919
8,5248,4,2048,51200,256,1,1,1,0.0047,230.7,0.0047,461.087,0.0078,461.4,0.0125,461.283
8,5256,4,2048,51200,256,1,1,1,0.0045,218.831,0.0045,480.385,0.0083,437.662,0.0128,452.72
8,5264,4,2048,51200,256,1,1,1,0.0047,186.63,0.0047,464.299,0.0097,373.26,0.0144,402.792
8,5272,4,2048,51200,256,1,1,1,0.0045,226.594,0.0045,480.539,0.008,453.188,0.0126,463.041
8,5280,4,2048,51200,256,1,1,1,0.0047,186.003,0.0047,466.552,0.0098,372.006,0.0145,402.496
8,5288,4,2048,51200,256,1,1,1,0.0045,188.484,0.0045,482.2,0.0097,376.968,0.0143,410.447
8,5296,4,2048,51200,256,1,1,1,0.0047,143.456,0.0047,467.155,0.0128,286.912,0.0175,335.25
8,5304,4,2048,51200,256,1,1,1,0.0046,190.159,0.0046,483.359,0.0097,380.317,0.0142,413.232
8,5312,4,2048,51200,256,1,1,1,0.0047,199.619,0.0047,469.137,0.0093,399.237,0.014,422.77
8,5320,4,2048,51200,256,1,1,1,0.0046,141.602,0.0046,483.138,0.0131,283.204,0.0177,334.984
8,5328,4,2048,51200,256,1,1,1,0.0047,188.007,0.0047,468.447,0.0099,376.013,0.0146,405.927
8,5336,4,2048,51200,256,1,1,1,0.0046,186.706,0.0046,484.003,0.01,373.412,0.0146,408.245
8,5344,4,2048,51200,256,1,1,1,0.0047,143.382,0.0047,470.695,0.0131,286.765,0.0178,335.749
8,5352,4,2048,51200,256,1,1,1,0.0046,188.115,0.0046,486.016,0.01,376.23,0.0146,410.877
8,5360,4,2048,51200,256,1,1,1,0.0048,190.453,0.0048,469.203,0.0099,380.907,0.0147,409.682
8,5368,4,2048,51200,256,1,1,1,0.0046,206.353,0.0046,487.21,0.0092,412.707,0.0138,437.684
8,5376,4,2048,51200,256,1,1,1,0.0048,173.789,0.0048,473.495,0.0109,347.579,0.0157,385.867
8,5384,4,2048,51200,256,1,1,1,0.0046,225.303,0.0046,486.68,0.0084,450.607,0.0131,463.422
8,5392,4,2048,51200,256,1,1,1,0.0048,234.485,0.0048,470.792,0.0081,468.971,0.0129,469.649
8,5400,4,2048,51200,256,1,1,1,0.0047,187.218,0.0047,487.699,0.0102,374.436,0.0149,409.944
8,5408,4,2048,51200,256,1,1,1,0.0048,221.932,0.0048,472.668,0.0086,443.865,0.0135,454.186
8,5416,4,2048,51200,256,1,1,1,0.0047,191.554,0.0047,489.9,0.01,383.107,0.0147,417.001
8,5424,4,2048,51200,256,1,1,1,0.0048,202.885,0.0048,473.557,0.0095,405.77,0.0143,428.644
8,5432,4,2048,51200,256,1,1,1,0.0047,200.97,0.0047,490.717,0.0096,401.939,0.0143,431.004
8,5440,4,2048,51200,256,1,1,1,0.0048,176.578,0.0048,475.496,0.011,353.156,0.0158,390.611
8,5448,4,2048,51200,256,1,1,1,0.0047,188.8,0.0047,493.913,0.0103,377.6,0.015,413.924
8,5456,4,2048,51200,256,1,1,1,0.0048,143.207,0.0048,478.683,0.0136,286.414,0.0185,336.821
8,5464,4,2048,51200,256,1,1,1,0.0047,191.332,0.0047,495.174,0.0102,382.665,0.0149,418.05
8,5472,4,2048,51200,256,1,1,1,0.0048,191.725,0.0048,481.264,0.0102,383.45,0.0151,414.856
8,5480,4,2048,51200,256,1,1,1,0.0047,140.483,0.0047,496.706,0.014,280.965,0.0187,335.185
8,5488,4,2048,51200,256,1,1,1,0.0049,191.314,0.0049,481.505,0.0103,382.628,0.0152,414.308
8,5496,4,2048,51200,256,1,1,1,0.0047,188.667,0.0047,497.073,0.0105,377.333,0.0152,414.51
8,5504,4,2048,51200,256,1,1,1,0.0049,144.131,0.0049,483.507,0.0138,288.261,0.0186,339.26
8,5512,4,2048,51200,256,1,1,1,0.0047,194.071,0.0047,499.101,0.0103,388.142,0.015,423.158
8,5520,4,2048,51200,256,1,1,1,0.0049,193.19,0.0049,483.251,0.0103,386.381,0.0152,417.529
8,5528,4,2048,51200,256,1,1,1,0.0047,218.517,0.0047,500.531,0.0092,437.034,0.0139,458.686
8,5536,4,2048,51200,256,1,1,1,0.0049,191.815,0.0049,484.744,0.0105,383.63,0.0154,415.907
8,5544,4,2048,51200,256,1,1,1,0.0048,231.873,0.0048,502.104,0.0087,463.746,0.0134,477.311
8,5552,4,2048,51200,256,1,1,1,0.0049,208.46,0.0049,485.63,0.0097,416.92,0.0146,440.079
8,5560,4,2048,51200,256,1,1,1,0.0048,214.665,0.0048,502.589,0.0094,429.329,0.0142,453.937
8,5568,4,2048,51200,256,1,1,1,0.0049,233.67,0.0049,487.486,0.0087,467.34,0.0136,474.633
8,5576,4,2048,51200,256,1,1,1,0.0048,191.671,0.0048,504.238,0.0106,383.342,0.0154,420.857
8,5584,4,2048,51200,256,1,1,1,0.0049,196.822,0.0049,488.568,0.0104,393.643,0.0153,424.288
8,5592,4,2048,51200,256,1,1,1,0.0048,144.745,0.0048,505.187,0.0142,289.491,0.019,344.098
8,5600,4,2048,51200,256,1,1,1,0.005,193.923,0.005,490.489,0.0106,387.846,0.0156,420.552
8,5608,4,2048,51200,256,1,1,1,0.0048,192.101,0.0048,507.553,0.0107,384.201,0.0155,422.341
8,5616,4,2048,51200,256,1,1,1,0.005,144.923,0.005,491.349,0.0143,289.846,0.0192,341.947
8,5624,4,2048,51200,256,1,1,1,0.0048,196.31,0.0048,508.054,0.0106,392.62,0.0154,428.813
8,5632,4,2048,51200,256,1,1,1,0.005,194.097,0.005,493.278,0.0107,388.194,0.0157,421.55
8,5640,4,2048,51200,256,1,1,1,0.0048,210.583,0.0048,508.734,0.0099,421.167,0.0147,449.928
8,5648,4,2048,51200,256,1,1,1,0.005,187.926,0.005,492.239,0.0111,375.852,0.0161,412.027
8,5656,4,2048,51200,256,1,1,1,0.0049,199.618,0.0049,509.709,0.0105,399.237,0.0154,434.174
8,5664,4,2048,51200,256,1,1,1,0.005,200.11,0.005,494.014,0.0105,400.22,0.0155,430.567
8,5672,4,2048,51200,256,1,1,1,0.0049,186.964,0.0049,511.617,0.0113,373.927,0.0161,415.426
8,5680,4,2048,51200,256,1,1,1,0.005,200.516,0.005,494.532,0.0105,401.031,0.0156,431.294
8,5688,4,2048,51200,256,1,1,1,0.0049,192.387,0.0049,512.87,0.011,384.775,0.0159,424.078
8,5696,4,2048,51200,256,1,1,1,0.005,201.136,0.005,496.967,0.0106,402.271,0.0156,432.874
8,5704,4,2048,51200,256,1,1,1,0.0049,142.601,0.0049,514.736,0.015,285.203,0.0198,341.735
8,5712,4,2048,51200,256,1,1,1,0.0051,185.505,0.0051,498.877,0.0115,371.011,0.0166,409.989
8,5720,4,2048,51200,256,1,1,1,0.0049,186.571,0.0049,516.047,0.0115,373.141,0.0164,415.851
8,5728,4,2048,51200,256,1,1,1,0.0051,142.374,0.0051,500.995,0.0151,284.748,0.0202,339.011
8,5736,4,2048,51200,256,1,1,1,0.0049,185.978,0.0049,517.654,0.0116,371.956,0.0165,415.296
8,5744,4,2048,51200,256,1,1,1,0.0051,190.979,0.0051,501.507,0.0113,381.958,0.0164,418.985
8,5752,4,2048,51200,256,1,1,1,0.0049,198.758,0.0049,518.434,0.0109,397.516,0.0158,435.136
8,5760,4,2048,51200,256,1,1,1,0.0051,132.296,0.0051,503.705,0.0164,264.591,0.0215,321.083
8,5768,4,2048,51200,256,1,1,1,0.005,204.435,0.005,518.519,0.0107,408.87,0.0156,443.635
8,5776,4,2048,51200,256,1,1,1,0.0051,191.398,0.0051,501.896,0.0114,382.796,0.0166,419.699
8,5784,4,2048,51200,256,1,1,1,0.005,186.379,0.005,519.344,0.0118,372.757,0.0167,416.289
8,5792,4,2048,51200,256,1,1,1,0.0051,144.131,0.0051,503.771,0.0153,288.262,0.0204,342.545
8,5800,4,2048,51200,256,1,1,1,0.005,186.886,0.005,521.074,0.0118,373.773,0.0168,417.485
8,5808,4,2048,51200,256,1,1,1,0.0052,182.786,0.0052,504.431,0.0121,365.572,0.0172,407.072
8,5816,4,2048,51200,256,1,1,1,0.005,144.293,0.005,522.259,0.0154,288.586,0.0204,345.893
8,5824,4,2048,51200,256,1,1,1,0.0052,190.847,0.0052,506.55,0.0116,381.695,0.0168,420.025
8,5832,4,2048,51200,256,1,1,1,0.005,198.06,0.005,525.527,0.0113,396.119,0.0162,435.85
8,5840,4,2048,51200,256,1,1,1,0.0052,196.771,0.0052,509.523,0.0114,393.542,0.0165,429.751
8,5848,4,2048,51200,256,1,1,1,0.005,191.166,0.005,526.635,0.0117,382.331,0.0167,425.48
8,5856,4,2048,51200,256,1,1,1,0.0052,229.466,0.0052,511.554,0.0098,458.932,0.015,477.093
8,5864,4,2048,51200,256,1,1,1,0.005,191.463,0.005,528.325,0.0118,382.927,0.0168,426.34
8,5872,4,2048,51200,256,1,1,1,0.0052,188.114,0.0052,512.342,0.012,376.229,0.0172,417.238
8,5880,4,2048,51200,256,1,1,1,0.005,226.102,0.005,529.274,0.01,452.204,0.015,477.948
8,5888,4,2048,51200,256,1,1,1,0.0052,189.474,0.0052,514.208,0.012,378.948,0.0172,419.79
8,5896,4,2048,51200,256,1,1,1,0.0051,192.961,0.0051,527.886,0.0118,385.921,0.0169,428.542
8,5904,4,2048,51200,256,1,1,1,0.0052,138.321,0.0052,511.107,0.0165,276.641,0.0218,333.153
8,5912,4,2048,51200,256,1,1,1,0.0051,186.7,0.0051,528.722,0.0123,373.4,0.0174,418.897
8,5920,4,2048,51200,256,1,1,1,0.0053,189.042,0.0053,512.964,0.0121,378.084,0.0174,418.792
8,5928,4,2048,51200,256,1,1,1,0.0051,141.13,0.0051,530.766,0.0163,282.26,0.0214,341.331
8,5936,4,2048,51200,256,1,1,1,0.0053,187.276,0.0053,513.845,0.0123,374.552,0.0176,416.255
8,5944,4,2048,51200,256,1,1,1,0.0051,188.926,0.0051,530.944,0.0123,377.852,0.0174,422.914
8,5952,4,2048,51200,256,1,1,1,0.0053,142.188,0.0053,516.022,0.0163,284.375,0.0216,340.924
8,5960,4,2048,51200,256,1,1,1,0.0051,185.855,0.0051,531.981,0.0125,371.71,0.0177,418.264
8,5968,4,2048,51200,256,1,1,1,0.0053,190.775,0.0053,514.832,0.0122,381.549,0.0175,421.896
8,5976,4,2048,51200,256,1,1,1,0.0051,228.455,0.0051,533.25,0.0102,456.91,0.0154,482.419
8,5984,4,2048,51200,256,1,1,1,0.0053,178.858,0.0053,517.362,0.0131,357.716,0.0184,403.724
8,5992,4,2048,51200,256,1,1,1,0.0052,211.241,0.0052,534.569,0.0111,422.483,0.0163,457.939
8,6000,4,2048,51200,256,1,1,1,0.0053,186.633,0.0053,517.746,0.0126,373.266,0.018,416.142
8,6008,4,2048,51200,256,1,1,1,0.0052,196.531,0.0052,536.353,0.012,393.063,0.0172,436.071
8,6016,4,2048,51200,256,1,1,1,0.0053,143.725,0.0053,519.406,0.0165,287.451,0.0218,344.188
8,6024,4,2048,51200,256,1,1,1,0.0051,191.284,0.0051,541.093,0.0124,382.568,0.0176,428.95
8,6032,4,2048,51200,256,1,1,1,0.0053,208.062,0.0053,523.963,0.0115,416.125,0.0168,450.329
8,6040,4,2048,51200,256,1,1,1,0.0052,201.209,0.0052,542.016,0.0119,402.417,0.017,444.678
8,6048,4,2048,51200,256,1,1,1,0.0053,185.028,0.0053,525.534,0.013,370.056,0.0183,415.398
8,6056,4,2048,51200,256,1,1,1,0.0052,227.037,0.0052,544.084,0.0106,454.074,0.0158,483.587
8,6064,4,2048,51200,256,1,1,1,0.0054,193.475,0.0054,526.426,0.0125,386.95,0.0178,428.863
8,6072,4,2048,51200,256,1,1,1,0.0052,190.211,0.0052,545.006,0.0127,380.422,0.0179,428.103
8,6080,4,2048,51200,256,1,1,1,0.0054,142.802,0.0054,528.288,0.017,285.604,0.0223,343.855
8,6088,4,2048,51200,256,1,1,1,0.0052,191.371,0.0052,544.079,0.0127,382.743,0.0179,429.729
8,6096,4,2048,51200,256,1,1,1,0.0054,187.659,0.0054,527.696,0.013,375.319,0.0184,420.036
8,6104,4,2048,51200,256,1,1,1,0.0052,141.771,0.0052,545.264,0.0172,283.542,0.0225,344.499
8,6112,4,2048,51200,256,1,1,1,0.0054,193.774,0.0054,529.783,0.0126,387.547,0.018,430.111
8,6120,4,2048,51200,256,1,1,1,0.0052,189.958,0.0052,546.416,0.0129,379.917,0.0182,427.98
8,6128,4,2048,51200,256,1,1,1,0.0054,143.537,0.0054,530.849,0.0171,287.075,0.0226,345.55
8,6136,4,2048,51200,256,1,1,1,0.0053,189.08,0.0053,547.668,0.013,378.16,0.0183,426.838
8,6144,4,2048,51200,256,1,1,1,0.0054,187.351,0.0054,532.898,0.0132,374.702,0.0186,420.715
8,6152,4,2048,51200,256,1,1,1,0.0053,183.782,0.0053,550.022,0.0135,367.563,0.0188,418.733
8,6160,4,2048,51200,256,1,1,1,0.0054,181.189,0.0054,532.153,0.0137,362.379,0.0192,410.633
8,6168,4,2048,51200,256,1,1,1,0.0053,180.8,0.0053,551.223,0.0138,361.601,0.0191,414.059
8,6176,4,2048,51200,256,1,1,1,0.0055,176.959,0.0055,534.167,0.0141,353.918,0.0196,404.137
8,6184,4,2048,51200,256,1,1,1,0.0053,191.295,0.0053,552.884,0.0131,382.589,0.0184,431.53
8,6192,4,2048,51200,256,1,1,1,0.0055,179.203,0.0055,534.843,0.014,358.405,0.0195,407.952
8,6200,4,2048,51200,256,1,1,1,0.0053,221.895,0.0053,553.885,0.0114,443.791,0.0167,478.826
8,6208,4,2048,51200,256,1,1,1,0.0055,177.335,0.0055,537.061,0.0142,354.671,0.0197,405.339
8,6216,4,2048,51200,256,1,1,1,0.0053,192.47,0.0053,554.56,0.0132,384.939,0.0185,433.768
8,6224,4,2048,51200,256,1,1,1,0.0055,221.54,0.0055,537.572,0.0115,443.081,0.017,473.723
8,6232,4,2048,51200,256,1,1,1,0.0053,185.412,0.0053,555.953,0.0137,370.824,0.0191,422.604
8,6240,4,2048,51200,256,1,1,1,0.0055,180.911,0.0055,539.312,0.0141,361.822,0.0196,411.667
8,6248,4,2048,51200,256,1,1,1,0.0053,141.591,0.0053,557.405,0.0181,283.183,0.0234,345.757
8,6256,4,2048,51200,256,1,1,1,0.0055,185.741,0.0055,540.058,0.0138,371.482,0.0193,419.666
8,6264,4,2048,51200,256,1,1,1,0.0054,182.332,0.0054,558.69,0.0141,364.664,0.0195,418.062
8,6272,4,2048,51200,256,1,1,1,0.0055,140.032,0.0055,542.127,0.0184,280.064,0.0239,340.613
8,6280,4,2048,51200,256,1,1,1,0.0054,180.411,0.0054,559.808,0.0143,360.821,0.0197,415.072
8,6288,4,2048,51200,256,1,1,1,0.0056,180.042,0.0056,541.538,0.0144,360.084,0.02,410.676
8,6296,4,2048,51200,256,1,1,1,0.0054,140.015,0.0054,561.293,0.0186,280.031,0.0239,343.264
8,6304,4,2048,51200,256,1,1,1,0.0056,189.244,0.0056,543.627,0.0138,378.489,0.0193,426.063
8,6312,4,2048,51200,256,1,1,1,0.0054,181.891,0.0054,558.461,0.0144,363.783,0.0198,417.24
8,6320,4,2048,51200,256,1,1,1,0.0056,186.141,0.0056,544.695,0.0141,372.282,0.0196,421.288
8,6328,4,2048,51200,256,1,1,1,0.0054,165.644,0.0054,563.787,0.0158,331.289,0.0213,390.455
8,6336,4,2048,51200,256,1,1,1,0.0056,198.504,0.0056,546.223,0.0133,397.007,0.0188,441.3
8,6344,4,2048,51200,256,1,1,1,0.0054,183.063,0.0054,565.84,0.0144,366.126,0.0198,420.672
8,6352,4,2048,51200,256,1,1,1,0.0056,186.775,0.0056,547.376,0.0142,373.55,0.0198,422.879
8,6360,4,2048,51200,256,1,1,1,0.0054,198.565,0.0054,566.79,0.0134,397.13,0.0188,446.185
8,6368,4,2048,51200,256,1,1,1,0.0056,182.852,0.0056,551.55,0.0145,365.705,0.0201,417.35
8,6376,4,2048,51200,256,1,1,1,0.0054,183.77,0.0054,568.752,0.0145,367.541,0.0199,422.417
8,6384,4,2048,51200,256,1,1,1,0.0056,143.002,0.0056,550.526,0.0187,286.004,0.0243,347.27
8,6392,4,2048,51200,256,1,1,1,0.0055,158.78,0.0055,569.485,0.0169,317.559,0.0223,379.134
8,6400,4,2048,51200,256,1,1,1,0.0056,164.016,0.0056,552.846,0.0164,328.032,0.022,385.592
8,6408,4,2048,51200,256,1,1,1,0.0055,139.218,0.0055,569.112,0.0193,278.437,0.0248,342.679
8,6416,4,2048,51200,256,1,1,1,0.0057,162.164,0.0057,549.63,0.0166,324.327,0.0223,381.761
8,6424,4,2048,51200,256,1,1,1,0.0055,162.073,0.0055,569.841,0.0167,324.145,0.0222,385.073
8,6432,4,2048,51200,256,1,1,1,0.0057,141.797,0.0057,551.752,0.0191,283.594,0.0248,345.145
8,6440,4,2048,51200,256,1,1,1,0.0055,162.571,0.0055,571.748,0.0167,325.141,0.0222,386.267
8,6448,4,2048,51200,256,1,1,1,0.0057,218.268,0.0057,551.97,0.0125,436.536,0.0182,472.81
8,6456,4,2048,51200,256,1,1,1,0.0055,170.204,0.0055,573.049,0.016,340.409,0.0216,399.97
8,6464,4,2048,51200,256,1,1,1,0.0057,176.318,0.0057,554.447,0.0155,352.635,0.0213,406.965
8,6472,4,2048,51200,256,1,1,1,0.0055,195.94,0.0055,573.232,0.014,391.881,0.0196,443.315
8,6480,4,2048,51200,256,1,1,1,0.0057,169.529,0.0057,555.02,0.0162,339.057,0.022,395.486
8,6488,4,2048,51200,256,1,1,1,0.0056,163.536,0.0056,574.451,0.0169,327.072,0.0224,388.398
8,6496,4,2048,51200,256,1,1,1,0.0058,140.617,0.0058,556.623,0.0197,281.234,0.0254,343.548
8,6504,4,2048,51200,256,1,1,1,0.0056,184.056,0.0056,576.124,0.0151,368.111,0.0206,424.264
8,6512,4,2048,51200,256,1,1,1,0.0058,163.543,0.0058,557.847,0.017,327.086,0.0228,385.543
8,6520,4,2048,51200,256,1,1,1,0.0056,138.04,0.0056,577.359,0.0202,276.081,0.0258,341.366
8,6528,4,2048,51200,256,1,1,1,0.0058,144.902,0.0058,559.783,0.0193,289.804,0.025,352.02
8,6536,4,2048,51200,256,1,1,1,0.0056,162.587,0.0056,579.895,0.0172,325.175,0.0228,387.552
8,6544,4,2048,51200,256,1,1,1,0.0058,140.513,0.0058,561.107,0.02,281.026,0.0258,343.924
8,6552,4,2048,51200,256,1,1,1,0.0056,163.209,0.0056,581.612,0.0172,326.419,0.0228,388.936
8,6560,4,2048,51200,256,1,1,1,0.0058,187.089,0.0058,563.007,0.0151,374.177,0.0209,426.587
8,6568,4,2048,51200,256,1,1,1,0.0056,164.51,0.0056,583.463,0.0172,329.019,0.0228,391.562
8,6576,4,2048,51200,256,1,1,1,0.0058,161.528,0.0058,563.872,0.0175,323.056,0.0234,382.952
8,6584,4,2048,51200,256,1,1,1,0.0056,215.813,0.0056,584.405,0.0132,431.625,0.0188,477.321
8,6592,4,2048,51200,256,1,1,1,0.0058,184.979,0.0058,565.904,0.0154,369.958,0.0212,423.672
8,6600,4,2048,51200,256,1,1,1,0.0056,185.902,0.0056,584.179,0.0154,371.805,0.021,428.89
8,6608,4,2048,51200,256,1,1,1,0.0058,173.872,0.0058,566.265,0.0165,347.745,0.0223,404.951
8,6616,4,2048,51200,256,1,1,1,0.0057,163.266,0.0057,586.184,0.0176,326.532,0.0232,389.721
8,6624,4,2048,51200,256,1,1,1,0.0059,188.531,0.0059,567.17,0.0153,377.062,0.0211,429.788
8,6632,4,2048,51200,256,1,1,1,0.0057,142.646,0.0057,587.56,0.0202,285.293,0.0259,351.462
8,6640,4,2048,51200,256,1,1,1,0.0059,164.719,0.0059,568.502,0.0175,329.437,0.0234,389.35
8,6648,4,2048,51200,256,1,1,1,0.0057,199.65,0.0057,588.894,0.0145,399.3,0.0202,452.617
8,6656,4,2048,51200,256,1,1,1,0.0059,170.706,0.0059,570.976,0.017,341.412,0.0229,400.293
8,6664,4,2048,51200,256,1,1,1,0.0057,160.832,0.0057,590.593,0.0181,321.663,0.0238,385.954
8,6672,4,2048,51200,256,1,1,1,0.0059,140.614,0.0059,571.958,0.0207,281.227,0.0266,345.458
8,6680,4,2048,51200,256,1,1,1,0.0057,189.335,0.0057,591.836,0.0154,378.669,0.0211,436.121
8,6688,4,2048,51200,256,1,1,1,0.0059,161.124,0.0059,573.92,0.0182,322.249,0.0241,383.797
8,6696,4,2048,51200,256,1,1,1,0.0057,137.663,0.0057,593.611,0.0213,275.326,0.0271,342.473
8,6704,4,2048,51200,256,1,1,1,0.0059,160.8,0.0059,574.147,0.0183,321.599,0.0242,383.235
8,6712,4,2048,51200,256,1,1,1,0.0057,161.35,0.0057,594.139,0.0183,322.7,0.024,387.407
8,6720,4,2048,51200,256,1,1,1,0.0059,115.746,0.0059,576.163,0.0256,231.492,0.0315,296.285
8,6728,4,2048,51200,256,1,1,1,0.0057,161.401,0.0057,596.195,0.0184,322.802,0.0241,387.804
8,6736,4,2048,51200,256,1,1,1,0.0059,162.712,0.0059,577.752,0.0183,325.424,0.0242,387.236
8,6744,4,2048,51200,256,1,1,1,0.0057,140.416,0.0057,600.044,0.0212,280.833,0.0269,348.606
8,6752,4,2048,51200,256,1,1,1,0.0059,162.579,0.0059,580.209,0.0184,325.157,0.0243,387.383
8,6760,4,2048,51200,256,1,1,1,0.0058,160.946,0.0058,598.697,0.0186,321.891,0.0244,387.322
8,6768,4,2048,51200,256,1,1,1,0.006,139.715,0.006,580.713,0.0215,279.43,0.0274,344.782
8,6776,4,2048,51200,256,1,1,1,0.0058,163.295,0.0058,600.48,0.0184,326.59,0.0242,391.887
8,6784,4,2048,51200,256,1,1,1,0.006,219.697,0.006,583.289,0.0137,439.394,0.0197,482.909
8,6792,4,2048,51200,256,1,1,1,0.0058,195.763,0.0058,600.244,0.0154,391.527,0.0212,448.484
8,6800,4,2048,51200,256,1,1,1,0.006,160.603,0.006,582.496,0.0189,321.206,0.0249,384.133
8,6808,4,2048,51200,256,1,1,1,0.0058,192.977,0.0058,601.271,0.0157,385.954,0.0216,444.016
8,6816,4,2048,51200,256,1,1,1,0.006,178.563,0.006,582.499,0.0171,357.125,0.0231,415.876
8,6824,4,2048,51200,256,1,1,1,0.0058,162.568,0.0058,605.7,0.0188,325.137,0.0246,391.313
8,6832,4,2048,51200,256,1,1,1,0.006,156.11,0.006,583.234,0.0196,312.219,0.0256,376.001
8,6840,4,2048,51200,256,1,1,1,0.0058,167.639,0.0058,604.477,0.0183,335.278,0.0241,400.36
8,6848,4,2048,51200,256,1,1,1,0.006,163.854,0.006,584.914,0.0188,327.707,0.0248,390.358
8,6856,4,2048,51200,256,1,1,1,0.0059,141.414,0.0059,604.173,0.0218,282.829,0.0276,350.951
8,6864,4,2048,51200,256,1,1,1,0.006,162.736,0.006,587.006,0.019,325.473,0.025,388.663
8,6872,4,2048,51200,256,1,1,1,0.0059,161.86,0.0059,605.342,0.0191,323.72,0.025,389.908
8,6880,4,2048,51200,256,1,1,1,0.0061,141.724,0.0061,587.36,0.0219,283.449,0.028,349.409
8,6888,4,2048,51200,256,1,1,1,0.0059,163.493,0.0059,607.195,0.019,326.986,0.0249,393.179
8,6896,4,2048,51200,256,1,1,1,0.0061,209.696,0.0061,587.138,0.0149,419.392,0.021,468.185
8,6904,4,2048,51200,256,1,1,1,0.0059,180.109,0.0059,608.38,0.0173,360.217,0.0232,423.178
8,6912,4,2048,51200,256,1,1,1,0.0061,159.902,0.0061,589.566,0.0196,319.804,0.0257,383.86
8,6920,4,2048,51200,256,1,1,1,0.0059,193.52,0.0059,610.532,0.0162,387.041,0.0221,446.667
8,6928,4,2048,51200,256,1,1,1,0.0061,187.813,0.0061,591.555,0.0167,375.627,0.0229,433.298
8,6936,4,2048,51200,256,1,1,1,0.0059,159.564,0.0059,611.816,0.0198,319.129,0.0257,386.552
8,6944,4,2048,51200,256,1,1,1,0.0061,137.983,0.0061,593.57,0.0229,275.965,0.029,342.844
8,6952,4,2048,51200,256,1,1,1,0.0059,160.273,0.0059,614.177,0.0198,320.547,0.0257,388.202
8,6960,4,2048,51200,256,1,1,1,0.0061,160.654,0.0061,594.311,0.0198,321.307,0.0259,385.925
8,6968,4,2048,51200,256,1,1,1,0.0059,134.976,0.0059,616.551,0.0236,269.951,0.0295,339.513
8,6976,4,2048,51200,256,1,1,1,0.0061,161.704,0.0061,596.209,0.0197,323.408,0.0259,388.128
8,6984,4,2048,51200,256,1,1,1,0.006,159.9,0.006,614.676,0.02,319.801,0.026,387.548
8,6992,4,2048,51200,256,1,1,1,0.0062,138.563,0.0062,595.232,0.0231,277.127,0.0293,344.139
8,7000,4,2048,51200,256,1,1,1,0.006,160.989,0.006,618.294,0.0199,321.978,0.0259,390.089
8,7008,4,2048,51200,256,1,1,1,0.0062,209.384,0.0062,596.826,0.0154,418.769,0.0216,469.832
8,7016,4,2048,51200,256,1,1,1,0.006,195.261,0.006,618.012,0.0165,390.522,0.0225,450.993
8,7024,4,2048,51200,256,1,1,1,0.0062,160.991,0.0062,597.956,0.0201,321.982,0.0263,387.045
8,7032,4,2048,51200,256,1,1,1,0.006,188.596,0.006,619.064,0.0172,377.191,0.0232,439.767
8,7040,4,2048,51200,256,1,1,1,0.0062,186.959,0.0062,600.455,0.0174,373.917,0.0236,433.472
8,7048,4,2048,51200,256,1,1,1,0.006,161.489,0.006,623.218,0.0202,322.978,0.0261,391.689
8,7056,4,2048,51200,256,1,1,1,0.0062,138.9,0.0062,604.262,0.0235,277.801,0.0297,345.828
8,7064,4,2048,51200,256,1,1,1,0.006,180.173,0.006,624.56,0.0182,360.346,0.0241,425.947
8,7072,4,2048,51200,256,1,1,1,0.0062,160.87,0.0062,604.571,0.0204,321.74,0.0266,387.778
8,7080,4,2048,51200,256,1,1,1,0.006,140.57,0.006,626.402,0.0234,281.141,0.0294,351.702
8,7088,4,2048,51200,256,1,1,1,0.0062,162.519,0.0062,605.661,0.0203,325.039,0.0265,390.97
8,7096,4,2048,51200,256,1,1,1,0.006,161.836,0.006,627.176,0.0204,323.672,0.0264,392.86
8,7104,4,2048,51200,256,1,1,1,0.0062,142.691,0.0062,607.92,0.0232,285.382,0.0294,353.663
8,7112,4,2048,51200,256,1,1,1,0.0061,161.149,0.0061,625.59,0.0206,322.298,0.0266,391.33
8,7120,4,2048,51200,256,1,1,1,0.0063,197.113,0.0063,605.516,0.0169,394.227,0.0231,451.554
8,7128,4,2048,51200,256,1,1,1,0.0061,173.928,0.0061,628.479,0.0191,347.856,0.0252,415.321
8,7136,4,2048,51200,256,1,1,1,0.0063,162.643,0.0063,607.566,0.0205,325.285,0.0268,391.442
8,7144,4,2048,51200,256,1,1,1,0.0061,202.262,0.0061,628.33,0.0165,404.523,0.0226,464.734
8,7152,4,2048,51200,256,1,1,1,0.0063,169.51,0.0063,608.255,0.0198,339.021,0.0261,404.071
8,7160,4,2048,51200,256,1,1,1,0.0061,163.852,0.0061,629.069,0.0205,327.704,0.0266,396.843
8,7168,4,2048,51200,256,1,1,1,0.0063,135.894,0.0063,610.452,0.0248,271.788,0.0311,340.474
8,7176,4,2048,51200,256,1,1,1,0.0061,166.615,0.0061,629.793,0.0203,333.231,0.0264,402.072
8,7184,4,2048,51200,256,1,1,1,0.0063,161.101,0.0063,609.321,0.021,322.201,0.0273,388.813
8,7192,4,2048,51200,256,1,1,1,0.0061,139.193,0.0061,630.887,0.0244,278.385,0.0305,349.346
8,7200,4,2048,51200,256,1,1,1,0.0063,159.53,0.0063,611.291,0.0213,319.061,0.0276,386.168
8,7208,4,2048,51200,256,1,1,1,0.0061,158.976,0.0061,633.82,0.0214,317.952,0.0276,388.287
8,7216,4,2048,51200,256,1,1,1,0.0064,139.595,0.0064,612.205,0.0244,279.19,0.0308,347.986
8,7224,4,2048,51200,256,1,1,1,0.0062,160.068,0.0062,633.677,0.0214,320.137,0.0275,390.322
8,7232,4,2048,51200,256,1,1,1,0.0064,186.428,0.0064,613.705,0.0184,372.856,0.0248,434.873
8,7240,4,2048,51200,256,1,1,1,0.0062,139.511,0.0062,636.717,0.0246,279.021,0.0308,350.583
8,7248,4,2048,51200,256,1,1,1,0.0064,161.304,0.0064,613.507,0.0213,322.608,0.0277,389.75
8,7256,4,2048,51200,256,1,1,1,0.0062,199.316,0.0062,635.316,0.0173,398.631,0.0235,461.027
8,7264,4,2048,51200,256,1,1,1,0.0064,179.759,0.0064,615.727,0.0192,359.519,0.0256,423.538
8,7272,4,2048,51200,256,1,1,1,0.0062,161.606,0.0062,636.829,0.0214,323.212,0.0277,393.621
8,7280,4,2048,51200,256,1,1,1,0.0064,195.741,0.0064,616.681,0.0177,391.482,0.0242,451.343
8,7288,4,2048,51200,256,1,1,1,0.0062,177.946,0.0062,638.326,0.0196,355.892,0.0258,424.027
8,7296,4,2048,51200,256,1,1,1,0.0064,163.193,0.0064,618.296,0.0214,326.386,0.0278,393.92
8,7304,4,2048,51200,256,1,1,1,0.0062,158.412,0.0062,642.19,0.0221,316.824,0.0283,388.247
8,7312,4,2048,51200,256,1,1,1,0.0064,161.485,0.0064,620.774,0.0217,322.97,0.0281,391.087
8,7320,4,2048,51200,256,1,1,1,0.0062,194.132,0.0062,642.605,0.0181,388.265,0.0243,453.415
8,7328,4,2048,51200,256,1,1,1,0.0064,163.998,0.0064,622.746,0.0215,327.996,0.0279,396.041
8,7336,4,2048,51200,256,1,1,1,0.0062,162.036,0.0062,644.359,0.0218,324.072,0.028,395.413
8,7344,4,2048,51200,256,1,1,1,0.0065,194.461,0.0065,623.203,0.0182,388.923,0.0246,450.372
8,7352,4,2048,51200,256,1,1,1,0.0062,180.626,0.0062,645.799,0.0196,361.252,0.0259,430.012
8,7360,4,2048,51200,256,1,1,1,0.0065,163.427,0.0065,625.306,0.0217,326.855,0.0282,395.324
8,7368,4,2048,51200,256,1,1,1,0.0063,142.27,0.0063,645.713,0.025,284.541,0.0313,356.995
8,7376,4,2048,51200,256,1,1,1,0.0065,173.594,0.0065,625.609,0.0205,347.188,0.027,414.043
8,7384,4,2048,51200,256,1,1,1,0.0063,163.536,0.0063,647.367,0.0218,327.072,0.0281,398.623
8,7392,4,2048,51200,256,1,1,1,0.0065,142.103,0.0065,627.256,0.0252,284.206,0.0317,354.546
8,7400,4,2048,51200,256,1,1,1,0.0063,162.556,0.0063,648.239,0.0221,325.113,0.0284,396.87
8,7408,4,2048,51200,256,1,1,1,0.0065,163.596,0.0065,627.892,0.022,327.193,0.0285,395.972
8,7416,4,2048,51200,256,1,1,1,0.0063,142.992,0.0063,652.357,0.0252,285.985,0.0315,359.132
8,7424,4,2048,51200,256,1,1,1,0.0065,163.375,0.0065,630.002,0.0221,326.75,0.0286,395.848
8,7432,4,2048,51200,256,1,1,1,0.0063,206.954,0.0063,652.265,0.0175,413.908,0.0238,477.131
8,7440,4,2048,51200,256,1,1,1,0.0066,158.717,0.0066,629.845,0.0229,317.434,0.0294,387.041
8,7448,4,2048,51200,256,1,1,1,0.0064,157.882,0.0064,651.202,0.023,315.764,0.0294,388.275
8,7456,4,2048,51200,256,1,1,1,0.0066,159.442,0.0066,632.084,0.0229,318.884,0.0294,388.707
8,7464,4,2048,51200,256,1,1,1,0.0063,158.425,0.0063,655.509,0.023,316.85,0.0294,389.86
8,7472,4,2048,51200,256,1,1,1,0.0066,183.136,0.0066,632.62,0.02,366.272,0.0266,432.232
8,7480,4,2048,51200,256,1,1,1,0.0064,159.436,0.0064,651.569,0.023,318.872,0.0294,391.283
8,7488,4,2048,51200,256,1,1,1,0.0066,147.383,0.0066,634.706,0.0249,294.765,0.0315,365.757
8,7496,4,2048,51200,256,1,1,1,0.0064,159.152,0.0064,658.199,0.0231,318.305,0.0295,391.58
8,7504,4,2048,51200,256,1,1,1,0.0066,159.922,0.0066,633.967,0.0231,319.844,0.0297,389.832
8,7512,4,2048,51200,256,1,1,1,0.0064,138.998,0.0064,656.187,0.0266,277.995,0.033,351.366
8,7520,4,2048,51200,256,1,1,1,0.0066,160.871,0.0066,636.333,0.023,321.741,0.0297,391.94
8,7528,4,2048,51200,256,1,1,1,0.0064,197.595,0.0064,658.398,0.0188,395.19,0.0252,462.111
8,7536,4,2048,51200,256,1,1,1,0.0066,163.681,0.0066,636.864,0.0227,327.361,0.0294,397.298
8,7544,4,2048,51200,256,1,1,1,0.0064,159.834,0.0064,659.041,0.0233,319.669,0.0298,392.96
8,7552,4,2048,51200,256,1,1,1,0.0066,198.845,0.0066,639.671,0.0188,397.69,0.0254,460.824
8,7560,4,2048,51200,256,1,1,1,0.0064,173.069,0.0064,661.178,0.0216,346.137,0.0281,418.318
8,7568,4,2048,51200,256,1,1,1,0.0067,159.308,0.0067,639.885,0.0236,318.616,0.0302,389.412
8,7576,4,2048,51200,256,1,1,1,0.0064,202.58,0.0064,662.848,0.0186,405.16,0.025,471.533
8,7584,4,2048,51200,256,1,1,1,0.0067,168.837,0.0067,641.584,0.0223,337.675,0.029,407.572
8,7592,4,2048,51200,256,1,1,1,0.0065,158.6,0.0065,663.432,0.0238,317.201,0.0303,391.089
8,7600,4,2048,51200,256,1,1,1,0.0067,136.003,0.0067,642.945,0.0278,272.006,0.0345,343.808
8,7608,4,2048,51200,256,1,1,1,0.0065,188.141,0.0065,665.126,0.0202,376.282,0.0266,446.46
8,7616,4,2048,51200,256,1,1,1,0.0067,148.574,0.0067,644.321,0.0256,297.148,0.0323,369.135
8,7624,4,2048,51200,256,1,1,1,0.0065,139.244,0.0065,664.188,0.0274,278.487,0.0339,352.587
8,7632,4,2048,51200,256,1,1,1,0.0067,159.409,0.0067,642.44,0.0239,318.819,0.0307,389.891
8,7640,4,2048,51200,256,1,1,1,0.0065,160.925,0.0065,664.982,0.0238,321.851,0.0303,395.74
8,7648,4,2048,51200,256,1,1,1,0.0067,141.637,0.0067,644.334,0.0271,283.274,0.0338,355.312
8,7656,4,2048,51200,256,1,1,1,0.0065,161.019,0.0065,667.049,0.0239,322.037,0.0304,396.17
8,7664,4,2048,51200,256,1,1,1,0.0068,162.497,0.0068,645.037,0.0237,324.995,0.0305,396.089
8,7672,4,2048,51200,256,1,1,1,0.0065,139.356,0.0065,668.34,0.0277,278.711,0.0342,353.193
8,7680,4,2048,51200,256,1,1,1,0.0068,132.811,0.0068,647.337,0.0291,265.621,0.0359,337.634
8,7688,4,2048,51200,256,1,1,1,0.0066,159.068,0.0066,668.147,0.0244,318.136,0.0309,392.501
8,7696,4,2048,51200,256,1,1,1,0.0068,140.182,0.0068,645.885,0.0277,280.363,0.0345,352.509
8,7704,4,2048,51200,256,1,1,1,0.0066,158.515,0.0066,669.235,0.0245,317.029,0.0311,391.545
8,7712,4,2048,51200,256,1,1,1,0.0068,180.931,0.0068,647.571,0.0215,361.862,0.0284,430.549
8,7720,4,2048,51200,256,1,1,1,0.0066,139.079,0.0066,671.341,0.0281,278.159,0.0347,352.884
8,7728,4,2048,51200,256,1,1,1,0.0068,160.772,0.0068,648.604,0.0243,321.543,0.0312,393.231
8,7736,4,2048,51200,256,1,1,1,0.0066,176.64,0.0066,671.875,0.0222,353.28,0.0288,426.369
8,7744,4,2048,51200,256,1,1,1,0.0068,155.779,0.0068,650.624,0.0252,311.559,0.0321,383.873
8,7752,4,2048,51200,256,1,1,1,0.0066,160.687,0.0066,674.372,0.0245,321.373,0.0311,396.366
8,7760,4,2048,51200,256,1,1,1,0.0068,184.52,0.0068,652.716,0.0214,369.041,0.0282,437.811
8,7768,4,2048,51200,256,1,1,1,0.0066,170.733,0.0066,675.712,0.0232,341.466,0.0298,415.797
8,7776,4,2048,51200,256,1,1,1,0.0068,160.791,0.0068,655.184,0.0246,321.583,0.0315,394.095
8,7784,4,2048,51200,256,1,1,1,0.0066,195.593,0.0066,676.661,0.0203,391.186,0.0269,461.546
8,7792,4,2048,51200,256,1,1,1,0.0069,165.578,0.0069,655.97,0.024,331.157,0.0309,403.313
8,7800,4,2048,51200,256,1,1,1,0.0066,161.037,0.0066,680.111,0.0248,322.075,0.0314,397.718
8,7808,4,2048,51200,256,1,1,1,0.0069,140.939,0.0069,657.559,0.0283,281.879,0.0352,355.188
8,7816,4,2048,51200,256,1,1,1,0.0066,173.524,0.0066,681.706,0.0231,347.049,0.0297,421.858
8,7824,4,2048,51200,256,1,1,1,0.0069,162.182,0.0069,658.942,0.0247,324.364,0.0316,397.213
8,7832,4,2048,51200,256,1,1,1,0.0067,142.255,0.0067,682.931,0.0283,284.51,0.0349,360.463
8,7840,4,2048,51200,256,1,1,1,0.0069,162.608,0.0069,658.805,0.0248,325.216,0.0317,397.998
8,7848,4,2048,51200,256,1,1,1,0.0066,161.664,0.0066,686.181,0.025,323.329,0.0316,399.645
8,7856,4,2048,51200,256,1,1,1,0.0069,143.412,0.0069,662.161,0.0282,286.823,0.0351,360.639
8,7864,4,2048,51200,256,1,1,1,0.0067,162.225,0.0067,686.064,0.025,324.45,0.0317,400.71
8,7872,4,2048,51200,256,1,1,1,0.0069,203.725,0.0069,664.228,0.0199,407.449,0.0268,473.542
8,7880,4,2048,51200,256,1,1,1,0.0067,143.272,0.0067,685.306,0.0284,286.545,0.0351,362.744
8,7888,4,2048,51200,256,1,1,1,0.0069,161.832,0.0069,663.334,0.0252,323.664,0.0321,397.059
8,7896,4,2048,51200,256,1,1,1,0.0067,202.484,0.0067,686.205,0.0202,404.968,0.0269,475.279
8,7904,4,2048,51200,256,1,1,1,0.007,164.457,0.007,665.298,0.0249,328.913,0.0318,402.337
8,7912,4,2048,51200,256,1,1,1,0.0067,162.14,0.0067,687.912,0.0253,324.279,0.032,400.729
8,7920,4,2048,51200,256,1,1,1,0.007,141.407,0.007,667.463,0.0291,282.813,0.036,357.073
8,7928,4,2048,51200,256,1,1,1,0.0067,163.644,0.0067,689.252,0.0252,327.288,0.0319,403.812
8,7936,4,2048,51200,256,1,1,1,0.007,194.258,0.007,667.344,0.0212,388.515,0.0282,457.486
8,7944,4,2048,51200,256,1,1,1,0.0067,139.261,0.0067,692.51,0.0297,278.522,0.0364,355.116
8,7952,4,2048,51200,256,1,1,1,0.007,157.372,0.007,667.369,0.0263,314.743,0.0333,388.872
8,7960,4,2048,51200,256,1,1,1,0.0068,195.805,0.0068,691.679,0.0212,391.611,0.028,464.269
8,7968,4,2048,51200,256,1,1,1,0.007,160.948,0.007,669.43,0.0259,321.896,0.0329,396.066
8,7976,4,2048,51200,256,1,1,1,0.0068,158.266,0.0068,693.534,0.0263,316.532,0.0331,393.732
8,7984,4,2048,51200,256,1,1,1,0.007,181.437,0.007,670.049,0.023,362.873,0.0301,434.757
8,7992,4,2048,51200,256,1,1,1,0.0068,163.493,0.0068,694.662,0.0256,326.985,0.0324,404.126
8,8000,4,2048,51200,256,1,1,1,0.007,159.84,0.007,671.698,0.0262,319.68,0.0333,394.174
8,8008,4,2048,51200,256,1,1,1,0.0068,140.965,0.0068,696.992,0.0298,281.929,0.0366,359.023
8,8016,4,2048,51200,256,1,1,1,0.007,171.099,0.007,674.994,0.0246,342.199,0.0316,416.183
8,8024,4,2048,51200,256,1,1,1,0.0068,159.408,0.0068,697.456,0.0265,318.816,0.0333,396.405
8,8032,4,2048,51200,256,1,1,1,0.007,139.684,0.007,676.723,0.0303,279.368,0.0373,354.385
8,8040,4,2048,51200,256,1,1,1,0.0068,160.13,0.0068,699.722,0.0265,320.26,0.0333,398.082
8,8048,4,2048,51200,256,1,1,1,0.0071,158.458,0.0071,677.323,0.0268,316.916,0.0339,392.126
8,8056,4,2048,51200,256,1,1,1,0.0068,140.607,0.0068,700.603,0.0302,281.215,0.0371,358.582
8,8064,4,2048,51200,256,1,1,1,0.0071,153.281,0.0071,679.982,0.0278,306.562,0.0349,382.21
8,8072,4,2048,51200,256,1,1,1,0.0069,160.602,0.0069,701.043,0.0266,321.203,0.0335,399.14
8,8080,4,2048,51200,256,1,1,1,0.0071,145.015,0.0071,677.695,0.0295,290.03,0.0366,365.34
8,8088,4,2048,51200,256,1,1,1,0.0069,160.699,0.0069,702.538,0.0267,321.398,0.0336,399.493
8,8096,4,2048,51200,256,1,1,1,0.0071,188.184,0.0071,679.451,0.0228,376.367,0.0299,448.441
8,8104,4,2048,51200,256,1,1,1,0.0069,139.605,0.0069,704.442,0.0308,279.211,0.0377,356.809
8,8112,4,2048,51200,256,1,1,1,0.0071,158.905,0.0071,680.711,0.0271,317.811,0.0343,393.358
8,8120,4,2048,51200,256,1,1,1,0.0069,192.702,0.0069,705.635,0.0224,385.403,0.0293,460.721
8,8128,4,2048,51200,256,1,1,1,0.0071,167.322,0.0071,682.559,0.0259,334.644,0.033,409.903
8,8136,4,2048,51200,256,1,1,1,0.0069,160.971,0.0069,710.661,0.0269,321.941,0.0338,400.929
8,8144,4,2048,51200,256,1,1,1,0.0071,196.286,0.0071,688.275,0.0221,392.573,0.0293,464.435
8,8152,4,2048,51200,256,1,1,1,0.0069,167.24,0.0069,710.606,0.026,334.48,0.0329,413.253
8,8160,4,2048,51200,256,1,1,1,0.0071,161.06,0.0071,690.093,0.0271,322.12,0.0342,398.67
8,8168,4,2048,51200,256,1,1,1,0.007,160.806,0.007,701.672,0.0272,321.613,0.0342,399.536
8,8176,4,2048,51200,256,1,1,1,0.0071,133.639,0.0071,690.919,0.0328,267.278,0.0399,343.002
8,8184,4,2048,51200,256,1,1,1,0.0069,162.972,0.0069,711.748,0.0269,325.945,0.0339,404.977
8,8192,4,2048,51200,256,1,1,1,0.0071,158.579,0.0071,692.775,0.0277,317.158,0.0349,394.078
8,8200,4,2048,51200,256,1,1,1,0.007,140.76,0.007,710.114,0.0313,281.521,0.0383,359.663
8,8208,4,2048,51200,256,1,1,1,0.0072,158.68,0.0072,688.409,0.0278,317.359,0.035,393.752
8,8216,4,2048,51200,256,1,1,1,0.007,162.045,0.007,710.941,0.0273,324.091,0.0343,403.022
8,8224,4,2048,51200,256,1,1,1,0.0072,133.28,0.0072,688.762,0.0333,266.56,0.0405,342.013
8,8232,4,2048,51200,256,1,1,1,0.007,160.52,0.007,715.62,0.0277,321.041,0.0346,400.514
8,8240,4,2048,51200,256,1,1,1,0.0072,185.179,0.0072,691.693,0.024,370.358,0.0313,444.7
8,8248,4,2048,51200,256,1,1,1,0.007,138.754,0.007,714.238,0.0321,277.508,0.0391,355.789
8,8256,4,2048,51200,256,1,1,1,0.0073,160.858,0.0073,691.427,0.0278,321.716,0.035,398.354
8,8264,4,2048,51200,256,1,1,1,0.007,187.613,0.007,715.7,0.0239,375.226,0.0309,452.709
8,8272,4,2048,51200,256,1,1,1,0.0073,177.772,0.0073,692.778,0.0252,355.543,0.0325,431.025
8,8280,4,2048,51200,256,1,1,1,0.007,159.298,0.007,717.276,0.0282,318.596,0.0352,398.218
8,8288,4,2048,51200,256,1,1,1,0.0073,189.617,0.0073,695.007,0.0237,379.234,0.031,453.319
8,8296,4,2048,51200,256,1,1,1,0.0071,165.645,0.0071,715.984,0.0272,331.29,0.0343,410.65
8,8304,4,2048,51200,256,1,1,1,0.0073,160.652,0.0073,695.237,0.0281,321.305,0.0354,398.364
8,8312,4,2048,51200,256,1,1,1,0.0071,140.238,0.0071,719.401,0.0323,280.475,0.0394,359.317
8,8320,4,2048,51200,256,1,1,1,0.0073,148.094,0.0073,697.993,0.0306,296.187,0.0379,373.507
8,8328,4,2048,51200,256,1,1,1,0.0071,161.215,0.0071,720.098,0.0282,322.43,0.0353,402.322
8,8336,4,2048,51200,256,1,1,1,0.0073,141.143,0.0073,697.59,0.0323,282.286,0.0396,359.169
8,8344,4,2048,51200,256,1,1,1,0.0071,159.77,0.0071,721.641,0.0286,319.54,0.0357,399.591
8,8352,4,2048,51200,256,1,1,1,0.0073,184.405,0.0073,699.658,0.0248,368.809,0.0321,444.349
8,8360,4,2048,51200,256,1,1,1,0.0071,148.835,0.0071,723.387,0.0308,297.669,0.0379,377.542
8,8368,4,2048,51200,256,1,1,1,0.0074,161.958,0.0074,700.125,0.0283,323.917,0.0357,401.46
8,8376,4,2048,51200,256,1,1,1,0.0071,191.006,0.0071,724.499,0.0241,382.012,0.0312,460.208
8,8384,4,2048,51200,256,1,1,1,0.0074,161.377,0.0074,702.811,0.0285,322.753,0.0359,400.617
8,8392,4,2048,51200,256,1,1,1,0.0071,160.039,0.0071,726.416,0.0288,320.078,0.036,400.614
8,8400,4,2048,51200,256,1,1,1,0.0074,159.865,0.0074,703.262,0.0289,319.73,0.0363,397.666
8,8408,4,2048,51200,256,1,1,1,0.0071,159.537,0.0071,727.438,0.029,319.073,0.0362,399.703
8,8416,4,2048,51200,256,1,1,1,0.0074,193.979,0.0074,705.155,0.0239,387.958,0.0313,462.753
8,8424,4,2048,51200,256,1,1,1,0.0071,165.871,0.0071,729.773,0.028,331.742,0.0352,412.597
8,8432,4,2048,51200,256,1,1,1,0.0074,161.145,0.0074,707.686,0.0289,322.29,0.0363,400.686
8,8440,4,2048,51200,256,1,1,1,0.0072,142.591,0.0072,730.109,0.0327,285.182,0.0399,365.115
8,8448,4,2048,51200,256,1,1,1,0.0074,166.055,0.0074,708.05,0.0282,332.111,0.0356,410.383
8,8456,4,2048,51200,256,1,1,1,0.0072,158.675,0.0072,730.001,0.0295,317.35,0.0367,398.204
8,8464,4,2048,51200,256,1,1,1,0.0074,137.231,0.0074,707.296,0.0342,274.463,0.0417,351.785
8,8472,4,2048,51200,256,1,1,1,0.0072,158.379,0.0072,731.706,0.0297,316.758,0.0369,397.775
8,8480,4,2048,51200,256,1,1,1,0.0075,160.099,0.0075,708.815,0.0294,320.198,0.0369,398.701
8,8488,4,2048,51200,256,1,1,1,0.0072,138.462,0.0072,733.451,0.0341,276.924,0.0413,356.64
8,8496,4,2048,51200,256,1,1,1,0.0075,158.306,0.0075,710.356,0.0299,316.613,0.0373,395.289
8,8504,4,2048,51200,256,1,1,1,0.0072,159.44,0.0072,734.783,0.0297,318.881,0.037,400.219
8,8512,4,2048,51200,256,1,1,1,0.0075,138.377,0.0075,712.035,0.0343,276.754,0.0418,354.579
8,8520,4,2048,51200,256,1,1,1,0.0072,158.617,0.0072,736.374,0.03,317.234,0.0372,398.709
8,8528,4,2048,51200,256,1,1,1,0.0075,191.519,0.0075,712.51,0.0249,383.037,0.0324,459.278
8,8536,4,2048,51200,256,1,1,1,0.0073,139.148,0.0073,737.282,0.0343,278.296,0.0416,358.384
8,8544,4,2048,51200,256,1,1,1,0.0075,160.054,0.0075,714.73,0.0299,320.108,0.0374,399.228
8,8552,4,2048,51200,256,1,1,1,0.0073,184.863,0.0073,739.085,0.0259,369.726,0.0332,450.54
8,8560,4,2048,51200,256,1,1,1,0.0075,147.695,0.0075,715.578,0.0325,295.389,0.04,374.263
8,8568,4,2048,51200,256,1,1,1,0.0073,159.172,0.0073,739.408,0.0302,318.344,0.0375,400.113
8,8576,4,2048,51200,256,1,1,1,0.0075,182.166,0.0075,719.822,0.0265,364.332,0.034,442.807
8,8584,4,2048,51200,256,1,1,1,0.0073,174.383,0.0073,741.577,0.0277,348.767,0.035,430.613
8,8592,4,2048,51200,256,1,1,1,0.0075,159.457,0.0075,717.74,0.0303,318.914,0.0379,398.333
8,8600,4,2048,51200,256,1,1,1,0.0073,196.964,0.0073,743.919,0.0246,393.928,0.0319,473.924
8,8608,4,2048,51200,256,1,1,1,0.0075,164.954,0.0075,720.089,0.0294,329.908,0.037,409.516
8,8616,4,2048,51200,256,1,1,1,0.0073,158.906,0.0073,743.735,0.0306,317.812,0.0379,399.986
8,8624,4,2048,51200,256,1,1,1,0.0076,139.195,0.0076,720.625,0.035,278.391,0.0426,356.974
8,8632,4,2048,51200,256,1,1,1,0.0073,164.128,0.0073,745.627,0.0298,328.255,0.0371,410.72
8,8640,4,2048,51200,256,1,1,1,0.0076,152.61,0.0076,722.441,0.0321,305.221,0.0396,384.96
8,8648,4,2048,51200,256,1,1,1,0.0073,141.34,0.0073,747.415,0.0347,282.679,0.042,363.81
8,8656,4,2048,51200,256,1,1,1,0.0076,156.794,0.0076,723.487,0.0313,313.588,0.0389,393.551
8,8664,4,2048,51200,256,1,1,1,0.0074,160.209,0.0074,747.834,0.0307,320.419,0.0381,403.019
8,8672,4,2048,51200,256,1,1,1,0.0076,141.958,0.0076,727.195,0.0347,283.916,0.0423,363.334
8,8680,4,2048,51200,256,1,1,1,0.0074,160.609,0.0074,750.664,0.0307,321.217,0.0381,404.112
8,8688,4,2048,51200,256,1,1,1,0.0076,193.495,0.0076,726.212,0.0256,386.991,0.0332,464.84
8,8696,4,2048,51200,256,1,1,1,0.0074,137.524,0.0074,751.253,0.036,275.049,0.0434,355.937
8,8704,4,2048,51200,256,1,1,1,0.0076,123.534,0.0076,727.945,0.0402,247.068,0.0478,323.734
8,8712,4,2048,51200,256,1,1,1,0.0074,159.688,0.0074,750.746,0.0311,319.377,0.0386,402.223
8,8720,4,2048,51200,256,1,1,1,0.0076,139.298,0.0076,729.075,0.0358,278.596,0.0434,357.851
8,8728,4,2048,51200,256,1,1,1,0.0074,159.801,0.0074,752.516,0.0312,319.601,0.0387,402.621
8,8736,4,2048,51200,256,1,1,1,0.0077,195.803,0.0077,729.214,0.0255,391.607,0.0332,469.514
8,8744,4,2048,51200,256,1,1,1,0.0074,144.219,0.0074,758.077,0.0347,288.439,0.0421,370.754
8,8752,4,2048,51200,256,1,1,1,0.0077,160.315,0.0077,730.085,0.0313,320.63,0.039,401.278
8,8760,4,2048,51200,256,1,1,1,0.0074,179.478,0.0074,755.145,0.028,358.955,0.0355,442.064
8,8768,4,2048,51200,256,1,1,1,0.0077,156.2,0.0077,732.655,0.0323,312.4,0.0399,393.219
8,8776,4,2048,51200,256,1,1,1,0.0074,152.182,0.0074,756.866,0.0332,304.365,0.0406,387.335
8,8784,4,2048,51200,256,1,1,1,0.0077,184.159,0.0077,732.719,0.0275,368.317,0.0352,448.171
8,8792,4,2048,51200,256,1,1,1,0.0075,162.24,0.0075,758.327,0.0312,324.48,0.0387,408.129
8,8800,4,2048,51200,256,1,1,1,0.0077,160.862,0.0077,734.686,0.0315,321.724,0.0393,402.838
8,8808,4,2048,51200,256,1,1,1,0.0075,140.66,0.0075,759.593,0.0361,281.321,0.0436,363.248
8,8816,4,2048,51200,256,1,1,1,0.0077,163.087,0.0077,737.665,0.0312,326.174,0.0389,407.618
8,8824,4,2048,51200,256,1,1,1,0.0075,160.04,0.0075,760.615,0.0319,320.08,0.0394,403.856
8,8832,4,2048,51200,256,1,1,1,0.0077,141.22,0.0077,737.831,0.0362,282.44,0.0439,362.588
8,8840,4,2048,51200,256,1,1,1,0.0075,160.624,0.0075,761.207,0.0319,321.247,0.0394,405.095
8,8848,4,2048,51200,256,1,1,1,0.0078,190.271,0.0078,737.362,0.027,380.542,0.0347,460.308
8,8856,4,2048,51200,256,1,1,1,0.0075,139.346,0.0075,763.017,0.0369,278.691,0.0444,360.667
8,8864,4,2048,51200,256,1,1,1,0.0078,160.786,0.0078,739.778,0.032,321.572,0.0398,403.18
8,8872,4,2048,51200,256,1,1,1,0.0075,190.222,0.0075,764.64,0.0271,380.444,0.0346,463.896
8,8880,4,2048,51200,256,1,1,1,0.0078,162.882,0.0078,740.786,0.0317,325.764,0.0395,407.497
8,8888,4,2048,51200,256,1,1,1,0.0075,161.075,0.0075,765.662,0.0321,322.151,0.0397,406.431
8,8896,4,2048,51200,256,1,1,1,0.0078,187.512,0.0078,742.442,0.0277,375.025,0.0354,455.763
8,8904,4,2048,51200,256,1,1,1,0.0076,173.17,0.0076,767.066,0.03,346.34,0.0376,430.947
8,8912,4,2048,51200,256,1,1,1,0.0078,162.124,0.0078,742.993,0.0321,324.249,0.0399,406.186
8,8920,4,2048,51200,256,1,1,1,0.0076,141.008,0.0076,769.178,0.037,282.016,0.0445,364.682
8,8928,4,2048,51200,256,1,1,1,0.0078,160.846,0.0078,746.757,0.0325,321.692,0.0403,403.989
8,8936,4,2048,51200,256,1,1,1,0.0076,161.03,0.0076,770.175,0.0325,322.061,0.0401,406.753
8,8944,4,2048,51200,256,1,1,1,0.0078,141.319,0.0078,745.824,0.0371,282.637,0.0449,363.396
8,8952,4,2048,51200,256,1,1,1,0.0076,161.108,0.0076,771.034,0.0326,322.215,0.0402,406.985
8,8960,4,2048,51200,256,1,1,1,0.0078,184.069,0.0078,747.983,0.0286,368.138,0.0364,449.881
8,8968,4,2048,51200,256,1,1,1,0.0076,137.606,0.0076,771.293,0.0383,275.212,0.0459,357.472
8,8976,4,2048,51200,256,1,1,1,0.0079,159.919,0.0079,747.179,0.033,319.838,0.0409,402.117
8,8984,4,2048,51200,256,1,1,1,0.0076,194.581,0.0076,772.252,0.0272,389.162,0.0348,473.123
8,8992,4,2048,51200,256,1,1,1,0.0079,138.734,0.0079,751.327,0.0382,277.467,0.0461,358.304
8,9000,4,2048,51200,256,1,1,1,0.0076,159.332,0.0076,774.068,0.0333,318.663,0.041,403.596
8,9008,4,2048,51200,256,1,1,1,0.0079,185.088,0.0079,750.123,0.0287,370.176,0.0366,452.077
8,9016,4,2048,51200,256,1,1,1,0.0076,160.733,0.0076,776.365,0.0331,321.466,0.0408,406.693
8,9024,4,2048,51200,256,1,1,1,0.0079,160.066,0.0079,751.634,0.0333,320.132,0.0412,402.839
8,9032,4,2048,51200,256,1,1,1,0.0077,189.779,0.0077,777.33,0.0282,379.558,0.0358,464.573
8,9040,4,2048,51200,256,1,1,1,0.0079,173.603,0.0079,754.364,0.0309,347.206,0.0388,430.245
8,9048,4,2048,51200,256,1,1,1,0.0077,159.357,0.0077,777.931,0.0337,318.713,0.0413,403.984
8,9056,4,2048,51200,256,1,1,1,0.0079,139.967,0.0079,754.921,0.0384,279.934,0.0463,361.189
8,9064,4,2048,51200,256,1,1,1,0.0077,179.961,0.0077,779.975,0.0299,359.922,0.0376,445.748
8,9072,4,2048,51200,256,1,1,1,0.0079,158.897,0.0079,755.336,0.0339,317.793,0.0419,400.795
8,9080,4,2048,51200,256,1,1,1,0.0077,138.498,0.0077,781.493,0.039,276.996,0.0467,360.099
8,9088,4,2048,51200,256,1,1,1,0.0079,160.645,0.0079,758.012,0.0337,321.289,0.0416,404.621
8,9096,4,2048,51200,256,1,1,1,0.0077,180.279,0.0077,782.702,0.0301,360.558,0.0378,446.669
8,9104,4,2048,51200,256,1,1,1,0.008,138.453,0.008,758.136,0.0392,276.906,0.0472,358.165
8,9112,4,2048,51200,256,1,1,1,0.0077,159.398,0.0077,783.545,0.0341,318.796,0.0419,404.558
8,9120,4,2048,51200,256,1,1,1,0.008,180.312,0.008,759.023,0.0302,360.624,0.0382,443.891
8,9128,4,2048,51200,256,1,1,1,0.0077,140.279,0.0077,785.867,0.0389,280.557,0.0467,364.258
8,9136,4,2048,51200,256,1,1,1,0.008,160.99,0.008,761.111,0.034,321.98,0.042,405.605
8,9144,4,2048,51200,256,1,1,1,0.0077,188.313,0.0077,786.913,0.0291,376.626,0.0368,462.859
8,9152,4,2048,51200,256,1,1,1,0.008,162.601,0.008,765.008,0.0338,325.202,0.0417,409.273
8,9160,4,2048,51200,256,1,1,1,0.0078,159.385,0.0078,788.325,0.0345,318.771,0.0423,404.948
8,9168,4,2048,51200,256,1,1,1,0.008,159.283,0.008,765.96,0.0346,318.566,0.0426,402.573
8,9176,4,2048,51200,256,1,1,1,0.0078,158.77,0.0078,789.696,0.0348,317.54,0.0425,403.787
8,9184,4,2048,51200,256,1,1,1,0.008,160.234,0.008,766.133,0.0345,320.467,0.0425,404.528
8,9192,4,2048,51200,256,1,1,1,0.0078,148.892,0.0078,793.376,0.0372,297.783,0.0449,383.312
8,9200,4,2048,51200,256,1,1,1,0.008,160.962,0.008,766.087,0.0345,321.923,0.0425,406.001
8,9208,4,2048,51200,256,1,1,1,0.0078,160.881,0.0078,792.309,0.0345,321.762,0.0423,408.387
8,9216,4,2048,51200,256,1,1,1,0.008,133.338,0.008,770.782,0.0417,266.676,0.0498,347.95
8,9224,4,2048,51200,256,1,1,1,0.0078,159.674,0.0078,792.194,0.0349,319.347,0.0427,405.861
8,9232,4,2048,51200,256,1,1,1,0.0081,160.477,0.0081,766.964,0.0348,320.954,0.0429,405.074
8,9240,4,2048,51200,256,1,1,1,0.0078,139.401,0.0078,794.295,0.0401,278.802,0.048,362.903
8,9248,4,2048,51200,256,1,1,1,0.0081,157.847,0.0081,768.937,0.0355,315.694,0.0436,399.849
8,9256,4,2048,51200,256,1,1,1,0.0078,161.984,0.0078,794.985,0.0347,323.967,0.0425,410.888
8,9264,4,2048,51200,256,1,1,1,0.0081,140.144,0.0081,769.93,0.0401,280.287,0.0482,362.621
8,9272,4,2048,51200,256,1,1,1,0.0079,158.915,0.0079,796.145,0.0355,317.83,0.0433,404.613
8,9280,4,2048,51200,256,1,1,1,0.0081,192.313,0.0081,771.334,0.0293,384.625,0.0375,468.469
8,9288,4,2048,51200,256,1,1,1,0.0078,140.432,0.0078,799.711,0.0403,280.865,0.0481,365.517
8,9296,4,2048,51200,256,1,1,1,0.0081,160.582,0.0081,772.388,0.0353,321.164,0.0434,405.779
8,9304,4,2048,51200,256,1,1,1,0.0079,184.271,0.0079,798.725,0.0308,368.541,0.0387,456.248
8,9312,4,2048,51200,256,1,1,1,0.0081,160.912,0.0081,779.313,0.0353,321.823,0.0434,407.123
8,9320,4,2048,51200,256,1,1,1,0.0079,158.449,0.0079,800.307,0.0359,316.899,0.0438,403.986
8,9328,4,2048,51200,256,1,1,1,0.0082,184.693,0.0082,775.438,0.0309,369.386,0.039,454.277
8,9336,4,2048,51200,256,1,1,1,0.0079,162.057,0.0079,801.897,0.0352,324.115,0.0432,411.635
8,9344,4,2048,51200,256,1,1,1,0.0082,160.787,0.0082,776.964,0.0356,321.575,0.0438,406.615
8,9352,4,2048,51200,256,1,1,1,0.0079,139.781,0.0079,803.325,0.041,279.562,0.0489,364.315
8,9360,4,2048,51200,256,1,1,1,0.0082,158.447,0.0082,776.909,0.0362,316.893,0.0444,401.771
8,9368,4,2048,51200,256,1,1,1,0.0079,160.703,0.0079,803.415,0.0358,321.405,0.0437,408.936
8,9376,4,2048,51200,256,1,1,1,0.0082,141.095,0.0082,778.957,0.0408,282.19,0.049,365.3
8,9384,4,2048,51200,256,1,1,1,0.0079,160.643,0.0079,805.49,0.0359,321.285,0.0439,408.99
8,9392,4,2048,51200,256,1,1,1,0.0082,186.588,0.0082,779.624,0.031,373.177,0.0392,458.43
8,9400,4,2048,51200,256,1,1,1,0.008,143.071,0.008,806.691,0.0405,286.143,0.0484,371.696
8,9408,4,2048,51200,256,1,1,1,0.0082,161.005,0.0082,781.863,0.036,322.009,0.0443,407.492
8,9416,4,2048,51200,256,1,1,1,0.008,189.157,0.008,807.365,0.0307,378.314,0.0387,466.786
8,9424,4,2048,51200,256,1,1,1,0.0082,140.546,0.0082,782.78,0.0414,281.091,0.0497,364.377
8,9432,4,2048,51200,256,1,1,1,0.008,160.078,0.008,809.263,0.0364,320.156,0.0444,408.12
8,9440,4,2048,51200,256,1,1,1,0.0083,187.646,0.0083,784.199,0.0311,375.291,0.0394,461.013
8,9448,4,2048,51200,256,1,1,1,0.008,175.485,0.008,810.909,0.0333,350.971,0.0413,439.949
8,9456,4,2048,51200,256,1,1,1,0.0083,160.99,0.0083,784.987,0.0364,321.98,0.0447,407.728
8,9464,4,2048,51200,256,1,1,1,0.008,188.696,0.008,817.129,0.0311,377.391,0.0391,466.994
8,9472,4,2048,51200,256,1,1,1,0.0083,168.063,0.0083,787.47,0.035,336.126,0.0433,422.451
8,9480,4,2048,51200,256,1,1,1,0.008,156.743,0.008,812.25,0.0376,313.486,0.0456,401.345
8,9488,4,2048,51200,256,1,1,1,0.0083,138.891,0.0083,786.709,0.0425,277.782,0.0508,361.042
8,9496,4,2048,51200,256,1,1,1,0.008,166.851,0.008,813.548,0.0354,333.702,0.0435,422.542
8,9504,4,2048,51200,256,1,1,1,0.0083,159.01,0.0083,788.673,0.0372,318.019,0.0455,403.944
8,9512,4,2048,51200,256,1,1,1,0.0081,141.78,0.0081,815.59,0.0418,283.56,0.0499,369.462
8,9520,4,2048,51200,256,1,1,1,0.0083,158.644,0.0083,789.152,0.0374,317.288,0.0458,403.218
8,9528,4,2048,51200,256,1,1,1,0.0081,159.326,0.0081,816.337,0.0373,318.652,0.0454,407.106
8,9536,4,2048,51200,256,1,1,1,0.0083,140.197,0.0083,791.655,0.0425,280.393,0.0508,364.218
8,9544,4,2048,51200,256,1,1,1,0.0081,158.528,0.0081,818.437,0.0377,317.056,0.0457,405.601
8,9552,4,2048,51200,256,1,1,1,0.0084,179.318,0.0084,792.011,0.0333,358.635,0.0417,445.499
8,9560,4,2048,51200,256,1,1,1,0.0081,140.567,0.0081,819.8,0.0426,281.134,0.0507,367.075
8,9568,4,2048,51200,256,1,1,1,0.0084,159.639,0.0084,794.446,0.0376,319.278,0.0459,405.745
8,9576,4,2048,51200,256,1,1,1,0.0081,183.439,0.0081,820.887,0.0328,366.878,0.0409,456.911
8,9584,4,2048,51200,256,1,1,1,0.0084,146.091,0.0084,794.68,0.0412,292.182,0.0496,377.142
8,9592,4,2048,51200,256,1,1,1,0.0081,159.764,0.0081,821.594,0.0377,319.527,0.0459,408.443
8,9600,4,2048,51200,256,1,1,1,0.0084,150.497,0.0084,798.762,0.0401,300.994,0.0485,386.876
8,9608,4,2048,51200,256,1,1,1,0.0081,142.121,0.0081,823.71,0.0426,284.242,0.0507,370.728
8,9616,4,2048,51200,256,1,1,1,0.0084,159.877,0.0084,797.251,0.0379,319.754,0.0463,406.466
8,9624,4,2048,51200,256,1,1,1,0.0081,187.214,0.0081,824.618,0.0324,374.428,0.0406,464.808
8,9632,4,2048,51200,256,1,1,1,0.0084,161.023,0.0084,801.563,0.0378,322.047,0.0462,409.239
8,9640,4,2048,51200,256,1,1,1,0.0082,159.205,0.0082,825.762,0.0383,318.41,0.0464,407.596
8,9648,4,2048,51200,256,1,1,1,0.0084,142.576,0.0084,800.483,0.0428,285.152,0.0512,369.97
8,9656,4,2048,51200,256,1,1,1,0.0082,159.51,0.0082,822.206,0.0383,319.019,0.0465,407.916
8,9664,4,2048,51200,256,1,1,1,0.0085,188.984,0.0085,798.79,0.0324,377.968,0.0409,465.243
8,9672,4,2048,51200,256,1,1,1,0.0082,147.318,0.0082,831.52,0.0416,294.636,0.0498,382.592
8,9680,4,2048,51200,256,1,1,1,0.0084,160.0,0.0084,803.738,0.0384,320.001,0.0468,407.274
8,9688,4,2048,51200,256,1,1,1,0.0082,180.885,0.0082,830.775,0.034,361.769,0.0422,452.771
8,9696,4,2048,51200,256,1,1,1,0.0085,162.338,0.0085,805.721,0.038,324.677,0.0464,412.313
8,9704,4,2048,51200,256,1,1,1,0.0082,160.861,0.0082,831.861,0.0384,321.721,0.0466,411.571
8,9712,4,2048,51200,256,1,1,1,0.0084,141.215,0.0084,809.066,0.0438,282.43,0.0522,367.607
8,9720,4,2048,51200,256,1,1,1,0.0082,159.807,0.0082,833.273,0.0387,319.613,0.047,409.456
8,9728,4,2048,51200,256,1,1,1,0.0085,162.059,0.0085,808.719,0.0383,324.118,0.0467,411.987
8,9736,4,2048,51200,256,1,1,1,0.0082,142.965,0.0082,833.565,0.0435,285.931,0.0517,373.194
8,9744,4,2048,51200,256,1,1,1,0.0085,159.616,0.0085,805.779,0.039,319.232,0.0475,406.613
8,9752,4,2048,51200,256,1,1,1,0.0082,159.77,0.0082,836.786,0.039,319.54,0.0472,409.656
8,9760,4,2048,51200,256,1,1,1,0.0085,141.874,0.0085,807.605,0.044,283.749,0.0525,368.903
8,9768,4,2048,51200,256,1,1,1,0.0083,158.933,0.0083,835.263,0.0393,317.866,0.0476,407.742
8,9776,4,2048,51200,256,1,1,1,0.0086,186.31,0.0086,808.659,0.0336,372.62,0.0422,461.087
8,9784,4,2048,51200,256,1,1,1,0.0083,143.187,0.0083,836.278,0.0438,286.374,0.0521,373.84
8,9792,4,2048,51200,256,1,1,1,0.0086,141.777,0.0086,810.198,0.0443,283.554,0.0529,368.86
8,9800,4,2048,51200,256,1,1,1,0.0083,158.169,0.0083,838.311,0.0398,316.339,0.0481,406.355
8,9808,4,2048,51200,256,1,1,1,0.0086,160.64,0.0086,811.147,0.0392,321.28,0.0478,409.194
8,9816,4,2048,51200,256,1,1,1,0.0083,160.248,0.0083,839.423,0.0394,320.496,0.0477,410.847
8,9824,4,2048,51200,256,1,1,1,0.0086,160.171,0.0086,812.572,0.0395,320.342,0.0481,408.33
8,9832,4,2048,51200,256,1,1,1,0.0083,143.268,0.0083,841.651,0.0442,286.535,0.0525,374.362
8,9840,4,2048,51200,256,1,1,1,0.0086,170.127,0.0086,813.604,0.0373,340.253,0.0459,429.036
8,9848,4,2048,51200,256,1,1,1,0.0083,160.543,0.0083,842.018,0.0396,321.086,0.0479,411.67
8,9856,4,2048,51200,256,1,1,1,0.0086,144.381,0.0086,815.961,0.0441,288.762,0.0527,374.912
8,9864,4,2048,51200,256,1,1,1,0.0083,159.728,0.0083,843.235,0.0399,319.455,0.0483,410.032
8,9872,4,2048,51200,256,1,1,1,0.0086,161.383,0.0086,815.405,0.0396,322.766,0.0482,411.088
8,9880,4,2048,51200,256,1,1,1,0.0084,142.862,0.0084,844.403,0.0448,285.723,0.0531,373.628
8,9888,4,2048,51200,256,1,1,1,0.0086,161.715,0.0086,817.895,0.0396,323.429,0.0483,411.995
8,9896,4,2048,51200,256,1,1,1,0.0084,189.223,0.0084,845.661,0.0339,378.446,0.0423,470.963
8,9904,4,2048,51200,256,1,1,1,0.0086,144.434,0.0086,820.564,0.0445,288.868,0.0532,375.339
8,9912,4,2048,51200,256,1,1,1,0.0084,161.2,0.0084,847.217,0.0399,322.399,0.0483,413.457
8,9920,4,2048,51200,256,1,1,1,0.0086,195.759,0.0086,822.872,0.0329,391.518,0.0416,481.193
8,9928,4,2048,51200,256,1,1,1,0.0084,160.258,0.0084,849.291,0.0403,320.516,0.0487,411.62
8,9936,4,2048,51200,256,1,1,1,0.0087,160.54,0.0087,821.664,0.0403,321.081,0.049,409.838
8,9944,4,2048,51200,256,1,1,1,0.0084,141.018,0.0084,852.992,0.046,282.036,0.0543,370.091
8,9952,4,2048,51200,256,1,1,1,0.0087,165.546,0.0087,823.802,0.0392,331.093,0.0479,420.481
8,9960,4,2048,51200,256,1,1,1,0.0084,161.516,0.0084,851.635,0.0403,323.031,0.0487,414.466
8,9968,4,2048,51200,256,1,1,1,0.0087,144.503,0.0087,825.288,0.0451,289.006,0.0538,375.794
8,9976,4,2048,51200,256,1,1,1,0.0084,160.307,0.0084,854.343,0.0407,320.613,0.0491,412.11
8,9984,4,2048,51200,256,1,1,1,0.0087,162.855,0.0087,826.296,0.0401,325.711,0.0488,415.072
8,9992,4,2048,51200,256,1,1,1,0.0084,140.515,0.0084,856.055,0.0466,281.03,0.055,369.143
8,10000,4,2048,51200,256,1,1,1,0.0087,158.386,0.0087,826.608,0.0414,316.773,0.0501,405.685
8,10008,4,2048,51200,256,1,1,1,0.0085,185.202,0.0085,855.504,0.0354,370.405,0.0439,463.863
8,10016,4,2048,51200,256,1,1,1,0.0087,141.452,0.0087,828.89,0.0465,282.904,0.0552,369.344
8,10024,4,2048,51200,256,1,1,1,0.0085,159.054,0.0085,856.648,0.0414,318.109,0.0499,409.593
8,10032,4,2048,51200,256,1,1,1,0.0088,153.793,0.0088,828.166,0.0429,307.586,0.0517,396.027
8,10040,4,2048,51200,256,1,1,1,0.0085,173.745,0.0085,858.836,0.038,347.489,0.0465,440.706
8,10048,4,2048,51200,256,1,1,1,0.0088,160.114,0.0088,831.096,0.0413,320.228,0.0501,409.688
8,10056,4,2048,51200,256,1,1,1,0.0085,142.874,0.0085,859.81,0.0464,285.748,0.0549,374.588
8,10064,4,2048,51200,256,1,1,1,0.0088,158.512,0.0088,831.704,0.0419,317.023,0.0507,406.34
8,10072,4,2048,51200,256,1,1,1,0.0085,162.12,0.0085,860.557,0.041,324.24,0.0495,416.418
8,10080,4,2048,51200,256,1,1,1,0.0088,136.509,0.0088,834.676,0.0488,273.019,0.0576,358.761
8,10088,4,2048,51200,256,1,1,1,0.0085,158.334,0.0085,862.21,0.0421,316.668,0.0506,408.453
8,10096,4,2048,51200,256,1,1,1,0.0088,188.554,0.0088,834.161,0.0354,377.109,0.0442,468.217
8,10104,4,2048,51200,256,1,1,1,0.0085,145.798,0.0085,864.578,0.0459,291.595,0.0544,381.344
8,10112,4,2048,51200,256,1,1,1,0.0088,159.634,0.0088,836.943,0.042,319.268,0.0508,409.13
8,10120,4,2048,51200,256,1,1,1,0.0085,179.581,0.0085,865.413,0.0374,359.162,0.0459,453.326
8,10128,4,2048,51200,256,1,1,1,0.0088,161.683,0.0088,839.639,0.0416,323.367,0.0504,413.683
8,10136,4,2048,51200,256,1,1,1,0.0086,158.611,0.0086,866.816,0.0425,317.222,0.051,409.38
8,10144,4,2048,51200,256,1,1,1,0.0088,144.484,0.0088,840.007,0.0467,288.967,0.0555,376.702
8,10152,4,2048,51200,256,1,1,1,0.0086,159.967,0.0086,868.811,0.0422,319.934,0.0508,412.438
8,10160,4,2048,51200,256,1,1,1,0.0089,160.155,0.0089,840.438,0.0422,320.309,0.0511,410.497
8,10168,4,2048,51200,256,1,1,1,0.0086,143.269,0.0086,869.987,0.0473,286.538,0.0559,376.068
8,10176,4,2048,51200,256,1,1,1,0.0089,160.303,0.0089,842.829,0.0423,320.606,0.0512,411.003
8,10184,4,2048,51200,256,1,1,1,0.0086,160.583,0.0086,871.479,0.0423,321.165,0.0509,413.949
8,10192,4,2048,51200,256,1,1,1,0.0089,143.001,0.0089,843.859,0.0476,286.001,0.0565,373.683
8,10200,4,2048,51200,256,1,1,1,0.0086,159.594,0.0086,873.5,0.0427,319.189,0.0513,411.977
8,10208,4,2048,51200,256,1,1,1,0.0089,180.516,0.0089,845.209,0.0378,361.032,0.0467,453.163
8,10216,4,2048,51200,256,1,1,1,0.0086,144.068,0.0086,875.979,0.0475,288.136,0.0561,378.208
8,10224,4,2048,51200,256,1,1,1,0.0089,159.885,0.0089,846.331,0.0428,319.769,0.0518,410.376
8,10232,4,2048,51200,256,1,1,1,0.0086,190.812,0.0086,875.81,0.036,381.625,0.0446,477.169
8,10240,4,2048,51200,256,1,1,1,0.0089,161.353,0.0089,848.48,0.0426,322.706,0.0515,413.663
8,10248,4,2048,51200,256,1,1,1,0.0086,158.424,0.0086,875.412,0.0434,316.849,0.0521,409.575
8,10256,4,2048,51200,256,1,1,1,0.009,180.304,0.009,846.536,0.0382,360.608,0.0472,452.835
8,10264,4,2048,51200,256,1,1,1,0.0087,158.198,0.0087,876.847,0.0436,316.397,0.0523,409.188
8,10272,4,2048,51200,256,1,1,1,0.009,160.443,0.009,848.006,0.0431,320.885,0.0521,411.67
8,10280,4,2048,51200,256,1,1,1,0.0087,141.492,0.0087,877.901,0.0489,282.984,0.0576,372.546
8,10288,4,2048,51200,256,1,1,1,0.009,160.227,0.009,849.802,0.0433,320.454,0.0523,411.351
8,10296,4,2048,51200,256,1,1,1,0.0087,159.716,0.0087,878.835,0.0435,319.433,0.0522,412.593
8,10304,4,2048,51200,256,1,1,1,0.009,141.04,0.009,851.629,0.0493,282.079,0.0583,369.805
8,10312,4,2048,51200,256,1,1,1,0.0087,158.5,0.0087,880.067,0.044,317.0,0.0527,410.055
8,10320,4,2048,51200,256,1,1,1,0.009,180.413,0.009,851.6,0.0387,360.827,0.0477,453.527
8,10328,4,2048,51200,256,1,1,1,0.0087,150.52,0.0087,882.969,0.0464,301.039,0.0551,392.87
8,10336,4,2048,51200,256,1,1,1,0.0097,154.048,0.0097,794.574,0.0454,308.097,0.0551,393.548
8,10344,4,2048,51200,256,1,1,1,0.0087,140.182,0.0087,883.383,0.05,280.365,0.0587,369.912
8,10352,4,2048,51200,256,1,1,1,0.009,162.698,0.009,854.087,0.0432,325.395,0.0522,416.912
8,10360,4,2048,51200,256,1,1,1,0.0087,159.942,0.0087,884.202,0.044,319.883,0.0527,413.453
8,10368,4,2048,51200,256,1,1,1,0.009,141.296,0.009,857.468,0.0499,282.593,0.0589,370.722
8,10376,4,2048,51200,256,1,1,1,0.0087,160.291,0.0087,887.852,0.044,320.582,0.0527,414.478
8,10384,4,2048,51200,256,1,1,1,0.0091,160.87,0.0091,856.461,0.0439,321.739,0.053,413.206
8,10392,4,2048,51200,256,1,1,1,0.0088,159.334,0.0088,886.449,0.0444,318.668,0.0532,412.293
8,10400,4,2048,51200,256,1,1,1,0.0091,141.878,0.0091,859.014,0.05,283.756,0.059,372.095
8,10408,4,2048,51200,256,1,1,1,0.0088,159.445,0.0088,890.48,0.0445,318.89,0.0533,412.83
8,10416,4,2048,51200,256,1,1,1,0.0091,160.754,0.0091,858.698,0.0442,321.508,0.0533,413.123
8,10424,4,2048,51200,256,1,1,1,0.0088,144.261,0.0088,889.214,0.0494,288.522,0.0582,379.363
8,10432,4,2048,51200,256,1,1,1,0.0091,161.588,0.0091,861.038,0.0441,323.177,0.0532,415.083
8,10440,4,2048,51200,256,1,1,1,0.0088,178.871,0.0088,889.816,0.0399,357.742,0.0487,453.953
8,10448,4,2048,51200,256,1,1,1,0.0091,142.479,0.0091,863.168,0.0502,284.958,0.0593,373.675
8,10456,4,2048,51200,256,1,1,1,0.0088,160.576,0.0088,891.404,0.0446,321.151,0.0534,415.313
8,10464,4,2048,51200,256,1,1,1,0.0091,194.234,0.0091,863.404,0.0369,388.469,0.0461,482.535
8,10472,4,2048,51200,256,1,1,1,0.0088,162.049,0.0088,893.486,0.0443,324.098,0.0532,418.641
8,10480,4,2048,51200,256,1,1,1,0.0091,160.905,0.0091,864.647,0.0447,321.81,0.0539,413.889
8,10488,4,2048,51200,256,1,1,1,0.0088,179.614,0.0088,895.067,0.0401,359.228,0.049,455.95
8,10496,4,2048,51200,256,1,1,1,0.0091,162.882,0.0091,867.263,0.0443,325.763,0.0535,418.308
8,10504,4,2048,51200,256,1,1,1,0.0089,159.031,0.0089,894.553,0.0455,318.063,0.0543,412.178
8,10512,4,2048,51200,256,1,1,1,0.0092,141.786,0.0092,866.295,0.0511,283.572,0.0602,372.3
8,10520,4,2048,51200,256,1,1,1,0.0089,160.978,0.0089,898.131,0.0451,321.957,0.0539,416.655
8,10528,4,2048,51200,256,1,1,1,0.0092,159.831,0.0092,867.621,0.0454,319.663,0.0546,411.801
8,10536,4,2048,51200,256,1,1,1,0.0089,142.591,0.0089,898.028,0.051,285.182,0.0599,376.108
8,10544,4,2048,51200,256,1,1,1,0.0092,159.936,0.0092,868.781,0.0456,319.872,0.0548,412.107
8,10552,4,2048,51200,256,1,1,1,0.0089,182.714,0.0089,897.994,0.0399,365.429,0.0489,462.612
8,10560,4,2048,51200,256,1,1,1,0.0092,134.215,0.0092,872.844,0.0545,268.43,0.0636,355.666
8,10568,4,2048,51200,256,1,1,1,0.0089,159.558,0.0089,900.178,0.0459,319.116,0.0548,413.7
8,10576,4,2048,51200,256,1,1,1,0.0092,185.643,0.0092,870.099,0.0395,371.287,0.0487,465.881
8,10584,4,2048,51200,256,1,1,1,0.0089,142.951,0.0089,901.387,0.0514,285.901,0.0603,377.093
8,10592,4,2048,51200,256,1,1,1,0.0092,160.39,0.0092,872.443,0.0458,320.78,0.0551,413.341
8,10600,4,2048,51200,256,1,1,1,0.0089,184.851,0.0089,903.541,0.0398,369.703,0.0488,467.523
8,10608,4,2048,51200,256,1,1,1,0.0092,160.396,0.0092,875.988,0.046,320.792,0.0552,413.624
8,10616,4,2048,51200,256,1,1,1,0.0089,159.909,0.0089,907.279,0.0462,319.817,0.0551,414.959
8,10624,4,2048,51200,256,1,1,1,0.0093,143.129,0.0093,876.716,0.0517,286.257,0.0609,375.899
8,10632,4,2048,51200,256,1,1,1,0.009,159.888,0.009,906.24,0.0463,319.777,0.0553,414.827
8,10640,4,2048,51200,256,1,1,1,0.0093,159.977,0.0093,876.015,0.0464,319.954,0.0557,412.706
8,10648,4,2048,51200,256,1,1,1,0.009,144.565,0.009,908.882,0.0514,289.129,0.0604,381.142
8,10656,4,2048,51200,256,1,1,1,0.0093,160.501,0.0093,880.022,0.0464,321.001,0.0556,414.136
8,10664,4,2048,51200,256,1,1,1,0.009,161.425,0.009,908.325,0.0462,322.85,0.0552,418.299
8,10672,4,2048,51200,256,1,1,1,0.0093,159.988,0.0093,879.393,0.0467,319.977,0.056,412.975
8,10680,4,2048,51200,256,1,1,1,0.009,144.88,0.009,905.568,0.0516,289.76,0.0606,381.622
8,10688,4,2048,51200,256,1,1,1,0.0093,161.224,0.0093,880.818,0.0464,322.449,0.0557,415.734
8,10696,4,2048,51200,256,1,1,1,0.009,160.492,0.009,909.879,0.0467,320.984,0.0557,416.367
8,10704,4,2048,51200,256,1,1,1,0.0093,145.604,0.0093,880.129,0.0516,291.208,0.0609,381.576
8,10712,4,2048,51200,256,1,1,1,0.009,160.651,0.009,911.361,0.0468,321.302,0.0559,416.812
8,10720,4,2048,51200,256,1,1,1,0.0094,184.387,0.0094,880.898,0.0408,368.773,0.0502,464.303
8,10728,4,2048,51200,256,1,1,1,0.009,158.61,0.009,913.288,0.0476,317.219,0.0566,412.493
8,10736,4,2048,51200,256,1,1,1,0.0094,161.471,0.0094,882.231,0.0468,322.943,0.0562,416.345
8,10744,4,2048,51200,256,1,1,1,0.0091,145.107,0.0091,914.682,0.0521,290.213,0.0612,382.658
8,10752,4,2048,51200,256,1,1,1,0.0094,160.359,0.0094,884.975,0.0472,320.719,0.0566,414.157
8,10760,4,2048,51200,256,1,1,1,0.0091,158.345,0.0091,916.626,0.0479,316.689,0.057,412.133
8,10768,4,2048,51200,256,1,1,1,0.0094,141.357,0.0094,886.792,0.0538,282.713,0.0631,372.49
8,10776,4,2048,51200,256,1,1,1,0.0091,158.422,0.0091,917.681,0.048,316.843,0.0571,412.366
8,10784,4,2048,51200,256,1,1,1,0.0094,184.877,0.0094,890.294,0.0412,369.755,0.0506,466.187
8,10792,4,2048,51200,256,1,1,1,0.0091,140.597,0.0091,919.568,0.0543,281.193,0.0634,372.734
8,10800,4,2048,51200,256,1,1,1,0.0094,158.576,0.0094,889.173,0.0482,317.151,0.0576,410.594
8,10808,4,2048,51200,256,1,1,1,0.0091,186.014,0.0091,920.275,0.0412,372.027,0.0503,471.362
8,10816,4,2048,51200,256,1,1,1,0.0094,157.737,0.0094,892.932,0.0486,315.475,0.058,409.047
8,10824,4,2048,51200,256,1,1,1,0.0091,158.547,0.0091,922.414,0.0484,317.095,0.0575,412.948
8,10832,4,2048,51200,256,1,1,1,0.0094,184.245,0.0094,894.236,0.0417,368.489,0.0511,465.235
8,10840,4,2048,51200,256,1,1,1,0.0091,160.586,0.0091,923.881,0.048,321.173,0.0571,417.504
8,10848,4,2048,51200,256,1,1,1,0.0094,159.299,0.0094,894.735,0.0484,318.597,0.0578,412.549
8,10856,4,2048,51200,256,1,1,1,0.0091,149.34,0.0091,925.851,0.0517,298.681,0.0608,392.777
8,10864,4,2048,51200,256,1,1,1,0.0095,159.617,0.0095,895.538,0.0485,319.234,0.0579,413.289
8,10872,4,2048,51200,256,1,1,1,0.0091,157.136,0.0091,926.581,0.0493,314.271,0.0584,410.107
8,10880,4,2048,51200,256,1,1,1,0.0095,139.666,0.0095,897.267,0.0555,279.332,0.065,369.256
8,10888,4,2048,51200,256,1,1,1,0.0092,182.388,0.0092,927.367,0.0426,364.776,0.0518,464.394
8,10896,4,2048,51200,256,1,1,1,0.0095,144.65,0.0095,897.207,0.0538,289.3,0.0633,380.444
8,10904,4,2048,51200,256,1,1,1,0.0092,157.971,0.0092,928.365,0.0493,315.943,0.0585,412.05
8,10912,4,2048,51200,256,1,1,1,0.0095,144.318,0.0095,899.601,0.0541,288.637,0.0636,379.843
8,10920,4,2048,51200,256,1,1,1,0.0092,158.15,0.0092,929.921,0.0494,316.301,0.0586,412.542
8,10928,4,2048,51200,256,1,1,1,0.0095,159.952,0.0095,899.966,0.0489,319.904,0.0584,414.309
8,10936,4,2048,51200,256,1,1,1,0.0092,143.729,0.0092,931.291,0.0545,287.458,0.0637,380.434
8,10944,4,2048,51200,256,1,1,1,0.0095,159.827,0.0095,903.014,0.0491,319.653,0.0586,414.254
8,10952,4,2048,51200,256,1,1,1,0.0092,159.429,0.0092,932.459,0.0493,318.857,0.0585,415.508
8,10960,4,2048,51200,256,1,1,1,0.0095,143.325,0.0095,902.679,0.0549,286.649,0.0645,377.778
8,10968,4,2048,51200,256,1,1,1,0.0092,155.618,0.0092,933.594,0.0507,311.236,0.0599,407.176
8,10976,4,2048,51200,256,1,1,1,0.0095,178.851,0.0095,905.181,0.0441,357.703,0.0537,454.96
8,10984,4,2048,51200,256,1,1,1,0.0092,144.436,0.0092,936.098,0.0547,288.871,0.064,382.288
8,10992,4,2048,51200,256,1,1,1,0.0096,160.019,0.0096,904.961,0.0495,320.039,0.059,414.788
8,11000,4,2048,51200,256,1,1,1,0.0092,184.534,0.0092,937.241,0.043,369.069,0.0522,469.694
8,11008,4,2048,51200,256,1,1,1,0.0096,160.243,0.0096,906.84,0.0496,320.485,0.0591,415.403
8,11016,4,2048,51200,256,1,1,1,0.0093,158.02,0.0093,936.766,0.0503,316.039,0.0596,412.666
8,11024,4,2048,51200,256,1,1,1,0.0096,164.906,0.0096,907.591,0.0483,329.812,0.0579,425.536
8,11032,4,2048,51200,256,1,1,1,0.0093,158.78,0.0093,940.963,0.0502,317.56,0.0595,414.62
8,11040,4,2048,51200,256,1,1,1,0.0096,154.247,0.0096,909.88,0.0518,308.494,0.0614,402.487
8,11048,4,2048,51200,256,1,1,1,0.0093,147.343,0.0093,940.581,0.0543,294.686,0.0636,389.086
8,11056,4,2048,51200,256,1,1,1,0.0096,158.114,0.0096,909.752,0.0507,316.228,0.0603,410.948
8,11064,4,2048,51200,256,1,1,1,0.0093,159.162,0.0093,941.384,0.0504,318.324,0.0597,415.471
8,11072,4,2048,51200,256,1,1,1,0.0096,142.718,0.0096,913.916,0.0563,285.436,0.0659,377.031
8,11080,4,2048,51200,256,1,1,1,0.0093,158.39,0.0093,942.779,0.0508,316.779,0.0601,413.853
8,11088,4,2048,51200,256,1,1,1,0.0096,181.992,0.0096,914.946,0.0443,363.985,0.0539,462.33
8,11096,4,2048,51200,256,1,1,1,0.0093,147.271,0.0093,944.594,0.0548,294.542,0.0641,389.135
8,11104,4,2048,51200,256,1,1,1,0.0097,160.871,0.0097,914.344,0.0502,321.742,0.0599,417.264
8,11112,4,2048,51200,256,1,1,1,0.0093,182.888,0.0093,947.651,0.0442,365.775,0.0536,467.07
8,11120,4,2048,51200,256,1,1,1,0.0097,159.395,0.0097,915.769,0.0508,318.79,0.0605,414.141
8,11128,4,2048,51200,256,1,1,1,0.0094,158.799,0.0094,947.252,0.0511,317.597,0.0605,415.03
8,11136,4,2048,51200,256,1,1,1,0.0097,145.104,0.0097,917.938,0.056,290.208,0.0657,382.611
8,11144,4,2048,51200,256,1,1,1,0.0094,159.01,0.0094,949.247,0.0512,318.02,0.0605,415.622
8,11152,4,2048,51200,256,1,1,1,0.0097,159.664,0.0097,917.785,0.051,319.328,0.0607,414.855
8,11160,4,2048,51200,256,1,1,1,0.0093,144.644,0.0093,953.399,0.0564,289.289,0.0658,383.658
8,11168,4,2048,51200,256,1,1,1,0.0097,159.286,0.0097,918.885,0.0513,318.573,0.061,414.099
8,11176,4,2048,51200,256,1,1,1,0.0094,174.702,0.0094,950.633,0.0469,349.404,0.0563,449.865
8,11184,4,2048,51200,256,1,1,1,0.0097,145.713,0.0097,920.317,0.0563,291.425,0.066,384.098
8,11192,4,2048,51200,256,1,1,1,0.0094,159.237,0.0094,952.554,0.0516,318.475,0.061,416.318
8,11200,4,2048,51200,256,1,1,1,0.0097,189.919,0.0097,923.259,0.0433,379.838,0.053,479.473
8,11208,4,2048,51200,256,1,1,1,0.0094,159.18,0.0094,954.516,0.0517,318.36,0.0611,416.313
8,11216,4,2048,51200,256,1,1,1,0.0098,160.397,0.0098,922.319,0.0514,320.795,0.0612,416.745
8,11224,4,2048,51200,256,1,1,1,0.0094,152.63,0.0094,955.902,0.0541,305.259,0.0635,401.804
8,11232,4,2048,51200,256,1,1,1,0.0098,159.87,0.0098,924.197,0.0517,319.74,0.0615,415.717
8,11240,4,2048,51200,256,1,1,1,0.0095,159.813,0.0095,955.15,0.0518,319.626,0.0613,417.736
8,11248,4,2048,51200,256,1,1,1,0.0098,143.716,0.0098,927.262,0.0577,287.433,0.0674,379.979
8,11256,4,2048,51200,256,1,1,1,0.0095,159.346,0.0095,958.09,0.0521,318.692,0.0616,416.891
8,11264,4,2048,51200,256,1,1,1,0.0098,183.567,0.0098,929.014,0.0453,367.135,0.0551,466.774
8,11272,4,2048,51200,256,1,1,1,0.0095,140.042,0.0095,958.69,0.0595,280.084,0.0689,373.355
8,11280,4,2048,51200,256,1,1,1,0.0098,158.11,0.0098,926.052,0.0527,316.221,0.0626,411.963
8,11288,4,2048,51200,256,1,1,1,0.0095,181.564,0.0095,958.823,0.046,363.129,0.0555,465.102
8,11296,4,2048,51200,256,1,1,1,0.0098,157.538,0.0098,928.466,0.0531,315.076,0.0629,410.863
8,11304,4,2048,51200,256,1,1,1,0.0095,158.278,0.0095,959.983,0.0529,316.555,0.0624,414.618
8,11312,4,2048,51200,256,1,1,1,0.0098,140.953,0.0098,929.694,0.0595,281.906,0.0693,373.814
8,11320,4,2048,51200,256,1,1,1,0.0095,156.384,0.0095,962.379,0.0537,312.769,0.0632,410.551
8,11328,4,2048,51200,256,1,1,1,0.0098,157.248,0.0098,932.315,0.0535,314.497,0.0633,410.47
8,11336,4,2048,51200,256,1,1,1,0.0095,156.11,0.0095,965.378,0.0539,312.221,0.0635,410.122
8,11344,4,2048,51200,256,1,1,1,0.0099,176.884,0.0099,931.409,0.0477,353.769,0.0576,452.855
8,11352,4,2048,51200,256,1,1,1,0.0095,139.84,0.0095,964.948,0.0604,279.681,0.0699,373.176
8,11360,4,2048,51200,256,1,1,1,0.0099,158.603,0.0099,933.597,0.0533,317.206,0.0632,413.522
8,11368,4,2048,51200,256,1,1,1,0.0096,173.252,0.0096,966.164,0.0489,346.503,0.0584,447.824
8,11376,4,2048,51200,256,1,1,1,0.0099,139.408,0.0099,935.771,0.0608,278.817,0.0707,370.594
8,11384,4,2048,51200,256,1,1,1,0.0096,157.745,0.0096,967.356,0.0538,315.49,0.0634,413.865
8,11392,4,2048,51200,256,1,1,1,0.0099,177.924,0.0099,936.839,0.0478,355.848,0.0577,455.484
8,11400,4,2048,51200,256,1,1,1,0.0096,156.239,0.0096,969.09,0.0545,312.479,0.0641,410.607
8,11408,4,2048,51200,256,1,1,1,0.0099,158.392,0.0099,936.796,0.0538,316.784,0.0638,413.25
8,11416,4,2048,51200,256,1,1,1,0.0096,140.563,0.0096,970.144,0.0608,281.126,0.0704,375.078
8,11424,4,2048,51200,256,1,1,1,0.0099,157.003,0.0099,940.083,0.0545,314.007,0.0644,410.399
8,11432,4,2048,51200,256,1,1,1,0.0096,158.7,0.0096,970.916,0.054,317.4,0.0636,416.193
8,11440,4,2048,51200,256,1,1,1,0.0099,140.944,0.0099,940.568,0.0609,281.889,0.0708,374.334
8,11448,4,2048,51200,256,1,1,1,0.0096,156.703,0.0096,972.544,0.0548,313.406,0.0644,411.832
8,11456,4,2048,51200,256,1,1,1,0.01,158.762,0.01,940.593,0.0542,317.525,0.0641,414.298
8,11464,4,2048,51200,256,1,1,1,0.0097,159.263,0.0097,972.226,0.0541,318.527,0.0637,417.513
8,11472,4,2048,51200,256,1,1,1,0.01,140.661,0.01,941.436,0.0613,281.323,0.0713,373.718
8,11480,4,2048,51200,256,1,1,1,0.0097,158.791,0.0097,973.628,0.0544,317.582,0.0641,416.542
8,11488,4,2048,51200,256,1,1,1,0.01,175.042,0.01,943.019,0.0494,350.085,0.0594,449.797
8,11496,4,2048,51200,256,1,1,1,0.0097,141.592,0.0097,975.95,0.0612,283.185,0.0708,377.71
8,11504,4,2048,51200,256,1,1,1,0.01,158.969,0.01,943.153,0.0546,317.937,0.0646,414.9
8,11512,4,2048,51200,256,1,1,1,0.0097,179.873,0.0097,975.996,0.0483,359.745,0.058,462.749
8,11520,4,2048,51200,256,1,1,1,0.01,136.769,0.01,945.278,0.0636,273.539,0.0736,364.966
8,11528,4,2048,51200,256,1,1,1,0.0097,157.89,0.0097,976.761,0.0552,315.779,0.0649,414.704
8,11536,4,2048,51200,256,1,1,1,0.01,186.636,0.01,946.453,0.0467,373.271,0.0568,474.582
8,11544,4,2048,51200,256,1,1,1,0.0097,158.096,0.0097,977.76,0.0552,316.192,0.065,415.219
8,11552,4,2048,51200,256,1,1,1,0.0101,160.113,0.0101,945.783,0.0546,320.226,0.0647,417.574
8,11560,4,2048,51200,256,1,1,1,0.0097,141.015,0.0097,979.854,0.0621,282.031,0.0718,376.547
8,11568,4,2048,51200,256,1,1,1,0.0101,158.166,0.0101,947.432,0.0554,316.332,0.0655,413.38
8,11576,4,2048,51200,256,1,1,1,0.0098,158.423,0.0098,980.169,0.0554,316.847,0.0652,416.084
8,11584,4,2048,51200,256,1,1,1,0.0101,141.546,0.0101,948.901,0.0621,283.092,0.0722,376.091
8,11592,4,2048,51200,256,1,1,1,0.0098,158.463,0.0098,982.52,0.0556,316.926,0.0653,416.312
8,11600,4,2048,51200,256,1,1,1,0.0101,181.359,0.0101,949.137,0.0486,362.718,0.0587,463.669
8,11608,4,2048,51200,256,1,1,1,0.0098,135.039,0.0098,983.036,0.0654,270.077,0.0752,362.795
8,11616,4,2048,51200,256,1,1,1,0.0101,160.122,0.0101,950.695,0.0552,320.244,0.0653,417.893
8,11624,4,2048,51200,256,1,1,1,0.0099,183.335,0.0099,969.492,0.0483,366.67,0.0582,469.541
8,11632,4,2048,51200,256,1,1,1,0.0101,142.804,0.0101,951.953,0.0621,285.609,0.0722,379.108
8,11640,4,2048,51200,256,1,1,1,0.0098,158.715,0.0098,986.137,0.0559,317.431,0.0657,417.077
8,11648,4,2048,51200,256,1,1,1,0.0101,189.238,0.0101,954.769,0.047,378.477,0.0571,480.699
8,11656,4,2048,51200,256,1,1,1,0.0098,158.324,0.0098,987.563,0.0562,316.647,0.066,416.28
8,11664,4,2048,51200,256,1,1,1,0.0102,159.41,0.0102,954.191,0.0559,318.821,0.0661,416.53
8,11672,4,2048,51200,256,1,1,1,0.0098,142.617,0.0098,988.86,0.0626,285.234,0.0724,380.648
8,11680,4,2048,51200,256,1,1,1,0.0102,160.186,0.0102,956.683,0.0558,320.371,0.066,418.402
8,11688,4,2048,51200,256,1,1,1,0.0098,159.523,0.0098,989.786,0.0561,319.045,0.066,419.083
8,11696,4,2048,51200,256,1,1,1,0.0102,142.183,0.0102,959.887,0.0631,284.366,0.0732,378.089
8,11704,4,2048,51200,256,1,1,1,0.0099,159.295,0.0099,990.359,0.0564,318.589,0.0662,418.6
8,11712,4,2048,51200,256,1,1,1,0.0102,160.386,0.0102,961.864,0.056,320.772,0.0662,419.174
8,11720,4,2048,51200,256,1,1,1,0.0099,159.592,0.0099,993.024,0.0564,319.184,0.0663,419.424
8,11728,4,2048,51200,256,1,1,1,0.0102,188.217,0.0102,959.764,0.0479,376.435,0.0581,478.958
8,11736,4,2048,51200,256,1,1,1,0.0099,145.271,0.0099,994.684,0.0621,290.541,0.072,387.031
8,11744,4,2048,51200,256,1,1,1,0.0102,161.818,0.0102,962.076,0.0559,323.637,0.0661,422.335
8,11752,4,2048,51200,256,1,1,1,0.0099,177.684,0.0099,995.924,0.0509,355.367,0.0608,459.425
8,11760,4,2048,51200,256,1,1,1,0.0102,160.158,0.0102,963.131,0.0566,320.316,0.0668,418.727
8,11768,4,2048,51200,256,1,1,1,0.0103,181.502,0.0103,955.327,0.05,363.004,0.0603,464.392
8,11776,4,2048,51200,256,1,1,1,0.0102,143.993,0.0102,967.1,0.0631,287.986,0.0733,382.584
8,11784,4,2048,51200,256,1,1,1,0.0099,157.549,0.0099,996.208,0.0578,315.098,0.0677,415.003
8,11792,4,2048,51200,256,1,1,1,0.0103,181.894,0.0103,963.055,0.0501,363.789,0.0604,465.851
8,11800,4,2048,51200,256,1,1,1,0.0099,139.024,0.0099,998.067,0.0656,278.048,0.0756,372.714
8,11808,4,2048,51200,256,1,1,1,0.0103,161.069,0.0103,965.46,0.0567,322.138,0.067,420.872
8,11816,4,2048,51200,256,1,1,1,0.0099,182.41,0.0099,999.396,0.0502,364.82,0.0601,469.849
8,11824,4,2048,51200,256,1,1,1,0.0103,157.63,0.0103,967.869,0.0581,315.26,0.0684,413.386
8,11832,4,2048,51200,256,1,1,1,0.01,158.421,0.01,1000.573,0.0579,316.841,0.0679,417.2
8,11840,4,2048,51200,256,1,1,1,0.0103,140.78,0.0103,968.758,0.0653,281.559,0.0756,375.264
8,11848,4,2048,51200,256,1,1,1,0.01,157.837,0.01,1002.617,0.0583,315.674,0.0683,416.003
8,11856,4,2048,51200,256,1,1,1,0.0103,159.981,0.0103,968.987,0.0576,319.963,0.0679,418.669
8,11864,4,2048,51200,256,1,1,1,0.0099,155.271,0.0099,1007.337,0.0594,310.542,0.0694,410.482
8,11872,4,2048,51200,256,1,1,1,0.0113,159.565,0.0113,886.07,0.0579,319.131,0.0692,411.888
8,11880,4,2048,51200,256,1,1,1,0.01,143.412,0.01,1004.937,0.0645,286.825,0.0745,383.199
8,11888,4,2048,51200,256,1,1,1,0.0103,158.991,0.0103,976.315,0.0583,317.981,0.0686,416.924
8,11896,4,2048,51200,256,1,1,1,0.01,160.391,0.01,1005.422,0.0578,320.782,0.0678,421.885
8,11904,4,2048,51200,256,1,1,1,0.0104,140.114,0.0104,974.309,0.0663,280.228,0.0766,373.986
8,11912,4,2048,51200,256,1,1,1,0.01,156.933,0.01,1007.708,0.0593,313.865,0.0693,414.234
8,11920,4,2048,51200,256,1,1,1,0.0104,160.238,0.0104,973.448,0.0581,320.475,0.0685,419.494
8,11928,4,2048,51200,256,1,1,1,0.01,141.876,0.01,1008.586,0.0657,283.751,0.0758,379.796
8,11936,4,2048,51200,256,1,1,1,0.0104,159.337,0.0104,976.486,0.0586,318.673,0.069,417.678
8,11944,4,2048,51200,256,1,1,1,0.0101,179.316,0.0101,1009.867,0.0521,358.632,0.0622,463.89
8,11952,4,2048,51200,256,1,1,1,0.0104,144.847,0.0104,977.112,0.0646,289.695,0.075,384.991
8,11960,4,2048,51200,256,1,1,1,0.0111,157.377,0.0111,914.421,0.0596,314.754,0.0707,409.158
8,11968,4,2048,51200,256,1,1,1,0.0104,168.893,0.0104,979.454,0.0556,337.786,0.066,438.961
8,11976,4,2048,51200,256,1,1,1,0.0101,158.074,0.0101,1013.257,0.0595,316.148,0.0695,417.104
8,11984,4,2048,51200,256,1,1,1,0.0104,159.629,0.0104,980.621,0.059,319.259,0.0694,418.57
8,11992,4,2048,51200,256,1,1,1,0.0101,142.89,0.0101,1017.152,0.066,285.78,0.076,382.542
8,12000,4,2048,51200,256,1,1,1,0.0104,159.569,0.0104,983.025,0.0591,319.138,0.0696,418.58
8,12008,4,2048,51200,256,1,1,1,0.0101,159.097,0.0101,1012.664,0.0594,318.195,0.0695,419.357
8,12016,4,2048,51200,256,1,1,1,0.0104,141.961,0.0104,983.551,0.0667,283.922,0.0771,378.668
8,12024,4,2048,51200,256,1,1,1,0.0101,159.873,0.0101,1017.453,0.0593,319.746,0.0694,421.384
8,12032,4,2048,51200,256,1,1,1,0.0104,178.721,0.0104,986.205,0.0531,357.443,0.0635,460.767
8,12040,4,2048,51200,256,1,1,1,0.0101,145.825,0.0101,1019.168,0.0651,291.651,0.0753,389.42
8,12048,4,2048,51200,256,1,1,1,0.0105,160.583,0.0105,984.201,0.0592,321.166,0.0697,420.889
8,12056,4,2048,51200,256,1,1,1,0.0101,189.332,0.0101,1020.82,0.0503,378.664,0.0604,486.236
8,12064,4,2048,51200,256,1,1,1,0.0105,158.855,0.0105,987.89,0.06,317.709,0.0705,417.257
8,12072,4,2048,51200,256,1,1,1,0.0101,161.052,0.0101,1021.552,0.0593,322.104,0.0694,424.258
8,12080,4,2048,51200,256,1,1,1,0.0105,160.396,0.0105,987.958,0.0596,320.791,0.0701,420.694
8,12088,4,2048,51200,256,1,1,1,0.0102,137.196,0.0102,1020.341,0.0698,274.391,0.08,369.34
8,12096,4,2048,51200,256,1,1,1,0.0105,159.845,0.0105,987.96,0.06,319.689,0.0705,419.456
8,12104,4,2048,51200,256,1,1,1,0.0102,184.792,0.0102,1016.238,0.052,369.585,0.0622,476.11
8,12112,4,2048,51200,256,1,1,1,0.0105,145.422,0.0105,988.685,0.0661,290.843,0.0767,386.849
8,12120,4,2048,51200,256,1,1,1,0.0102,159.488,0.0102,1021.877,0.0604,318.976,0.0706,420.727
8,12128,4,2048,51200,256,1,1,1,0.0105,191.888,0.0105,990.964,0.0502,383.776,0.0608,489.151
8,12136,4,2048,51200,256,1,1,1,0.0102,157.615,0.0102,1024.431,0.0612,315.229,0.0715,416.633
8,12144,4,2048,51200,256,1,1,1,0.0106,160.5,0.0106,991.103,0.0602,320.999,0.0708,421.091
8,12152,4,2048,51200,256,1,1,1,0.0102,142.651,0.0102,1025.897,0.0678,285.302,0.0781,382.331
8,12160,4,2048,51200,256,1,1,1,0.0106,160.343,0.0106,993.886,0.0604,320.686,0.071,420.909
8,12168,4,2048,51200,256,1,1,1,0.0102,160.227,0.0102,1029.638,0.0606,320.454,0.0708,422.829
8,12176,4,2048,51200,256,1,1,1,0.0106,148.471,0.0106,997.156,0.0654,296.941,0.076,394.259
8,12184,4,2048,51200,256,1,1,1,0.0102,159.258,0.0102,1031.58,0.0611,318.516,0.0713,420.744
8,12192,4,2048,51200,256,1,1,1,0.0106,182.367,0.0106,997.832,0.0534,364.733,0.064,469.419
8,12200,4,2048,51200,256,1,1,1,0.0102,143.789,0.0102,1034.235,0.0678,287.577,0.0781,385.361
8,12208,4,2048,51200,256,1,1,1,0.0106,160.237,0.0106,999.264,0.061,320.473,0.0715,420.982
8,12216,4,2048,51200,256,1,1,1,0.0102,185.907,0.0102,1037.006,0.0526,371.815,0.0628,480.035
8,12224,4,2048,51200,256,1,1,1,0.0106,160.202,0.0106,1003.792,0.0611,320.405,0.0717,421.178
8,12232,4,2048,51200,256,1,1,1,0.0103,160.659,0.0103,1035.551,0.061,321.318,0.0713,424.119
8,12240,4,2048,51200,256,1,1,1,0.0106,142.414,0.0106,1003.208,0.0689,284.828,0.0795,380.606
8,12248,4,2048,51200,256,1,1,1,0.0103,161.221,0.0103,1037.114,0.061,322.441,0.0713,425.471
8,12256,4,2048,51200,256,1,1,1,0.0106,162.117,0.0106,1002.065,0.0607,324.234,0.0714,425.335
8,12264,4,2048,51200,256,1,1,1,0.0103,149.884,0.0103,1038.912,0.0658,299.768,0.076,399.689
8,12272,4,2048,51200,256,1,1,1,0.0109,161.276,0.0109,983.443,0.0612,322.552,0.0721,422.26
8,12280,4,2048,51200,256,1,1,1,0.0103,174.164,0.0103,1040.969,0.0567,348.329,0.067,454.612
8,12288,4,2048,51200,256,1,1,1,0.0106,150.703,0.0106,1012.505,0.0657,301.406,0.0763,400.146
8,12296,4,2048,51200,256,1,1,1,0.0103,157.191,0.0103,1040.834,0.063,314.382,0.0733,416.521
8,12304,4,2048,51200,256,1,1,1,0.0107,142.053,0.0107,1005.831,0.0698,284.106,0.0805,379.868
8,12312,4,2048,51200,256,1,1,1,0.0103,156.78,0.0103,1041.816,0.0634,313.561,0.0737,415.631
8,12320,4,2048,51200,256,1,1,1,0.0107,159.252,0.0107,1005.765,0.0625,318.504,0.0732,419.115
8,12328,4,2048,51200,256,1,1,1,0.0103,144.119,0.0103,1043.104,0.0691,288.237,0.0795,386.492
8,12336,4,2048,51200,256,1,1,1,0.0107,158.164,0.0107,1009.341,0.0631,316.327,0.0738,416.873
8,12344,4,2048,51200,256,1,1,1,0.0104,160.348,0.0104,1043.514,0.0623,320.696,0.0726,423.819
8,12352,4,2048,51200,256,1,1,1,0.0107,141.364,0.0107,1012.625,0.0707,282.728,0.0814,378.58
8,12360,4,2048,51200,256,1,1,1,0.0104,158.203,0.0104,1045.093,0.0633,316.406,0.0737,419.029
8,12368,4,2048,51200,256,1,1,1,0.0108,178.77,0.0108,1009.568,0.0561,357.54,0.0668,462.444
8,12376,4,2048,51200,256,1,1,1,0.0104,141.599,0.0104,1045.817,0.0709,283.197,0.0813,380.702
8,12384,4,2048,51200,256,1,1,1,0.0107,161.731,0.0107,1014.21,0.0621,323.461,0.0729,425.161
8,12392,4,2048,51200,256,1,1,1,0.0104,176.277,0.0104,1047.847,0.0571,352.553,0.0675,459.676
8,12400,4,2048,51200,256,1,1,1,0.0108,159.639,0.0108,1014.259,0.0631,319.278,0.0739,420.457
8,12408,4,2048,51200,256,1,1,1,0.0104,157.741,0.0104,1049.047,0.064,315.482,0.0744,418.173
8,12416,4,2048,51200,256,1,1,1,0.0108,148.022,0.0108,1016.582,0.0683,296.044,0.079,394.15
8,12424,4,2048,51200,256,1,1,1,0.0104,157.868,0.0104,1048.316,0.0641,315.736,0.0745,418.413
8,12432,4,2048,51200,256,1,1,1,0.0108,174.315,0.0108,1014.359,0.0581,348.63,0.0689,453.037
8,12440,4,2048,51200,256,1,1,1,0.0104,140.038,0.0104,1053.473,0.0724,280.076,0.0828,377.351
8,12448,4,2048,51200,256,1,1,1,0.0108,158.681,0.0108,1017.497,0.064,317.363,0.0748,418.468
8,12456,4,2048,51200,256,1,1,1,0.0104,178.552,0.0104,1054.583,0.0569,357.105,0.0674,465.113
8,12464,4,2048,51200,256,1,1,1,0.0108,158.441,0.0108,1018.694,0.0643,316.882,0.0751,417.988
8,12472,4,2048,51200,256,1,1,1,0.0105,160.911,0.0105,1052.455,0.0634,321.822,0.0738,425.541
8,12480,4,2048,51200,256,1,1,1,0.0108,132.184,0.0108,1020.088,0.0772,264.368,0.088,357.3
8,12488,4,2048,51200,256,1,1,1,0.0105,158.996,0.0105,1054.974,0.0643,317.992,0.0748,421.321
8,12496,4,2048,51200,256,1,1,1,0.0108,162.186,0.0108,1021.496,0.0631,324.372,0.0739,426.57
8,12504,4,2048,51200,256,1,1,1,0.0105,147.409,0.0105,1056.601,0.0695,294.818,0.08,394.72
8,12512,4,2048,51200,256,1,1,1,0.0108,160.895,0.0108,1024.491,0.0638,321.789,0.0746,423.841
8,12520,4,2048,51200,256,1,1,1,0.011,185.373,0.011,1014.382,0.0554,370.746,0.0664,476.985
8,12528,4,2048,51200,256,1,1,1,0.0109,149.187,0.0109,1024.276,0.0689,298.373,0.0798,397.176
8,12536,4,2048,51200,256,1,1,1,0.0105,159.148,0.0105,1058.348,0.0647,318.296,0.0752,421.831
8,12544,4,2048,51200,256,1,1,1,0.0109,174.089,0.0109,1023.877,0.0592,348.179,0.0701,453.142
8,12552,4,2048,51200,256,1,1,1,0.0105,157.691,0.0105,1059.002,0.0655,315.382,0.076,418.532
8,12560,4,2048,51200,256,1,1,1,0.0109,160.073,0.0109,1024.421,0.0646,320.146,0.0755,421.959
8,12568,4,2048,51200,256,1,1,1,0.0105,142.014,0.0105,1061.795,0.0729,284.028,0.0834,382.313
8,12576,4,2048,51200,256,1,1,1,0.0109,161.199,0.0109,1029.968,0.0643,322.399,0.0752,424.821
8,12584,4,2048,51200,256,1,1,1,0.0106,159.49,0.0106,1062.68,0.0651,318.98,0.0756,422.825
8,12592,4,2048,51200,256,1,1,1,0.0109,143.77,0.0109,1027.732,0.0723,287.54,0.0832,384.796
8,12600,4,2048,51200,256,1,1,1,0.0106,158.005,0.0106,1061.215,0.0658,316.009,0.0765,419.344
8,12608,4,2048,51200,256,1,1,1,0.0109,184.293,0.0109,1028.72,0.0565,368.586,0.0675,475.704
8,12616,4,2048,51200,256,1,1,1,0.0106,160.513,0.0106,1065.338,0.065,321.026,0.0756,425.288
8,12624,4,2048,51200,256,1,1,1,0.011,170.174,0.011,1030.203,0.0614,340.348,0.0723,444.878
8,12632,4,2048,51200,256,1,1,1,0.0106,158.369,0.0106,1065.693,0.066,316.737,0.0766,420.405
8,12640,4,2048,51200,256,1,1,1,0.011,148.404,0.011,1030.739,0.0706,296.807,0.0815,395.653
8,12648,4,2048,51200,256,1,1,1,0.0106,159.484,0.0106,1070.052,0.0657,318.969,0.0763,423.186
8,12656,4,2048,51200,256,1,1,1,0.0109,182.547,0.0109,1037.553,0.0575,365.094,0.0684,472.544
8,12664,4,2048,51200,256,1,1,1,0.0106,161.586,0.0106,1071.123,0.065,323.172,0.0757,428.032
8,12672,4,2048,51200,256,1,1,1,0.0109,159.728,0.0109,1039.601,0.0659,319.457,0.0768,422.013
8,12680,4,2048,51200,256,1,1,1,0.0106,161.762,0.0106,1072.702,0.0651,323.524,0.0758,428.512
8,12688,4,2048,51200,256,1,1,1,0.011,159.329,0.011,1035.294,0.0662,318.659,0.0772,420.852
8,12696,4,2048,51200,256,1,1,1,0.0109,182.204,0.0109,1048.894,0.058,364.407,0.0689,472.591
8,12704,4,2048,51200,256,1,1,1,0.011,162.015,0.011,1040.007,0.0653,324.03,0.0763,427.192
8,12712,4,2048,51200,256,1,1,1,0.0107,155.669,0.0107,1072.361,0.068,311.339,0.0787,414.526
8,12720,4,2048,51200,256,1,1,1,0.011,142.648,0.011,1037.238,0.0743,285.297,0.0854,382.578
8,12728,4,2048,51200,256,1,1,1,0.0107,162.086,0.0107,1074.719,0.0655,324.172,0.0762,429.337
8,12736,4,2048,51200,256,1,1,1,0.011,161.666,0.011,1040.354,0.0658,323.331,0.0768,426.406
8,12744,4,2048,51200,256,1,1,1,0.0107,145.008,0.0107,1075.396,0.0734,290.015,0.0841,389.878
8,12752,4,2048,51200,256,1,1,1,0.011,161.709,0.011,1044.295,0.0659,323.418,0.0769,426.728
8,12760,4,2048,51200,256,1,1,1,0.0107,180.359,0.0107,1076.057,0.0592,360.718,0.0699,470.382
8,12768,4,2048,51200,256,1,1,1,0.0111,146.17,0.0111,1043.632,0.0731,292.339,0.0841,391.067
8,12776,4,2048,51200,256,1,1,1,0.0109,156.936,0.0109,1064.278,0.0682,313.872,0.079,416.973
8,12784,4,2048,51200,256,1,1,1,0.0111,176.8,0.0111,1044.519,0.0606,353.599,0.0717,460.391
8,12792,4,2048,51200,256,1,1,1,0.0107,159.426,0.0107,1080.679,0.0673,318.852,0.078,423.554
8,12800,4,2048,51200,256,1,1,1,0.0111,163.912,0.0111,1042.603,0.0655,327.824,0.0766,431.572
8,12808,4,2048,51200,256,1,1,1,0.0107,143.251,0.0107,1080.694,0.075,286.501,0.0858,385.955
8,12816,4,2048,51200,256,1,1,1,0.0111,157.856,0.0111,1045.325,0.0682,315.711,0.0793,418.012
8,12824,4,2048,51200,256,1,1,1,0.0108,182.883,0.0108,1080.432,0.0589,365.766,0.0697,476.209
8,12832,4,2048,51200,256,1,1,1,0.0111,144.611,0.0111,1048.405,0.0746,289.222,0.0857,387.638
8,12840,4,2048,51200,256,1,1,1,0.0108,161.084,0.0108,1081.271,0.0671,322.168,0.0779,427.355
8,12848,4,2048,51200,256,1,1,1,0.0112,181.531,0.0112,1047.186,0.0596,363.062,0.0707,470.92
8,12856,4,2048,51200,256,1,1,1,0.0108,146.668,0.0108,1084.922,0.0739,293.335,0.0846,394.156
8,12864,4,2048,51200,256,1,1,1,0.0112,158.978,0.0112,1048.699,0.0682,317.956,0.0794,420.731
8,12872,4,2048,51200,256,1,1,1,0.0108,150.781,0.0108,1084.594,0.072,301.561,0.0828,403.743
8,12880,4,2048,51200,256,1,1,1,0.0112,160.981,0.0112,1050.242,0.0675,321.962,0.0787,425.359
8,12888,4,2048,51200,256,1,1,1,0.0108,161.484,0.0108,1085.481,0.0674,322.969,0.0782,428.476
8,12896,4,2048,51200,256,1,1,1,0.0112,147.916,0.0112,1051.839,0.0737,295.833,0.0849,395.466
8,12904,4,2048,51200,256,1,1,1,0.0108,158.162,0.0108,1087.54,0.069,316.324,0.0798,420.958
8,12912,4,2048,51200,256,1,1,1,0.0112,177.912,0.0112,1051.346,0.0614,355.825,0.0726,463.239
8,12920,4,2048,51200,256,1,1,1,0.0108,149.857,0.0108,1091.995,0.073,299.713,0.0838,401.919
8,12928,4,2048,51200,256,1,1,1,0.0112,159.609,0.0112,1054.309,0.0686,319.218,0.0798,422.45
8,12936,4,2048,51200,256,1,1,1,0.0108,173.49,0.0108,1093.307,0.0632,346.979,0.074,456.098
8,12944,4,2048,51200,256,1,1,1,0.0112,158.702,0.0112,1053.846,0.0692,317.404,0.0804,420.351
8,12952,4,2048,51200,256,1,1,1,0.0109,159.437,0.0109,1091.245,0.069,318.874,0.0798,424.06
8,12960,4,2048,51200,256,1,1,1,0.0112,144.966,0.0112,1057.155,0.0759,289.932,0.0872,388.821
8,12968,4,2048,51200,256,1,1,1,0.0109,161.066,0.0109,1093.369,0.0684,322.133,0.0793,427.904
8,12976,4,2048,51200,256,1,1,1,0.0113,162.299,0.0113,1057.931,0.068,324.597,0.0792,428.739
8,12984,4,2048,51200,256,1,1,1,0.0109,143.267,0.0109,1095.809,0.0771,286.533,0.088,386.572
8,12992,4,2048,51200,256,1,1,1,0.0113,160.62,0.0113,1058.317,0.0689,321.239,0.0801,424.943
8,13000,4,2048,51200,256,1,1,1,0.0109,150.46,0.0109,1096.565,0.0736,300.921,0.0845,403.506
8,13008,4,2048,51200,256,1,1,1,0.0113,160.795,0.0113,1060.597,0.069,321.591,0.0802,425.463
8,13016,4,2048,51200,256,1,1,1,0.0109,159.203,0.0109,1097.282,0.0697,318.406,0.0807,423.807
8,13024,4,2048,51200,256,1,1,1,0.0113,147.056,0.0113,1063.293,0.0756,294.113,0.0869,393.962
8,13032,4,2048,51200,256,1,1,1,0.011,161.451,0.011,1086.787,0.0689,322.901,0.08,428.396
8,13040,4,2048,51200,256,1,1,1,0.0117,177.636,0.0117,1023.07,0.0627,355.272,0.0745,460.603
8,13048,4,2048,51200,256,1,1,1,0.0109,137.077,0.0109,1103.514,0.0814,274.153,0.0923,372.134
8,13056,4,2048,51200,256,1,1,1,0.0113,136.525,0.0113,1064.317,0.0818,273.05,0.0931,369.208
8,13064,4,2048,51200,256,1,1,1,0.0112,172.345,0.0112,1079.158,0.0649,344.689,0.0761,452.596
8,13072,4,2048,51200,256,1,1,1,0.0113,152.753,0.0113,1065.747,0.0733,305.505,0.0846,407.276
8,13080,4,2048,51200,256,1,1,1,0.011,161.079,0.011,1102.926,0.0696,322.159,0.0806,428.386
8,13088,4,2048,51200,256,1,1,1,0.0113,147.15,0.0113,1068.942,0.0763,294.299,0.0876,394.419
8,13096,4,2048,51200,256,1,1,1,0.011,156.245,0.011,1105.673,0.0719,312.491,0.0829,417.363
8,13104,4,2048,51200,256,1,1,1,0.0114,156.363,0.0114,1066.497,0.072,312.726,0.0833,415.612
8,13112,4,2048,51200,256,1,1,1,0.011,146.563,0.011,1105.511,0.0769,293.125,0.0879,394.718
8,13120,4,2048,51200,256,1,1,1,0.0114,155.546,0.0114,1070.62,0.0725,311.092,0.0839,413.944
8,13128,4,2048,51200,256,1,1,1,0.011,156.438,0.011,1103.725,0.0722,312.876,0.0832,417.696
8,13136,4,2048,51200,256,1,1,1,0.0114,147.809,0.0114,1070.973,0.0765,295.619,0.0879,396.032
8,13144,4,2048,51200,256,1,1,1,0.0116,160.321,0.0116,1055.597,0.0706,320.642,0.0822,424.035
8,13152,4,2048,51200,256,1,1,1,0.0114,175.384,0.0114,1070.705,0.0646,350.768,0.076,458.803
8,13160,4,2048,51200,256,1,1,1,0.011,133.98,0.011,1107.68,0.0847,267.961,0.0958,364.807
8,13168,4,2048,51200,256,1,1,1,0.0114,155.342,0.0114,1070.95,0.0732,310.685,0.0846,413.469
8,13176,4,2048,51200,256,1,1,1,0.0111,170.034,0.0111,1107.694,0.0669,340.068,0.078,449.033
8,13184,4,2048,51200,256,1,1,1,0.0114,154.349,0.0114,1076.457,0.0738,308.697,0.0852,411.455
8,13192,4,2048,51200,256,1,1,1,0.0111,163.268,0.0111,1112.138,0.0699,326.536,0.0809,433.843
8,13200,4,2048,51200,256,1,1,1,0.0114,149.508,0.0114,1077.896,0.0764,299.016,0.0878,400.293
8,13208,4,2048,51200,256,1,1,1,0.011,162.228,0.011,1115.79,0.0705,324.456,0.0815,431.639
8,13216,4,2048,51200,256,1,1,1,0.0114,162.658,0.0114,1079.048,0.0704,325.317,0.0818,430.633
8,13224,4,2048,51200,256,1,1,1,0.0111,160.443,0.0111,1116.084,0.0714,320.887,0.0825,427.535
8,13232,4,2048,51200,256,1,1,1,0.0114,162.47,0.0114,1081.515,0.0706,324.94,0.0821,430.333
8,13240,4,2048,51200,256,1,1,1,0.0111,170.919,0.0111,1115.496,0.0672,341.838,0.0783,451.453
8,13248,4,2048,51200,256,1,1,1,0.0115,149.042,0.0115,1081.865,0.0772,298.083,0.0886,399.373
8,13256,4,2048,51200,256,1,1,1,0.0111,162.635,0.0111,1117.387,0.0708,325.27,0.0819,432.634
8,13264,4,2048,51200,256,1,1,1,0.0115,151.642,0.0115,1082.669,0.076,303.284,0.0875,405.459
8,13272,4,2048,51200,256,1,1,1,0.0111,162.321,0.0111,1120.135,0.0711,324.642,0.0822,432.047
8,13280,4,2048,51200,256,1,1,1,0.0115,163.579,0.0115,1083.7,0.0707,327.157,0.0821,432.957
8,13288,4,2048,51200,256,1,1,1,0.0111,145.437,0.0111,1122.328,0.0796,290.874,0.0907,392.708
8,13296,4,2048,51200,256,1,1,1,0.0115,162.88,0.0115,1085.328,0.0711,325.759,0.0826,431.447
8,13304,4,2048,51200,256,1,1,1,0.0111,169.692,0.0111,1122.647,0.0684,339.384,0.0795,449.039
8,13312,4,2048,51200,256,1,1,1,0.0115,152.623,0.0115,1089.015,0.0761,305.247,0.0876,408.027
8,13320,4,2048,51200,256,1,1,1,0.0114,157.856,0.0114,1098.496,0.0737,315.713,0.0851,420.614
8,13328,4,2048,51200,256,1,1,1,0.0115,170.629,0.0115,1085.68,0.0682,341.258,0.0798,449.007
8,13336,4,2048,51200,256,1,1,1,0.0112,157.65,0.0112,1123.732,0.0739,315.299,0.0851,421.396
8,13344,4,2048,51200,256,1,1,1,0.0116,161.23,0.0116,1086.922,0.0724,322.46,0.0839,427.743
8,13352,4,2048,51200,256,1,1,1,0.0112,145.106,0.0112,1124.924,0.0805,290.211,0.0917,392.003
8,13360,4,2048,51200,256,1,1,1,0.0116,159.362,0.0116,1088.654,0.0734,318.724,0.085,423.547
8,13368,4,2048,51200,256,1,1,1,0.012,172.613,0.012,1054.07,0.0678,345.225,0.0798,451.466
8,13376,4,2048,51200,256,1,1,1,0.0116,149.538,0.0116,1091.419,0.0784,299.075,0.09,400.924
8,13384,4,2048,51200,256,1,1,1,0.0112,159.774,0.0112,1126.712,0.0735,319.547,0.0847,426.446
8,13392,4,2048,51200,256,1,1,1,0.0116,149.776,0.0116,1091.387,0.0785,299.553,0.0901,401.473
8,13400,4,2048,51200,256,1,1,1,0.0112,158.523,0.0112,1129.175,0.0742,317.046,0.0855,423.661
8,13408,4,2048,51200,256,1,1,1,0.0116,161.238,0.0116,1092.373,0.0731,322.477,0.0847,428.026
8,13416,4,2048,51200,256,1,1,1,0.0112,147.647,0.0112,1133.135,0.0799,295.294,0.0911,398.344
8,13424,4,2048,51200,256,1,1,1,0.0116,160.279,0.0116,1092.954,0.0737,320.558,0.0853,425.85
8,13432,4,2048,51200,256,1,1,1,0.0113,175.081,0.0113,1130.906,0.0675,350.161,0.0788,461.667
8,13440,4,2048,51200,256,1,1,1,0.0116,102.529,0.0116,1096.162,0.1155,205.059,0.1271,286.555
8,13448,4,2048,51200,256,1,1,1,0.0115,156.652,0.0115,1109.025,0.0757,313.304,0.0872,418.299
8,13456,4,2048,51200,256,1,1,1,0.0117,165.596,0.0117,1095.702,0.0717,331.192,0.0833,438.135
8,13464,4,2048,51200,256,1,1,1,0.0113,158.763,0.0113,1134.851,0.0748,317.527,0.0861,424.466
8,13472,4,2048,51200,256,1,1,1,0.0116,157.205,0.0116,1099.213,0.0757,314.41,0.0873,419.074
8,13480,4,2048,51200,256,1,1,1,0.0113,153.018,0.0113,1137.261,0.0778,306.037,0.0891,411.156
8,13488,4,2048,51200,256,1,1,1,0.0128,161.231,0.0128,1003.734,0.0739,322.462,0.0867,422.853
8,13496,4,2048,51200,256,1,1,1,0.0113,171.002,0.0113,1134.75,0.0698,342.004,0.0811,452.601
8,13504,4,2048,51200,256,1,1,1,0.0117,150.657,0.0117,1103.551,0.0793,301.314,0.091,404.051
8,13512,4,2048,51200,256,1,1,1,0.0113,159.41,0.0113,1137.348,0.0751,318.821,0.0864,426.069
8,13520,4,2048,51200,256,1,1,1,0.0117,149.619,0.0117,1099.342,0.0801,299.238,0.0918,401.418
8,13528,4,2048,51200,256,1,1,1,0.0113,159.062,0.0113,1141.44,0.0754,318.124,0.0867,425.451
8,13536,4,2048,51200,256,1,1,1,0.0117,178.029,0.0117,1104.341,0.0674,356.058,0.0791,466.638
8,13544,4,2048,51200,256,1,1,1,0.0113,141.509,0.0113,1140.592,0.085,283.018,0.0963,383.985
8,13552,4,2048,51200,256,1,1,1,0.0118,160.898,0.0118,1100.239,0.0748,321.796,0.0866,427.596
8,13560,4,2048,51200,256,1,1,1,0.0114,174.142,0.0114,1139.655,0.0692,348.285,0.0806,459.983
8,13568,4,2048,51200,256,1,1,1,0.0118,158.375,0.0118,1103.707,0.0762,316.751,0.0879,421.961
8,13576,4,2048,51200,256,1,1,1,0.0114,159.705,0.0114,1141.745,0.0756,319.41,0.087,426.937
8,13584,4,2048,51200,256,1,1,1,0.0118,146.573,0.0118,1103.532,0.0825,293.146,0.0943,394.43
8,13592,4,2048,51200,256,1,1,1,0.0122,156.816,0.0122,1064.165,0.0772,313.633,0.0894,416.296
8,13600,4,2048,51200,256,1,1,1,0.0118,160.929,0.0118,1106.365,0.0753,321.858,0.0871,427.966
8,13608,4,2048,51200,256,1,1,1,0.0114,148.699,0.0114,1145.825,0.0816,297.398,0.093,401.291
8,13616,4,2048,51200,256,1,1,1,0.0118,160.864,0.0118,1105.845,0.0755,321.728,0.0873,427.782
8,13624,4,2048,51200,256,1,1,1,0.0114,173.038,0.0114,1144.079,0.0703,346.076,0.0817,457.693
8,13632,4,2048,51200,256,1,1,1,0.0118,159.114,0.0118,1108.857,0.0765,318.228,0.0883,423.899
8,13640,4,2048,51200,256,1,1,1,0.0118,158.905,0.0118,1106.448,0.0767,317.81,0.0886,423.289
8,13648,4,2048,51200,256,1,1,1,0.0118,151.04,0.0118,1109.522,0.0808,302.08,0.0926,405.159
8,13656,4,2048,51200,256,1,1,1,0.0114,159.106,0.0114,1147.705,0.0768,318.211,0.0883,425.793
8,13664,4,2048,51200,256,1,1,1,0.0118,174.312,0.0118,1110.501,0.0702,348.624,0.082,458.616
8,13672,4,2048,51200,256,1,1,1,0.0115,146.341,0.0115,1149.731,0.0837,292.681,0.0952,395.827
8,13680,4,2048,51200,256,1,1,1,0.0119,160.903,0.0119,1111.301,0.0762,321.807,0.0881,428.126
8,13688,4,2048,51200,256,1,1,1,0.0115,157.816,0.0115,1152.049,0.0778,315.632,0.0893,422.977
8,13696,4,2048,51200,256,1,1,1,0.0119,155.08,0.0119,1113.744,0.0793,310.161,0.0911,414.765
8,13704,4,2048,51200,256,1,1,1,0.0115,156.992,0.0115,1151.602,0.0784,313.983,0.0899,421.022
8,13712,4,2048,51200,256,1,1,1,0.0119,153.397,0.0119,1114.304,0.0803,306.794,0.0922,410.862
8,13720,4,2048,51200,256,1,1,1,0.0115,155.676,0.0115,1154.014,0.0792,311.352,0.0907,418.044
8,13728,4,2048,51200,256,1,1,1,0.0119,158.743,0.0119,1116.041,0.0778,317.487,0.0897,423.361
8,13736,4,2048,51200,256,1,1,1,0.0115,150.932,0.0115,1154.09,0.0819,301.865,0.0934,406.871
8,13744,4,2048,51200,256,1,1,1,0.0119,160.896,0.0119,1116.863,0.0769,321.793,0.0889,428.368
8,13752,4,2048,51200,256,1,1,1,0.0115,178.034,0.0115,1153.824,0.0696,356.067,0.0812,469.517
8,13760,4,2048,51200,256,1,1,1,0.0119,149.492,0.0119,1122.134,0.083,298.984,0.0949,402.053
8,13768,4,2048,51200,256,1,1,1,0.0116,157.418,0.0116,1155.064,0.0789,314.836,0.0905,422.15
8,13776,4,2048,51200,256,1,1,1,0.0119,152.248,0.0119,1119.206,0.0817,304.496,0.0936,408.379
8,13784,4,2048,51200,256,1,1,1,0.0116,156.752,0.0116,1157.946,0.0794,313.503,0.091,420.716
8,13792,4,2048,51200,256,1,1,1,0.0119,159.961,0.0119,1121.364,0.0779,319.923,0.0899,426.416
8,13800,4,2048,51200,256,1,1,1,0.0115,149.88,0.0115,1161.291,0.0833,299.761,0.0948,404.661
8,13808,4,2048,51200,256,1,1,1,0.012,160.094,0.012,1122.967,0.078,320.188,0.09,426.797
8,13816,4,2048,51200,256,1,1,1,0.0116,174.759,0.0116,1160.45,0.0716,349.519,0.0832,462.429
8,13824,4,2048,51200,256,1,1,1,0.0119,143.994,0.0119,1126.423,0.087,287.987,0.0989,389.208
8,13832,4,2048,51200,256,1,1,1,0.0118,155.898,0.0118,1140.41,0.0804,311.796,0.0922,417.881
8,13840,4,2048,51200,256,1,1,1,0.012,151.194,0.012,1123.965,0.083,302.387,0.095,406.098
8,13848,4,2048,51200,256,1,1,1,0.0116,158.694,0.0116,1163.861,0.0792,317.388,0.0908,425.508
8,13856,4,2048,51200,256,1,1,1,0.012,162.82,0.012,1127.74,0.0773,325.641,0.0893,433.31
8,13864,4,2048,51200,256,1,1,1,0.0116,146.579,0.0116,1163.274,0.0859,293.157,0.0976,396.862
8,13872,4,2048,51200,256,1,1,1,0.012,155.599,0.012,1124.676,0.081,311.199,0.0931,416.419
8,13880,4,2048,51200,256,1,1,1,0.0117,157.788,0.0117,1162.636,0.08,315.576,0.0917,423.316
8,13888,4,2048,51200,256,1,1,1,0.012,147.395,0.012,1128.84,0.0858,294.79,0.0978,397.345
8,13896,4,2048,51200,256,1,1,1,0.0122,156.228,0.0122,1114.897,0.081,312.456,0.0932,417.398
8,13904,4,2048,51200,256,1,1,1,0.0124,170.533,0.0124,1098.371,0.0743,341.066,0.0867,449.268
8,13912,4,2048,51200,256,1,1,1,0.0116,143.937,0.0116,1172.177,0.0881,287.875,0.0997,390.877
8,13920,4,2048,51200,256,1,1,1,0.0123,157.585,0.0123,1104.947,0.0806,315.17,0.0929,420.036
8,13928,4,2048,51200,256,1,1,1,0.0116,138.985,0.0116,1174.58,0.0915,277.969,0.1031,379.026
8,13936,4,2048,51200,256,1,1,1,0.0121,160.914,0.0121,1133.605,0.0791,321.829,0.0912,429.17
8,13944,4,2048,51200,256,1,1,1,0.0117,163.074,0.0117,1173.431,0.0781,326.147,0.0898,436.135
8,13952,4,2048,51200,256,1,1,1,0.012,146.032,0.012,1138.917,0.0874,292.064,0.0994,394.516
8,13960,4,2048,51200,256,1,1,1,0.012,157.362,0.012,1139.633,0.0812,314.724,0.0932,421.202
8,13968,4,2048,51200,256,1,1,1,0.0121,144.72,0.0121,1134.414,0.0884,289.441,0.1005,391.205
8,13976,4,2048,51200,256,1,1,1,0.0117,160.566,0.0117,1173.589,0.0797,321.132,0.0914,430.28
8,13984,4,2048,51200,256,1,1,1,0.0121,157.886,0.0121,1132.776,0.0812,315.772,0.0933,422.082
8,13992,4,2048,51200,256,1,1,1,0.0117,141.223,0.0117,1175.166,0.0909,282.445,0.1026,384.425
8,14000,4,2048,51200,256,1,1,1,0.0122,162.674,0.0122,1130.692,0.079,325.349,0.0912,433.06
8,14008,4,2048,51200,256,1,1,1,0.0118,181.215,0.0118,1173.708,0.071,362.43,0.0827,477.739
8,14016,4,2048,51200,256,1,1,1,0.0121,145.45,0.0121,1141.504,0.0885,290.9,0.1006,393.213
8,14024,4,2048,51200,256,1,1,1,0.012,156.038,0.012,1157.236,0.0826,312.076,0.0946,418.9
8,14032,4,2048,51200,256,1,1,1,0.0121,184.397,0.0121,1139.796,0.07,368.793,0.0821,482.833
8,14040,4,2048,51200,256,1,1,1,0.0118,157.094,0.0118,1178.717,0.0822,314.188,0.094,422.346
8,14048,4,2048,51200,256,1,1,1,0.0122,157.103,0.0122,1134.375,0.0823,314.206,0.0946,420.308
8,14056,4,2048,51200,256,1,1,1,0.0117,140.348,0.0117,1182.988,0.0923,280.697,0.104,382.575
8,14064,4,2048,51200,256,1,1,1,0.0122,158.137,0.0122,1141.149,0.082,316.275,0.0942,423.035
8,14072,4,2048,51200,256,1,1,1,0.0118,161.765,0.0118,1184.139,0.0802,323.53,0.092,433.532
8,14080,4,2048,51200,256,1,1,1,0.0122,147.581,0.0122,1146.134,0.088,295.162,0.1002,398.44
8,14088,4,2048,51200,256,1,1,1,0.0118,159.143,0.0118,1182.493,0.0817,318.287,0.0935,427.309
8,14096,4,2048,51200,256,1,1,1,0.0124,176.006,0.0124,1124.273,0.074,352.013,0.0864,463.048
8,14104,4,2048,51200,256,1,1,1,0.0118,140.303,0.0118,1184.776,0.0929,280.605,0.1047,382.509
8,14112,4,2048,51200,256,1,1,1,0.0126,158.574,0.0126,1113.327,0.0823,317.149,0.0949,422.66
8,14120,4,2048,51200,256,1,1,1,0.0126,171.758,0.0126,1112.6,0.0761,343.517,0.0887,452.766
8,14128,4,2048,51200,256,1,1,1,0.0122,141.365,0.0122,1149.002,0.0925,282.73,0.1047,383.71
8,14136,4,2048,51200,256,1,1,1,0.0123,154.703,0.0123,1138.835,0.0847,309.405,0.097,414.874
8,14144,4,2048,51200,256,1,1,1,0.0122,170.497,0.0122,1149.965,0.0769,340.994,0.0891,451.972
8,14152,4,2048,51200,256,1,1,1,0.0118,157.552,0.0118,1187.918,0.0833,315.103,0.0952,423.783
8,14160,4,2048,51200,256,1,1,1,0.0127,161.359,0.0127,1106.533,0.0814,322.718,0.0942,428.709
8,14168,4,2048,51200,256,1,1,1,0.0118,143.148,0.0118,1192.157,0.0919,286.296,0.1037,389.625
8,14176,4,2048,51200,256,1,1,1,0.0123,157.725,0.0123,1151.458,0.0835,315.451,0.0958,422.513
8,14184,4,2048,51200,256,1,1,1,0.0128,156.383,0.0128,1103.54,0.0843,312.766,0.0971,417.069
8,14192,4,2048,51200,256,1,1,1,0.0123,142.053,0.0123,1154.355,0.0929,284.105,0.1052,385.54
8,14200,4,2048,51200,256,1,1,1,0.0125,157.762,0.0125,1130.004,0.0838,315.525,0.0963,421.564
8,14208,4,2048,51200,256,1,1,1,0.0127,179.841,0.0127,1113.151,0.0736,359.682,0.0863,470.919
8,14216,4,2048,51200,256,1,1,1,0.0119,159.169,0.0119,1193.063,0.0832,318.338,0.0951,427.789
8,14224,4,2048,51200,256,1,1,1,0.0123,157.022,0.0123,1153.849,0.0844,314.044,0.0968,420.96
8,14232,4,2048,51200,256,1,1,1,0.0119,179.957,0.0119,1192.813,0.0738,359.914,0.0857,475.861
8,14240,4,2048,51200,256,1,1,1,0.0123,141.909,0.0123,1157.863,0.0936,283.817,0.1059,385.311
8,14248,4,2048,51200,256,1,1,1,0.0119,157.285,0.0119,1195.47,0.0846,314.569,0.0965,423.443
8,14256,4,2048,51200,256,1,1,1,0.0123,175.211,0.0123,1158.654,0.076,350.422,0.0883,463.15
8,14264,4,2048,51200,256,1,1,1,0.0119,155.584,0.0119,1198.42,0.0857,311.168,0.0976,419.545
8,14272,4,2048,51200,256,1,1,1,0.0127,163.066,0.0127,1129.244,0.0819,326.132,0.0945,433.767
8,14280,4,2048,51200,256,1,1,1,0.0119,139.552,0.0119,1201.061,0.0958,279.105,0.1077,381.197
8,14288,4,2048,51200,256,1,1,1,0.0123,158.741,0.0123,1162.811,0.0843,317.481,0.0966,425.368
8,14296,4,2048,51200,256,1,1,1,0.0129,159.894,0.0129,1113.961,0.0838,319.787,0.0967,425.66
8,14304,4,2048,51200,256,1,1,1,0.0123,149.151,0.0123,1165.753,0.0899,298.301,0.1022,402.892
8,14312,4,2048,51200,256,1,1,1,0.0124,157.978,0.0124,1157.845,0.085,315.956,0.0974,423.342
8,14320,4,2048,51200,256,1,1,1,0.0124,181.952,0.0124,1164.307,0.0739,363.905,0.0862,478.708
8,14328,4,2048,51200,256,1,1,1,0.0119,142.621,0.0119,1207.727,0.0943,285.242,0.1063,388.854
8,14336,4,2048,51200,256,1,1,1,0.0124,157.844,0.0124,1165.535,0.0853,315.688,0.0977,423.375
8,14344,4,2048,51200,256,1,1,1,0.012,142.288,0.012,1204.877,0.0948,284.576,0.1068,387.938
8,14352,4,2048,51200,256,1,1,1,0.0124,156.129,0.0124,1167.651,0.0865,312.257,0.0988,419.44
8,14360,4,2048,51200,256,1,1,1,0.0128,155.398,0.0128,1127.333,0.087,310.795,0.0998,415.862
8,14368,4,2048,51200,256,1,1,1,0.0124,155.604,0.0124,1169.006,0.0869,311.209,0.0993,418.261
8,14376,4,2048,51200,256,1,1,1,0.012,154.02,0.012,1209.498,0.0879,308.039,0.0999,416.248
8,14384,4,2048,51200,256,1,1,1,0.0124,156.581,0.0124,1167.577,0.0866,313.163,0.099,420.486
8,14392,4,2048,51200,256,1,1,1,0.012,141.881,0.012,1207.865,0.0957,283.761,0.1077,387.039
8,14400,4,2048,51200,256,1,1,1,0.0124,150.178,0.0124,1169.495,0.0905,300.356,0.1029,405.446
8,14408,4,2048,51200,256,1,1,1,0.0121,177.389,0.0121,1208.543,0.0767,354.779,0.0888,470.766
8,14416,4,2048,51200,256,1,1,1,0.0125,138.599,0.0125,1168.771,0.0983,277.198,0.1107,377.674
8,14424,4,2048,51200,256,1,1,1,0.0124,155.61,0.0124,1173.72,0.0876,311.221,0.1001,418.461
8,14432,4,2048,51200,256,1,1,1,0.0125,144.541,0.0125,1173.598,0.0944,289.081,0.1069,392.153
8,14440,4,2048,51200,256,1,1,1,0.0121,154.768,0.0121,1211.569,0.0883,309.536,0.1004,418.085
8,14448,4,2048,51200,256,1,1,1,0.0125,155.723,0.0125,1171.218,0.0878,311.447,0.1004,418.605
8,14456,4,2048,51200,256,1,1,1,0.0121,142.912,0.0121,1212.985,0.0958,285.825,0.1079,389.695
8,14464,4,2048,51200,256,1,1,1,0.0125,156.062,0.0125,1174.186,0.0879,312.123,0.1004,419.526
8,14472,4,2048,51200,256,1,1,1,0.0121,176.545,0.0121,1213.904,0.0777,353.09,0.0899,469.079
8,14480,4,2048,51200,256,1,1,1,0.0125,139.514,0.0125,1176.293,0.0985,279.028,0.111,380.134
8,14488,4,2048,51200,256,1,1,1,0.0126,156.488,0.0126,1167.136,0.0879,312.975,0.1005,420.202
8,14496,4,2048,51200,256,1,1,1,0.0125,172.161,0.0125,1175.013,0.08,344.322,0.0925,456.962
8,14504,4,2048,51200,256,1,1,1,0.0121,156.12,0.0121,1215.751,0.0883,312.24,0.1004,421.442
8,14512,4,2048,51200,256,1,1,1,0.0126,155.998,0.0126,1171.413,0.0885,311.997,0.1011,419.234
8,14520,4,2048,51200,256,1,1,1,0.0122,144.448,0.0122,1216.895,0.0957,288.896,0.1078,393.525
8,14528,4,2048,51200,256,1,1,1,0.0126,156.774,0.0126,1178.367,0.0882,313.549,0.1008,421.362
8,14536,4,2048,51200,256,1,1,1,0.0122,173.901,0.0122,1215.346,0.0796,347.802,0.0918,463.032
8,14544,4,2048,51200,256,1,1,1,0.0126,143.518,0.0126,1176.735,0.0966,287.037,0.1092,389.775
8,14552,4,2048,51200,256,1,1,1,0.0126,156.129,0.0126,1182.624,0.0889,312.257,0.1014,420.02
8,14560,4,2048,51200,256,1,1,1,0.0126,145.082,0.0126,1182.158,0.0958,290.165,0.1083,393.731
8,14568,4,2048,51200,256,1,1,1,0.0122,152.107,0.0122,1219.143,0.0914,304.214,0.1036,411.997
8,14576,4,2048,51200,256,1,1,1,0.0126,157.658,0.0126,1180.371,0.0883,315.315,0.1009,423.509
8,14584,4,2048,51200,256,1,1,1,0.0122,142.958,0.0122,1222.712,0.0975,285.916,0.1097,390.099
8,14592,4,2048,51200,256,1,1,1,0.0126,156.378,0.0126,1182.017,0.0892,312.757,0.1019,420.565
8,14600,4,2048,51200,256,1,1,1,0.0122,170.134,0.0122,1222.846,0.0821,340.268,0.0943,454.644
8,14608,4,2048,51200,256,1,1,1,0.0126,142.57,0.0126,1185.021,0.0981,285.141,0.1107,387.781
8,14616,4,2048,51200,256,1,1,1,0.0122,153.571,0.0122,1225.681,0.0912,307.142,0.1034,415.733
8,14624,4,2048,51200,256,1,1,1,0.0126,154.774,0.0126,1190.451,0.0906,309.548,0.1032,417.13
8,14632,4,2048,51200,256,1,1,1,0.0122,142.517,0.0122,1229.324,0.0985,285.034,0.1107,389.241
8,14640,4,2048,51200,256,1,1,1,0.0127,154.752,0.0127,1185.332,0.0908,309.504,0.1034,416.852
8,14648,4,2048,51200,256,1,1,1,0.0123,166.204,0.0123,1225.927,0.0846,332.407,0.0969,445.596
8,14656,4,2048,51200,256,1,1,1,0.0126,142.555,0.0126,1191.425,0.0987,285.11,0.1114,387.962
8,14664,4,2048,51200,256,1,1,1,0.0123,154.567,0.0123,1228.239,0.0912,309.134,0.1034,418.193
8,14672,4,2048,51200,256,1,1,1,0.0127,142.666,0.0127,1191.907,0.0989,285.331,0.1115,388.24
8,14680,4,2048,51200,256,1,1,1,0.0123,154.978,0.0123,1231.122,0.0911,309.957,0.1034,419.283
8,14688,4,2048,51200,256,1,1,1,0.0127,155.968,0.0127,1190.811,0.0907,311.937,0.1034,419.941
8,14696,4,2048,51200,256,1,1,1,0.0123,141.194,0.0123,1234.975,0.1002,282.388,0.1125,386.19
8,14704,4,2048,51200,256,1,1,1,0.0127,155.47,0.0127,1193.45,0.0911,310.941,0.1038,418.872
8,14712,4,2048,51200,256,1,1,1,0.0123,169.255,0.0123,1233.529,0.0838,338.51,0.0961,453.054
8,14720,4,2048,51200,256,1,1,1,0.0127,145.224,0.0127,1194.873,0.0978,290.449,0.1105,394.494
8,14728,4,2048,51200,256,1,1,1,0.0123,155.48,0.0123,1235.459,0.0914,310.961,0.1037,420.634
8,14736,4,2048,51200,256,1,1,1,0.0127,157.246,0.0127,1196.649,0.0905,314.491,0.1032,423.19
8,14744,4,2048,51200,256,1,1,1,0.0123,143.055,0.0123,1236.53,0.0996,286.11,0.1119,390.754
8,14752,4,2048,51200,256,1,1,1,0.0128,156.453,0.0128,1195.893,0.0912,312.905,0.1039,421.279
8,14760,4,2048,51200,256,1,1,1,0.0123,165.92,0.0123,1238.123,0.0861,331.84,0.0984,445.437
8,14768,4,2048,51200,256,1,1,1,0.0127,141.712,0.0127,1199.841,0.1009,283.424,0.1136,386.187
8,14776,4,2048,51200,256,1,1,1,0.0124,154.887,0.0124,1237.327,0.0924,309.774,0.1047,419.274
8,14784,4,2048,51200,256,1,1,1,0.0128,146.217,0.0128,1199.376,0.098,292.434,0.1107,397.024
8,14792,4,2048,51200,256,1,1,1,0.0124,155.574,0.0124,1233.933,0.0922,311.148,0.1046,420.769
8,14800,4,2048,51200,256,1,1,1,0.0128,172.059,0.0128,1199.424,0.0834,344.118,0.0962,457.857
8,14808,4,2048,51200,256,1,1,1,0.0124,155.232,0.0124,1242.341,0.0926,310.464,0.1049,420.284
8,14816,4,2048,51200,256,1,1,1,0.0128,156.487,0.0128,1205.727,0.0919,312.974,0.1047,421.756
8,14824,4,2048,51200,256,1,1,1,0.0127,175.99,0.0127,1216.716,0.0818,351.98,0.0945,467.79
8,14832,4,2048,51200,256,1,1,1,0.0128,143.931,0.0128,1205.232,0.1002,287.862,0.113,391.72
8,14840,4,2048,51200,256,1,1,1,0.0124,154.598,0.0124,1242.831,0.0934,309.196,0.1058,418.774
8,14848,4,2048,51200,256,1,1,1,0.0128,174.349,0.0128,1206.293,0.0829,348.699,0.0957,463.466
8,14856,4,2048,51200,256,1,1,1,0.0124,154.918,0.0124,1244.247,0.0934,309.836,0.1058,419.589
8,14864,4,2048,51200,256,1,1,1,0.0129,156.815,0.0129,1203.501,0.0923,313.63,0.1052,422.416
8,14872,4,2048,51200,256,1,1,1,0.0124,144.274,0.0124,1247.493,0.1005,288.547,0.1129,394.045
8,14880,4,2048,51200,256,1,1,1,0.0128,155.428,0.0128,1208.468,0.0934,310.856,0.1062,419.336
8,14888,4,2048,51200,256,1,1,1,0.0124,154.609,0.0124,1247.753,0.094,309.218,0.1064,418.975
8,14896,4,2048,51200,256,1,1,1,0.0129,142.861,0.0129,1206.607,0.1018,285.721,0.1147,389.159
8,14904,4,2048,51200,256,1,1,1,0.0125,154.606,0.0125,1248.231,0.0942,309.211,0.1066,418.979
8,14912,4,2048,51200,256,1,1,1,0.0129,156.731,0.0129,1207.917,0.093,313.461,0.1059,422.385
8,14920,4,2048,51200,256,1,1,1,0.0125,142.288,0.0125,1249.639,0.1025,284.576,0.115,389.265
8,14928,4,2048,51200,256,1,1,1,0.0129,155.122,0.0129,1208.567,0.0941,310.245,0.1071,418.595
8,14936,4,2048,51200,256,1,1,1,0.0125,174.63,0.0125,1249.894,0.0837,349.26,0.0962,466.254
8,14944,4,2048,51200,256,1,1,1,0.0129,142.775,0.0129,1211.85,0.1025,285.55,0.1154,389.122
8,14952,4,2048,51200,256,1,1,1,0.0125,155.68,0.0125,1252.56,0.0941,311.36,0.1066,421.699
8,14960,4,2048,51200,256,1,1,1,0.0129,156.469,0.0129,1211.456,0.0937,312.938,0.1067,421.896
8,14968,4,2048,51200,256,1,1,1,0.0125,142.739,0.0125,1256.169,0.1029,285.479,0.1154,390.567
8,14976,4,2048,51200,256,1,1,1,0.0135,161.047,0.0135,1159.017,0.0913,322.094,0.1048,430.277
8,14984,4,2048,51200,256,1,1,1,0.0125,142.814,0.0125,1255.136,0.103,285.628,0.1156,390.708
8,14992,4,2048,51200,256,1,1,1,0.013,160.849,0.013,1214.285,0.0916,321.698,0.1045,432.351
8,15000,4,2048,51200,256,1,1,1,0.0125,156.733,0.0125,1255.342,0.0941,313.466,0.1066,424.307
8,15008,4,2048,51200,256,1,1,1,0.0129,157.227,0.0129,1217.871,0.0939,314.453,0.1068,423.943
8,15016,4,2048,51200,256,1,1,1,0.0125,156.06,0.0125,1259.116,0.0947,312.12,0.1072,422.84
8,15024,4,2048,51200,256,1,1,1,0.013,166.999,0.013,1215.16,0.0886,333.998,0.1016,446.792
8,15032,4,2048,51200,256,1,1,1,0.0126,128.552,0.0126,1256.271,0.1152,257.104,0.1278,355.551
8,15040,4,2048,51200,256,1,1,1,0.013,161.677,0.013,1220.852,0.0917,323.353,0.1047,434.57
8,15048,4,2048,51200,256,1,1,1,0.0126,158.524,0.0126,1261.86,0.0936,317.049,0.1062,428.823
8,15056,4,2048,51200,256,1,1,1,0.013,143.538,0.013,1220.229,0.1035,287.075,0.1165,391.225
8,15064,4,2048,51200,256,1,1,1,0.0126,155.521,0.0126,1258.863,0.0956,311.042,0.1082,421.52
8,15072,4,2048,51200,256,1,1,1,0.013,150.518,0.013,1220.421,0.0989,301.037,0.1119,408.038
8,15080,4,2048,51200,256,1,1,1,0.0126,143.234,0.0126,1263.047,0.104,286.467,0.1166,391.959
8,15088,4,2048,51200,256,1,1,1,0.013,155.215,0.013,1221.116,0.0961,310.431,0.1092,419.27
8,15096,4,2048,51200,256,1,1,1,0.0126,156.956,0.0126,1263.646,0.0952,313.911,0.1078,425.127
8,15104,4,2048,51200,256,1,1,1,0.013,156.402,0.013,1226.558,0.0956,312.804,0.1086,422.309
8,15112,4,2048,51200,256,1,1,1,0.0126,146.388,0.0126,1267.519,0.1022,292.776,0.1148,399.783
8,15120,4,2048,51200,256,1,1,1,0.0131,149.331,0.0131,1223.743,0.1003,298.662,0.1134,405.299
8,15128,4,2048,51200,256,1,1,1,0.0126,140.77,0.0126,1267.866,0.1065,281.539,0.1192,386.071
8,15136,4,2048,51200,256,1,1,1,0.013,154.994,0.013,1229.925,0.0969,309.989,0.1099,419.084
8,15144,4,2048,51200,256,1,1,1,0.0126,154.617,0.0126,1269.347,0.0972,309.234,0.1098,419.723
8,15152,4,2048,51200,256,1,1,1,0.0131,153.87,0.0131,1226.947,0.0978,307.739,0.1109,416.275
8,15160,4,2048,51200,256,1,1,1,0.0127,155.522,0.0127,1267.606,0.0968,311.045,0.1095,421.823
8,15168,4,2048,51200,256,1,1,1,0.0131,144.536,0.0131,1230.992,0.1043,289.072,0.1174,393.983
8,15176,4,2048,51200,256,1,1,1,0.0127,153.943,0.0127,1270.102,0.098,307.886,0.1107,418.119
8,15184,4,2048,51200,256,1,1,1,0.0131,153.99,0.0131,1230.677,0.0981,307.979,0.1112,416.698
8,15192,4,2048,51200,256,1,1,1,0.0127,153.866,0.0127,1274.288,0.0983,307.732,0.111,418.084
8,15200,4,2048,51200,256,1,1,1,0.0131,149.898,0.0131,1233.024,0.101,299.796,0.1141,406.982
8,15208,4,2048,51200,256,1,1,1,0.0127,153.673,0.0127,1274.265,0.0986,307.346,0.1113,417.612
8,15216,4,2048,51200,256,1,1,1,0.0131,151.284,0.0131,1233.506,0.1003,302.568,0.1134,410.322
8,15224,4,2048,51200,256,1,1,1,0.0127,134.207,0.0127,1279.08,0.1132,268.413,0.1259,370.192
8,15232,4,2048,51200,256,1,1,1,0.0131,128.864,0.0131,1235.004,0.118,257.729,0.1311,355.652
8,15240,4,2048,51200,256,1,1,1,0.0127,154.442,0.0127,1278.964,0.0986,308.885,0.1113,419.627
8,15248,4,2048,51200,256,1,1,1,0.0131,154.687,0.0131,1237.36,0.0985,309.375,0.1116,418.605
8,15256,4,2048,51200,256,1,1,1,0.0127,154.477,0.0127,1280.333,0.0987,308.954,0.1115,419.755
8,15264,4,2048,51200,256,1,1,1,0.0131,154.349,0.0131,1239.718,0.0989,308.697,0.1121,417.882
8,15272,4,2048,51200,256,1,1,1,0.0127,153.227,0.0127,1282.645,0.0998,306.455,0.1125,416.823
8,15280,4,2048,51200,256,1,1,1,0.0132,154.922,0.0132,1239.98,0.0988,309.843,0.1119,419.255
8,15288,4,2048,51200,256,1,1,1,0.0127,154.502,0.0127,1284.449,0.0991,309.004,0.1119,419.956
8,15296,4,2048,51200,256,1,1,1,0.0132,154.589,0.0132,1240.311,0.0992,309.178,0.1124,418.468
8,15304,4,2048,51200,256,1,1,1,0.0128,154.02,0.0128,1283.15,0.0997,308.04,0.1124,418.74
8,15312,4,2048,51200,256,1,1,1,0.0132,153.853,0.0132,1240.703,0.0999,307.705,0.1131,416.716
8,15320,4,2048,51200,256,1,1,1,0.0128,154.705,0.0128,1282.374,0.0994,309.409,0.1122,420.354
8,15328,4,2048,51200,256,1,1,1,0.0132,155.562,0.0132,1239.95,0.099,311.125,0.1122,420.764
8,15336,4,2048,51200,256,1,1,1,0.0128,154.18,0.0128,1285.717,0.1,308.361,0.1128,419.209
8,15344,4,2048,51200,256,1,1,1,0.0133,157.727,0.0133,1240.646,0.0978,315.453,0.1111,425.941
8,15352,4,2048,51200,256,1,1,1,0.0128,134.982,0.0128,1286.394,0.1144,269.964,0.1272,372.281
8,15360,4,2048,51200,256,1,1,1,0.0132,126.428,0.0132,1245.61,0.1223,252.856,0.1355,349.838
8,15368,4,2048,51200,256,1,1,1,0.0128,138.842,0.0128,1288.036,0.1115,277.683,0.1243,381.87
8,15376,4,2048,51200,256,1,1,1,0.0132,156.288,0.0132,1247.53,0.0991,312.575,0.1124,422.779
8,15384,4,2048,51200,256,1,1,1,0.0128,156.978,0.0128,1294.449,0.0988,313.955,0.1116,426.25
8,15392,4,2048,51200,256,1,1,1,0.0133,156.062,0.0133,1249.729,0.0995,312.125,0.1127,422.323
8,15400,4,2048,51200,256,1,1,1,0.0128,156.042,0.0128,1290.137,0.0996,312.084,0.1125,423.831
8,15408,4,2048,51200,256,1,1,1,0.0133,155.142,0.0133,1247.923,0.1003,310.284,0.1136,420.046
8,15416,4,2048,51200,256,1,1,1,0.0129,154.776,0.0129,1292.309,0.1006,309.551,0.1135,420.855
8,15424,4,2048,51200,256,1,1,1,0.0133,156.046,0.0133,1251.836,0.0999,312.092,0.1132,422.355
8,15432,4,2048,51200,256,1,1,1,0.0128,156.767,0.0128,1296.265,0.0996,313.534,0.1124,425.792
8,15440,4,2048,51200,256,1,1,1,0.0133,155.562,0.0133,1252.505,0.1004,311.124,0.1137,421.218
8,15448,4,2048,51200,256,1,1,1,0.0129,154.439,0.0129,1294.475,0.1013,308.878,0.1141,420.11
8,15456,4,2048,51200,256,1,1,1,0.0133,156.551,0.0133,1253.168,0.1,313.102,0.1133,423.601
8,15464,4,2048,51200,256,1,1,1,0.0129,157.51,0.0129,1293.828,0.0995,315.02,0.1124,427.474
8,15472,4,2048,51200,256,1,1,1,0.0133,150.166,0.0133,1253.019,0.1045,300.331,0.1178,408.269
8,15480,4,2048,51200,256,1,1,1,0.0129,139.144,0.0129,1295.397,0.1129,278.288,0.1258,382.799
8,15488,4,2048,51200,256,1,1,1,0.0133,157.747,0.0133,1256.359,0.0997,315.494,0.113,426.57
8,15496,4,2048,51200,256,1,1,1,0.0129,155.277,0.0129,1297.182,0.1013,310.554,0.1143,422.212
8,15504,4,2048,51200,256,1,1,1,0.0134,156.935,0.0134,1253.741,0.1004,313.87,0.1138,424.522
8,15512,4,2048,51200,256,1,1,1,0.0129,158.07,0.0129,1298.446,0.0998,316.139,0.1127,428.974
8,15520,4,2048,51200,256,1,1,1,0.0134,158.872,0.0134,1256.047,0.0994,317.744,0.1128,429.225
8,15528,4,2048,51200,256,1,1,1,0.013,155.746,0.013,1299.894,0.1015,311.493,0.1144,423.431
8,15536,4,2048,51200,256,1,1,1,0.0134,151.133,0.0134,1257.274,0.1047,302.267,0.1181,410.734
8,15544,4,2048,51200,256,1,1,1,0.013,156.415,0.013,1298.475,0.1012,312.83,0.1142,424.982
8,15552,4,2048,51200,256,1,1,1,0.0134,156.365,0.0134,1258.539,0.1014,312.73,0.1148,423.332
8,15560,4,2048,51200,256,1,1,1,0.013,156.656,0.013,1299.395,0.1013,313.311,0.1143,425.59
8,15568,4,2048,51200,256,1,1,1,0.0134,157.932,0.0134,1259.166,0.1006,315.865,0.114,427.093
8,15576,4,2048,51200,256,1,1,1,0.013,155.944,0.013,1301.97,0.102,311.889,0.115,423.966
8,15584,4,2048,51200,256,1,1,1,0.0134,152.174,0.0134,1261.18,0.1046,304.347,0.118,413.366
8,15592,4,2048,51200,256,1,1,1,0.013,154.173,0.013,1302.81,0.1033,308.347,0.1164,419.715
8,15600,4,2048,51200,256,1,1,1,0.0135,156.162,0.0135,1260.886,0.1021,312.323,0.1156,422.918
8,15608,4,2048,51200,256,1,1,1,0.013,158.32,0.013,1304.266,0.1008,316.64,0.1139,429.758
8,15616,4,2048,51200,256,1,1,1,0.0135,157.193,0.0135,1261.5,0.1017,314.387,0.1152,425.403
8,15624,4,2048,51200,256,1,1,1,0.0131,156.23,0.0131,1305.802,0.1024,312.46,0.1155,424.778
8,15632,4,2048,51200,256,1,1,1,0.0135,155.084,0.0135,1264.037,0.1033,310.168,0.1168,420.447
8,15640,4,2048,51200,256,1,1,1,0.0131,156.759,0.0131,1306.386,0.1023,313.517,0.1153,426.067
8,15648,4,2048,51200,256,1,1,1,0.0135,157.475,0.0135,1263.633,0.1019,314.949,0.1154,426.147
8,15656,4,2048,51200,256,1,1,1,0.0131,155.322,0.0131,1306.979,0.1034,310.644,0.1165,422.616
8,15664,4,2048,51200,256,1,1,1,0.0136,155.322,0.0136,1264.046,0.1035,310.644,0.1171,421.006
8,15672,4,2048,51200,256,1,1,1,0.0131,150.464,0.0131,1307.7,0.107,300.928,0.1201,410.861
8,15680,4,2048,51200,256,1,1,1,0.0135,156.466,0.0135,1269.631,0.103,312.932,0.1165,423.957
8,15688,4,2048,51200,256,1,1,1,0.0131,154.861,0.0131,1308.637,0.1042,309.723,0.1173,421.551
8,15696,4,2048,51200,256,1,1,1,0.0136,156.129,0.0136,1266.374,0.1034,312.257,0.117,423.016
8,15704,4,2048,51200,256,1,1,1,0.0131,150.914,0.0131,1311.537,0.1071,301.828,0.1202,412.074
8,15712,4,2048,51200,256,1,1,1,0.0136,156.083,0.0136,1268.878,0.1037,312.165,0.1172,422.997
8,15720,4,2048,51200,256,1,1,1,0.0132,151.294,0.0132,1311.675,0.107,302.588,0.1202,412.998
8,15728,4,2048,51200,256,1,1,1,0.0136,156.467,0.0136,1270.98,0.1036,312.933,0.1172,423.992
8,15736,4,2048,51200,256,1,1,1,0.0132,155.215,0.0132,1313.394,0.1046,310.429,0.1177,422.558
8,15744,4,2048,51200,256,1,1,1,0.0136,155.788,0.0136,1272.814,0.1043,311.575,0.1179,422.429
8,15752,4,2048,51200,256,1,1,1,0.0132,157.666,0.0132,1315.881,0.1031,315.333,0.1163,428.561
8,15760,4,2048,51200,256,1,1,1,0.0136,155.683,0.0136,1273.584,0.1046,311.365,0.1182,422.2
8,15768,4,2048,51200,256,1,1,1,0.0132,153.169,0.0132,1318.089,0.1064,306.338,0.1195,417.756
8,15776,4,2048,51200,256,1,1,1,0.0136,152.748,0.0136,1274.848,0.1068,305.496,0.1204,415.184
8,15784,4,2048,51200,256,1,1,1,0.0132,156.568,0.0132,1317.633,0.1043,313.136,0.1175,425.963
8,15792,4,2048,51200,256,1,1,1,0.0137,156.438,0.0137,1274.879,0.1045,312.876,0.1181,424.049
8,15800,4,2048,51200,256,1,1,1,0.0132,156.035,0.0132,1318.881,0.1049,312.069,0.1181,424.713
8,15808,4,2048,51200,256,1,1,1,0.0136,156.22,0.0136,1280.018,0.1048,312.441,0.1185,423.718
8,15816,4,2048,51200,256,1,1,1,0.0132,157.601,0.0132,1321.152,0.104,315.203,0.1172,428.573
8,15824,4,2048,51200,256,1,1,1,0.0137,157.669,0.0137,1279.263,0.1041,315.338,0.1177,427.157
8,15832,4,2048,51200,256,1,1,1,0.0132,155.851,0.0132,1323.392,0.1054,311.702,0.1186,424.418
8,15840,4,2048,51200,256,1,1,1,0.0137,154.47,0.0137,1281.946,0.1065,308.939,0.1201,419.57
8,15848,4,2048,51200,256,1,1,1,0.0132,155.757,0.0132,1324.016,0.1057,311.514,0.1189,424.207
8,15856,4,2048,51200,256,1,1,1,0.0137,156.761,0.0137,1281.395,0.1051,313.522,0.1188,425.049
8,15864,4,2048,51200,256,1,1,1,0.0132,157.811,0.0132,1326.753,0.1045,315.622,0.1177,429.265
8,15872,4,2048,51200,256,1,1,1,0.0137,156.777,0.0137,1282.54,0.1053,313.553,0.119,425.125
8,15880,4,2048,51200,256,1,1,1,0.0133,156.097,0.0133,1324.139,0.1059,312.193,0.1192,425.021
8,15888,4,2048,51200,256,1,1,1,0.0137,154.617,0.0137,1282.967,0.107,309.233,0.1207,419.944
8,15896,4,2048,51200,256,1,1,1,0.0133,154.421,0.0133,1326.216,0.1072,308.843,0.1205,421.03
8,15904,4,2048,51200,256,1,1,1,0.0138,155.635,0.0138,1283.08,0.1065,311.27,0.1203,422.391
8,15912,4,2048,51200,256,1,1,1,0.0133,150.367,0.0133,1327.688,0.1104,300.733,0.1237,411.209
8,15920,4,2048,51200,256,1,1,1,0.0138,156.76,0.0138,1284.442,0.106,313.521,0.1197,425.14
8,15928,4,2048,51200,256,1,1,1,0.0133,156.499,0.0133,1329.255,0.1062,312.999,0.1196,426.16
8,15936,4,2048,51200,256,1,1,1,0.0138,156.228,0.0138,1287.403,0.1065,312.456,0.1203,423.967
8,15944,4,2048,51200,256,1,1,1,0.0133,150.052,0.0133,1330.839,0.111,300.105,0.1244,410.533
8,15952,4,2048,51200,256,1,1,1,0.0138,150.464,0.0138,1289.364,0.1108,300.929,0.1246,410.12
8,15960,4,2048,51200,256,1,1,1,0.0133,157.324,0.0133,1332.51,0.1061,314.649,0.1194,428.26
8,15968,4,2048,51200,256,1,1,1,0.0138,158.368,0.0138,1293.114,0.1055,316.736,0.1193,429.31
8,15976,4,2048,51200,256,1,1,1,0.0133,155.983,0.0133,1334.358,0.1072,311.966,0.1206,425.072
8,15984,4,2048,51200,256,1,1,1,0.0138,150.252,0.0138,1288.94,0.1114,300.503,0.1253,409.577
8,15992,4,2048,51200,256,1,1,1,0.0133,156.252,0.0133,1337.609,0.1073,312.505,0.1206,425.834
8,16000,4,2048,51200,256,1,1,1,0.0138,156.172,0.0138,1293.923,0.1074,312.344,0.1212,424.054
8,16008,4,2048,51200,256,1,1,1,0.0133,158.129,0.0133,1339.379,0.1062,316.259,0.1195,430.435
8,16016,4,2048,51200,256,1,1,1,0.0138,155.98,0.0138,1294.58,0.1078,311.96,0.1216,423.61
8,16024,4,2048,51200,256,1,1,1,0.0134,156.607,0.0134,1337.246,0.1075,313.213,0.1208,426.667
8,16032,4,2048,51200,256,1,1,1,0.0138,158.867,0.0138,1300.116,0.106,317.733,0.1198,430.75
8,16040,4,2048,51200,256,1,1,1,0.0133,156.482,0.0133,1348.273,0.1078,312.964,0.1211,426.746
8,16048,4,2048,51200,256,1,1,1,0.0138,157.299,0.0138,1303.936,0.1073,314.597,0.1211,427.12
8,16056,4,2048,51200,256,1,1,1,0.0133,158.076,0.0133,1348.507,0.1069,316.152,0.1202,430.612
8,16064,4,2048,51200,256,1,1,1,0.0138,157.864,0.0138,1305.655,0.1071,315.727,0.1209,428.538
8,16072,4,2048,51200,256,1,1,1,0.0134,150.613,0.0134,1343.005,0.1124,301.225,0.1258,412.256
8,16080,4,2048,51200,256,1,1,1,0.0139,157.45,0.0139,1299.353,0.1076,314.899,0.1215,427.3
8,16088,4,2048,51200,256,1,1,1,0.0134,150.379,0.0134,1345.496,0.1128,300.757,0.1262,411.758
8,16096,4,2048,51200,256,1,1,1,0.0138,157.337,0.0138,1304.918,0.1079,314.674,0.1218,427.231
8,16104,4,2048,51200,256,1,1,1,0.0134,158.688,0.0134,1349.39,0.1071,317.376,0.1205,432.108
8,16112,4,2048,51200,256,1,1,1,0.0139,158.888,0.0139,1302.212,0.1071,317.776,0.121,430.852
8,16120,4,2048,51200,256,1,1,1,0.0134,151.336,0.0134,1347.31,0.1125,302.672,0.126,414.148
8,16128,4,2048,51200,256,1,1,1,0.0139,153.622,0.0139,1299.731,0.111,307.244,0.1249,418.069
8,16136,4,2048,51200,256,1,1,1,0.0134,146.69,0.0134,1353.272,0.1163,293.38,0.1297,402.931
8,16144,4,2048,51200,256,1,1,1,0.0139,156.226,0.0139,1308.666,0.1093,312.453,0.1232,424.676
8,16152,4,2048,51200,256,1,1,1,0.0134,157.001,0.0134,1353.382,0.1089,314.002,0.1223,428.14
8,16160,4,2048,51200,256,1,1,1,0.0139,155.603,0.0139,1309.011,0.11,311.206,0.1239,423.178
8,16168,4,2048,51200,256,1,1,1,0.0135,156.373,0.0135,1353.687,0.1096,312.745,0.123,426.619
8,16176,4,2048,51200,256,1,1,1,0.0139,157.475,0.0139,1309.395,0.1089,314.949,0.1228,427.699
8,16184,4,2048,51200,256,1,1,1,0.0135,156.91,0.0135,1353.287,0.1094,313.819,0.1229,427.904
8,16192,4,2048,51200,256,1,1,1,0.0139,157.521,0.0139,1310.877,0.1091,315.042,0.123,427.86
8,16200,4,2048,51200,256,1,1,1,0.0135,149.724,0.0135,1349.831,0.1149,299.449,0.1284,410.255
8,16208,4,2048,51200,256,1,1,1,0.014,149.661,0.014,1305.739,0.115,299.322,0.1291,408.642
8,16216,4,2048,51200,256,1,1,1,0.0136,157.331,0.0136,1351.541,0.1095,314.662,0.1231,428.853
8,16224,4,2048,51200,256,1,1,1,0.014,156.512,0.014,1308.735,0.1102,313.023,0.1242,425.337
8,16232,4,2048,51200,256,1,1,1,0.0136,157.741,0.0136,1354.139,0.1095,315.482,0.123,429.932
8,16240,4,2048,51200,256,1,1,1,0.014,158.744,0.014,1307.992,0.1089,317.489,0.1229,430.678
8,16248,4,2048,51200,256,1,1,1,0.0136,155.863,0.0136,1354.444,0.111,311.726,0.1246,425.377
8,16256,4,2048,51200,256,1,1,1,0.014,161.712,0.014,1315.266,0.1071,323.424,0.1211,438.069
8,16264,4,2048,51200,256,1,1,1,0.0135,156.246,0.0135,1363.856,0.1109,312.491,0.1245,426.623
8,16272,4,2048,51200,256,1,1,1,0.014,159.03,0.014,1316.23,0.1091,318.059,0.1231,431.661
8,16280,4,2048,51200,256,1,1,1,0.0135,155.825,0.0135,1365.305,0.1115,311.65,0.125,425.641
8,16288,4,2048,51200,256,1,1,1,0.014,156.245,0.014,1323.518,0.1113,312.49,0.1252,425.205
8,16296,4,2048,51200,256,1,1,1,0.0135,150.848,0.0135,1366.988,0.1154,301.696,0.1289,413.523
8,16304,4,2048,51200,256,1,1,1,0.014,157.482,0.014,1321.832,0.1106,314.964,0.1246,428.127
8,16312,4,2048,51200,256,1,1,1,0.0136,144.275,0.0136,1365.542,0.1209,288.55,0.1344,397.274
8,16320,4,2048,51200,256,1,1,1,0.014,138.857,0.014,1326.244,0.1257,277.713,0.1397,382.7
8,16328,4,2048,51200,256,1,1,1,0.0136,144.457,0.0136,1365.679,0.121,288.914,0.1345,397.722
8,16336,4,2048,51200,256,1,1,1,0.0141,156.35,0.0141,1321.746,0.1119,312.7,0.1259,425.378
8,16344,4,2048,51200,256,1,1,1,0.0136,157.842,0.0136,1368.133,0.1109,315.684,0.1245,430.622
8,16352,4,2048,51200,256,1,1,1,0.0141,156.466,0.0141,1323.966,0.112,312.933,0.1261,425.733
8,16360,4,2048,51200,256,1,1,1,0.0136,150.987,0.0136,1372.875,0.1162,301.973,0.1298,414.026
8,16368,4,2048,51200,256,1,1,1,0.0141,157.225,0.0141,1327.381,0.1117,314.451,0.1257,427.685
8,16376,4,2048,51200,256,1,1,1,0.0136,156.217,0.0136,1375.028,0.1125,312.435,0.1261,426.889
8,16384,4,2048,51200,256,1,1,1,0.0141,131.069,0.0141,1329.673,0.1342,262.138,0.1483,363.345
8,16392,4,2048,51200,256,1,1,1,0.0136,155.923,0.0136,1376.267,0.1129,311.846,0.1265,426.206
8,16400,4,2048,51200,256,1,1,1,0.0141,151.418,0.0141,1330.166,0.1164,302.837,0.1305,413.679
8,16408,4,2048,51200,256,1,1,1,0.0137,149.47,0.0137,1373.139,0.118,298.941,0.1317,410.291
8,16416,4,2048,51200,256,1,1,1,0.0141,154.879,0.0141,1329.265,0.114,309.757,0.1281,422.054
8,16424,4,2048,51200,256,1,1,1,0.0137,151.922,0.0137,1375.667,0.1164,303.845,0.13,416.388
8,16432,4,2048,51200,256,1,1,1,0.0141,157.678,0.0141,1332.34,0.1122,315.355,0.1263,428.933
8,16440,4,2048,51200,256,1,1,1,0.0137,150.697,0.0137,1374.516,0.1175,301.394,0.1312,413.339
8,16448,4,2048,51200,256,1,1,1,0.0141,143.223,0.0141,1334.694,0.1238,286.446,0.1379,393.708
8,16456,4,2048,51200,256,1,1,1,0.0137,148.526,0.0137,1377.372,0.1195,297.052,0.1332,408.078
8,16464,4,2048,51200,256,1,1,1,0.0142,157.238,0.0142,1330.569,0.113,314.476,0.1272,427.796
8,16472,4,2048,51200,256,1,1,1,0.0137,150.947,0.0137,1376.602,0.1178,301.894,0.1315,414.006
8,16480,4,2048,51200,256,1,1,1,0.0142,157.814,0.0142,1334.218,0.1128,315.629,0.127,429.314
8,16488,4,2048,51200,256,1,1,1,0.0137,157.528,0.0137,1382.383,0.1131,315.056,0.1268,430.289
8,16496,4,2048,51200,256,1,1,1,0.0142,154.382,0.0142,1333.038,0.1155,308.763,0.1297,420.951
8,16504,4,2048,51200,256,1,1,1,0.0137,157.798,0.0137,1380.455,0.1131,315.597,0.1269,430.877
8,16512,4,2048,51200,256,1,1,1,0.0142,161.671,0.0142,1339.313,0.1105,323.343,0.1247,438.788
8,16520,4,2048,51200,256,1,1,1,0.0137,156.334,0.0137,1387.192,0.1144,312.667,0.1281,427.523
8,16528,4,2048,51200,256,1,1,1,0.0142,160.524,0.0142,1337.951,0.1115,321.049,0.1257,435.971
8,16536,4,2048,51200,256,1,1,1,0.0137,152.234,0.0137,1386.981,0.1177,304.467,0.1314,417.469
8,16544,4,2048,51200,256,1,1,1,0.0142,158.171,0.0142,1343.803,0.1134,316.341,0.1276,430.495
8,16552,4,2048,51200,256,1,1,1,0.0137,158.38,0.0137,1386.678,0.1134,316.76,0.1271,432.485
8,16560,4,2048,51200,256,1,1,1,0.0142,152.715,0.0142,1340.773,0.1177,305.431,0.1319,417.139
8,16568,4,2048,51200,256,1,1,1,0.0138,157.99,0.0138,1387.111,0.1139,315.979,0.1276,431.543
8,16576,4,2048,51200,256,1,1,1,0.0142,153.443,0.0142,1343.849,0.1174,306.885,0.1316,419.009
8,16584,4,2048,51200,256,1,1,1,0.0138,152.49,0.0138,1383.804,0.1182,304.98,0.132,417.982
8,16592,4,2048,51200,256,1,1,1,0.0143,157.774,0.0143,1340.565,0.1144,315.549,0.1286,429.404
8,16600,4,2048,51200,256,1,1,1,0.0138,158.599,0.0138,1386.631,0.1139,317.198,0.1277,433.0
8,16608,4,2048,51200,256,1,1,1,0.0143,156.818,0.0143,1343.829,0.1153,313.637,0.1296,427.198
8,16616,4,2048,51200,256,1,1,1,0.0138,153.333,0.0138,1388.713,0.118,306.666,0.1318,420.194
8,16624,4,2048,51200,256,1,1,1,0.0143,157.203,0.0143,1346.646,0.1152,314.406,0.1295,428.224
8,16632,4,2048,51200,256,1,1,1,0.0138,149.44,0.0138,1392.132,0.1213,298.881,0.1351,410.718
8,16640,4,2048,51200,256,1,1,1,0.0143,152.959,0.0143,1342.948,0.1186,305.918,0.133,417.778
8,16648,4,2048,51200,256,1,1,1,0.0138,148.425,0.0138,1392.454,0.1224,296.849,0.1362,408.214
8,16656,4,2048,51200,256,1,1,1,0.0143,155.808,0.0143,1351.571,0.1167,311.616,0.131,424.998
8,16664,4,2048,51200,256,1,1,1,0.0139,155.167,0.0139,1394.434,0.1173,310.334,0.1311,424.854
8,16672,4,2048,51200,256,1,1,1,0.0143,157.17,0.0143,1348.051,0.1159,314.339,0.1302,428.175
8,16680,4,2048,51200,256,1,1,1,0.0139,157.028,0.0139,1390.682,0.1161,314.056,0.13,429.277
8,16688,4,2048,51200,256,1,1,1,0.0144,156.923,0.0144,1343.573,0.1163,313.846,0.1307,427.415
8,16696,4,2048,51200,256,1,1,1,0.0139,156.032,0.0139,1391.818,0.1171,312.063,0.131,426.874
8,16704,4,2048,51200,256,1,1,1,0.0144,157.167,0.0144,1345.762,0.1163,314.334,0.1308,428.078
8,16712,4,2048,51200,256,1,1,1,0.0139,155.525,0.0139,1395.219,0.1177,311.049,0.1316,425.739
8,16720,4,2048,51200,256,1,1,1,0.0144,157.945,0.0144,1351.626,0.116,315.89,0.1304,430.163
8,16728,4,2048,51200,256,1,1,1,0.0139,156.235,0.0139,1395.762,0.1174,312.469,0.1313,427.488
8,16736,4,2048,51200,256,1,1,1,0.0144,156.681,0.0144,1352.523,0.1172,313.362,0.1316,427.123
8,16744,4,2048,51200,256,1,1,1,0.0139,155.826,0.0139,1398.926,0.1179,311.651,0.1318,426.583
8,16752,4,2048,51200,256,1,1,1,0.0144,157.99,0.0144,1352.196,0.1164,315.98,0.1308,430.28
8,16760,4,2048,51200,256,1,1,1,0.014,157.133,0.014,1398.081,0.1172,314.266,0.1311,429.748
8,16768,4,2048,51200,256,1,1,1,0.0145,154.309,0.0145,1352.135,0.1194,308.619,0.1339,421.332
8,16776,4,2048,51200,256,1,1,1,0.0139,157.559,0.0139,1406.837,0.1171,315.119,0.131,431.071
8,16784,4,2048,51200,256,1,1,1,0.0145,158.309,0.0145,1352.33,0.1166,316.618,0.1311,431.047
8,16792,4,2048,51200,256,1,1,1,0.014,157.29,0.014,1402.684,0.1175,314.58,0.1315,430.271
8,16800,4,2048,51200,256,1,1,1,0.0145,146.807,0.0145,1357.19,0.126,293.614,0.1405,403.108
8,16808,4,2048,51200,256,1,1,1,0.014,152.924,0.014,1407.094,0.1211,305.847,0.135,419.696
8,16816,4,2048,51200,256,1,1,1,0.0145,156.452,0.0145,1358.664,0.1185,312.905,0.1329,426.751
8,16824,4,2048,51200,256,1,1,1,0.014,145.917,0.014,1404.61,0.1271,291.833,0.1411,402.295
8,16832,4,2048,51200,256,1,1,1,0.0145,157.864,0.0145,1361.267,0.1176,315.728,0.1321,430.264
8,16840,4,2048,51200,256,1,1,1,0.014,150.209,0.014,1404.615,0.1237,300.418,0.1378,412.918
8,16848,4,2048,51200,256,1,1,1,0.0145,157.562,0.0145,1360.742,0.1181,315.124,0.1326,429.507
8,16856,4,2048,51200,256,1,1,1,0.014,155.795,0.014,1406.672,0.1195,311.59,0.1336,426.718
8,16864,4,2048,51200,256,1,1,1,0.0145,146.682,0.0145,1363.6,0.1271,293.364,0.1416,402.973
8,16872,4,2048,51200,256,1,1,1,0.014,157.338,0.014,1409.813,0.1186,314.677,0.1326,430.592
8,16880,4,2048,51200,256,1,1,1,0.0146,158.656,0.0146,1358.439,0.1177,317.313,0.1323,432.07
8,16888,4,2048,51200,256,1,1,1,0.0141,157.236,0.0141,1409.985,0.1189,314.472,0.1329,430.342
8,16896,4,2048,51200,256,1,1,1,0.0146,158.931,0.0146,1359.979,0.1177,317.862,0.1323,432.784
8,16904,4,2048,51200,256,1,1,1,0.0141,156.779,0.0141,1407.209,0.1194,313.558,0.1336,429.129
8,16912,4,2048,51200,256,1,1,1,0.0146,155.309,0.0146,1362.841,0.1207,310.618,0.1353,424.077
8,16920,4,2048,51200,256,1,1,1,0.0141,156.805,0.0141,1409.071,0.1197,313.611,0.1338,429.247
8,16928,4,2048,51200,256,1,1,1,0.0146,157.709,0.0146,1364.098,0.1191,315.418,0.1337,429.951
8,16936,4,2048,51200,256,1,1,1,0.0141,156.067,0.0141,1414.048,0.1204,312.134,0.1345,427.591
8,16944,4,2048,51200,256,1,1,1,0.0146,156.729,0.0146,1366.095,0.12,313.459,0.1347,427.633
8,16952,4,2048,51200,256,1,1,1,0.0141,157.177,0.0141,1411.678,0.1198,314.353,0.134,430.229
8,16960,4,2048,51200,256,1,1,1,0.0146,157.797,0.0146,1364.917,0.1195,315.594,0.1341,430.182
8,16968,4,2048,51200,256,1,1,1,0.0142,156.919,0.0142,1410.328,0.1202,313.838,0.1344,429.549
8,16976,4,2048,51200,256,1,1,1,0.0147,157.523,0.0147,1365.555,0.1199,315.046,0.1346,429.534
8,16984,4,2048,51200,256,1,1,1,0.0142,158.397,0.0142,1414.365,0.1193,316.795,0.1335,433.292
8,16992,4,2048,51200,256,1,1,1,0.0146,157.706,0.0146,1373.851,0.12,315.413,0.1346,430.257
8,17000,4,2048,51200,256,1,1,1,0.0142,157.742,0.0142,1416.708,0.1201,315.483,0.1342,431.757
8,17008,4,2048,51200,256,1,1,1,0.0147,158.716,0.0147,1370.562,0.1194,317.432,0.1341,432.592
8,17016,4,2048,51200,256,1,1,1,0.0142,157.393,0.0142,1418.931,0.1206,314.787,0.1347,430.97
8,17024,4,2048,51200,256,1,1,1,0.0146,158.422,0.0146,1375.68,0.1199,316.845,0.1345,432.049
8,17032,4,2048,51200,256,1,1,1,0.0142,154.852,0.0142,1420.371,0.1228,309.704,0.137,424.773
8,17040,4,2048,51200,256,1,1,1,0.0147,157.77,0.0147,1371.947,0.1206,315.54,0.1353,430.33
8,17048,4,2048,51200,256,1,1,1,0.0142,152.197,0.0142,1418.168,0.1251,304.395,0.1394,418.161
8,17056,4,2048,51200,256,1,1,1,0.0147,158.179,0.0147,1374.99,0.1205,316.358,0.1352,431.423
8,17064,4,2048,51200,256,1,1,1,0.0142,157.69,0.0142,1421.618,0.121,315.379,0.1352,431.765
8,17072,4,2048,51200,256,1,1,1,0.0147,156.782,0.0147,1373.961,0.1218,313.564,0.1366,427.984
8,17080,4,2048,51200,256,1,1,1,0.0143,157.945,0.0143,1421.261,0.121,315.889,0.1353,432.373
8,17088,4,2048,51200,256,1,1,1,0.0147,158.299,0.0147,1376.936,0.1209,316.599,0.1356,431.771
8,17096,4,2048,51200,256,1,1,1,0.0142,151.655,0.0142,1426.363,0.1263,303.31,0.1405,417.051
8,17104,4,2048,51200,256,1,1,1,0.0148,158.701,0.0148,1373.438,0.1208,317.403,0.1356,432.623
8,17112,4,2048,51200,256,1,1,1,0.0143,158.324,0.0143,1419.552,0.1212,316.648,0.1355,433.236
8,17120,4,2048,51200,256,1,1,1,0.0148,159.378,0.0148,1377.493,0.1205,318.757,0.1353,434.401
8,17128,4,2048,51200,256,1,1,1,0.0143,157.953,0.0143,1421.577,0.1217,315.907,0.1361,432.388
8,17136,4,2048,51200,256,1,1,1,0.0148,157.256,0.0148,1377.803,0.1224,314.512,0.1372,429.246
8,17144,4,2048,51200,256,1,1,1,0.0143,157.964,0.0143,1422.555,0.1219,315.928,0.1363,432.44
8,17152,4,2048,51200,256,1,1,1,0.0148,158.115,0.0148,1378.889,0.1219,316.229,0.1368,431.367
8,17160,4,2048,51200,256,1,1,1,0.0143,156.36,0.0143,1431.858,0.1234,312.719,0.1377,428.791
8,17168,4,2048,51200,256,1,1,1,0.0148,155.554,0.0148,1383.25,0.1242,311.109,0.139,425.265
8,17176,4,2048,51200,256,1,1,1,0.0143,156.254,0.0143,1430.704,0.1237,312.508,0.1381,428.491
8,17184,4,2048,51200,256,1,1,1,0.0148,156.907,0.0148,1385.899,0.1233,313.815,0.1381,428.65
8,17192,4,2048,51200,256,1,1,1,0.0143,156.117,0.0143,1431.137,0.1241,312.234,0.1384,428.161
8,17200,4,2048,51200,256,1,1,1,0.0149,157.287,0.0149,1381.737,0.1233,314.573,0.1381,429.43
8,17208,4,2048,51200,256,1,1,1,0.0144,156.475,0.0144,1432.041,0.124,312.951,0.1384,429.065
8,17216,4,2048,51200,256,1,1,1,0.0148,157.138,0.0148,1386.489,0.1236,314.276,0.1385,429.221
8,17224,4,2048,51200,256,1,1,1,0.0143,156.547,0.0143,1435.438,0.1242,313.094,0.1385,429.341
8,17232,4,2048,51200,256,1,1,1,0.0148,155.054,0.0148,1388.464,0.1255,310.109,0.1404,424.192
8,17240,4,2048,51200,256,1,1,1,0.0144,154.044,0.0144,1435.687,0.1264,308.088,0.1408,423.179
8,17248,4,2048,51200,256,1,1,1,0.0149,157.075,0.0149,1390.799,0.1241,314.151,0.139,429.201
8,17256,4,2048,51200,256,1,1,1,0.0144,155.77,0.0144,1436.447,0.1253,311.54,0.1397,427.449
8,17264,4,2048,51200,256,1,1,1,0.0149,156.997,0.0149,1390.604,0.1244,313.995,0.1393,428.998
8,17272,4,2048,51200,256,1,1,1,0.0144,156.231,0.0144,1439.67,0.1251,312.462,0.1395,428.678
8,17280,4,2048,51200,256,1,1,1,0.0149,129.919,0.0149,1392.309,0.1506,259.839,0.1655,361.705
8,17288,4,2048,51200,256,1,1,1,0.0144,139.917,0.0144,1441.47,0.14,279.834,0.1544,388.133
8,17296,4,2048,51200,256,1,1,1,0.0149,158.203,0.0149,1394.382,0.1239,316.405,0.1388,432.053
8,17304,4,2048,51200,256,1,1,1,0.0144,157.62,0.0144,1442.902,0.1245,315.239,0.1389,432.182
8,17312,4,2048,51200,256,1,1,1,0.0149,,,,,,,
