m,n,k,throughput
2048,2048,64,14.526
2048,2048,128,28.197
2048,2048,192,35.57
2048,2048,256,47.595
2048,2048,320,59.919
2048,2048,384,71.519
2048,2048,448,59.539
2048,2048,512,76.369
2048,2048,576,73.033
2048,2048,640,79.419
2048,2048,704,80.677
2048,2048,768,111.538
2048,2048,832,95.555
2048,2048,896,100.699
2048,2048,960,120.99
2048,2048,1024,147.898
2048,2048,1088,131.434
2048,2048,1152,153.294
2048,2048,1216,157.61
2048,2048,1280,165.293
2048,2048,1344,168.173
2048,2048,1408,157.735
2048,2048,1472,183.969
2048,2048,1536,180.36
2048,2048,1600,188.933
2048,2048,1664,171.904
2048,2048,1728,201.551
2048,2048,1792,205.136
2048,2048,1856,189.499
2048,2048,1920,189.039
2048,2048,1984,182.01
2048,2048,2048,187.389
2048,2048,2112,156.619
2048,2048,2176,158.342
2048,2048,2240,159.458
2048,2048,2304,166.961
2048,2048,2368,186.834
2048,2048,2432,183.463
2048,2048,2496,194.302
2048,2048,2560,192.427
2048,2048,2624,169.217
2048,2048,2688,176.271
2048,2048,2752,178.019
2048,2048,2816,184.434
2048,2048,2880,175.576
2048,2048,2944,187.546
2048,2048,3008,198.247
2048,2048,3072,187.936
2048,2048,3136,205.521
2048,2048,3200,205.477
2048,2048,3264,212.317
2048,2048,3328,214.221
2048,2048,3392,219.554
2048,2048,3456,214.177
2048,2048,3520,225.61
2048,2048,3584,224.096
2048,2048,3648,189.554
2048,2048,3712,192.88
2048,2048,3776,197.379
2048,2048,3840,202.542
2048,2048,3904,203.058
2048,2048,3968,205.064
2048,2048,4032,211.817
2048,2048,4096,213.256
2048,2048,4160,176.674
2048,2048,4224,190.913
2048,2048,4288,193.472
2048,2048,4352,186.034
2048,2048,4416,196.125
2048,2048,4480,189.344
2048,2048,4544,193.06
2048,2048,4608,202.338
2048,2048,4672,196.982
2048,2048,4736,200.568
2048,2048,4800,202.705
2048,2048,4864,211.542
2048,2048,4928,208.615
2048,2048,4992,212.611
2048,2048,5056,226.564
2048,2048,5120,227.777
2048,2048,5184,216.826
2048,2048,5248,230.731
2048,2048,5312,220.683
2048,2048,5376,234.004
2048,2048,5440,191.161
2048,2048,5504,199.632
2048,2048,5568,206.745
2048,2048,5632,212.431
2048,2048,5696,208.035
2048,2048,5760,207.982
2048,2048,5824,213.304
2048,2048,5888,214.227
2048,2048,5952,220.457
2048,2048,6016,219.57
2048,2048,6080,231.831
2048,2048,6144,224.007
2048,2048,6208,207.774
2048,2048,6272,205.072
2048,2048,6336,206.328
2048,2048,6400,208.348
2048,2048,6464,210.693
2048,2048,6528,221.024
2048,2048,6592,214.399
2048,2048,6656,216.279
2048,2048,6720,222.495
2048,2048,6784,225.183
2048,2048,6848,223.002
2048,2048,6912,224.737
2048,2048,6976,227.452
2048,2048,7040,230.615
2048,2048,7104,227.87
2048,2048,7168,229.013
2048,2048,7232,205.176
2048,2048,7296,211.279
2048,2048,7360,210.344
2048,2048,7424,221.28
2048,2048,7488,206.353
2048,2048,7552,212.701
2048,2048,7616,211.269
2048,2048,7680,208.899
2048,2048,7744,206.2
2048,2048,7808,207.116
2048,2048,7872,210.786
2048,2048,7936,212.175
2048,2048,8000,224.414
2048,2048,8064,210.971
2048,2048,8128,216.976
2048,2048,8192,219.467
2048,2048,8256,222.432
2048,2048,8320,220.697
2048,2048,8384,223.582
2048,2048,8448,225.748
2048,2048,8512,229.211
2048,2048,8576,229.111
2048,2048,8640,231.943
2048,2048,8704,226.247
2048,2048,8768,232.757
2048,2048,8832,235.171
2048,2048,8896,235.559
2048,2048,8960,239.065
2048,2048,9024,215.494
2048,2048,9088,215.355
2048,2048,9152,222.091
2048,2048,9216,220.733
2048,2048,9280,214.382
2048,2048,9344,214.819
2048,2048,9408,218.542
2048,2048,9472,217.571
2048,2048,9536,210.643
2048,2048,9600,216.573
2048,2048,9664,216.342
2048,2048,9728,218.849
2048,2048,9792,222.581
2048,2048,9856,227.738
2048,2048,9920,226.423
2048,2048,9984,227.686
2048,2048,10048,230.096
2048,2048,10112,233.191
2048,2048,10176,229.518
2048,2048,10240,232.211
2048,2048,10304,230.866
2048,2048,10368,234.707
2048,2048,10432,242.975
2048,2048,10496,237.042
2048,2048,10560,237.719
2048,2048,10624,240.606
2048,2048,10688,242.213
2048,2048,10752,241.007
2048,2048,10816,222.468
2048,2048,10880,221.395
2048,2048,10944,224.792
2048,2048,11008,225.444
2048,2048,11072,222.07
2048,2048,11136,227.532
2048,2048,11200,222.089
2048,2048,11264,221.847
2048,2048,11328,220.827
2048,2048,11392,221.211
2048,2048,11456,224.658
2048,2048,11520,224.737
2048,2048,11584,228.622
2048,2048,11648,227.53
2048,2048,11712,229.036
2048,2048,11776,227.992
2048,2048,11840,234.735
2048,2048,11904,233.357
2048,2048,11968,233.824
2048,2048,12032,237.554
2048,2048,12096,236.766
2048,2048,12160,239.36
2048,2048,12224,239.004
2048,2048,12288,240.929
2048,2048,12352,245.536
2048,2048,12416,242.216
2048,2048,12480,242.427
2048,2048,12544,245.078
2048,2048,12608,231.41
2048,2048,12672,227.254
2048,2048,12736,227.701
2048,2048,12800,236.507
2048,2048,12864,224.031
2048,2048,12928,225.896
2048,2048,12992,228.269
2048,2048,13056,230.553
2048,2048,13120,225.271
2048,2048,13184,226.222
2048,2048,13248,228.969
2048,2048,13312,228.568
2048,2048,13376,230.27
2048,2048,13440,231.79
2048,2048,13504,232.017
2048,2048,13568,235.081
2048,2048,13632,235.295
2048,2048,13696,235.702
2048,2048,13760,244.094
2048,2048,13824,241.672
2048,2048,13888,241.103
2048,2048,13952,234.789
2048,2048,14016,240.577
2048,2048,14080,239.83
2048,2048,14144,246.445
2048,2048,14208,242.129
2048,2048,14272,244.771
2048,2048,14336,246.392
2048,2048,14400,230.316
2048,2048,14464,231.41
2048,2048,14528,231.797
2048,2048,14592,232.535
2048,2048,14656,226.398
2048,2048,14720,232.666
2048,2048,14784,232.59
2048,2048,14848,227.056
2048,2048,14912,227.471
2048,2048,14976,227.719
2048,2048,15040,228.824
2048,2048,15104,232.395
2048,2048,15168,235.243
2048,2048,15232,236.516
2048,2048,15296,235.937
2048,2048,15360,229.399
2048,2048,15424,235.865
2048,2048,15488,238.024
2048,2048,15552,241.843
2048,2048,15616,241.513
2048,2048,15680,243.112
2048,2048,15744,243.456
2048,2048,15808,243.835
2048,2048,15872,246.38
2048,2048,15936,249.33
2048,2048,16000,248.551
2048,2048,16064,249.103
2048,2048,16128,245.627
2048,2048,16192,231.821
2048,2048,16256,233.534
2048,2048,16320,240.213
2048,2048,16384,237.389
2048,2048,16448,232.157
2048,2048,16512,233.943
2048,2048,16576,235.518
2048,2048,16640,240.932
2048,2048,16704,231.962
2048,2048,16768,236.802
2048,2048,16832,233.956
2048,2048,16896,235.251
2048,2048,16960,237.688
2048,2048,17024,236.311
2048,2048,17088,239.803
2048,2048,17152,244.331
2048,2048,17216,238.503
2048,2048,17280,242.822
2048,2048,17344,243.395
2048,2048,17408,234.201
2048,2048,17472,245.159
2048,2048,17536,245.335
2048,2048,17600,250.101
2048,2048,17664,250.772
2048,2048,17728,249.452
2048,2048,17792,248.584
2048,2048,17856,252.575
2048,2048,17920,250.373
2048,2048,17984,235.749
2048,2048,18048,233.696
2048,2048,18112,237.814
2048,2048,18176,232.596
2048,2048,18240,234.56
2048,2048,18304,235.239
2048,2048,18368,236.003
2048,2048,18432,236.449
2048,2048,18496,234.204
2048,2048,18560,232.017
2048,2048,18624,234.017
2048,2048,18688,235.131
2048,2048,18752,233.693
2048,2048,18816,233.602
2048,2048,18880,234.48
2048,2048,18944,231.707
2048,2048,19008,242.503
2048,2048,19072,244.002
2048,2048,19136,244.136
2048,2048,19200,243.413
2048,2048,19264,247.213
2048,2048,19328,246.526
2048,2048,19392,247.613
2048,2048,19456,250.874
2048,2048,19520,246.338
2048,2048,19584,250.187
2048,2048,19648,251.433
2048,2048,19712,251.118
2048,2048,19776,237.506
2048,2048,19840,235.843
2048,2048,19904,241.869
2048,2048,19968,236.507
2048,2048,20032,238.884
2048,2048,20096,235.786
2048,2048,20160,237.894
2048,2048,20224,237.873
2048,2048,20288,234.058
2048,2048,20352,236.54
2048,2048,20416,238.792
2048,2048,20480,238.186
2048,2048,20544,234.687
2048,2048,20608,234.983
2048,2048,20672,236.407
2048,2048,20736,236.032
2048,2048,20800,242.149
2048,2048,20864,243.408
2048,2048,20928,243.342
2048,2048,20992,242.848
2048,2048,21056,245.13
2048,2048,21120,244.733
2048,2048,21184,245.394
2048,2048,21248,244.595
2048,2048,21312,246.876
2048,2048,21376,247.727
2048,2048,21440,249.489
2048,2048,21504,242.484
2048,2048,21568,204.426
2048,2048,21632,236.723
2048,2048,21696,236.953
2048,2048,21760,238.972
2048,2048,21824,234.541
2048,2048,21888,234.148
2048,2048,21952,237.965
2048,2048,22016,238.363
2048,2048,22080,235.266
2048,2048,22144,234.471
2048,2048,22208,234.911
2048,2048,22272,237.384
2048,2048,22336,237.415
2048,2048,22400,239.284
2048,2048,22464,238.969
2048,2048,22528,242.928
2048,2048,22592,242.248
2048,2048,22656,242.29
2048,2048,22720,241.301
2048,2048,22784,246.423
2048,2048,22848,246.429
2048,2048,22912,246.461
2048,2048,22976,242.424
2048,2048,23040,244.774
2048,2048,23104,248.068
2048,2048,23168,249.214
2048,2048,23232,250.803
2048,2048,23296,245.578
2048,2048,23360,238.857
2048,2048,23424,239.161
2048,2048,23488,234.182
2048,2048,23552,233.975
2048,2048,23616,234.833
2048,2048,23680,236.524
2048,2048,23744,228.942
2048,2048,23808,234.938
2048,2048,23872,237.221
2048,2048,23936,234.567
2048,2048,24000,236.499
2048,2048,24064,239.88
2048,2048,24128,233.073
2048,2048,24192,233.519
2048,2048,24256,236.466
2048,2048,24320,234.344
2048,2048,24384,243.301
2048,2048,24448,239.876
2048,2048,24512,245.372
2048,2048,24576,243.686
2048,2048,24640,234.519
2048,2048,24704,244.401
2048,2048,24768,241.975
2048,2048,24832,244.881
2048,2048,24896,249.121
2048,2048,24960,248.481
2048,2048,25024,248.246
2048,2048,25088,249.945
2048,2048,25152,238.074
2048,2048,25216,238.249
2048,2048,25280,238.66
2048,2048,25344,236.076
2048,2048,25408,237.241
2048,2048,25472,235.615
2048,2048,25536,235.687
2048,2048,25600,237.134
2048,2048,25664,233.478
2048,2048,25728,232.307
2048,2048,25792,234.155
2048,2048,25856,237.991
2048,2048,25920,236.504
2048,2048,25984,233.632
2048,2048,26048,235.5
2048,2048,26112,231.841
2048,2048,26176,241.0
2048,2048,26240,242.015
2048,2048,26304,242.179
2048,2048,26368,243.989
2048,2048,26432,243.785
2048,2048,26496,241.802
2048,2048,26560,245.527
2048,2048,26624,247.187
2048,2048,26688,245.822
2048,2048,26752,240.972
2048,2048,26816,245.106
2048,2048,26880,240.185
2048,2048,26944,228.269
2048,2048,27008,241.741
2048,2048,27072,239.533
2048,2048,27136,237.971
2048,2048,27200,235.771
2048,2048,27264,235.839
2048,2048,27328,235.906
2048,2048,27392,236.809
2048,2048,27456,233.968
2048,2048,27520,237.955
2048,2048,27584,235.652
2048,2048,27648,236.894
2048,2048,27712,238.338
2048,2048,27776,236.176
2048,2048,27840,236.97
2048,2048,27904,239.753
2048,2048,27968,241.073
2048,2048,28032,244.073
2048,2048,28096,245.793
2048,2048,28160,244.679
2048,2048,28224,244.546
2048,2048,28288,241.411
2048,2048,28352,214.373
2048,2048,28416,223.06
2048,2048,28480,220.965
2048,2048,28544,225.806
2048,2048,28608,234.247
2048,2048,28672,218.558
2048,2048,28736,238.009
2048,2048,28800,236.929
2048,2048,28864,237.493
2048,2048,28928,238.788
2048,2048,28992,236.56
2048,2048,29056,236.328
2048,2048,29120,238.03
2048,2048,29184,238.034
2048,2048,29248,235.805
2048,2048,29312,236.393
2048,2048,29376,232.985
2048,2048,29440,238.397
2048,2048,29504,236.306
2048,2048,29568,239.397
2048,2048,29632,237.023
2048,2048,29696,237.083
2048,2048,29760,240.71
2048,2048,29824,243.88
2048,2048,29888,243.624
2048,2048,29952,239.821
2048,2048,30016,242.762
2048,2048,30080,245.973
2048,2048,30144,244.4
2048,2048,30208,244.145
2048,2048,30272,241.866
2048,2048,30336,245.293
2048,2048,30400,245.583
2048,2048,30464,234.795
2048,2048,30528,227.463
2048,2048,30592,232.315
2048,2048,30656,237.619
2048,2048,30720,237.589
2048,2048,30784,235.307
2048,2048,30848,228.629
2048,2048,30912,237.985
2048,2048,30976,239.251
2048,2048,31040,230.835
2048,2048,31104,209.083
2048,2048,31168,219.239
2048,2048,31232,239.045
2048,2048,31296,236.003
2048,2048,31360,236.758
2048,2048,31424,238.219
2048,2048,31488,206.851
2048,2048,31552,240.284
2048,2048,31616,242.037
2048,2048,31680,242.722
2048,2048,31744,234.425
2048,2048,31808,244.829
2048,2048,31872,243.659
2048,2048,31936,198.103
2048,2048,32000,245.748
2048,2048,32064,247.764
2048,2048,32128,249.195
2048,2048,32192,226.078
2048,2048,32256,246.092
2048,2048,32320,235.904
2048,2048,32384,219.588
2048,2048,32448,238.833
2048,2048,32512,229.803
2048,2048,32576,235.901
2048,2048,32640,239.005
2048,2048,64,13.031
2048,2048,128,24.582
2048,2048,192,33.004
2048,2048,256,44.296
2048,2048,320,54.738
2048,2048,384,65.901
2048,2048,448,64.175
2048,2048,512,73.143
2048,2048,576,80.962
2048,2048,640,93.727
2048,2048,704,97.904
2048,2048,768,106.805
2048,2048,832,102.637
2048,2048,896,110.402
2048,2048,960,149.352
2048,2048,1024,154.052
2048,2048,1088,153.547
2048,2048,1152,136.493
2048,2048,1216,136.663
2048,2048,1280,144.631
2048,2048,1344,168.173
2048,2048,1408,184.78
2048,2048,1472,162.303
2048,2048,1536,166.386
2048,2048,1600,168.955
2048,2048,1664,174.309
2048,2048,1728,200.88
2048,2048,1792,181.902
2048,2048,1856,195.594
2048,2048,1920,172.221
2048,2048,1984,177.355
2048,2048,2048,183.703
2048,2048,2112,153.047
2048,2048,2176,179.379
2048,2048,2240,183.932
2048,2048,2304,166.386
2048,2048,2368,173.033
2048,2048,2432,197.838
2048,2048,2496,171.961
2048,2048,2560,203.206
2048,2048,2624,178.088
2048,2048,2688,163.395
2048,2048,2752,166.13
2048,2048,2816,170.78
2048,2048,2880,193.212
2048,2048,2944,198.905
2048,2048,3008,197.379
2048,2048,3072,208.764
2048,2048,3136,191.963
2048,2048,3200,194.068
2048,2048,3264,198.409
2048,2048,3328,223.983
2048,2048,3392,205.001
2048,2048,3456,233.799
2048,2048,3520,209.358
2048,2048,3584,238.156
2048,2048,3648,205.325
2048,2048,3712,190.333
2048,2048,3776,214.254
2048,2048,3840,211.034
2048,2048,3904,225.297
2048,2048,3968,230.64
2048,2048,4032,207.146
2048,2048,4096,230.664
2048,2048,4160,176.889
2048,2048,4224,179.319
2048,2048,4288,183.447
2048,2048,4352,204.821
2048,2048,4416,203.004
2048,2048,4480,207.217
2048,2048,4544,196.16
2048,2048,4608,214.462
2048,2048,4672,219.881
2048,2048,4736,220.518
2048,2048,4800,207.553
2048,2048,4864,212.423
2048,2048,4928,227.038
2048,2048,4992,233.266
2048,2048,5056,219.437
2048,2048,5120,220.3
2048,2048,5184,240.098
2048,2048,5248,244.032
2048,2048,5312,227.72
2048,2048,5376,230.276
2048,2048,5440,211.818
2048,2048,5504,214.389
2048,2048,5568,197.78
2048,2048,5632,202.802
2048,2048,5696,217.902
2048,2048,5760,221.97
2048,2048,5824,215.032
2048,2048,5888,224.51
2048,2048,5952,229.2
2048,2048,6016,217.3
2048,2048,6080,221.136
2048,2048,6144,227.648
2048,2048,6208,208.841
2048,2048,6272,210.791
2048,2048,6336,222.423
2048,2048,6400,228.029
2048,2048,6464,224.066
2048,2048,6528,231.175
2048,2048,6592,221.474
2048,2048,6656,223.124
2048,2048,6720,223.483
2048,2048,6784,226.98
2048,2048,6848,229.854
2048,2048,6912,229.359
2048,2048,6976,244.318
2048,2048,7040,234.497
2048,2048,7104,237.383
2048,2048,7168,239.981
2048,2048,7232,210.472
2048,2048,7296,212.217
2048,2048,7360,226.453
2048,2048,7424,228.154
2048,2048,7488,209.996
2048,2048,7552,205.898
2048,2048,7616,213.929
2048,2048,7680,211.589
2048,2048,7744,215.104
2048,2048,7808,218.095
2048,2048,7872,234.433
2048,2048,7936,220.788
2048,2048,8000,223.279
2048,2048,8064,225.727
2048,2048,8128,228.433
2048,2048,8192,240.547
2048,2048,8256,230.424
2048,2048,8320,225.198
2048,2048,8384,226.988
2048,2048,8448,238.577
2048,2048,8512,229.388
2048,2048,8576,231.053
2048,2048,8640,233.497
2048,2048,8704,227.205
2048,2048,8768,238.741
2048,2048,8832,237.523
2048,2048,8896,238.693
2048,2048,8960,244.987
2048,2048,9024,216.977
2048,2048,9088,221.05
2048,2048,9152,219.853
2048,2048,9216,223.025
2048,2048,9280,221.456
2048,2048,9344,218.119
2048,2048,9408,219.174
2048,2048,9472,220.763
2048,2048,9536,217.186
2048,2048,9600,231.943
2048,2048,9664,218.629
2048,2048,9728,221.03
2048,2048,9792,228.221
2048,2048,9856,229.815
2048,2048,9920,240.228
2048,2048,9984,226.749
2048,2048,10048,236.607
2048,2048,10112,230.054
2048,2048,10176,233.793
2048,2048,10240,232.613
2048,2048,10304,243.729
2048,2048,10368,239.305
2048,2048,10432,238.213
2048,2048,10496,243.816
2048,2048,10560,240.821
2048,2048,10624,241.807
2048,2048,10688,242.842
2048,2048,10752,243.4
2048,2048,10816,221.555
2048,2048,10880,231.222
2048,2048,10944,226.433
2048,2048,11008,235.758
2048,2048,11072,231.364
2048,2048,11136,224.729
2048,2048,11200,224.552
2048,2048,11264,229.165
2048,2048,11328,226.382
2048,2048,11392,223.906
2048,2048,11456,224.323
2048,2048,11520,227.874
2048,2048,11584,228.708
2048,2048,11648,234.071
2048,2048,11712,235.492
2048,2048,11776,232.412
2048,2048,11840,234.336
2048,2048,11904,234.849
2048,2048,11968,235.846
2048,2048,12032,239.811
2048,2048,12096,236.722
2048,2048,12160,238.911
2048,2048,12224,239.272
2048,2048,12288,242.471
2048,2048,12352,240.654
2048,2048,12416,242.668
2048,2048,12480,248.551
2048,2048,12544,246.594
2048,2048,12608,225.336
2048,2048,12672,227.956
2048,2048,12736,228.207
2048,2048,12800,228.884
2048,2048,12864,226.666
2048,2048,12928,227.45
2048,2048,12992,236.635
2048,2048,13056,230.708
2048,2048,13120,216.378
2048,2048,13184,221.12
2048,2048,13248,236.613
2048,2048,13312,230.569
2048,2048,13376,232.214
2048,2048,13440,233.017
2048,2048,13504,234.709
2048,2048,13568,234.654
2048,2048,13632,237.169
2048,2048,13696,238.917
2048,2048,13760,242.006
2048,2048,13824,238.924
2048,2048,13888,247.201
2048,2048,13952,233.627
2048,2048,14016,245.356
2048,2048,14080,245.126
2048,2048,14144,249.976
2048,2048,14208,237.194
2048,2048,14272,247.728
2048,2048,14336,238.875
2048,2048,14400,230.597
2048,2048,14464,231.976
2048,2048,14528,232.825
2048,2048,14592,233.458
2048,2048,14656,229.543
2048,2048,14720,230.546
2048,2048,14784,231.617
2048,2048,14848,235.505
2048,2048,14912,229.373
2048,2048,14976,229.852
2048,2048,15040,230.632
2048,2048,15104,231.986
2048,2048,15168,236.538
2048,2048,15232,228.105
2048,2048,15296,238.534
2048,2048,15360,230.219
2048,2048,15424,240.781
2048,2048,15488,233.977
2048,2048,15552,241.413
2048,2048,15616,233.856
2048,2048,15680,244.087
2048,2048,15744,235.268
2048,2048,15808,244.194
2048,2048,15872,248.403
2048,2048,15936,248.404
2048,2048,16000,250.444
2048,2048,16064,249.546
2048,2048,16128,249.174
2048,2048,16192,237.197
2048,2048,16256,241.235
2048,2048,16320,229.486
2048,2048,16384,222.537
2048,2048,16448,233.288
2048,2048,16512,233.406
2048,2048,16576,235.326
2048,2048,16640,225.839
2048,2048,16704,233.321
2048,2048,16768,234.903
2048,2048,16832,234.796
2048,2048,16896,235.032
2048,2048,16960,249.914
2048,2048,17024,239.964
2048,2048,17088,240.511
2048,2048,17152,241.12
2048,2048,17216,243.128
2048,2048,17280,244.098
2048,2048,17344,243.2
2048,2048,17408,234.321
2048,2048,17472,236.488
2048,2048,17536,246.684
2048,2048,17600,250.135
2048,2048,17664,250.332
2048,2048,17728,248.884
2048,2048,17792,251.297
2048,2048,17856,251.692
2048,2048,17920,252.289
2048,2048,17984,235.367
2048,2048,18048,238.978
2048,2048,18112,219.128
2048,2048,18176,228.415
2048,2048,18240,238.598
2048,2048,18304,241.697
2048,2048,18368,231.049
2048,2048,18432,240.779
2048,2048,18496,237.998
2048,2048,18560,244.032
2048,2048,18624,237.517
2048,2048,18688,245.131
2048,2048,18752,240.76
2048,2048,18816,240.992
2048,2048,18880,244.62
2048,2048,18944,243.703
2048,2048,19008,244.227
2048,2048,19072,246.59
2048,2048,19136,245.691
2048,2048,19200,247.756
2048,2048,19264,254.149
2048,2048,19328,249.193
2048,2048,19392,248.582
2048,2048,19456,254.568
2048,2048,19520,250.161
2048,2048,19584,250.736
2048,2048,19648,250.729
2048,2048,19712,250.783
2048,2048,19776,237.153
2048,2048,19840,238.849
2048,2048,19904,239.757
2048,2048,19968,240.888
2048,2048,20032,224.437
2048,2048,20096,228.4
2048,2048,20160,238.001
2048,2048,20224,229.979
2048,2048,20288,239.136
2048,2048,20352,239.998
2048,2048,20416,233.047
2048,2048,20480,232.236
2048,2048,20544,241.718
2048,2048,20608,241.631
2048,2048,20672,242.761
2048,2048,20736,245.299
2048,2048,20800,235.457
2048,2048,20864,249.743
2048,2048,20928,245.768
2048,2048,20992,242.901
2048,2048,21056,248.3
2048,2048,21120,248.998
2048,2048,21184,249.417
2048,2048,21248,251.1
2048,2048,21312,250.839
2048,2048,21376,252.386
2048,2048,21440,251.95
2048,2048,21504,252.108
2048,2048,21568,231.079
2048,2048,21632,241.435
2048,2048,21696,239.271
2048,2048,21760,241.911
2048,2048,21824,240.405
2048,2048,21888,237.985
2048,2048,21952,241.434
2048,2048,22016,242.316
2048,2048,22080,237.608
2048,2048,22144,239.477
2048,2048,22208,239.921
2048,2048,22272,240.836
2048,2048,22336,237.752
2048,2048,22400,242.195
2048,2048,22464,242.437
2048,2048,22528,241.537
2048,2048,22592,246.15
2048,2048,22656,247.129
2048,2048,22720,234.947
2048,2048,22784,249.148
2048,2048,22848,249.379
2048,2048,22912,249.403
2048,2048,22976,247.2
2048,2048,23040,248.756
2048,2048,23104,251.937
2048,2048,23168,255.049
2048,2048,23232,237.27
2048,2048,23296,224.746
2048,2048,23360,223.065
2048,2048,23424,233.234
2048,2048,23488,233.671
2048,2048,23552,234.798
2048,2048,23616,239.396
2048,2048,23680,240.58
2048,2048,23744,240.021
2048,2048,23808,243.746
2048,2048,23872,231.86
2048,2048,23936,239.058
2048,2048,24000,229.28
2048,2048,24064,238.474
2048,2048,24128,238.792
2048,2048,24192,241.753
2048,2048,24256,243.53
2048,2048,24320,241.605
2048,2048,24384,243.393
2048,2048,24448,236.906
2048,2048,24512,243.259
2048,2048,24576,243.065
2048,2048,24640,251.21
2048,2048,24704,250.256
2048,2048,24768,250.3
2048,2048,24832,250.56
2048,2048,24896,251.982
2048,2048,24960,253.192
2048,2048,25024,229.869
2048,2048,25088,244.599
2048,2048,25152,232.245
2048,2048,25216,233.866
2048,2048,25280,223.828
2048,2048,25344,235.386
2048,2048,25408,233.294
2048,2048,25472,223.677
2048,2048,25536,230.394
2048,2048,25600,233.788
2048,2048,25664,233.417
2048,2048,25728,223.049
2048,2048,25792,232.784
2048,2048,25856,227.889
2048,2048,25920,228.319
2048,2048,25984,233.073
2048,2048,26048,211.945
2048,2048,26112,193.679
2048,2048,26176,225.553
2048,2048,26240,213.972
2048,2048,26304,220.76
2048,2048,26368,224.004
2048,2048,26432,233.025
2048,2048,26496,242.965
2048,2048,26560,237.893
2048,2048,26624,235.37
2048,2048,26688,252.271
2048,2048,26752,251.133
2048,2048,26816,251.621
2048,2048,26880,250.051
2048,2048,26944,241.808
2048,2048,27008,243.591
2048,2048,27072,243.54
2048,2048,27136,243.781
2048,2048,27200,239.393
2048,2048,27264,232.766
2048,2048,27328,243.152
2048,2048,27392,242.426
2048,2048,27456,238.8
2048,2048,27520,241.641
2048,2048,27584,242.488
2048,2048,27648,242.704
2048,2048,27712,235.289
2048,2048,27776,225.777
2048,2048,27840,222.757
2048,2048,27904,235.906
2048,2048,27968,223.918
2048,2048,28032,211.77
2048,2048,28096,221.81
2048,2048,28160,227.874
2048,2048,28224,220.661
2048,2048,28288,231.862
2048,2048,28352,228.458
2048,2048,28416,236.761
2048,2048,28480,227.948
2048,2048,28544,207.29
2048,2048,28608,216.793
2048,2048,28672,227.953
2048,2048,28736,210.198
2048,2048,28800,224.211
2048,2048,28864,216.992
2048,2048,28928,222.172
2048,2048,28992,215.406
2048,2048,29056,210.033
2048,2048,29120,216.327
2048,2048,29184,217.496
2048,2048,29248,206.537
2048,2048,29312,215.781
2048,2048,29376,224.185
2048,2048,29440,216.769
2048,2048,29504,215.47
2048,2048,29568,217.788
2048,2048,29632,208.002
2048,2048,29696,222.625
2048,2048,29760,228.663
2048,2048,29824,211.717
2048,2048,29888,213.545
2048,2048,29952,223.092
2048,2048,30016,204.643
2048,2048,30080,212.642
2048,2048,30144,224.236
2048,2048,30208,214.283
2048,2048,30272,229.702
2048,2048,30336,214.872
2048,2048,30400,240.126
2048,2048,30464,225.099
2048,2048,30528,230.096
2048,2048,30592,216.743
2048,2048,30656,212.474
2048,2048,30720,179.806
2048,2048,30784,222.218
2048,2048,30848,214.428
2048,2048,30912,225.973
2048,2048,30976,209.796
2048,2048,31040,206.745
2048,2048,31104,215.921
2048,2048,31168,218.521
2048,2048,31232,219.336
2048,2048,31296,205.448
2048,2048,31360,208.916
2048,2048,31424,218.013
2048,2048,31488,217.607
2048,2048,31552,214.099
2048,2048,31616,214.741
2048,2048,31680,217.658
2048,2048,31744,226.852
2048,2048,31808,211.029
2048,2048,31872,210.045
2048,2048,31936,221.609
2048,2048,32000,231.075
2048,2048,32064,216.494
2048,2048,32128,221.257
2048,2048,32192,225.444
2048,2048,32256,213.004
2048,2048,32320,229.763
2048,2048,32384,212.311
2048,2048,32448,229.955
2048,2048,32512,233.071
2048,2048,32576,213.945
2048,2048,32640,213.004
2048,2048,32704,225.298
2048,2048,32768,211.34
2048,2048,32832,228.811
2048,2048,32896,229.333
2048,2048,32960,230.576
2048,2048,33024,237.212
2048,2048,33088,226.915
2048,2048,33152,235.39
2048,2048,33216,236.71
2048,2048,33280,223.582
2048,2048,33344,234.373
2048,2048,33408,227.266
2048,2048,33472,227.687
2048,2048,33536,216.841
2048,2048,33600,235.714
2048,2048,33664,234.671
2048,2048,33728,235.478
2048,2048,33792,236.286
2048,2048,33856,252.153
2048,2048,33920,250.706
2048,2048,33984,253.502
2048,2048,34048,255.983
2048,2048,34112,239.034
2048,2048,34176,241.565
2048,2048,34240,218.058
2048,2048,34304,216.025
2048,2048,34368,233.433
2048,2048,34432,222.36
2048,2048,34496,233.546
2048,2048,34560,208.042
2048,2048,34624,235.416
2048,2048,34688,226.623
2048,2048,34752,236.256
2048,2048,34816,180.14
2048,2048,34880,220.686
2048,2048,34944,217.689
2048,2048,35008,223.764
2048,2048,35072,228.505
2048,2048,35136,215.379
2048,2048,35200,204.68
2048,2048,35264,209.632
2048,2048,35328,216.24
2048,2048,35392,218.199
2048,2048,35456,199.776
2048,2048,35520,220.114
2048,2048,35584,218.957
2048,2048,35648,236.356
2048,2048,35712,246.117
2048,2048,35776,233.136
2048,2048,35840,247.781
2048,2048,35904,217.732
2048,2048,35968,222.39
2048,2048,36032,218.445
2048,2048,36096,223.498
2048,2048,36160,212.99
2048,2048,36224,212.674
2048,2048,36288,218.143
2048,2048,36352,220.093
2048,2048,36416,219.29
2048,2048,36480,233.586
2048,2048,36544,220.707
2048,2048,36608,209.11
2048,2048,36672,222.351
2048,2048,36736,217.765
2048,2048,36800,218.416
2048,2048,36864,209.704
2048,2048,36928,210.422
2048,2048,36992,213.854
2048,2048,37056,227.335
2048,2048,37120,212.115
2048,2048,37184,213.143
2048,2048,37248,216.624
2048,2048,37312,219.357
2048,2048,37376,215.008
2048,2048,37440,224.387
2048,2048,37504,236.546
2048,2048,37568,216.826
2048,2048,37632,226.625
2048,2048,37696,219.157
2048,2048,37760,211.158
2048,2048,37824,220.121
2048,2048,37888,202.81
2048,2048,37952,229.435
2048,2048,38016,220.029
2048,2048,38080,227.975
2048,2048,38144,228.776
2048,2048,38208,212.846
2048,2048,38272,200.997
2048,2048,38336,206.898
2048,2048,38400,202.562
2048,2048,38464,232.893
2048,2048,38528,223.313
2048,2048,38592,218.22
2048,2048,38656,226.218
2048,2048,38720,215.252
2048,2048,38784,214.448
2048,2048,38848,223.059
2048,2048,38912,234.927
2048,2048,38976,211.287
2048,2048,39040,205.442
2048,2048,39104,209.844
2048,2048,39168,188.822
2048,2048,39232,225.462
2048,2048,39296,222.176
2048,2048,39360,223.043
2048,2048,39424,232.582
2048,2048,39488,211.084
2048,2048,39552,210.417
2048,2048,39616,225.224
2048,2048,39680,220.776
2048,2048,39744,204.387
2048,2048,39808,221.054
2048,2048,39872,219.711
2048,2048,39936,204.383
2048,2048,40000,208.382
2048,2048,40064,213.738
2048,2048,40128,236.323
2048,2048,40192,215.473
2048,2048,40256,213.372
2048,2048,40320,205.007
2048,2048,40384,229.965
2048,2048,40448,210.298
2048,2048,40512,216.823
2048,2048,40576,223.755
2048,2048,40640,221.556
2048,2048,40704,220.461
2048,2048,40768,218.416
2048,2048,40832,218.96
2048,2048,40896,217.149
2048,2048,40960,219.232
2048,2048,41024,214.291
2048,2048,41088,226.722
2048,2048,41152,247.001
2048,2048,41216,225.118
2048,2048,41280,199.232
2048,2048,41344,211.207
2048,2048,41408,212.424
2048,2048,41472,215.173
2048,2048,41536,217.269
2048,2048,41600,213.911
2048,2048,41664,220.356
2048,2048,41728,205.288
2048,2048,41792,207.226
2048,2048,41856,229.907
2048,2048,41920,214.264
2048,2048,41984,214.382
2048,2048,42048,227.458
2048,2048,42112,239.311
2048,2048,42176,221.489
2048,2048,42240,227.698
2048,2048,42304,230.424
2048,2048,42368,226.953
2048,2048,42432,223.314
2048,2048,42496,237.048
2048,2048,42560,222.558
2048,2048,42624,236.905
2048,2048,42688,224.628
2048,2048,42752,236.676
2048,2048,42816,241.207
2048,2048,42880,224.444
2048,2048,42944,246.47
2048,2048,43008,234.368
2048,2048,43072,233.685
2048,2048,43136,228.649
2048,2048,43200,223.024
2048,2048,43264,239.144
2048,2048,43328,229.019
2048,2048,43392,210.657
2048,2048,43456,223.554
2048,2048,43520,217.212
2048,2048,43584,230.488
2048,2048,43648,238.079
2048,2048,43712,225.857
2048,2048,43776,227.06
2048,2048,43840,225.795
2048,2048,43904,212.102
2048,2048,43968,217.779
2048,2048,44032,216.887
2048,2048,44096,233.75
2048,2048,44160,224.412
2048,2048,44224,227.571
2048,2048,44288,232.069
2048,2048,44352,245.897
2048,2048,44416,238.338
2048,2048,44480,227.46
2048,2048,44544,237.674
2048,2048,44608,239.699
2048,2048,44672,226.849
2048,2048,44736,239.32
2048,2048,44800,235.482
2048,2048,44864,222.87
2048,2048,44928,206.761
2048,2048,44992,217.629
2048,2048,45056,218.685
2048,2048,45120,221.632
2048,2048,45184,229.961
2048,2048,45248,234.637
2048,2048,45312,222.242
2048,2048,45376,229.092
2048,2048,45440,227.292
2048,2048,45504,230.56
2048,2048,45568,222.54
2048,2048,45632,218.337
2048,2048,45696,226.156
2048,2048,45760,228.795
2048,2048,45824,231.756
2048,2048,45888,226.54
2048,2048,45952,215.406
2048,2048,46016,224.602
2048,2048,46080,227.606
2048,2048,46144,230.649
2048,2048,46208,210.371
2048,2048,46272,233.807
2048,2048,46336,230.696
2048,2048,46400,231.135
2048,2048,46464,221.954
2048,2048,46528,220.881
2048,2048,46592,237.357
2048,2048,46656,220.361
2048,2048,46720,231.793
2048,2048,46784,228.244
2048,2048,46848,231.475
2048,2048,46912,226.832
2048,2048,46976,222.253
2048,2048,47040,212.041
2048,2048,47104,230.718
2048,2048,47168,207.882
2048,2048,47232,217.154
2048,2048,47296,222.472
2048,2048,47360,236.919
2048,2048,47424,231.733
2048,2048,47488,223.787
2048,2048,47552,212.658
2048,2048,47616,228.854
2048,2048,47680,215.882
2048,2048,47744,225.764
2048,2048,47808,227.989
2048,2048,47872,223.786
2048,2048,47936,227.195
2048,2048,48000,235.041
2048,2048,48064,238.044
2048,2048,48128,228.445
2048,2048,48192,233.215
2048,2048,48256,224.241
2048,2048,48320,232.878
2048,2048,48384,230.726
2048,2048,48448,220.655
2048,2048,48512,231.885
2048,2048,48576,228.606
2048,2048,48640,230.615
2048,2048,48704,235.475
2048,2048,48768,215.35
2048,2048,48832,230.286
2048,2048,48896,226.093
2048,2048,48960,241.274
2048,2048,49024,247.129
2048,2048,49088,248.804
2048,2048,49152,242.574
2048,2048,49216,238.434
2048,2048,49280,239.641
2048,2048,49344,238.152
2048,2048,49408,241.969
2048,2048,49472,242.385
2048,2048,49536,242.982
2048,2048,49600,242.118
2048,2048,49664,235.374
2048,2048,49728,238.534
2048,2048,49792,248.978
2048,2048,49856,246.652
2048,2048,49920,239.521
2048,2048,49984,245.904
2048,2048,50048,248.775
2048,2048,50112,250.997
2048,2048,50176,247.336
2048,2048,50240,236.437
2048,2048,50304,239.969
2048,2048,50368,237.209
2048,2048,50432,238.884
2048,2048,50496,242.462
2048,2048,50560,239.037
2048,2048,50624,239.739
2048,2048,50688,239.211
2048,2048,50752,239.783
2048,2048,50816,238.398
2048,2048,50880,245.996
2048,2048,50944,242.459
2048,2048,51008,240.732
2048,2048,51072,242.058
2048,2048,51136,241.521
2048,2048,51200,239.013
2048,2048,51264,242.267
2048,2048,51328,242.744
2048,2048,51392,241.371
2048,2048,51456,227.057
2048,2048,51520,242.461
2048,2048,51584,241.58
2048,2048,51648,241.276
2048,2048,51712,242.591
2048,2048,51776,240.332
2048,2048,51840,239.918
2048,2048,51904,237.717
2048,2048,51968,249.325
2048,2048,52032,240.977
2048,2048,52096,244.0
2048,2048,52160,245.715
2048,2048,52224,238.339
2048,2048,52288,240.473
2048,2048,52352,241.096
2048,2048,52416,240.44
2048,2048,52480,248.664
2048,2048,52544,241.513
2048,2048,52608,232.238
2048,2048,52672,240.94
2048,2048,52736,240.508
2048,2048,52800,234.796
2048,2048,52864,239.747
2048,2048,52928,239.654
2048,2048,52992,244.559
2048,2048,53056,242.316
2048,2048,53120,240.7
2048,2048,53184,240.067
2048,2048,53248,243.936
2048,2048,53312,249.294
2048,2048,53376,237.851
2048,2048,53440,249.826
2048,2048,53504,254.389
2048,2048,53568,242.019
2048,2048,53632,244.297
2048,2048,53696,248.453
2048,2048,53760,242.406
2048,2048,53824,243.427
2048,2048,53888,251.942
2048,2048,53952,244.65
2048,2048,54016,243.854
2048,2048,54080,241.811
2048,2048,54144,238.527
2048,2048,54208,239.887
2048,2048,54272,241.916
2048,2048,54336,239.131
2048,2048,54400,247.226
2048,2048,54464,236.107
2048,2048,54528,241.415
2048,2048,54592,244.517
2048,2048,54656,245.812
2048,2048,54720,244.944
2048,2048,54784,247.683
2048,2048,54848,248.691
2048,2048,54912,244.322
2048,2048,54976,242.457
2048,2048,55040,243.867
2048,2048,55104,245.645
2048,2048,55168,246.728
2048,2048,55232,237.571
2048,2048,55296,248.115
2048,2048,55360,248.732
2048,2048,55424,245.787
2048,2048,55488,241.957
2048,2048,55552,254.536
2048,2048,55616,239.429
2048,2048,55680,236.28
2048,2048,55744,238.92
2048,2048,55808,237.891
2048,2048,55872,244.475
2048,2048,55936,238.031
2048,2048,56000,235.465
2048,2048,56064,239.489
2048,2048,56128,241.831
2048,2048,56192,238.163
2048,2048,56256,232.89
2048,2048,56320,244.062
2048,2048,56384,238.178
2048,2048,56448,247.564
2048,2048,56512,241.01
2048,2048,56576,235.115
2048,2048,56640,237.575
2048,2048,56704,250.225
2048,2048,56768,237.75
2048,2048,56832,254.365
2048,2048,56896,240.787
2048,2048,56960,234.343
2048,2048,57024,248.831
2048,2048,57088,240.648
2048,2048,57152,252.106
2048,2048,57216,235.294
2048,2048,57280,250.678
2048,2048,57344,240.672
2048,2048,57408,252.885
2048,2048,57472,243.352
2048,2048,57536,244.403
2048,2048,57600,241.139
2048,2048,57664,229.321
2048,2048,57728,243.659
2048,2048,57792,235.841
2048,2048,57856,237.163
2048,2048,57920,240.338
2048,2048,57984,233.113
2048,2048,58048,235.201
2048,2048,58112,239.59
2048,2048,58176,242.707
2048,2048,58240,240.354
2048,2048,58304,241.521
2048,2048,58368,235.189
2048,2048,58432,241.936
2048,2048,58496,245.674
2048,2048,58560,243.95
2048,2048,58624,243.135
2048,2048,58688,234.612
2048,2048,58752,240.123
2048,2048,58816,237.031
2048,2048,58880,245.361
2048,2048,58944,247.804
2048,2048,59008,239.517
2048,2048,59072,247.935
2048,2048,59136,243.429
2048,2048,59200,233.104
2048,2048,59264,233.963
2048,2048,59328,244.123
2048,2048,59392,238.774
2048,2048,59456,241.205
2048,2048,59520,242.77
2048,2048,59584,238.221
2048,2048,59648,239.006
2048,2048,59712,243.278
2048,2048,59776,237.964
2048,2048,59840,241.613
2048,2048,59904,240.62
2048,2048,59968,230.798
2048,2048,60032,243.692
2048,2048,60096,236.473
2048,2048,60160,243.542
2048,2048,60224,239.729
2048,2048,60288,243.825
2048,2048,60352,244.537
2048,2048,60416,237.669
2048,2048,60480,237.975
2048,2048,60544,239.656
2048,2048,60608,236.658
2048,2048,60672,242.424
2048,2048,60736,234.676
2048,2048,60800,239.458
2048,2048,60864,245.558
2048,2048,60928,234.933
2048,2048,60992,237.653
2048,2048,61056,242.958
2048,2048,61120,234.415
2048,2048,61184,236.189
2048,2048,61248,231.761
2048,2048,61312,239.612
2048,2048,61376,252.105
2048,2048,61440,236.29
2048,2048,61504,240.587
2048,2048,61568,235.969
2048,2048,61632,223.233
2048,2048,61696,234.098
2048,2048,61760,235.32
2048,2048,61824,235.692
2048,2048,61888,235.031
2048,2048,61952,242.041
2048,2048,62016,238.086
2048,2048,62080,242.767
2048,2048,62144,233.784
2048,2048,62208,246.802
2048,2048,62272,239.71
2048,2048,62336,243.796
2048,2048,62400,248.797
2048,2048,62464,238.653
2048,2048,62528,237.685
2048,2048,62592,241.11
2048,2048,62656,246.805
2048,2048,62720,243.915
2048,2048,62784,234.401
2048,2048,62848,239.518
2048,2048,62912,233.871
2048,2048,62976,242.277
2048,2048,63040,232.738
2048,2048,63104,242.627
2048,2048,63168,243.284
2048,2048,63232,238.313
2048,2048,63296,238.898
2048,2048,63360,239.709
2048,2048,63424,234.411
2048,2048,63488,244.804
2048,2048,63552,233.477
2048,2048,63616,233.901
2048,2048,63680,241.591
2048,2048,63744,246.544
2048,2048,63808,245.118
2048,2048,63872,241.298
2048,2048,63936,239.726
2048,2048,64000,247.735
2048,2048,64064,245.76
2048,2048,64128,240.73
2048,2048,64192,241.862
2048,2048,64256,247.975
2048,2048,64320,247.067
2048,2048,64384,247.268
2048,2048,64448,239.123
2048,2048,64512,240.493
2048,2048,64576,236.197
2048,2048,64640,238.209
2048,2048,64704,243.153
2048,2048,64768,242.958
2048,2048,64832,233.669
2048,2048,64896,231.97
2048,2048,64960,242.49
2048,2048,65024,252.024
2048,2048,65088,237.291
2048,2048,65152,245.744
2048,2048,65216,240.399
2048,2048,65280,249.13
2048,2048,65344,239.214
2048,2048,65408,240.794
2048,2048,65472,232.633
2048,2048,65536,226.401
2048,2048,65600,227.65
2048,2048,65664,239.841
2048,2048,65728,247.89
2048,2048,65792,235.784
2048,2048,65856,233.562
2048,2048,65920,248.605
2048,2048,65984,243.076
2048,2048,66048,237.074
2048,2048,66112,245.767
2048,2048,66176,245.179
2048,2048,66240,248.445
2048,2048,66304,242.771
2048,2048,66368,238.377
2048,2048,66432,230.59
2048,2048,66496,232.204
2048,2048,66560,240.326
2048,2048,66624,241.589
2048,2048,66688,238.742
2048,2048,66752,239.773
2048,2048,66816,224.305
2048,2048,66880,246.049
2048,2048,66944,241.099
2048,2048,67008,239.34
2048,2048,67072,234.692
2048,2048,67136,244.511
2048,2048,67200,236.362
2048,2048,67264,235.505
2048,2048,67328,241.511
2048,2048,67392,246.471
2048,2048,67456,244.826
2048,2048,67520,239.837
2048,2048,67584,240.04
2048,2048,67648,247.407
2048,2048,67712,239.942
2048,2048,67776,237.425
2048,2048,67840,238.326
2048,2048,67904,238.032
2048,2048,67968,247.679
2048,2048,68032,237.378
2048,2048,68096,236.813
2048,2048,68160,240.489
2048,2048,68224,244.842
2048,2048,68288,238.255
2048,2048,68352,234.976
2048,2048,68416,236.795
2048,2048,68480,227.049
2048,2048,68544,229.043
2048,2048,68608,232.074
2048,2048,68672,228.046
2048,2048,68736,232.395
2048,2048,68800,246.219
2048,2048,68864,237.047
2048,2048,68928,236.027
2048,2048,68992,249.348
2048,2048,69056,234.437
2048,2048,69120,237.406
2048,2048,69184,237.501
2048,2048,69248,233.9
2048,2048,69312,239.556
2048,2048,69376,246.814
2048,2048,69440,239.273
2048,2048,69504,255.424
2048,2048,69568,241.356
2048,2048,69632,233.258
2048,2048,69696,238.509
2048,2048,69760,242.174
2048,2048,69824,247.945
2048,2048,69888,240.817
2048,2048,69952,246.348
2048,2048,70016,240.271
2048,2048,70080,240.593
2048,2048,70144,234.673
2048,2048,70208,237.234
2048,2048,70272,235.884
2048,2048,70336,236.721
2048,2048,70400,235.402
2048,2048,70464,230.156
2048,2048,70528,235.762
2048,2048,70592,247.869
2048,2048,70656,235.747
2048,2048,70720,238.288
2048,2048,70784,235.253
2048,2048,70848,230.663
2048,2048,70912,238.376
2048,2048,70976,239.158
2048,2048,71040,247.19
2048,2048,71104,227.734
2048,2048,71168,231.575
2048,2048,71232,250.544
2048,2048,71296,244.375
2048,2048,71360,244.731
2048,2048,71424,244.694
2048,2048,71488,236.282
2048,2048,71552,239.812
2048,2048,71616,242.062
2048,2048,71680,244.27
2048,2048,71744,244.846
2048,2048,71808,237.445
2048,2048,71872,231.303
2048,2048,71936,226.579
2048,2048,72000,238.14
2048,2048,72064,232.078
2048,2048,72128,238.315
2048,2048,72192,236.647
2048,2048,72256,236.628
2048,2048,72320,243.719
2048,2048,72384,236.67
2048,2048,72448,234.394
2048,2048,72512,243.997
2048,2048,72576,248.901
2048,2048,72640,232.384
2048,2048,72704,234.067
2048,2048,72768,243.095
2048,2048,72832,228.447
2048,2048,72896,236.07
2048,2048,72960,229.563
2048,2048,73024,224.852
2048,2048,73088,229.202
2048,2048,73152,228.256
2048,2048,73216,234.714
2048,2048,73280,236.11
2048,2048,73344,248.254
2048,2048,73408,234.376
2048,2048,73472,234.674
2048,2048,73536,235.358
2048,2048,73600,241.414
2048,2048,73664,228.203
2048,2048,73728,215.167
2048,2048,73792,240.374
2048,2048,73856,229.83
2048,2048,73920,230.831
2048,2048,73984,236.165
2048,2048,74048,231.024
2048,2048,74112,235.142
2048,2048,74176,231.596
2048,2048,74240,237.235
2048,2048,74304,234.044
2048,2048,74368,231.602
2048,2048,74432,230.107
2048,2048,74496,235.562
2048,2048,74560,244.486
2048,2048,74624,236.402
2048,2048,74688,242.848
2048,2048,74752,237.144
2048,2048,74816,244.082
2048,2048,74880,237.78
2048,2048,74944,237.165
2048,2048,75008,246.001
2048,2048,75072,240.465
2048,2048,75136,240.215
2048,2048,75200,231.383
2048,2048,75264,243.257
2048,2048,75328,234.355
2048,2048,75392,215.642
2048,2048,75456,235.053
2048,2048,75520,236.278
2048,2048,75584,234.803
2048,2048,75648,233.728
2048,2048,75712,240.088
2048,2048,75776,235.63
2048,2048,75840,241.472
2048,2048,75904,236.421
2048,2048,75968,236.024
2048,2048,76032,222.311
2048,2048,76096,239.941
2048,2048,76160,234.515
2048,2048,76224,234.012
2048,2048,76288,246.279
2048,2048,76352,242.227
2048,2048,76416,225.18
2048,2048,76480,240.062
2048,2048,76544,234.96
2048,2048,76608,237.879
2048,2048,76672,226.52
2048,2048,76736,235.294
2048,2048,76800,224.476
2048,2048,76864,230.88
2048,2048,76928,239.497
2048,2048,76992,252.248
2048,2048,77056,232.288
2048,2048,77120,229.642
2048,2048,77184,234.909
2048,2048,77248,234.859
2048,2048,77312,236.479
2048,2048,77376,241.702
2048,2048,77440,238.836
2048,2048,77504,231.819
2048,2048,77568,224.462
2048,2048,77632,239.371
2048,2048,77696,226.993
2048,2048,77760,240.02
2048,2048,77824,234.583
2048,2048,77888,231.056
2048,2048,77952,236.594
2048,2048,78016,230.608
2048,2048,78080,235.843
2048,2048,78144,233.767
2048,2048,78208,237.702
2048,2048,78272,237.703
2048,2048,78336,236.698
2048,2048,78400,243.069
2048,2048,78464,233.704
2048,2048,78528,237.128
2048,2048,78592,248.147
2048,2048,78656,234.529
2048,2048,78720,231.566
2048,2048,78784,238.829
2048,2048,78848,246.278
2048,2048,78912,238.769
2048,2048,78976,241.323
2048,2048,79040,233.924
2048,2048,79104,241.019
2048,2048,79168,231.811
2048,2048,79232,233.892
2048,2048,79296,240.486
2048,2048,79360,232.172
2048,2048,79424,225.404
2048,2048,79488,239.937
2048,2048,79552,236.582
2048,2048,79616,235.756
2048,2048,79680,229.73
2048,2048,79744,233.706
2048,2048,79808,238.418
2048,2048,79872,236.293
2048,2048,79936,237.448
2048,2048,80000,249.334
2048,2048,80064,237.639
2048,2048,80128,240.856
2048,2048,80192,234.914
2048,2048,80256,239.852
2048,2048,80320,233.45
2048,2048,80384,248.683
2048,2048,80448,242.625
2048,2048,80512,224.07
2048,2048,80576,236.62
2048,2048,80640,243.463
2048,2048,80704,233.788
2048,2048,80768,229.497
2048,2048,80832,238.77
2048,2048,80896,239.695
2048,2048,80960,240.244
2048,2048,81024,237.683
2048,2048,81088,232.963
2048,2048,81152,232.835
2048,2048,81216,233.638
2048,2048,81280,222.006
2048,2048,81344,243.222
2048,2048,81408,240.072
2048,2048,81472,226.034
2048,2048,81536,238.718
2048,2048,81600,229.172
2048,2048,81664,225.439
2048,2048,81728,234.519
2048,2048,81792,222.04
2048,2048,81856,240.703
2048,2048,81920,230.813
2048,2048,81984,237.989
2048,2048,82048,230.789
2048,2048,82112,241.226
2048,2048,82176,228.096
2048,2048,82240,232.251
2048,2048,82304,238.654
2048,2048,82368,237.16
2048,2048,82432,248.723
2048,2048,82496,230.645
2048,2048,82560,229.472
2048,2048,82624,228.631
2048,2048,82688,235.88
2048,2048,82752,230.537
2048,2048,82816,226.52
2048,2048,82880,232.68
2048,2048,82944,235.994
2048,2048,83008,223.805
2048,2048,83072,238.311
2048,2048,83136,223.547
2048,2048,83200,212.992
2048,2048,83264,234.688
2048,2048,83328,237.854
2048,2048,83392,248.474
2048,2048,83456,240.174
2048,2048,83520,229.157
2048,2048,83584,237.705
2048,2048,83648,245.724
2048,2048,83712,242.985
2048,2048,83776,226.997
2048,2048,83840,227.836
2048,2048,83904,230.338
2048,2048,83968,236.698
2048,2048,84032,236.948
2048,2048,84096,232.104
2048,2048,84160,239.045
2048,2048,84224,231.27
2048,2048,84288,237.179
2048,2048,84352,235.175
2048,2048,84416,228.259
2048,2048,84480,242.715
2048,2048,84544,234.824
2048,2048,84608,217.569
2048,2048,84672,242.119
2048,2048,84736,241.88
2048,2048,84800,237.169
2048,2048,84864,233.891
2048,2048,84928,220.364
2048,2048,84992,237.023
2048,2048,85056,241.518
2048,2048,85120,243.221
2048,2048,85184,237.894
2048,2048,85248,220.719
2048,2048,85312,230.355
2048,2048,85376,231.577
2048,2048,85440,231.619
2048,2048,85504,233.775
2048,2048,85568,233.542
2048,2048,85632,230.046
2048,2048,85696,235.912
2048,2048,85760,249.718
2048,2048,85824,224.573
2048,2048,85888,239.655
2048,2048,85952,239.109
2048,2048,86016,237.335
2048,2048,86080,223.674
2048,2048,86144,238.271
2048,2048,86208,227.657
2048,2048,86272,236.461
2048,2048,86336,228.969
2048,2048,86400,239.32
2048,2048,86464,232.46
2048,2048,86528,231.015
2048,2048,86592,231.133
2048,2048,86656,230.027
2048,2048,86720,237.038
2048,2048,86784,232.13
2048,2048,86848,234.769
2048,2048,86912,232.099
2048,2048,86976,236.855
2048,2048,87040,228.359
2048,2048,87104,241.073
2048,2048,87168,237.347
2048,2048,87232,238.127
2048,2048,87296,233.666
2048,2048,87360,237.192
2048,2048,87424,224.298
2048,2048,87488,234.48
2048,2048,87552,230.376
2048,2048,87616,230.574
2048,2048,87680,230.539
2048,2048,87744,228.303
2048,2048,87808,238.328
2048,2048,87872,224.985
2048,2048,87936,213.523
2048,2048,88000,231.712
2048,2048,88064,220.723
2048,2048,88128,232.633
2048,2048,88192,236.578
2048,2048,88256,217.887
2048,2048,88320,238.134
2048,2048,88384,236.446
2048,2048,88448,220.92
2048,2048,88512,222.277
2048,2048,88576,217.688
2048,2048,88640,233.597
2048,2048,88704,242.026
2048,2048,88768,235.801
2048,2048,88832,241.126
2048,2048,88896,216.199
2048,2048,88960,240.008
2048,2048,89024,236.433
2048,2048,89088,238.293
2048,2048,89152,220.161
2048,2048,89216,223.077
2048,2048,89280,246.841
2048,2048,89344,240.709
2048,2048,89408,240.141
2048,2048,89472,222.192
2048,2048,89536,232.361
2048,2048,89600,226.408
2048,2048,89664,226.221
2048,2048,89728,231.809
2048,2048,89792,229.565
2048,2048,89856,210.648
2048,2048,89920,234.477
2048,2048,89984,233.379
2048,2048,90048,233.015
2048,2048,90112,223.384
2048,2048,90176,229.189
2048,2048,90240,238.755
2048,2048,90304,236.06
2048,2048,90368,231.111
2048,2048,90432,227.703
2048,2048,90496,230.987
2048,2048,90560,226.012
2048,2048,90624,221.553
2048,2048,90688,209.627
2048,2048,90752,232.229
2048,2048,90816,225.487
2048,2048,90880,237.128
2048,2048,90944,236.553
2048,2048,91008,229.827
2048,2048,91072,241.352
2048,2048,91136,231.606
2048,2048,91200,231.192
2048,2048,91264,234.208
2048,2048,91328,238.861
2048,2048,91392,229.718
2048,2048,91456,227.339
2048,2048,91520,238.317
2048,2048,91584,231.745
2048,2048,91648,224.197
2048,2048,91712,236.614
2048,2048,91776,233.839
2048,2048,91840,231.956
2048,2048,91904,231.415
2048,2048,91968,228.585
2048,2048,92032,219.464
2048,2048,92096,225.309
2048,2048,92160,239.651
2048,2048,92224,223.846
2048,2048,92288,229.723
2048,2048,92352,234.941
2048,2048,92416,228.647
2048,2048,92480,216.785
2048,2048,92544,221.268
2048,2048,92608,231.498
2048,2048,92672,225.602
2048,2048,92736,238.178
2048,2048,92800,233.879
2048,2048,92864,227.024
2048,2048,92928,235.743
2048,2048,92992,226.471
2048,2048,93056,224.241
2048,2048,93120,228.92
2048,2048,93184,236.096
2048,2048,93248,235.887
2048,2048,93312,232.438
2048,2048,93376,231.262
2048,2048,93440,231.492
2048,2048,93504,230.112
2048,2048,93568,236.309
2048,2048,93632,219.702
2048,2048,93696,228.44
2048,2048,93760,239.179
2048,2048,93824,239.418
2048,2048,93888,239.996
2048,2048,93952,238.82
2048,2048,94016,227.795
2048,2048,94080,233.574
2048,2048,94144,227.932
2048,2048,94208,230.304
2048,2048,94272,231.583
2048,2048,94336,235.363
2048,2048,94400,223.833
2048,2048,94464,235.84
2048,2048,94528,217.33
2048,2048,94592,238.315
2048,2048,94656,222.428
2048,2048,94720,238.329
2048,2048,94784,224.804
2048,2048,94848,227.228
2048,2048,94912,232.85
2048,2048,94976,231.922
2048,2048,95040,211.361
2048,2048,95104,226.696
2048,2048,95168,235.639
2048,2048,95232,233.805
2048,2048,95296,237.532
2048,2048,95360,229.598
2048,2048,95424,230.743
2048,2048,95488,225.917
2048,2048,95552,240.411
2048,2048,95616,216.116
2048,2048,95680,239.058
2048,2048,95744,239.28
2048,2048,95808,238.831
2048,2048,95872,220.43
2048,2048,95936,225.138
2048,2048,96000,238.505
2048,2048,96064,212.952
2048,2048,96128,216.597
2048,2048,96192,220.831
2048,2048,96256,227.124
2048,2048,96320,233.772
2048,2048,96384,230.902
2048,2048,96448,223.198
2048,2048,96512,233.46
2048,2048,96576,236.082
2048,2048,96640,225.273
2048,2048,96704,217.227
2048,2048,96768,225.626
2048,2048,96832,222.91
2048,2048,96896,237.296
2048,2048,96960,212.512
2048,2048,97024,232.536
2048,2048,97088,211.33
2048,2048,97152,229.631
2048,2048,97216,233.023
2048,2048,97280,216.973
2048,2048,97344,223.863
2048,2048,97408,230.153
2048,2048,97472,225.249
2048,2048,97536,220.015
2048,2048,97600,216.893
2048,2048,97664,226.261
2048,2048,97728,229.241
2048,2048,97792,224.76
2048,2048,97856,226.396
2048,2048,97920,235.346
2048,2048,97984,227.889
2048,2048,98048,225.112
2048,2048,98112,223.051
2048,2048,98176,228.543
2048,2048,98240,235.091
2048,2048,98304,223.91
2048,2048,98368,236.661
2048,2048,98432,227.844
2048,2048,98496,231.053
2048,2048,98560,239.015
2048,2048,98624,220.618
2048,2048,98688,218.537
2048,2048,98752,223.484
2048,2048,98816,235.01
2048,2048,98880,228.453
2048,2048,98944,217.51
2048,2048,99008,232.701
2048,2048,99072,235.15
2048,2048,99136,233.379
2048,2048,99200,226.182
2048,2048,99264,228.213
2048,2048,99328,225.561
2048,2048,99392,231.832
2048,2048,99456,227.379
2048,2048,99520,223.658
2048,2048,99584,220.815
2048,2048,99648,232.321
2048,2048,99712,217.313
2048,2048,99776,224.075
2048,2048,99840,226.048
2048,2048,99904,225.008
2048,2048,99968,231.287
2048,2048,100032,226.851
2048,2048,100096,229.126
2048,2048,100160,224.293
2048,2048,100224,231.242
2048,2048,100288,221.753
2048,2048,100352,239.937
2048,2048,100416,210.457
2048,2048,100480,215.053
2048,2048,100544,231.014
2048,2048,100608,213.999
2048,2048,100672,230.149
2048,2048,100736,225.227
2048,2048,100800,233.027
2048,2048,100864,234.161
2048,2048,100928,226.473
2048,2048,100992,220.345
2048,2048,101056,218.755
2048,2048,101120,228.139
2048,2048,101184,230.861
2048,2048,101248,220.601
2048,2048,101312,225.362
2048,2048,101376,214.009
2048,2048,101440,217.953
2048,2048,101504,224.735
2048,2048,101568,234.116
2048,2048,101632,231.375
2048,2048,101696,234.648
2048,2048,101760,228.824
2048,2048,101824,230.197
2048,2048,101888,233.412
2048,2048,101952,225.718
2048,2048,102016,222.431
2048,2048,102080,224.517
2048,2048,102144,228.991
2048,2048,102208,216.074
2048,2048,102272,225.124
2048,2048,102336,238.122
2048,2048,102400,214.68
2048,2048,102464,216.106
2048,2048,102528,218.882
2048,2048,102592,228.982
2048,2048,102656,223.794
2048,2048,102720,229.404
2048,2048,102784,231.768
2048,2048,102848,224.273
2048,2048,102912,221.583
2048,2048,102976,223.114
2048,2048,103040,232.515
2048,2048,103104,232.031
2048,2048,103168,218.903
2048,2048,103232,229.278
2048,2048,103296,230.7
2048,2048,103360,219.075
2048,2048,103424,231.815
2048,2048,103488,222.645
2048,2048,103552,228.517
2048,2048,103616,218.136
2048,2048,103680,233.849
2048,2048,103744,213.493
2048,2048,103808,227.745
2048,2048,103872,230.45
2048,2048,103936,225.366
2048,2048,104000,216.898
2048,2048,104064,229.806
2048,2048,104128,227.286
2048,2048,104192,221.933
2048,2048,104256,203.561
2048,2048,104320,229.098
2048,2048,104384,213.453
2048,2048,104448,222.591
2048,2048,104512,234.907
2048,2048,104576,218.429
2048,2048,104640,231.22
2048,2048,104704,224.533
2048,2048,104768,227.768
2048,2048,104832,230.304
2048,2048,104896,217.258
2048,2048,104960,210.699
2048,2048,105024,227.368
2048,2048,105088,216.382
2048,2048,105152,230.063
2048,2048,105216,214.414
2048,2048,105280,238.979
2048,2048,105344,222.735
2048,2048,105408,233.853
2048,2048,105472,227.638
2048,2048,105536,221.933
2048,2048,105600,221.881
2048,2048,105664,226.236
2048,2048,105728,233.698
2048,2048,105792,215.785
2048,2048,105856,223.161
2048,2048,105920,213.046
2048,2048,105984,226.242
2048,2048,106048,215.407
2048,2048,106112,232.848
2048,2048,106176,217.529
2048,2048,106240,217.575
2048,2048,106304,229.211
2048,2048,106368,230.988
2048,2048,106432,222.488
2048,2048,106496,220.729
2048,2048,106560,222.84
2048,2048,106624,224.871
2048,2048,106688,229.619
2048,2048,106752,213.519
2048,2048,106816,233.699
2048,2048,106880,224.278
2048,2048,106944,215.552
2048,2048,107008,225.191
2048,2048,107072,235.373
2048,2048,107136,221.103
2048,2048,107200,227.232
2048,2048,107264,210.052
2048,2048,107328,224.32
2048,2048,107392,225.664
2048,2048,107456,217.19
2048,2048,107520,222.843
2048,2048,107584,219.74
2048,2048,107648,220.141
2048,2048,107712,226.905
2048,2048,107776,206.056
2048,2048,107840,218.307
2048,2048,107904,225.076
2048,2048,107968,229.859
2048,2048,108032,215.042
2048,2048,108096,215.611
2048,2048,108160,225.202
2048,2048,108224,226.121
2048,2048,108288,227.995
2048,2048,108352,231.934
2048,2048,108416,232.961
2048,2048,108480,228.693
2048,2048,108544,221.519
2048,2048,108608,210.094
2048,2048,108672,228.427
2048,2048,108736,218.572
2048,2048,108800,220.246
2048,2048,108864,223.889
2048,2048,108928,219.029
2048,2048,108992,221.057
2048,2048,109056,228.055
2048,2048,109120,216.969
2048,2048,109184,213.322
2048,2048,109248,235.414
2048,2048,109312,220.059
2048,2048,109376,217.552
2048,2048,109440,232.121
2048,2048,109504,209.853
2048,2048,109568,229.992
2048,2048,109632,199.742
2048,2048,109696,214.867
2048,2048,109760,225.312
2048,2048,109824,212.317
2048,2048,109888,218.633
2048,2048,109952,232.591
2048,2048,110016,213.227
2048,2048,110080,222.459
2048,2048,110144,237.043
2048,2048,110208,211.678
2048,2048,110272,223.122
2048,2048,110336,223.097
2048,2048,110400,224.082
2048,2048,110464,229.53
2048,2048,110528,207.14
2048,2048,110592,213.252
2048,2048,110656,235.625
2048,2048,110720,229.802
2048,2048,110784,218.508
2048,2048,110848,220.79
2048,2048,110912,228.801
2048,2048,110976,227.871
2048,2048,111040,224.015
2048,2048,111104,218.781
2048,2048,111168,225.592
2048,2048,111232,220.166
2048,2048,111296,220.776
2048,2048,111360,203.754
2048,2048,111424,219.692
2048,2048,111488,223.086
2048,2048,111552,230.072
2048,2048,111616,227.882
2048,2048,111680,214.651
2048,2048,111744,220.863
2048,2048,111808,210.888
2048,2048,111872,213.083
2048,2048,111936,223.385
2048,2048,112000,223.658
2048,2048,112064,198.175
2048,2048,112128,219.622
2048,2048,112192,219.321
2048,2048,112256,209.231
2048,2048,112320,234.717
2048,2048,112384,225.887
2048,2048,112448,210.314
2048,2048,112512,222.025
2048,2048,112576,231.883
2048,2048,112640,222.882
2048,2048,112704,224.295
2048,2048,112768,221.554
2048,2048,112832,221.984
2048,2048,112896,229.619
2048,2048,112960,214.555
2048,2048,113024,218.52
2048,2048,113088,218.954
2048,2048,113152,214.64
2048,2048,113216,213.533
2048,2048,113280,209.749
2048,2048,113344,214.492
2048,2048,113408,223.936
2048,2048,113472,222.396
2048,2048,113536,228.247
2048,2048,113600,218.883
2048,2048,113664,228.303
2048,2048,113728,217.214
2048,2048,113792,232.732
2048,2048,113856,228.973
2048,2048,113920,212.957
2048,2048,113984,211.366
2048,2048,114048,222.593
2048,2048,114112,219.478
2048,2048,114176,217.309
2048,2048,114240,216.739
2048,2048,114304,221.829
2048,2048,114368,220.943
2048,2048,114432,223.696
2048,2048,114496,207.271
2048,2048,114560,217.633
2048,2048,114624,214.732
2048,2048,114688,213.184
2048,2048,114752,219.922
2048,2048,114816,210.165
2048,2048,114880,214.491
2048,2048,114944,210.414
2048,2048,115008,210.727
2048,2048,115072,232.7
2048,2048,115136,217.087
2048,2048,115200,234.519
2048,2048,115264,225.984
2048,2048,115328,213.488
2048,2048,115392,214.629
2048,2048,115456,221.799
2048,2048,115520,228.034
2048,2048,115584,203.353
2048,2048,115648,238.262
2048,2048,115712,218.681
2048,2048,115776,200.771
2048,2048,115840,215.291
2048,2048,115904,212.699
2048,2048,115968,223.573
2048,2048,116032,211.744
2048,2048,116096,211.791
2048,2048,116160,210.269
2048,2048,116224,208.004
2048,2048,116288,223.066
2048,2048,116352,226.201
2048,2048,116416,227.375
2048,2048,116480,227.246
2048,2048,116544,223.815
2048,2048,116608,219.386
2048,2048,116672,241.144
2048,2048,116736,201.446
2048,2048,116800,214.727
2048,2048,116864,232.892
2048,2048,116928,208.556
2048,2048,116992,217.571
2048,2048,117056,234.877
2048,2048,117120,225.293
2048,2048,117184,230.373
2048,2048,117248,219.722
2048,2048,117312,208.21
2048,2048,117376,224.943
2048,2048,117440,203.306
2048,2048,117504,205.772
2048,2048,117568,212.294
2048,2048,117632,233.248
2048,2048,117696,219.206
2048,2048,117760,210.53
2048,2048,117824,204.268
2048,2048,117888,219.58
2048,2048,117952,228.811
2048,2048,118016,210.651
2048,2048,118080,208.697
2048,2048,118144,223.49
2048,2048,118208,204.768
2048,2048,118272,242.985
2048,2048,118336,213.629
2048,2048,118400,239.37
2048,2048,118464,216.492
2048,2048,118528,220.584
2048,2048,118592,213.635
2048,2048,118656,218.204
2048,2048,118720,204.553
2048,2048,118784,225.965
2048,2048,118848,203.476
2048,2048,118912,201.689
2048,2048,118976,210.128
2048,2048,119040,234.987
2048,2048,119104,211.419
2048,2048,119168,227.857
2048,2048,119232,228.642
2048,2048,119296,210.861
2048,2048,119360,217.829
2048,2048,119424,213.008
2048,2048,119488,218.021
2048,2048,119552,208.772
2048,2048,119616,213.772
2048,2048,119680,218.322
2048,2048,119744,218.169
2048,2048,119808,201.695
2048,2048,119872,214.431
2048,2048,119936,235.166
2048,2048,120000,206.762
2048,2048,120064,216.909
2048,2048,120128,214.216
2048,2048,120192,218.943
2048,2048,120256,207.993
2048,2048,120320,212.238
2048,2048,120384,213.916
2048,2048,120448,219.147
2048,2048,120512,213.391
2048,2048,120576,221.996
2048,2048,120640,192.469
2048,2048,120704,219.096
2048,2048,120768,208.844
2048,2048,120832,211.67
2048,2048,120896,234.21
2048,2048,120960,212.926
2048,2048,121024,238.356
2048,2048,121088,215.072
2048,2048,121152,204.565
2048,2048,121216,205.05
2048,2048,121280,215.808
2048,2048,121344,208.09
2048,2048,121408,209.746
2048,2048,121472,214.248
2048,2048,121536,220.499
2048,2048,121600,228.053
2048,2048,121664,207.168
2048,2048,121728,210.518
2048,2048,121792,211.886
2048,2048,121856,202.85
2048,2048,121920,235.329
2048,2048,121984,205.203
2048,2048,122048,228.542
2048,2048,122112,220.23
2048,2048,122176,210.781
2048,2048,122240,216.363
2048,2048,122304,222.401
2048,2048,122368,216.586
2048,2048,122432,220.008
2048,2048,122496,208.537
2048,2048,122560,224.168
2048,2048,122624,232.953
2048,2048,122688,206.222
2048,2048,122752,219.291
2048,2048,122816,194.47
2048,2048,122880,210.28
2048,2048,122944,207.969
2048,2048,123008,226.672
2048,2048,123072,213.039
2048,2048,123136,221.87
2048,2048,123200,199.923
2048,2048,123264,218.194
2048,2048,123328,215.614
2048,2048,123392,222.918
2048,2048,123456,214.255
2048,2048,123520,212.946
2048,2048,123584,201.426
2048,2048,123648,203.574
2048,2048,123712,207.495
2048,2048,123776,220.913
2048,2048,123840,202.185
2048,2048,123904,196.531
2048,2048,123968,226.669
2048,2048,124032,219.346
2048,2048,124096,227.693
2048,2048,124160,212.672
2048,2048,124224,217.885
2048,2048,124288,206.296
2048,2048,124352,233.069
2048,2048,124416,210.07
2048,2048,124480,205.59
2048,2048,124544,223.111
2048,2048,124608,215.516
2048,2048,124672,212.718
2048,2048,124736,223.555
2048,2048,124800,217.741
2048,2048,124864,208.859
2048,2048,124928,212.729
2048,2048,124992,222.765
2048,2048,125056,203.638
2048,2048,125120,203.426
2048,2048,125184,221.518
2048,2048,125248,206.812
2048,2048,125312,224.675
2048,2048,125376,227.781
2048,2048,125440,213.719
2048,2048,125504,196.659
2048,2048,125568,202.718
2048,2048,125632,219.561
2048,2048,125696,217.29
2048,2048,125760,216.776
2048,2048,125824,212.803
2048,2048,125888,212.864
2048,2048,125952,203.179
2048,2048,126016,221.247
2048,2048,126080,217.868
2048,2048,126144,202.709
2048,2048,126208,210.636
2048,2048,126272,202.387
2048,2048,126336,218.833
2048,2048,126400,213.588
2048,2048,126464,212.049
2048,2048,126528,223.625
2048,2048,126592,193.625
2048,2048,126656,201.791
2048,2048,126720,212.529
2048,2048,126784,213.882
2048,2048,126848,228.893
2048,2048,126912,215.425
2048,2048,126976,218.764
2048,2048,127040,220.013
2048,2048,127104,218.722
2048,2048,127168,205.501
2048,2048,127232,198.637
2048,2048,127296,222.096
2048,2048,127360,209.508
2048,2048,127424,206.484
2048,2048,127488,203.62
2048,2048,127552,224.187
2048,2048,127616,213.977
2048,2048,127680,201.937
2048,2048,127744,203.927
2048,2048,127808,202.475
2048,2048,127872,204.029
2048,2048,127936,225.854
2048,2048,128000,200.871
2048,2048,128064,211.226
2048,2048,128128,225.813
2048,2048,128192,199.701
2048,2048,128256,228.024
2048,2048,128320,223.704
2048,2048,128384,215.269
2048,2048,128448,224.046
2048,2048,128512,207.807
2048,2048,128576,202.819
2048,2048,128640,219.182
2048,2048,128704,206.478
2048,2048,128768,223.179
2048,2048,128832,215.682
2048,2048,128896,216.141
2048,2048,128960,220.321
2048,2048,129024,216.214
2048,2048,129088,194.232
2048,2048,129152,195.832
2048,2048,129216,197.575
2048,2048,129280,227.771
2048,2048,129344,206.374
2048,2048,129408,210.225
2048,2048,129472,227.109
2048,2048,129536,209.68
2048,2048,129600,204.053
2048,2048,129664,209.128
2048,2048,129728,223.252
2048,2048,129792,203.363
2048,2048,129856,197.425
2048,2048,129920,200.951
2048,2048,129984,190.798
2048,2048,130048,222.885
2048,2048,130112,198.568
2048,2048,130176,206.158
2048,2048,130240,208.451
2048,2048,130304,207.259
2048,2048,130368,228.002
2048,2048,130432,208.342
2048,2048,130496,216.09
2048,2048,130560,222.356
2048,2048,130624,208.239
2048,2048,130688,221.81
2048,2048,130752,217.624
2048,2048,130816,218.209
2048,2048,130880,190.671
2048,2048,130944,195.413
2048,2048,131008,192.811
2048,2048,131072,203.589
2048,2048,131136,202.135
2048,2048,131200,215.082
2048,2048,131264,203.255
2048,2048,131328,208.856
2048,2048,131392,206.364
2048,2048,131456,196.622
2048,2048,131520,215.513
2048,2048,131584,215.871
2048,2048,131648,205.085
2048,2048,131712,214.194
2048,2048,131776,210.117
2048,2048,131840,209.214
2048,2048,131904,214.469
2048,2048,131968,201.93
2048,2048,132032,229.778
2048,2048,132096,209.389
2048,2048,132160,206.18
2048,2048,132224,190.282
2048,2048,132288,215.458
2048,2048,132352,224.253
2048,2048,132416,201.442
2048,2048,132480,206.901
2048,2048,132544,221.225
2048,2048,132608,210.812
2048,2048,132672,211.279
2048,2048,132736,209.365
2048,2048,132800,208.709
2048,2048,132864,199.842
2048,2048,132928,219.712
2048,2048,132992,209.086
2048,2048,133056,207.831
2048,2048,133120,201.249
2048,2048,133184,208.553
2048,2048,133248,210.826
2048,2048,133312,212.926
2048,2048,133376,195.295
2048,2048,133440,202.188
2048,2048,133504,214.313
2048,2048,133568,216.638
2048,2048,133632,201.269
2048,2048,133696,207.828
2048,2048,133760,208.9
2048,2048,133824,203.278
2048,2048,133888,206.083
2048,2048,133952,210.634
2048,2048,134016,205.504
2048,2048,134080,212.704
2048,2048,134144,199.439
2048,2048,134208,197.421
2048,2048,134272,220.747
2048,2048,134336,211.841
2048,2048,134400,215.715
2048,2048,134464,219.531
2048,2048,134528,210.272
2048,2048,134592,201.367
2048,2048,134656,209.305
2048,2048,134720,207.503
2048,2048,134784,197.379
2048,2048,134848,206.813
2048,2048,134912,201.969
2048,2048,134976,193.748
2048,2048,135040,229.029
2048,2048,135104,201.426
2048,2048,135168,195.846
2048,2048,135232,206.834
2048,2048,135296,196.79
2048,2048,135360,195.748
2048,2048,135424,201.151
2048,2048,135488,213.767
2048,2048,135552,204.26
2048,2048,135616,192.696
2048,2048,135680,225.376
2048,2048,135744,191.477
2048,2048,135808,206.348
2048,2048,135872,209.204
2048,2048,135936,201.551
2048,2048,136000,200.09
2048,2048,136064,194.41
2048,2048,136128,202.159
2048,2048,136192,202.705
2048,2048,136256,192.008
2048,2048,136320,205.941
2048,2048,136384,220.37
2048,2048,136448,199.481
2048,2048,136512,225.978
2048,2048,136576,194.339
2048,2048,136640,213.879
2048,2048,136704,234.3
2048,2048,136768,212.963
2048,2048,136832,190.776
2048,2048,136896,217.801
2048,2048,136960,190.998
2048,2048,137024,214.467
2048,2048,137088,198.538
2048,2048,137152,215.117
2048,2048,137216,199.583
2048,2048,137280,201.329
2048,2048,137344,210.907
2048,2048,137408,209.195
2048,2048,137472,204.613
2048,2048,137536,224.099
2048,2048,137600,200.64
2048,2048,137664,206.78
2048,2048,137728,213.833
2048,2048,137792,193.457
2048,2048,137856,201.226
2048,2048,137920,199.812
2048,2048,137984,203.626
2048,2048,138048,193.793
2048,2048,138112,196.091
2048,2048,138176,222.73
2048,2048,138240,202.661
2048,2048,138304,217.951
2048,2048,138368,197.031
2048,2048,138432,190.85
2048,2048,138496,197.307
2048,2048,138560,193.904
2048,2048,138624,199.956
2048,2048,138688,190.879
2048,2048,138752,196.566
2048,2048,138816,197.406
2048,2048,138880,208.514
2048,2048,138944,199.119
2048,2048,139008,194.394
2048,2048,139072,204.252
2048,2048,139136,200.303
2048,2048,139200,202.947
2048,2048,139264,191.876
2048,2048,139328,207.954
2048,2048,139392,192.302
2048,2048,139456,196.615
2048,2048,139520,219.451
2048,2048,139584,199.869
2048,2048,139648,209.236
2048,2048,139712,196.54
2048,2048,139776,199.406
2048,2048,139840,195.531
2048,2048,139904,193.156
2048,2048,139968,193.425
2048,2048,140032,203.625
2048,2048,140096,209.706
2048,2048,140160,213.304
2048,2048,140224,217.363
2048,2048,140288,194.046
2048,2048,140352,195.222
2048,2048,140416,219.635
2048,2048,140480,185.288
2048,2048,140544,189.547
2048,2048,140608,187.85
2048,2048,140672,193.688
2048,2048,140736,211.525
2048,2048,140800,194.081
2048,2048,140864,206.805
2048,2048,140928,190.457
2048,2048,140992,204.61
2048,2048,141056,196.495
2048,2048,141120,203.187
2048,2048,141184,225.846
2048,2048,141248,217.159
2048,2048,141312,197.101
2048,2048,141376,196.549
2048,2048,141440,221.191
2048,2048,141504,202.685
2048,2048,141568,219.382
2048,2048,141632,218.082
2048,2048,141696,219.014
2048,2048,141760,199.263
2048,2048,141824,207.622
2048,2048,141888,194.938
2048,2048,141952,193.336
2048,2048,142016,205.499
2048,2048,142080,216.638
2048,2048,142144,228.05
2048,2048,142208,217.751
2048,2048,142272,189.752
2048,2048,142336,190.402
2048,2048,142400,194.565
2048,2048,142464,185.113
2048,2048,142528,196.383
2048,2048,142592,210.007
2048,2048,142656,189.772
2048,2048,142720,194.014
2048,2048,142784,203.15
2048,2048,142848,217.3
2048,2048,142912,193.35
2048,2048,142976,206.307
2048,2048,143040,194.787
2048,2048,143104,225.39
2048,2048,143168,188.625
2048,2048,143232,214.376
2048,2048,143296,217.209
2048,2048,143360,212.34
2048,2048,143424,189.252
2048,2048,143488,197.255
2048,2048,143552,193.412
2048,2048,143616,195.227
2048,2048,143680,190.217
2048,2048,143744,198.176
2048,2048,143808,188.549
2048,2048,143872,212.378
2048,2048,143936,195.766
2048,2048,144000,194.586
2048,2048,144064,222.835
2048,2048,144128,196.035
2048,2048,144192,192.33
2048,2048,144256,205.281
2048,2048,144320,214.443
2048,2048,144384,185.332
2048,2048,144448,204.859
2048,2048,144512,204.648
2048,2048,144576,226.734
2048,2048,144640,195.971
2048,2048,144704,196.202
2048,2048,144768,205.458
2048,2048,144832,193.385
2048,2048,144896,193.779
2048,2048,144960,193.8
2048,2048,145024,207.376
2048,2048,145088,187.563
2048,2048,145152,205.621
2048,2048,145216,191.691
2048,2048,145280,192.095
2048,2048,145344,202.911
2048,2048,145408,210.773
2048,2048,145472,197.451
2048,2048,145536,192.036
2048,2048,145600,189.296
2048,2048,145664,192.232
2048,2048,145728,208.713
2048,2048,145792,189.656
2048,2048,145856,234.296
2048,2048,145920,200.538
2048,2048,145984,208.042
2048,2048,146048,184.716
2048,2048,146112,189.18
2048,2048,146176,195.691
2048,2048,146240,209.859
2048,2048,146304,193.625
2048,2048,146368,197.982
2048,2048,146432,193.728
2048,2048,146496,190.395
2048,2048,146560,194.669
2048,2048,146624,217.046
2048,2048,146688,198.756
2048,2048,146752,193.841
2048,2048,146816,191.811
2048,2048,146880,199.449
2048,2048,146944,190.462
2048,2048,147008,192.158
2048,2048,147072,189.174
2048,2048,147136,195.276
2048,2048,147200,203.344
2048,2048,147264,209.224
2048,2048,147328,179.893
2048,2048,147392,211.255
2048,2048,147456,175.58
2048,2048,147520,191.261
2048,2048,147584,193.63
2048,2048,147648,193.18
2048,2048,147712,194.338
2048,2048,147776,190.556
2048,2048,147840,184.523
2048,2048,147904,193.582
2048,2048,147968,199.544
2048,2048,148032,191.953
2048,2048,148096,189.913
2048,2048,148160,204.705
2048,2048,148224,211.833
2048,2048,148288,201.704
2048,2048,148352,212.93
2048,2048,148416,220.292
2048,2048,148480,186.501
2048,2048,148544,216.405
2048,2048,148608,186.538
2048,2048,148672,187.535
2048,2048,148736,185.854
2048,2048,148800,183.867
2048,2048,148864,193.703
2048,2048,148928,208.801
2048,2048,148992,195.624
2048,2048,149056,193.671
2048,2048,149120,197.628
2048,2048,149184,194.083
2048,2048,149248,216.253
2048,2048,149312,187.418
2048,2048,149376,193.359
2048,2048,149440,191.358
2048,2048,149504,198.08
2048,2048,149568,184.023
2048,2048,149632,192.819
2048,2048,149696,188.813
2048,2048,149760,199.579
2048,2048,149824,199.751
2048,2048,149888,188.472
2048,2048,149952,194.423
2048,2048,150016,196.499
2048,2048,150080,190.173
2048,2048,150144,194.068
2048,2048,150208,191.299
2048,2048,150272,189.069
2048,2048,150336,186.9
2048,2048,150400,193.937
2048,2048,150464,182.359
2048,2048,150528,198.351
2048,2048,150592,180.591
2048,2048,150656,202.295
2048,2048,150720,195.074
2048,2048,150784,185.241
2048,2048,150848,188.76
2048,2048,150912,187.252
2048,2048,150976,212.753
2048,2048,151040,201.526
2048,2048,151104,186.644
2048,2048,151168,188.542
2048,2048,151232,192.058
2048,2048,151296,201.97
2048,2048,151360,186.965
2048,2048,151424,180.881
2048,2048,151488,185.084
2048,2048,151552,187.547
2048,2048,151616,214.679
2048,2048,151680,188.868
2048,2048,151744,183.488
2048,2048,151808,194.288
2048,2048,151872,188.091
2048,2048,151936,182.506
2048,2048,152000,182.998
2048,2048,152064,194.132
2048,2048,152128,188.799
2048,2048,152192,188.13
2048,2048,152256,208.271
2048,2048,152320,179.186
2048,2048,152384,186.647
2048,2048,152448,186.503
2048,2048,152512,191.597
2048,2048,152576,197.299
2048,2048,152640,186.718
2048,2048,152704,175.973
2048,2048,152768,180.872
2048,2048,152832,188.134
2048,2048,152896,193.575
2048,2048,152960,200.706
2048,2048,153024,178.427
2048,2048,153088,194.691
2048,2048,153152,178.872
2048,2048,153216,191.616
2048,2048,153280,183.678
2048,2048,153344,186.208
2048,2048,153408,194.259
2048,2048,153472,188.786
2048,2048,153536,190.526
2048,2048,153600,178.649
2048,2048,153664,190.169
2048,2048,153728,191.405
2048,2048,153792,185.413
2048,2048,153856,214.335
2048,2048,153920,207.459
2048,2048,153984,191.929
2048,2048,154048,187.705
2048,2048,154112,191.515
2048,2048,154176,192.679
2048,2048,154240,182.072
2048,2048,154304,215.724
2048,2048,154368,186.549
2048,2048,154432,181.734
2048,2048,154496,190.834
2048,2048,154560,187.951
2048,2048,154624,203.895
2048,2048,154688,181.534
2048,2048,154752,178.854
2048,2048,154816,181.505
2048,2048,154880,192.963
2048,2048,154944,189.159
2048,2048,155008,185.985
2048,2048,155072,189.476
2048,2048,155136,186.06
2048,2048,155200,178.685
2048,2048,155264,182.041
2048,2048,155328,184.144
2048,2048,155392,182.425
2048,2048,155456,180.642
2048,2048,155520,180.155
2048,2048,155584,224.5
2048,2048,155648,189.465
2048,2048,155712,194.666
2048,2048,155776,185.909
2048,2048,155840,184.02
2048,2048,155904,196.433
2048,2048,155968,182.55
2048,2048,156032,182.017
2048,2048,156096,187.526
2048,2048,156160,192.653
2048,2048,156224,186.694
2048,2048,156288,178.583
2048,2048,156352,180.548
2048,2048,156416,178.916
2048,2048,156480,183.22
2048,2048,156544,188.356
2048,2048,156608,184.933
2048,2048,156672,186.85
2048,2048,156736,170.051
2048,2048,156800,171.35
2048,2048,156864,183.363
2048,2048,156928,180.083
2048,2048,156992,182.295
2048,2048,157056,169.199
2048,2048,157120,188.422
2048,2048,157184,186.475
2048,2048,157248,186.352
2048,2048,157312,175.75
2048,2048,157376,186.633
2048,2048,157440,175.498
2048,2048,157504,201.743
2048,2048,157568,185.793
2048,2048,157632,206.635
2048,2048,157696,168.851
2048,2048,157760,178.971
2048,2048,157824,183.075
2048,2048,157888,192.722
2048,2048,157952,190.72
2048,2048,158016,184.998
2048,2048,158080,181.779
2048,2048,158144,169.38
2048,2048,158208,186.175
2048,2048,158272,176.037
2048,2048,158336,176.892
2048,2048,158400,166.065
2048,2048,158464,172.745
2048,2048,158528,190.202
2048,2048,158592,190.995
2048,2048,158656,188.04
2048,2048,158720,184.314
2048,2048,158784,178.436
2048,2048,158848,174.961
2048,2048,158912,169.537
2048,2048,158976,208.074
2048,2048,159040,178.016
2048,2048,159104,168.348
2048,2048,159168,193.102
2048,2048,159232,184.272
2048,2048,159296,197.997
2048,2048,159360,184.63
2048,2048,159424,180.924
2048,2048,159488,204.652
2048,2048,159552,182.116
2048,2048,159616,223.028
2048,2048,159680,202.091
2048,2048,159744,188.128
2048,2048,159808,177.502
2048,2048,159872,178.094
2048,2048,159936,170.484
2048,2048,160000,169.503
2048,2048,160064,197.994
2048,2048,160128,181.44
2048,2048,160192,178.312
2048,2048,160256,173.727
2048,2048,160320,179.906
2048,2048,160384,171.593
2048,2048,160448,163.427
2048,2048,160512,172.814
2048,2048,160576,165.399
2048,2048,160640,176.384
2048,2048,160704,180.468
2048,2048,160768,177.222
2048,2048,160832,184.697
2048,2048,160896,178.015
2048,2048,160960,165.62
2048,2048,161024,188.807
2048,2048,161088,164.014
2048,2048,161152,178.42
2048,2048,161216,178.64
2048,2048,161280,164.009
2048,2048,161344,183.057
2048,2048,161408,165.301
2048,2048,161472,168.804
2048,2048,161536,169.5
2048,2048,161600,163.115
2048,2048,161664,172.422
2048,2048,161728,176.6
2048,2048,161792,163.998
2048,2048,161856,164.527
2048,2048,161920,165.275
2048,2048,161984,163.055
2048,2048,162048,162.765
2048,2048,162112,188.301
2048,2048,162176,165.213
2048,2048,162240,177.023
2048,2048,162304,164.937
2048,2048,162368,181.339
2048,2048,162432,186.614
2048,2048,162496,188.089
2048,2048,162560,172.518
2048,2048,162624,171.43
2048,2048,162688,167.436
2048,2048,162752,168.988
2048,2048,162816,164.45
2048,2048,162880,165.689
2048,2048,162944,171.697
2048,2048,163008,189.935
2048,2048,163072,184.638
2048,2048,163136,176.776
2048,2048,163200,162.295
2048,2048,163264,165.023
2048,2048,163328,164.094
2048,2048,163392,162.738
2048,2048,163456,161.916
2048,2048,163520,164.113
2048,2048,163584,164.347
2048,2048,163648,164.362
2048,2048,163712,162.613
2048,2048,163776,162.505
2048,2048,163840,161.285
2048,2048,163904,162.455
2048,2048,163968,164.179
2048,2048,164032,164.237
2048,2048,164096,163.163
2048,2048,164160,163.065
2048,2048,164224,164.022
2048,2048,164288,165.255
2048,2048,164352,164.257
2048,2048,164416,164.104
2048,2048,164480,164.465
2048,2048,164544,163.077
2048,2048,164608,166.696
2048,2048,164672,163.691
2048,2048,164736,165.439
2048,2048,164800,163.7
2048,2048,164864,165.695
2048,2048,164928,164.037
2048,2048,164992,163.981
2048,2048,165056,163.482
2048,2048,165120,164.786
2048,2048,165184,162.868
2048,2048,165248,164.471
2048,2048,165312,162.923
2048,2048,165376,163.269
2048,2048,165440,164.671
2048,2048,165504,164.162
2048,2048,165568,163.441
2048,2048,165632,165.267
2048,2048,165696,164.803
2048,2048,165760,165.294
2048,2048,165824,164.262
2048,2048,165888,164.541
2048,2048,165952,164.611
2048,2048,166016,163.882
2048,2048,166080,164.719
2048,2048,166144,165.189
2048,2048,166208,164.287
2048,2048,166272,165.35
2048,2048,166336,163.971
2048,2048,166400,163.922
2048,2048,166464,165.278
2048,2048,166528,164.494
2048,2048,166592,165.634
2048,2048,166656,165.772
2048,2048,166720,164.245
2048,2048,166784,163.143
2048,2048,166848,164.445
2048,2048,166912,164.556
2048,2048,166976,163.475
2048,2048,167040,163.85
2048,2048,167104,163.74
2048,2048,167168,163.735
2048,2048,167232,162.965
2048,2048,167296,162.362
2048,2048,167360,163.231
2048,2048,167424,161.884
2048,2048,167488,161.626
2048,2048,167552,164.349
2048,2048,167616,164.284
2048,2048,167680,162.55
2048,2048,167744,164.197
2048,2048,167808,165.267
2048,2048,167872,165.106
2048,2048,167936,164.1
2048,2048,168000,163.571
2048,2048,168064,163.746
2048,2048,168128,165.653
2048,2048,168192,163.753
2048,2048,168256,164.978
2048,2048,168320,165.428
2048,2048,168384,165.216
2048,2048,168448,164.595
2048,2048,168512,162.558
2048,2048,168576,164.483
2048,2048,168640,164.571
2048,2048,168704,164.221
2048,2048,168768,164.326
2048,2048,168832,164.488
2048,2048,168896,162.624
2048,2048,168960,162.79
2048,2048,169024,165.094
2048,2048,169088,163.968
2048,2048,169152,164.798
2048,2048,169216,165.218
2048,2048,169280,165.419
2048,2048,169344,164.647
2048,2048,169408,164.633
2048,2048,169472,162.722
2048,2048,169536,165.637
2048,2048,169600,165.919
2048,2048,169664,165.298
2048,2048,169728,163.85
2048,2048,169792,164.246
2048,2048,169856,165.743
2048,2048,169920,164.851
2048,2048,169984,163.689
2048,2048,170048,162.867
2048,2048,170112,164.344
2048,2048,170176,164.787
2048,2048,170240,164.091
2048,2048,170304,163.505
2048,2048,170368,164.338
2048,2048,170432,163.291
2048,2048,170496,164.747
2048,2048,170560,164.679
2048,2048,170624,164.444
2048,2048,170688,162.691
2048,2048,170752,161.485
2048,2048,170816,162.566
2048,2048,170880,164.779
2048,2048,170944,163.009
2048,2048,171008,164.161
2048,2048,171072,164.485
2048,2048,171136,165.087
2048,2048,171200,165.556
2048,2048,171264,162.362
2048,2048,171328,164.366
2048,2048,171392,165.69
2048,2048,171456,164.369
2048,2048,171520,164.202
2048,2048,171584,162.577
2048,2048,171648,163.664
2048,2048,171712,164.23
2048,2048,171776,163.679
2048,2048,171840,163.728
2048,2048,171904,166.158
2048,2048,171968,163.957
2048,2048,172032,163.52
2048,2048,172096,163.316
2048,2048,172160,165.104
2048,2048,172224,163.055
2048,2048,172288,163.11
2048,2048,172352,164.738
2048,2048,172416,164.543
2048,2048,172480,162.808
2048,2048,172544,162.698
2048,2048,172608,164.114
2048,2048,172672,165.389
2048,2048,172736,163.797
2048,2048,172800,165.242
2048,2048,172864,164.934
2048,2048,172928,164.364
2048,2048,172992,162.867
2048,2048,173056,162.839
2048,2048,173120,165.541
2048,2048,173184,162.105
2048,2048,173248,165.671
2048,2048,173312,164.094
2048,2048,173376,164.953
2048,2048,173440,164.466
2048,2048,173504,165.232
2048,2048,173568,166.448
2048,2048,173632,162.681
2048,2048,173696,163.255
2048,2048,173760,162.939
2048,2048,173824,163.732
2048,2048,173888,162.851
2048,2048,173952,164.121
2048,2048,174016,163.882
2048,2048,174080,162.243
2048,2048,174144,163.92
2048,2048,174208,162.25
2048,2048,174272,162.904
2048,2048,174336,162.151
2048,2048,174400,163.806
2048,2048,174464,163.965
2048,2048,174528,163.308
2048,2048,174592,164.288
2048,2048,174656,161.69
2048,2048,174720,163.263
2048,2048,174784,162.673
2048,2048,174848,162.906
2048,2048,174912,165.035
2048,2048,174976,164.406
2048,2048,175040,164.731
2048,2048,175104,164.893
2048,2048,175168,163.739
2048,2048,175232,164.822
2048,2048,175296,163.583
2048,2048,175360,165.991
2048,2048,175424,164.288
2048,2048,175488,163.948
2048,2048,175552,163.297
2048,2048,175616,165.397
2048,2048,175680,163.9
2048,2048,175744,165.504
2048,2048,175808,165.592
2048,2048,175872,163.387
2048,2048,175936,163.894
2048,2048,176000,165.013
2048,2048,176064,161.953
2048,2048,176128,165.607
2048,2048,176192,164.4
2048,2048,176256,163.75
2048,2048,176320,162.493
2048,2048,176384,165.643
2048,2048,176448,162.413
2048,2048,176512,163.813
2048,2048,176576,163.226
2048,2048,176640,165.305
2048,2048,176704,162.813
2048,2048,176768,162.672
2048,2048,176832,163.936
2048,2048,176896,166.158
2048,2048,176960,162.024
2048,2048,177024,163.758
2048,2048,177088,165.764
2048,2048,177152,165.525
2048,2048,177216,161.705
2048,2048,177280,162.256
2048,2048,177344,166.337
2048,2048,177408,164.867
2048,2048,177472,161.135
2048,2048,177536,162.77
2048,2048,177600,163.062
2048,2048,177664,164.282
2048,2048,177728,161.762
2048,2048,177792,165.273
2048,2048,177856,161.786
2048,2048,177920,162.589
2048,2048,177984,161.8
2048,2048,178048,163.94
2048,2048,178112,162.631
2048,2048,178176,165.746
2048,2048,178240,163.354
2048,2048,178304,162.652
2048,2048,178368,162.691
2048,2048,178432,162.093
2048,2048,178496,163.211
2048,2048,178560,164.729
2048,2048,178624,162.771
2048,2048,178688,163.896
2048,2048,178752,164.407
2048,2048,178816,163.74
2048,2048,178880,164.813
2048,2048,178944,164.223
2048,2048,179008,162.481
2048,2048,179072,163.354
2048,2048,179136,164.019
2048,2048,179200,162.849
2048,2048,179264,162.836
2048,2048,179328,163.026
2048,2048,179392,163.028
2048,2048,179456,161.828
2048,2048,179520,162.922
2048,2048,179584,161.673
2048,2048,179648,163.825
2048,2048,179712,162.341
2048,2048,179776,162.997
2048,2048,179840,162.842
2048,2048,179904,162.489
2048,2048,179968,163.38
2048,2048,180032,162.484
2048,2048,180096,163.415
2048,2048,180160,162.454
2048,2048,180224,164.749
2048,2048,180288,161.865
2048,2048,180352,161.534
2048,2048,180416,162.501
2048,2048,180480,162.803
2048,2048,180544,163.061
2048,2048,180608,162.904
2048,2048,180672,161.761
2048,2048,180736,162.535
2048,2048,180800,162.546
2048,2048,180864,163.22
2048,2048,180928,162.536
2048,2048,180992,163.81
2048,2048,181056,161.712
2048,2048,181120,164.07
2048,2048,181184,164.38
2048,2048,181248,161.325
2048,2048,181312,162.537
2048,2048,181376,161.025
2048,2048,181440,161.867
2048,2048,181504,162.358
2048,2048,181568,162.137
2048,2048,181632,163.739
2048,2048,181696,161.305
2048,2048,181760,162.34
2048,2048,181824,161.245
2048,2048,181888,161.714
2048,2048,181952,161.606
2048,2048,182016,162.622
2048,2048,182080,162.922
2048,2048,182144,163.847
2048,2048,182208,161.761
2048,2048,182272,162.421
2048,2048,182336,162.819
2048,2048,182400,161.31
2048,2048,182464,163.886
2048,2048,182528,162.999
2048,2048,182592,162.839
2048,2048,182656,161.654
2048,2048,182720,163.046
2048,2048,182784,163.976
2048,2048,182848,163.38
2048,2048,182912,162.296
2048,2048,182976,163.531
2048,2048,183040,162.752
2048,2048,183104,162.633
2048,2048,183168,161.274
2048,2048,183232,161.48
2048,2048,183296,160.872
2048,2048,183360,160.82
2048,2048,183424,161.594
2048,2048,183488,162.746
2048,2048,183552,163.154
2048,2048,183616,162.818
2048,2048,183680,162.05
2048,2048,183744,162.963
2048,2048,183808,162.812
2048,2048,183872,162.988
2048,2048,183936,164.071
2048,2048,184000,162.439
2048,2048,184064,163.119
2048,2048,184128,161.996
2048,2048,184192,165.352
2048,2048,184256,161.188
2048,2048,184320,162.359
2048,2048,184384,164.331
2048,2048,184448,163.423
2048,2048,184512,163.313
2048,2048,184576,164.705
2048,2048,184640,163.218
2048,2048,184704,161.059
2048,2048,184768,162.444
2048,2048,184832,162.714
2048,2048,184896,163.466
2048,2048,184960,162.876
2048,2048,185024,161.308
2048,2048,185088,162.823
2048,2048,185152,163.991
2048,2048,185216,161.312
2048,2048,185280,162.226
2048,2048,185344,163.402
2048,2048,185408,162.703
2048,2048,185472,161.519
2048,2048,185536,161.947
2048,2048,185600,161.254
2048,2048,185664,163.609
2048,2048,185728,161.875
2048,2048,185792,162.846
2048,2048,185856,162.128
2048,2048,185920,164.805
2048,2048,185984,163.57
2048,2048,186048,162.111
2048,2048,186112,164.41
2048,2048,186176,162.58
2048,2048,186240,164.224
2048,2048,186304,163.668
2048,2048,186368,164.356
2048,2048,186432,161.674
2048,2048,186496,162.504
2048,2048,186560,161.525
2048,2048,186624,162.029
2048,2048,186688,162.336
2048,2048,186752,161.412
2048,2048,186816,164.152
2048,2048,186880,162.203
2048,2048,186944,161.473
2048,2048,187008,162.43
2048,2048,187072,163.204
2048,2048,187136,164.395
2048,2048,187200,162.992
2048,2048,187264,163.851
2048,2048,187328,161.26
2048,2048,187392,162.1
2048,2048,187456,163.782
2048,2048,187520,163.896
2048,2048,187584,162.011
2048,2048,187648,163.012
2048,2048,187712,163.052
2048,2048,187776,164.407
2048,2048,187840,162.091
2048,2048,187904,164.149
2048,2048,187968,164.253
2048,2048,188032,162.399
2048,2048,188096,162.593
2048,2048,188160,163.028
2048,2048,188224,161.605
2048,2048,188288,163.892
2048,2048,188352,160.937
2048,2048,188416,162.147
2048,2048,188480,162.181
2048,2048,188544,161.532
2048,2048,188608,163.667
2048,2048,188672,163.233
2048,2048,188736,160.864
2048,2048,188800,161.033
2048,2048,188864,161.08
2048,2048,188928,162.916
2048,2048,188992,162.468
2048,2048,189056,162.149
2048,2048,189120,162.471
2048,2048,189184,162.653
2048,2048,189248,162.368
2048,2048,189312,161.761
2048,2048,189376,163.444
2048,2048,189440,163.049
2048,2048,189504,162.436
2048,2048,189568,161.883
2048,2048,189632,162.999
2048,2048,189696,162.501
2048,2048,189760,161.339
2048,2048,189824,162.645
2048,2048,189888,162.498
2048,2048,189952,164.789
2048,2048,190016,161.234
2048,2048,190080,160.769
2048,2048,190144,161.843
2048,2048,190208,162.317
2048,2048,190272,163.074
2048,2048,190336,161.433
2048,2048,190400,161.467
2048,2048,190464,162.8
2048,2048,190528,161.411
2048,2048,190592,162.48
2048,2048,190656,161.592
2048,2048,190720,161.141
2048,2048,190784,161.443
2048,2048,190848,163.752
2048,2048,190912,161.435
2048,2048,190976,161.395
2048,2048,191040,162.9
2048,2048,191104,162.14
2048,2048,191168,162.635
2048,2048,191232,162.639
2048,2048,191296,161.533
2048,2048,191360,163.92
2048,2048,191424,164.829
2048,2048,191488,162.568
2048,2048,191552,162.092
2048,2048,191616,162.598
2048,2048,191680,163.874
2048,2048,191744,162.874
2048,2048,191808,161.933
2048,2048,191872,161.706
2048,2048,191936,161.029
2048,2048,192000,161.388
2048,2048,192064,162.737
2048,2048,192128,161.981
2048,2048,192192,161.331
2048,2048,192256,162.302
2048,2048,192320,160.772
2048,2048,192384,162.313
2048,2048,192448,162.383
2048,2048,192512,162.851
2048,2048,192576,163.282
2048,2048,192640,162.866
2048,2048,192704,161.551
2048,2048,192768,163.534
2048,2048,192832,163.713
2048,2048,192896,163.13
2048,2048,192960,162.828
2048,2048,193024,161.57
2048,2048,193088,163.013
2048,2048,193152,161.678
2048,2048,193216,162.857
2048,2048,193280,162.455
2048,2048,193344,163.102
2048,2048,193408,163.018
2048,2048,193472,163.56
2048,2048,193536,161.838
2048,2048,193600,161.286
2048,2048,193664,161.228
2048,2048,193728,161.53
2048,2048,193792,162.613
2048,2048,193856,163.363
2048,2048,193920,162.17
2048,2048,193984,161.539
2048,2048,194048,161.303
2048,2048,194112,163.465
2048,2048,194176,160.666
2048,2048,194240,160.882
2048,2048,194304,161.35
2048,2048,194368,161.663
2048,2048,194432,162.932
2048,2048,194496,162.514
2048,2048,194560,161.569
2048,2048,194624,162.947
2048,2048,194688,161.035
2048,2048,194752,162.156
2048,2048,194816,162.201
2048,2048,194880,162.812
2048,2048,194944,163.905
2048,2048,195008,161.76
2048,2048,195072,164.637
2048,2048,195136,162.753
2048,2048,195200,164.078
2048,2048,195264,166.739
2048,2048,195328,162.74
2048,2048,195392,161.862
2048,2048,195456,161.475
2048,2048,195520,162.618
2048,2048,195584,161.979
2048,2048,195648,163.056
2048,2048,195712,162.497
2048,2048,195776,162.712
2048,2048,195840,161.642
2048,2048,195904,164.017
2048,2048,195968,161.175
2048,2048,196032,161.932
2048,2048,196096,161.741
2048,2048,196160,163.369
2048,2048,196224,162.694
2048,2048,196288,163.607
2048,2048,196352,163.125
2048,2048,196416,163.519
2048,2048,196480,162.821
2048,2048,196544,161.658
2048,2048,196608,161.33
2048,2048,196672,162.005
2048,2048,196736,163.04
2048,2048,196800,162.716
2048,2048,196864,164.845
2048,2048,196928,163.749
2048,2048,196992,162.75
2048,2048,197056,162.376
2048,2048,197120,161.953
2048,2048,197184,161.604
2048,2048,197248,163.356
2048,2048,197312,163.631
2048,2048,197376,162.508
2048,2048,197440,162.415
2048,2048,197504,164.181
2048,2048,197568,162.403
2048,2048,197632,163.089
2048,2048,197696,161.869
2048,2048,197760,162.354
2048,2048,197824,163.897
2048,2048,197888,163.137
2048,2048,197952,161.578
2048,2048,198016,162.662
2048,2048,198080,161.865
2048,2048,198144,162.534
2048,2048,198208,162.836
2048,2048,198272,162.35
2048,2048,198336,162.523
2048,2048,198400,162.836
2048,2048,198464,162.716
2048,2048,198528,161.484
2048,2048,198592,161.915
2048,2048,198656,163.302
2048,2048,198720,161.583
2048,2048,198784,162.383
2048,2048,198848,161.955
2048,2048,198912,163.305
2048,2048,198976,162.481
2048,2048,199040,162.755
2048,2048,199104,161.275
2048,2048,199168,160.99
2048,2048,199232,162.567
2048,2048,199296,163.057
2048,2048,199360,163.983
2048,2048,199424,162.552
2048,2048,199488,162.744
2048,2048,199552,162.597
2048,2048,199616,161.173
2048,2048,199680,162.354
2048,2048,199744,162.642
2048,2048,199808,162.947
2048,2048,199872,164.661
2048,2048,199936,162.071
2048,2048,200000,161.609
2048,2048,200064,161.765
2048,2048,200128,162.036
2048,2048,200192,163.667
2048,2048,200256,163.418
2048,2048,200320,162.945
2048,2048,200384,163.335
2048,2048,200448,162.296
2048,2048,200512,162.017
2048,2048,200576,162.788
2048,2048,200640,162.202
2048,2048,200704,164.561
2048,2048,200768,161.531
2048,2048,200832,161.345
2048,2048,200896,162.522
2048,2048,200960,164.163
2048,2048,201024,163.151
2048,2048,201088,162.73
2048,2048,201152,161.91
2048,2048,201216,160.914
2048,2048,201280,162.313
2048,2048,201344,161.676
2048,2048,201408,162.338
2048,2048,201472,162.515
2048,2048,201536,162.52
2048,2048,201600,163.243
2048,2048,201664,163.662
2048,2048,201728,163.732
2048,2048,201792,163.99
2048,2048,201856,163.047
2048,2048,201920,163.059
2048,2048,201984,164.244
2048,2048,202048,163.478
2048,2048,202112,163.212
2048,2048,202176,163.897
2048,2048,202240,162.048
2048,2048,202304,164.426
2048,2048,202368,163.95
2048,2048,202432,162.495
2048,2048,202496,163.389
2048,2048,202560,162.404
2048,2048,202624,163.627
2048,2048,202688,164.014
2048,2048,202752,161.994
2048,2048,202816,163.787
2048,2048,202880,162.762
2048,2048,202944,162.887
2048,2048,203008,162.456
2048,2048,203072,161.736
2048,2048,203136,162.214
2048,2048,203200,163.826
2048,2048,203264,161.51
2048,2048,203328,163.273
2048,2048,203392,162.995
2048,2048,203456,163.267
2048,2048,203520,161.599
2048,2048,203584,161.071
2048,2048,203648,161.728
2048,2048,203712,161.448
2048,2048,203776,161.74
2048,2048,203840,163.724
2048,2048,203904,163.785
2048,2048,203968,161.695
2048,2048,204032,163.332
2048,2048,204096,161.162
2048,2048,204160,162.72
2048,2048,204224,162.099
2048,2048,204288,163.669
2048,2048,204352,161.764
2048,2048,204416,161.608
2048,2048,204480,164.901
2048,2048,204544,160.778
2048,2048,204608,162.378
2048,2048,204672,162.66
2048,2048,204736,161.489
2048,2048,204800,160.99
2048,2048,204864,162.483
2048,2048,204928,163.34
2048,2048,204992,161.265
2048,2048,205056,162.936
2048,2048,205120,163.542
2048,2048,205184,160.773
2048,2048,205248,161.282
2048,2048,205312,161.88
2048,2048,205376,163.855
2048,2048,205440,163.815
2048,2048,205504,161.608
2048,2048,205568,163.55
2048,2048,205632,163.59
2048,2048,205696,162.63
2048,2048,205760,162.668
2048,2048,205824,164.273
2048,2048,205888,163.09
2048,2048,205952,161.949
2048,2048,206016,162.012
2048,2048,206080,161.553
2048,2048,206144,162.293
2048,2048,206208,160.949
2048,2048,206272,160.651
2048,2048,206336,163.013
2048,2048,206400,162.719
2048,2048,206464,162.347
2048,2048,206528,162.677
2048,2048,206592,162.292
2048,2048,206656,163.02
2048,2048,206720,161.711
2048,2048,206784,160.252
2048,2048,206848,161.141
2048,2048,206912,161.251
2048,2048,206976,162.017
2048,2048,207040,161.22
2048,2048,207104,161.252
2048,2048,207168,161.522
2048,2048,207232,162.6
2048,2048,207296,162.841
2048,2048,207360,164.04
2048,2048,207424,162.012
2048,2048,207488,163.98
2048,2048,207552,161.601
2048,2048,207616,161.588
2048,2048,207680,163.157
2048,2048,207744,163.441
2048,2048,207808,163.736
2048,2048,207872,162.332
2048,2048,207936,163.259
2048,2048,208000,162.815
2048,2048,208064,160.822
2048,2048,208128,161.124
2048,2048,208192,163.509
2048,2048,208256,162.215
2048,2048,208320,162.543
2048,2048,208384,162.996
2048,2048,208448,162.213
2048,2048,208512,162.301
2048,2048,208576,162.615
2048,2048,208640,163.76
2048,2048,208704,162.554
2048,2048,208768,162.977
2048,2048,208832,163.238
2048,2048,208896,162.809
2048,2048,208960,162.54
2048,2048,209024,162.834
2048,2048,209088,161.375
2048,2048,209152,163.061
2048,2048,209216,162.449
2048,2048,209280,162.107
2048,2048,209344,162.719
2048,2048,209408,162.017
2048,2048,209472,161.75
2048,2048,209536,162.774
2048,2048,209600,163.206
2048,2048,209664,163.434
2048,2048,209728,160.492
2048,2048,209792,162.531
2048,2048,209856,162.463
2048,2048,209920,163.075
2048,2048,209984,160.997
2048,2048,210048,161.414
2048,2048,210112,162.081
2048,2048,210176,161.949
2048,2048,210240,163.064
2048,2048,210304,162.816
2048,2048,210368,161.922
2048,2048,210432,163.139
2048,2048,210496,162.426
2048,2048,210560,161.9
2048,2048,210624,160.485
2048,2048,210688,163.409
2048,2048,210752,161.589
2048,2048,210816,162.751
2048,2048,210880,163.926
2048,2048,210944,163.462
2048,2048,211008,163.078
2048,2048,211072,165.124
2048,2048,211136,163.051
2048,2048,211200,162.905
2048,2048,211264,160.922
2048,2048,211328,162.79
2048,2048,211392,163.221
2048,2048,211456,162.182
2048,2048,211520,160.681
2048,2048,211584,163.074
2048,2048,211648,162.508
2048,2048,211712,161.425
2048,2048,211776,161.346
2048,2048,211840,162.883
2048,2048,211904,161.822
2048,2048,211968,160.801
2048,2048,212032,162.241
2048,2048,212096,162.666
2048,2048,212160,161.291
2048,2048,212224,160.953
2048,2048,212288,161.895
2048,2048,212352,160.856
2048,2048,212416,162.939
2048,2048,212480,162.119
2048,2048,212544,161.823
2048,2048,212608,162.242
2048,2048,212672,164.241
2048,2048,212736,163.638
2048,2048,212800,161.919
2048,2048,212864,161.181
2048,2048,212928,161.765
2048,2048,212992,164.625
2048,2048,213056,163.143
2048,2048,213120,163.05
2048,2048,213184,161.487
2048,2048,213248,163.912
2048,2048,213312,160.864
2048,2048,213376,163.094
2048,2048,213440,163.553
2048,2048,213504,161.727
2048,2048,213568,161.448
2048,2048,213632,162.711
2048,2048,213696,163.382
2048,2048,213760,163.303
2048,2048,213824,162.082
2048,2048,213888,163.109
2048,2048,213952,163.048
2048,2048,214016,161.204
2048,2048,214080,161.336
2048,2048,214144,163.27
2048,2048,214208,163.768
2048,2048,214272,163.311
2048,2048,214336,164.16
2048,2048,214400,164.219
2048,2048,214464,163.148
2048,2048,214528,161.683
2048,2048,214592,164.245
2048,2048,214656,162.421
2048,2048,214720,162.237
2048,2048,214784,161.862
2048,2048,214848,161.165
2048,2048,214912,162.335
2048,2048,214976,162.167
2048,2048,215040,162.666
2048,2048,215104,162.146
2048,2048,215168,160.793
2048,2048,215232,163.131
2048,2048,215296,163.35
2048,2048,215360,162.186
2048,2048,215424,160.913
2048,2048,215488,163.342
2048,2048,215552,160.993
2048,2048,215616,161.597
2048,2048,215680,161.074
2048,2048,215744,161.831
2048,2048,215808,160.393
2048,2048,215872,163.205
2048,2048,215936,162.813
2048,2048,216000,162.48
2048,2048,216064,162.674
2048,2048,216128,163.151
2048,2048,216192,164.564
2048,2048,216256,162.533
2048,2048,216320,165.031
2048,2048,216384,163.468
2048,2048,216448,163.386
2048,2048,216512,164.047
2048,2048,216576,161.845
2048,2048,216640,162.318
2048,2048,216704,163.75
2048,2048,216768,164.033
2048,2048,216832,163.003
2048,2048,216896,163.421
2048,2048,216960,162.146
2048,2048,217024,163.19
2048,2048,217088,163.222
2048,2048,217152,160.999
2048,2048,217216,163.375
2048,2048,217280,163.059
2048,2048,217344,162.015
2048,2048,217408,162.563
2048,2048,217472,163.419
2048,2048,217536,163.352
2048,2048,217600,163.38
2048,2048,217664,162.45
2048,2048,217728,161.117
2048,2048,217792,162.234
2048,2048,217856,163.123
2048,2048,217920,161.06
2048,2048,217984,161.933
2048,2048,218048,163.167
2048,2048,218112,163.527
2048,2048,218176,162.237
2048,2048,218240,162.46
2048,2048,218304,162.497
2048,2048,218368,163.937
2048,2048,218432,164.255
2048,2048,218496,161.378
2048,2048,218560,163.697
2048,2048,218624,161.537
2048,2048,218688,162.071
2048,2048,218752,163.233
2048,2048,218816,160.703
2048,2048,218880,160.899
2048,2048,218944,161.274
2048,2048,219008,161.718
2048,2048,219072,161.898
2048,2048,219136,162.366
2048,2048,219200,162.508
2048,2048,219264,162.689
2048,2048,219328,161.865
2048,2048,219392,163.306
2048,2048,219456,162.43
2048,2048,219520,161.037
2048,2048,219584,161.113
2048,2048,219648,161.907
2048,2048,219712,161.207
2048,2048,219776,161.283
2048,2048,219840,161.645
2048,2048,219904,162.483
2048,2048,219968,160.98
2048,2048,220032,161.316
2048,2048,220096,162.615
2048,2048,220160,162.758
2048,2048,220224,162.875
2048,2048,220288,162.043
2048,2048,220352,162.477
2048,2048,220416,162.825
2048,2048,220480,162.225
2048,2048,220544,160.377
2048,2048,220608,162.336
2048,2048,220672,160.879
2048,2048,220736,161.347
2048,2048,220800,161.06
2048,2048,220864,162.241
2048,2048,220928,161.493
2048,2048,220992,161.48
2048,2048,221056,160.617
2048,2048,221120,161.338
2048,2048,221184,162.304
2048,2048,221248,161.169
2048,2048,221312,160.99
2048,2048,221376,161.605
2048,2048,221440,161.903
2048,2048,221504,162.727
2048,2048,221568,162.647
2048,2048,221632,161.23
2048,2048,221696,162.286
2048,2048,221760,161.584
2048,2048,221824,162.133
2048,2048,221888,162.519
2048,2048,221952,162.004
2048,2048,222016,162.511
2048,2048,222080,163.274
2048,2048,222144,163.183
2048,2048,222208,162.495
2048,2048,222272,161.933
2048,2048,222336,162.499
2048,2048,222400,163.257
2048,2048,222464,160.561
2048,2048,222528,162.274
2048,2048,222592,161.967
2048,2048,222656,160.74
2048,2048,222720,162.286
2048,2048,222784,162.671
2048,2048,222848,160.342
2048,2048,222912,160.856
2048,2048,222976,163.046
2048,2048,223040,160.737
2048,2048,223104,161.369
2048,2048,223168,163.08
2048,2048,223232,160.52
2048,2048,223296,161.557
2048,2048,223360,162.12
2048,2048,223424,161.72
2048,2048,223488,162.389
2048,2048,223552,162.672
2048,2048,223616,163.357
2048,2048,223680,161.456
2048,2048,223744,162.752
2048,2048,223808,162.334
2048,2048,223872,161.669
2048,2048,223936,161.236
2048,2048,224000,164.087
2048,2048,224064,163.174
2048,2048,224128,162.337
2048,2048,224192,160.831
2048,2048,224256,162.038
2048,2048,224320,162.655
2048,2048,224384,160.815
2048,2048,224448,162.642
2048,2048,224512,161.887
2048,2048,224576,161.196
2048,2048,224640,161.212
2048,2048,224704,162.633
2048,2048,224768,162.096
2048,2048,224832,162.593
2048,2048,224896,162.911
2048,2048,224960,160.901
2048,2048,225024,160.881
2048,2048,225088,162.198
2048,2048,225152,161.957
2048,2048,225216,161.35
2048,2048,225280,163.041
2048,2048,225344,163.048
2048,2048,225408,162.636
2048,2048,225472,161.777
2048,2048,225536,161.306
2048,2048,225600,162.54
2048,2048,225664,161.438
2048,2048,225728,162.609
2048,2048,225792,162.652
2048,2048,225856,161.423
2048,2048,225920,160.457
2048,2048,225984,161.515
2048,2048,226048,161.924
2048,2048,226112,162.725
2048,2048,226176,162.674
2048,2048,226240,163.469
2048,2048,226304,160.796
2048,2048,226368,160.872
2048,2048,226432,163.363
2048,2048,226496,160.878
2048,2048,226560,162.358
2048,2048,226624,161.267
2048,2048,226688,161.348
2048,2048,226752,162.249
2048,2048,226816,162.328
2048,2048,226880,163.491
2048,2048,226944,161.907
2048,2048,227008,164.345
2048,2048,227072,162.856
2048,2048,227136,163.008
2048,2048,227200,162.729
2048,2048,227264,162.627
2048,2048,227328,161.685
2048,2048,227392,163.962
2048,2048,227456,163.352
2048,2048,227520,161.419
2048,2048,227584,162.429
2048,2048,227648,164.01
2048,2048,227712,161.087
2048,2048,227776,161.813
2048,2048,227840,162.783
2048,2048,227904,161.898
2048,2048,227968,161.465
2048,2048,228032,160.844
2048,2048,228096,161.972
2048,2048,228160,161.447
2048,2048,228224,162.011
2048,2048,228288,160.7
2048,2048,228352,162.021
2048,2048,228416,161.147
2048,2048,228480,162.796
2048,2048,228544,161.786
2048,2048,228608,162.489
2048,2048,228672,161.647
2048,2048,228736,163.599
2048,2048,228800,161.793
2048,2048,228864,163.199
2048,2048,228928,161.771
2048,2048,228992,162.084
2048,2048,229056,163.233
2048,2048,229120,162.98
2048,2048,229184,162.97
2048,2048,229248,162.756
2048,2048,229312,162.815
2048,2048,229376,160.114
2048,2048,229440,163.114
2048,2048,229504,163.192
2048,2048,229568,164.108
2048,2048,229632,161.196
2048,2048,229696,162.849
2048,2048,229760,160.658
2048,2048,229824,162.392
2048,2048,229888,161.622
2048,2048,229952,161.397
2048,2048,230016,162.662
2048,2048,230080,162.451
2048,2048,230144,161.781
2048,2048,230208,161.845
2048,2048,230272,162.799
2048,2048,230336,162.477
2048,2048,230400,161.386
2048,2048,230464,163.009
2048,2048,230528,162.715
2048,2048,230592,162.721
2048,2048,230656,162.995
2048,2048,230720,162.645
2048,2048,230784,163.136
2048,2048,230848,161.094
2048,2048,230912,161.77
2048,2048,230976,161.338
2048,2048,231040,161.133
2048,2048,231104,161.036
2048,2048,231168,161.453
2048,2048,231232,161.855
2048,2048,231296,160.909
2048,2048,231360,161.387
2048,2048,231424,163.053
2048,2048,231488,162.511
2048,2048,231552,160.77
2048,2048,231616,162.446
2048,2048,231680,162.713
2048,2048,231744,161.3
2048,2048,231808,162.93
2048,2048,231872,162.145
2048,2048,231936,162.602
2048,2048,232000,163.347
2048,2048,232064,161.161
2048,2048,232128,162.78
2048,2048,232192,160.271
2048,2048,232256,163.087
2048,2048,232320,162.542
2048,2048,232384,163.061
2048,2048,232448,163.015
2048,2048,232512,163.1
2048,2048,232576,162.923
2048,2048,232640,163.933
2048,2048,232704,161.66
2048,2048,232768,162.508
2048,2048,232832,163.357
2048,2048,232896,163.588
2048,2048,232960,162.97
2048,2048,233024,162.73
2048,2048,233088,162.442
2048,2048,233152,161.62
2048,2048,233216,161.204
2048,2048,233280,160.746
2048,2048,233344,162.081
2048,2048,233408,163.942
2048,2048,233472,161.424
2048,2048,233536,162.464
2048,2048,233600,161.37
2048,2048,233664,160.472
2048,2048,233728,162.506
2048,2048,233792,162.655
2048,2048,233856,163.324
2048,2048,233920,162.811
2048,2048,233984,160.646
2048,2048,234048,162.187
2048,2048,234112,163.751
2048,2048,234176,162.077
2048,2048,234240,163.078
2048,2048,234304,162.927
2048,2048,234368,161.875
2048,2048,234432,163.891
2048,2048,234496,161.638
2048,2048,234560,163.396
2048,2048,234624,163.22
2048,2048,234688,162.722
2048,2048,234752,162.831
2048,2048,234816,162.284
2048,2048,234880,162.256
2048,2048,234944,162.399
2048,2048,235008,161.634
2048,2048,235072,160.638
2048,2048,235136,160.352
2048,2048,235200,162.504
2048,2048,235264,162.689
2048,2048,235328,162.076
2048,2048,235392,161.14
2048,2048,235456,160.777
2048,2048,235520,160.358
2048,2048,235584,161.096
2048,2048,235648,161.201
2048,2048,235712,160.295
2048,2048,235776,161.178
2048,2048,235840,160.841
2048,2048,235904,161.858
2048,2048,235968,162.137
2048,2048,236032,163.26
2048,2048,236096,162.836
2048,2048,236160,163.117
2048,2048,236224,161.138
2048,2048,236288,162.571
2048,2048,236352,161.602
2048,2048,236416,162.724
2048,2048,236480,160.972
2048,2048,236544,162.704
2048,2048,236608,162.677
2048,2048,236672,160.215
2048,2048,236736,161.163
2048,2048,236800,162.646
2048,2048,236864,162.216
2048,2048,236928,160.439
2048,2048,236992,161.737
2048,2048,237056,161.853
2048,2048,237120,161.72
2048,2048,237184,160.819
2048,2048,237248,162.336
2048,2048,237312,162.281
2048,2048,237376,161.759
2048,2048,237440,162.739
2048,2048,237504,164.288
2048,2048,237568,162.064
2048,2048,237632,163.048
2048,2048,237696,164.144
2048,2048,237760,162.689
2048,2048,237824,162.523
2048,2048,237888,162.6
2048,2048,237952,162.382
2048,2048,238016,161.573
2048,2048,238080,161.903
2048,2048,238144,163.309
2048,2048,238208,162.69
2048,2048,238272,163.205
2048,2048,238336,163.002
2048,2048,238400,161.943
2048,2048,238464,162.771
2048,2048,238528,161.912
2048,2048,238592,161.916
2048,2048,238656,162.223
2048,2048,238720,162.153
2048,2048,238784,161.02
2048,2048,238848,160.892
2048,2048,238912,161.641
2048,2048,238976,162.018
2048,2048,239040,163.056
2048,2048,239104,162.779
2048,2048,239168,161.693
2048,2048,239232,161.57
2048,2048,239296,161.626
2048,2048,239360,160.642
2048,2048,239424,162.088
2048,2048,239488,161.137
2048,2048,239552,163.017
2048,2048,239616,160.958
2048,2048,239680,162.374
2048,2048,239744,161.482
2048,2048,239808,162.457
2048,2048,239872,162.645
2048,2048,239936,163.531
2048,2048,240000,161.243
2048,2048,240064,162.64
2048,2048,240128,161.8
2048,2048,240192,160.461
2048,2048,240256,161.109
2048,2048,240320,163.771
2048,2048,240384,161.964
2048,2048,240448,162.527
2048,2048,240512,160.757
2048,2048,240576,162.661
2048,2048,240640,162.878
2048,2048,240704,163.006
2048,2048,240768,161.145
2048,2048,240832,160.905
2048,2048,240896,161.064
2048,2048,240960,160.563
2048,2048,241024,162.844
2048,2048,241088,161.193
2048,2048,241152,161.241
2048,2048,241216,161.256
2048,2048,241280,163.346
2048,2048,241344,162.198
2048,2048,241408,161.256
2048,2048,241472,162.465
2048,2048,241536,162.524
2048,2048,241600,162.554
2048,2048,241664,163.12
2048,2048,241728,163.119
2048,2048,241792,162.44
2048,2048,241856,162.439
2048,2048,241920,162.217
2048,2048,241984,161.132
2048,2048,242048,163.094
2048,2048,242112,162.107
2048,2048,242176,161.113
2048,2048,242240,163.098
2048,2048,242304,162.76
2048,2048,242368,162.357
2048,2048,242432,162.802
2048,2048,242496,160.573
2048,2048,242560,161.774
2048,2048,242624,161.536
2048,2048,242688,163.563
2048,2048,242752,160.742
2048,2048,242816,160.586
2048,2048,242880,161.909
2048,2048,242944,162.412
2048,2048,243008,160.9
2048,2048,243072,161.988
2048,2048,243136,163.693
2048,2048,243200,162.793
2048,2048,243264,162.664
2048,2048,243328,163.083
2048,2048,243392,162.409
2048,2048,243456,162.247
2048,2048,243520,161.407
2048,2048,243584,162.792
2048,2048,243648,163.121
2048,2048,243712,161.03
2048,2048,243776,162.917
2048,2048,243840,160.291
2048,2048,243904,162.358
2048,2048,243968,161.03
2048,2048,244032,162.172
2048,2048,244096,162.071
2048,2048,244160,162.663
2048,2048,244224,161.887
2048,2048,244288,161.849
2048,2048,244352,161.488
2048,2048,244416,160.739
2048,2048,244480,163.002
2048,2048,244544,162.359
2048,2048,244608,162.083
2048,2048,244672,162.15
2048,2048,244736,163.078
2048,2048,244800,163.847
2048,2048,244864,163.221
2048,2048,244928,162.214
2048,2048,244992,163.399
2048,2048,245056,161.654
2048,2048,245120,163.489
2048,2048,245184,161.606
2048,2048,245248,162.603
2048,2048,245312,165.069
2048,2048,245376,162.174
2048,2048,245440,161.642
2048,2048,245504,161.144
2048,2048,245568,160.543
2048,2048,245632,161.729
2048,2048,245696,162.857
2048,2048,245760,159.543
2048,2048,245824,163.086
2048,2048,245888,162.44
2048,2048,245952,161.429
2048,2048,246016,162.569
2048,2048,246080,160.65
2048,2048,246144,163.103
2048,2048,246208,161.984
2048,2048,246272,160.818
2048,2048,246336,161.046
2048,2048,246400,163.498
2048,2048,246464,160.448
2048,2048,246528,162.124
2048,2048,246592,161.069
2048,2048,246656,162.051
2048,2048,246720,163.035
2048,2048,246784,162.257
2048,2048,246848,161.215
2048,2048,246912,162.806
2048,2048,246976,162.082
2048,2048,247040,161.247
2048,2048,247104,163.067
2048,2048,247168,161.779
2048,2048,247232,162.256
2048,2048,247296,162.282
2048,2048,247360,161.904
2048,2048,247424,160.833
2048,2048,247488,161.644
2048,2048,247552,160.856
2048,2048,247616,163.351
2048,2048,247680,160.322
2048,2048,247744,162.333
2048,2048,247808,161.639
2048,2048,247872,161.281
2048,2048,247936,161.783
2048,2048,248000,161.8
2048,2048,248064,160.641
2048,2048,248128,161.365
2048,2048,248192,161.017
2048,2048,248256,161.644
2048,2048,248320,161.652
2048,2048,248384,161.059
2048,2048,248448,161.596
2048,2048,248512,160.829
2048,2048,248576,162.25
2048,2048,248640,162.082
2048,2048,248704,163.097
2048,2048,248768,163.122
2048,2048,248832,162.15
2048,2048,248896,163.019
2048,2048,248960,161.216
2048,2048,249024,161.177
2048,2048,249088,161.375
2048,2048,249152,160.128
2048,2048,249216,160.971
2048,2048,249280,161.793
2048,2048,249344,160.763
2048,2048,249408,162.299
2048,2048,249472,161.409
2048,2048,249536,161.672
2048,2048,249600,162.874
2048,2048,249664,161.908
2048,2048,249728,160.87
2048,2048,249792,160.84
2048,2048,249856,161.696
2048,2048,249920,161.444
2048,2048,249984,162.062
2048,2048,250048,161.905
2048,2048,250112,162.502
2048,2048,250176,162.325
2048,2048,250240,162.49
2048,2048,250304,163.28
2048,2048,250368,161.817
2048,2048,250432,163.864
2048,2048,250496,162.504
2048,2048,250560,163.006
2048,2048,250624,162.096
2048,2048,250688,163.035
2048,2048,250752,162.071
2048,2048,250816,161.827
2048,2048,250880,162.427
2048,2048,250944,161.325
2048,2048,251008,160.556
2048,2048,251072,160.454
2048,2048,251136,162.134
2048,2048,251200,162.003
2048,2048,251264,161.733
2048,2048,251328,162.021
2048,2048,251392,160.969
2048,2048,251456,161.632
2048,2048,251520,161.916
2048,2048,251584,162.801
2048,2048,251648,162.76
2048,2048,251712,160.156
2048,2048,251776,162.031
2048,2048,251840,161.362
2048,2048,251904,160.876
2048,2048,251968,160.681
2048,2048,252032,161.877
2048,2048,252096,161.961
2048,2048,252160,161.175
2048,2048,252224,161.791
2048,2048,252288,163.043
2048,2048,252352,162.405
2048,2048,252416,162.789
2048,2048,252480,162.028
2048,2048,252544,162.843
2048,2048,252608,162.38
2048,2048,252672,162.667
2048,2048,252736,163.444
2048,2048,252800,162.252
2048,2048,252864,162.439
2048,2048,252928,162.424
2048,2048,252992,163.044
2048,2048,253056,162.313
2048,2048,253120,162.833
2048,2048,253184,162.442
2048,2048,253248,162.137
2048,2048,253312,163.092
2048,2048,253376,162.254
2048,2048,253440,162.701
2048,2048,253504,161.816
2048,2048,253568,161.57
2048,2048,253632,162.699
2048,2048,253696,162.114
2048,2048,253760,162.74
2048,2048,253824,162.326
2048,2048,253888,164.482
2048,2048,253952,164.111
2048,2048,254016,163.378
2048,2048,254080,162.181
2048,2048,254144,162.581
2048,2048,254208,162.445
2048,2048,254272,162.749
2048,2048,254336,162.439
2048,2048,254400,161.268
2048,2048,254464,162.261
2048,2048,254528,162.992
2048,2048,254592,160.966
2048,2048,254656,161.765
2048,2048,254720,162.586
2048,2048,254784,162.176
2048,2048,254848,162.647
2048,2048,254912,161.973
2048,2048,254976,162.16
2048,2048,255040,162.37
2048,2048,255104,162.273
2048,2048,255168,162.813
2048,2048,255232,162.656
2048,2048,255296,162.419
2048,2048,255360,162.797
2048,2048,255424,162.68
2048,2048,255488,162.73
2048,2048,255552,163.866
2048,2048,255616,162.929
2048,2048,255680,163.381
2048,2048,255744,162.947
2048,2048,255808,162.705
2048,2048,255872,162.891
2048,2048,255936,162.725
2048,2048,256000,163.456
2048,2048,256064,160.871
2048,2048,256128,163.594
2048,2048,256192,162.009
2048,2048,256256,160.908
2048,2048,256320,160.483
2048,2048,256384,161.956
2048,2048,256448,160.786
2048,2048,256512,162.264
2048,2048,256576,160.555
2048,2048,256640,161.804
2048,2048,256704,162.59
2048,2048,256768,160.71
2048,2048,256832,160.44
2048,2048,256896,162.449
2048,2048,256960,161.992
2048,2048,257024,161.99
2048,2048,257088,160.814
2048,2048,257152,160.628
2048,2048,257216,160.398
2048,2048,257280,160.585
2048,2048,257344,162.863
2048,2048,257408,162.758
2048,2048,257472,161.869
2048,2048,257536,163.341
2048,2048,257600,162.825
2048,2048,257664,162.471
2048,2048,257728,162.741
2048,2048,257792,163.175
2048,2048,257856,162.784
2048,2048,257920,162.961
2048,2048,257984,163.529
2048,2048,258048,161.647
2048,2048,258112,163.006
2048,2048,258176,162.268
2048,2048,258240,162.471
2048,2048,258304,161.412
2048,2048,258368,162.257
2048,2048,258432,162.2
2048,2048,258496,161.502
2048,2048,258560,162.151
2048,2048,258624,162.834
2048,2048,258688,162.282
2048,2048,258752,162.481
2048,2048,258816,163.444
2048,2048,258880,162.946
2048,2048,258944,163.25
2048,2048,259008,160.465
2048,2048,259072,162.625
2048,2048,259136,162.597
2048,2048,259200,163.144
2048,2048,259264,161.006
2048,2048,259328,161.542
2048,2048,259392,161.271
2048,2048,259456,161.937
2048,2048,259520,162.02
2048,2048,259584,162.914
2048,2048,259648,161.784
2048,2048,259712,162.358
2048,2048,259776,163.355
2048,2048,259840,162.574
2048,2048,259904,161.961
2048,2048,259968,161.729
2048,2048,260032,160.34
2048,2048,260096,162.143
2048,2048,260160,160.087
2048,2048,260224,161.919
2048,2048,260288,162.849
2048,2048,260352,161.647
2048,2048,260416,162.783
2048,2048,260480,162.029
2048,2048,260544,161.408
2048,2048,260608,162.852
2048,2048,260672,160.3
2048,2048,260736,161.344
2048,2048,260800,161.655
2048,2048,260864,162.819
2048,2048,260928,163.257
2048,2048,260992,163.0
2048,2048,261056,161.962
2048,2048,261120,161.568
2048,2048,261184,163.37
2048,2048,261248,162.919
2048,2048,261312,163.238
2048,2048,261376,161.623
2048,2048,261440,163.239
2048,2048,261504,163.726
2048,2048,261568,163.376
2048,2048,261632,161.624
2048,2048,261696,162.816
2048,2048,261760,162.272
2048,2048,261824,162.089
2048,2048,261888,162.124
2048,2048,261952,162.202
2048,2048,262016,163.024
2048,2048,262080,162.111
2048,2048,262144,160.235
2048,2048,262208,162.418
2048,2048,262272,162.265
2048,2048,262336,162.627
2048,2048,262400,162.095
2048,2048,262464,162.313
2048,2048,262528,162.555
2048,2048,262592,162.625
2048,2048,262656,162.449
2048,2048,262720,162.332
2048,2048,262784,162.568
2048,2048,262848,162.316
2048,2048,262912,161.438
2048,2048,262976,161.053
2048,2048,263040,161.724
2048,2048,263104,162.942
2048,2048,263168,161.171
2048,2048,263232,160.71
2048,2048,263296,162.972
2048,2048,263360,163.03
2048,2048,263424,163.306
2048,2048,263488,162.621
2048,2048,263552,160.229
2048,2048,263616,163.927
2048,2048,263680,162.643
2048,2048,263744,161.193
2048,2048,263808,163.113
2048,2048,263872,160.94
2048,2048,263936,163.888
2048,2048,264000,161.964
2048,2048,264064,162.39
2048,2048,264128,161.499
2048,2048,264192,162.987
2048,2048,264256,162.645
2048,2048,264320,162.276
2048,2048,264384,162.404
2048,2048,264448,162.449
2048,2048,264512,161.982
2048,2048,264576,163.271
2048,2048,264640,161.478
2048,2048,264704,162.891
2048,2048,264768,162.47
2048,2048,264832,162.907
2048,2048,264896,162.437
2048,2048,264960,163.157
2048,2048,265024,162.591
2048,2048,265088,163.294
2048,2048,265152,162.014
2048,2048,265216,163.961
2048,2048,265280,161.457
2048,2048,265344,162.017
2048,2048,265408,162.821
2048,2048,265472,162.622
2048,2048,265536,161.238
2048,2048,265600,162.399
2048,2048,265664,161.8
2048,2048,265728,161.492
2048,2048,265792,160.6
2048,2048,265856,160.851
2048,2048,265920,160.876
2048,2048,265984,163.001
2048,2048,266048,162.511
2048,2048,266112,160.575
2048,2048,266176,162.461
2048,2048,266240,163.013
2048,2048,266304,163.056
2048,2048,266368,163.09
2048,2048,266432,164.191
2048,2048,266496,162.44
2048,2048,266560,161.207
2048,2048,266624,162.807
2048,2048,266688,160.678
2048,2048,266752,162.758
2048,2048,266816,162.301
2048,2048,266880,162.998
2048,2048,266944,162.918
2048,2048,267008,161.089
2048,2048,267072,162.309
2048,2048,267136,162.426
2048,2048,267200,163.07
2048,2048,267264,161.18
2048,2048,267328,162.04
2048,2048,267392,163.019
2048,2048,267456,160.702
2048,2048,267520,162.96
2048,2048,267584,163.16
2048,2048,267648,162.363
2048,2048,267712,160.313
2048,2048,267776,161.765
2048,2048,267840,162.919
2048,2048,267904,162.357
2048,2048,267968,160.507
2048,2048,268032,162.296
2048,2048,268096,162.399
2048,2048,268160,163.326
2048,2048,268224,162.861
2048,2048,268288,162.277
2048,2048,268352,162.659
2048,2048,268416,162.223
2048,2048,268480,162.323
2048,2048,268544,160.803
2048,2048,268608,161.537
2048,2048,268672,162.735
2048,2048,268736,162.138
2048,2048,268800,163.756
2048,2048,268864,161.76
2048,2048,268928,160.147
2048,2048,268992,162.407
2048,2048,269056,161.564
2048,2048,269120,160.132
2048,2048,269184,161.929
2048,2048,269248,161.08
2048,2048,269312,161.817
2048,2048,269376,161.858
2048,2048,269440,161.52
2048,2048,269504,162.289
2048,2048,269568,160.69
2048,2048,269632,161.701
2048,2048,269696,163.112
2048,2048,269760,162.071
2048,2048,269824,160.79
2048,2048,269888,163.355
2048,2048,269952,161.282
2048,2048,270016,161.244
2048,2048,270080,161.855
2048,2048,270144,161.37
2048,2048,270208,164.303
2048,2048,270272,162.798
2048,2048,270336,161.555
2048,2048,270400,162.181
2048,2048,270464,162.937
2048,2048,270528,162.662
2048,2048,270592,163.092
2048,2048,270656,162.083
2048,2048,270720,161.661
2048,2048,270784,162.181
2048,2048,270848,162.355
2048,2048,270912,162.5
2048,2048,270976,161.796
2048,2048,271040,162.924
2048,2048,271104,161.143
2048,2048,271168,160.249
2048,2048,271232,162.173
2048,2048,271296,161.87
2048,2048,271360,162.023
2048,2048,271424,162.901
2048,2048,271488,161.656
2048,2048,271552,161.448
2048,2048,271616,162.323
2048,2048,271680,162.824
2048,2048,271744,162.283
2048,2048,271808,161.062
2048,2048,271872,163.286
2048,2048,271936,162.171
2048,2048,272000,162.27
2048,2048,272064,162.837
2048,2048,272128,160.937
2048,2048,272192,162.907
2048,2048,272256,161.415
2048,2048,272320,162.373
2048,2048,272384,163.401
2048,2048,272448,162.15
2048,2048,272512,162.53
2048,2048,272576,163.059
2048,2048,272640,161.96
2048,2048,272704,160.364
2048,2048,272768,161.603
2048,2048,272832,162.121
2048,2048,272896,160.593
2048,2048,272960,162.793
2048,2048,273024,161.588
2048,2048,273088,161.133
2048,2048,273152,162.882
2048,2048,273216,161.551
2048,2048,273280,162.566
2048,2048,273344,162.092
2048,2048,273408,162.247
2048,2048,273472,162.494
2048,2048,273536,162.263
2048,2048,273600,162.82
2048,2048,273664,162.992
2048,2048,273728,162.05
2048,2048,273792,163.02
2048,2048,273856,162.741
2048,2048,273920,162.812
2048,2048,273984,162.99
2048,2048,274048,160.817
2048,2048,274112,161.968
2048,2048,274176,161.588
2048,2048,274240,161.907
2048,2048,274304,163.051
2048,2048,274368,162.465
2048,2048,274432,162.552
2048,2048,274496,162.248
2048,2048,274560,162.393
2048,2048,274624,161.664
2048,2048,274688,161.904
2048,2048,274752,161.808
2048,2048,274816,161.896
2048,2048,274880,162.845
2048,2048,274944,162.103
2048,2048,275008,162.376
2048,2048,275072,160.636
2048,2048,275136,162.262
2048,2048,275200,162.568
2048,2048,275264,160.698
2048,2048,275328,162.65
2048,2048,275392,162.75
2048,2048,275456,162.137
2048,2048,275520,162.483
2048,2048,275584,163.142
2048,2048,275648,162.612
2048,2048,275712,162.751
2048,2048,275776,161.932
2048,2048,275840,162.832
2048,2048,275904,163.371
2048,2048,275968,163.078
2048,2048,276032,160.521
2048,2048,276096,162.658
2048,2048,276160,161.958
2048,2048,276224,160.971
2048,2048,276288,161.092
2048,2048,276352,162.814
2048,2048,276416,160.394
2048,2048,276480,162.26
2048,2048,276544,161.935
2048,2048,276608,162.827
2048,2048,276672,162.109
2048,2048,276736,162.225
2048,2048,276800,162.068
2048,2048,276864,162.282
2048,2048,276928,162.867
2048,2048,276992,160.484
2048,2048,277056,162.45
2048,2048,277120,162.877
2048,2048,277184,162.587
2048,2048,277248,161.881
2048,2048,277312,161.842
2048,2048,277376,162.856
2048,2048,277440,160.97
2048,2048,277504,163.438
2048,2048,277568,162.114
2048,2048,277632,160.832
2048,2048,277696,163.317
2048,2048,277760,162.639
2048,2048,277824,161.5
2048,2048,277888,160.355
2048,2048,277952,162.089
2048,2048,278016,162.022
2048,2048,278080,160.71
2048,2048,278144,161.937
2048,2048,278208,161.735
2048,2048,278272,161.083
2048,2048,278336,161.38
2048,2048,278400,161.441
2048,2048,278464,161.802
2048,2048,278528,160.23
2048,2048,278592,162.463
2048,2048,278656,162.966
2048,2048,278720,162.098
2048,2048,278784,163.198
2048,2048,278848,162.489
2048,2048,278912,161.559
2048,2048,278976,161.388
2048,2048,279040,162.004
2048,2048,279104,161.738
2048,2048,279168,161.934
2048,2048,279232,162.783
2048,2048,279296,162.2
2048,2048,279360,160.985
2048,2048,279424,162.414
2048,2048,279488,163.187
2048,2048,279552,163.233
2048,2048,279616,161.499
2048,2048,279680,160.633
2048,2048,279744,162.291
2048,2048,279808,163.181
2048,2048,279872,160.187
2048,2048,279936,163.255
2048,2048,280000,161.129
2048,2048,280064,162.197
2048,2048,280128,162.175
2048,2048,280192,161.493
2048,2048,280256,162.646
2048,2048,280320,161.793
2048,2048,280384,161.378
2048,2048,280448,161.814
2048,2048,280512,162.471
2048,2048,280576,161.924
2048,2048,280640,162.519
2048,2048,280704,163.069
2048,2048,280768,162.984
2048,2048,280832,163.164
2048,2048,280896,162.417
2048,2048,280960,163.141
2048,2048,281024,162.19
2048,2048,281088,162.8
2048,2048,281152,162.169
2048,2048,281216,162.281
2048,2048,281280,162.294
2048,2048,281344,160.209
2048,2048,281408,161.778
2048,2048,281472,160.703
2048,2048,281536,161.374
2048,2048,281600,161.706
2048,2048,281664,161.122
2048,2048,281728,162.135
2048,2048,281792,161.722
2048,2048,281856,161.907
2048,2048,281920,162.717
2048,2048,281984,161.682
2048,2048,282048,162.201
2048,2048,282112,162.674
2048,2048,282176,162.167
2048,2048,282240,162.12
2048,2048,282304,161.434
2048,2048,282368,161.674
2048,2048,282432,161.425
2048,2048,282496,162.709
2048,2048,282560,162.857
2048,2048,282624,163.072
2048,2048,282688,162.232
2048,2048,282752,163.454
2048,2048,282816,162.251
2048,2048,282880,162.589
2048,2048,282944,163.225
2048,2048,283008,162.191
2048,2048,283072,163.275
2048,2048,283136,164.066
2048,2048,283200,161.153
2048,2048,283264,162.392
2048,2048,283328,163.033
2048,2048,283392,162.461
2048,2048,283456,161.613
2048,2048,283520,162.95
2048,2048,283584,161.881
2048,2048,283648,160.436
2048,2048,283712,162.251
2048,2048,283776,162.267
2048,2048,283840,162.556
2048,2048,283904,162.332
2048,2048,283968,162.327
2048,2048,284032,161.759
2048,2048,284096,160.616
2048,2048,284160,160.089
2048,2048,284224,162.113
2048,2048,284288,162.763
2048,2048,284352,162.508
2048,2048,284416,162.34
2048,2048,284480,162.114
2048,2048,284544,163.214
2048,2048,284608,162.85
2048,2048,284672,162.42
2048,2048,284736,162.882
2048,2048,284800,161.248
2048,2048,284864,163.101
2048,2048,284928,161.22
2048,2048,284992,162.319
2048,2048,285056,162.402
2048,2048,285120,162.224
2048,2048,285184,162.014
2048,2048,285248,160.407
2048,2048,285312,162.672
2048,2048,285376,162.811
2048,2048,285440,162.989
2048,2048,285504,162.304
2048,2048,285568,162.112
2048,2048,285632,162.598
2048,2048,285696,161.98
2048,2048,285760,162.307
2048,2048,285824,160.784
2048,2048,285888,162.162
2048,2048,285952,160.27
2048,2048,286016,162.157
2048,2048,286080,163.278
2048,2048,286144,163.342
2048,2048,286208,161.484
2048,2048,286272,162.974
2048,2048,286336,161.096
2048,2048,286400,162.758
2048,2048,286464,162.539
2048,2048,286528,162.55
2048,2048,286592,162.095
2048,2048,286656,160.891
2048,2048,286720,162.422
2048,2048,286784,160.643
2048,2048,286848,160.255
2048,2048,286912,161.408
2048,2048,286976,161.293
2048,2048,287040,161.304
2048,2048,287104,160.44
2048,2048,287168,161.942
2048,2048,287232,161.086
2048,2048,287296,162.448
2048,2048,287360,162.518
2048,2048,287424,160.122
2048,2048,287488,161.937
2048,2048,287552,160.636
2048,2048,287616,160.12
2048,2048,287680,160.555
2048,2048,287744,161.779
2048,2048,287808,160.762
2048,2048,287872,162.416
2048,2048,287936,163.105
2048,2048,288000,163.495
2048,2048,288064,162.226
2048,2048,288128,162.633
2048,2048,288192,162.846
2048,2048,288256,160.937
2048,2048,288320,163.002
2048,2048,288384,162.722
2048,2048,288448,163.232
2048,2048,288512,162.471
2048,2048,288576,162.379
2048,2048,288640,162.498
2048,2048,288704,160.308
2048,2048,288768,161.962
2048,2048,288832,162.507
2048,2048,288896,162.107
2048,2048,288960,162.121
2048,2048,289024,162.238
2048,2048,289088,162.154
2048,2048,289152,162.408
2048,2048,289216,161.765
2048,2048,289280,161.936
2048,2048,289344,162.004
2048,2048,289408,162.389
2048,2048,289472,160.145
2048,2048,289536,160.558
2048,2048,289600,162.057
2048,2048,289664,161.371
2048,2048,289728,163.058
2048,2048,289792,162.624
2048,2048,289856,163.567
2048,2048,289920,162.366
2048,2048,289984,162.347
2048,2048,290048,163.049
2048,2048,290112,162.202
2048,2048,290176,162.628
2048,2048,290240,162.438
2048,2048,290304,160.972
2048,2048,290368,162.178
2048,2048,290432,163.798
2048,2048,290496,162.264
2048,2048,290560,162.494
2048,2048,290624,163.325
2048,2048,290688,162.615
2048,2048,290752,160.437
2048,2048,290816,161.857
2048,2048,290880,162.143
2048,2048,290944,162.53
2048,2048,291008,160.791
2048,2048,291072,162.399
2048,2048,291136,160.633
2048,2048,291200,162.073
2048,2048,291264,161.62
2048,2048,291328,162.807
2048,2048,291392,162.41
2048,2048,291456,162.604
2048,2048,291520,161.54
2048,2048,291584,161.458
2048,2048,291648,162.748
2048,2048,291712,162.439
2048,2048,291776,162.839
2048,2048,291840,163.835
2048,2048,291904,163.869
2048,2048,291968,162.467
2048,2048,292032,160.853
2048,2048,292096,162.106
2048,2048,292160,162.18
2048,2048,292224,160.624
2048,2048,292288,162.076
2048,2048,292352,160.956
2048,2048,292416,160.953
2048,2048,292480,161.983
2048,2048,292544,162.399
2048,2048,292608,161.992
2048,2048,292672,162.479
2048,2048,292736,162.318
2048,2048,292800,160.475
2048,2048,292864,160.54
2048,2048,292928,160.012
2048,2048,292992,160.456
2048,2048,293056,162.176
2048,2048,293120,161.979
2048,2048,293184,162.976
2048,2048,293248,162.273
2048,2048,293312,162.784
2048,2048,293376,162.706
2048,2048,293440,162.833
2048,2048,293504,161.521
2048,2048,293568,162.275
2048,2048,293632,162.76
2048,2048,293696,162.108
2048,2048,293760,162.487
2048,2048,293824,162.937
2048,2048,293888,162.993
2048,2048,293952,162.024
2048,2048,294016,161.995
2048,2048,294080,162.483
2048,2048,294144,162.763
2048,2048,294208,162.584
2048,2048,294272,162.559
2048,2048,294336,162.208
2048,2048,294400,162.493
2048,2048,294464,161.638
2048,2048,294528,161.813
2048,2048,294592,160.184
2048,2048,294656,162.028
2048,2048,294720,160.043
2048,2048,294784,161.307
2048,2048,294848,161.885
2048,2048,294912,160.238
2048,2048,294976,162.195
2048,2048,295040,162.802
2048,2048,295104,162.826
2048,2048,295168,160.8
2048,2048,295232,162.037
2048,2048,295296,161.342
2048,2048,295360,160.696
2048,2048,295424,160.688
2048,2048,295488,162.321
2048,2048,295552,162.548
2048,2048,295616,160.791
2048,2048,295680,163.389
2048,2048,295744,160.815
2048,2048,295808,162.201
2048,2048,295872,161.867
2048,2048,295936,162.22
2048,2048,296000,160.372
2048,2048,296064,162.337
2048,2048,296128,159.952
2048,2048,296192,162.105
2048,2048,296256,161.918
2048,2048,296320,162.148
2048,2048,296384,160.46
2048,2048,296448,162.257
2048,2048,296512,161.64
2048,2048,296576,162.576
2048,2048,296640,161.676
2048,2048,296704,162.267
2048,2048,296768,161.8
2048,2048,296832,162.985
2048,2048,296896,162.668
2048,2048,296960,162.279
2048,2048,297024,161.898
2048,2048,297088,162.416
2048,2048,297152,160.86
2048,2048,297216,160.099
2048,2048,297280,160.613
2048,2048,297344,160.504
2048,2048,297408,160.917
2048,2048,297472,160.719
2048,2048,297536,161.184
2048,2048,297600,161.149
2048,2048,297664,161.292
2048,2048,297728,160.659
2048,2048,297792,160.031
2048,2048,297856,160.301
2048,2048,297920,160.409
2048,2048,297984,161.013
2048,2048,298048,161.716
2048,2048,298112,161.985
2048,2048,298176,160.815
2048,2048,298240,162.747
2048,2048,298304,160.875
2048,2048,298368,161.464
2048,2048,298432,161.136
2048,2048,298496,162.327
2048,2048,298560,161.563
2048,2048,298624,161.949
2048,2048,298688,162.462
2048,2048,298752,161.794
2048,2048,298816,162.508
2048,2048,298880,162.93
2048,2048,298944,162.222
2048,2048,299008,160.818
2048,2048,299072,162.049
2048,2048,299136,161.775
2048,2048,299200,161.607
2048,2048,299264,162.252
2048,2048,299328,162.207
2048,2048,299392,161.489
2048,2048,299456,161.328
2048,2048,299520,160.543
2048,2048,299584,161.664
2048,2048,299648,160.317
2048,2048,299712,161.768
2048,2048,299776,160.941
2048,2048,299840,161.027
2048,2048,299904,161.499
2048,2048,299968,160.958
2048,2048,300032,162.384
2048,2048,300096,160.713
2048,2048,300160,160.345
2048,2048,300224,161.78
2048,2048,300288,160.327
2048,2048,300352,161.981
2048,2048,300416,161.109
2048,2048,300480,161.566
2048,2048,300544,162.027
2048,2048,300608,162.435
2048,2048,300672,160.612
2048,2048,300736,161.965
2048,2048,300800,162.459
2048,2048,300864,161.968
2048,2048,300928,162.608
2048,2048,300992,162.559
2048,2048,301056,161.853
2048,2048,301120,161.181
2048,2048,301184,161.314
2048,2048,301248,160.114
2048,2048,301312,162.344
2048,2048,301376,160.013
2048,2048,301440,161.134
2048,2048,301504,160.172
2048,2048,301568,160.79
2048,2048,301632,162.137
2048,2048,301696,162.648
2048,2048,301760,161.722
2048,2048,301824,160.412
2048,2048,301888,162.415
2048,2048,301952,160.645
2048,2048,302016,161.666
2048,2048,302080,160.7
2048,2048,302144,161.956
2048,2048,302208,162.259
2048,2048,302272,163.104
2048,2048,302336,162.424
2048,2048,302400,160.177
2048,2048,302464,162.478
2048,2048,302528,162.574
2048,2048,302592,162.4
2048,2048,302656,162.274
2048,2048,302720,160.513
2048,2048,302784,160.774
2048,2048,302848,161.65
2048,2048,302912,161.948
2048,2048,302976,162.237
2048,2048,303040,161.528
2048,2048,303104,162.361
2048,2048,303168,162.732
2048,2048,303232,161.674
2048,2048,303296,162.275
2048,2048,303360,162.307
2048,2048,303424,161.395
2048,2048,303488,162.286
2048,2048,303552,161.901
2048,2048,303616,161.489
2048,2048,303680,160.948
2048,2048,303744,160.984
2048,2048,303808,161.405
2048,2048,303872,161.0
2048,2048,303936,161.92
2048,2048,304000,160.882
2048,2048,304064,162.567
2048,2048,304128,162.322
2048,2048,304192,160.651
2048,2048,304256,162.432
2048,2048,304320,162.137
2048,2048,304384,163.109
2048,2048,304448,161.753
2048,2048,304512,160.697
2048,2048,304576,161.033
2048,2048,304640,160.66
2048,2048,304704,162.05
2048,2048,304768,162.529
2048,2048,304832,160.532
2048,2048,304896,162.706
2048,2048,304960,162.156
2048,2048,305024,160.134
2048,2048,305088,161.792
2048,2048,305152,160.666
2048,2048,305216,160.117
2048,2048,305280,160.243
2048,2048,305344,162.5
2048,2048,305408,161.49
2048,2048,305472,160.41
2048,2048,305536,162.209
2048,2048,305600,160.623
2048,2048,305664,162.366
2048,2048,305728,162.225
2048,2048,305792,161.024
2048,2048,305856,161.95
2048,2048,305920,162.563
2048,2048,305984,162.449
2048,2048,306048,162.602
2048,2048,306112,160.974
2048,2048,306176,160.719
2048,2048,306240,161.945
2048,2048,306304,160.962
2048,2048,306368,162.812
2048,2048,306432,162.469
2048,2048,306496,162.314
2048,2048,306560,161.931
2048,2048,306624,161.485
2048,2048,306688,161.839
2048,2048,306752,161.91
2048,2048,306816,162.037
2048,2048,306880,162.129
2048,2048,306944,162.886
2048,2048,307008,161.123
2048,2048,307072,161.323
2048,2048,307136,161.452
2048,2048,307200,160.53
2048,2048,307264,161.904
2048,2048,307328,161.343
2048,2048,307392,161.556
2048,2048,307456,162.101
2048,2048,307520,162.374
2048,2048,307584,162.935
2048,2048,307648,162.419
2048,2048,307712,160.757
2048,2048,307776,163.333
2048,2048,307840,160.922
2048,2048,307904,163.007
2048,2048,307968,162.095
2048,2048,308032,161.245
2048,2048,308096,162.157
2048,2048,308160,160.726
2048,2048,308224,162.309
2048,2048,308288,161.75
2048,2048,308352,161.067
2048,2048,308416,162.334
2048,2048,308480,160.417
2048,2048,308544,160.925
2048,2048,308608,162.413
2048,2048,308672,161.557
2048,2048,308736,162.467
2048,2048,308800,160.381
2048,2048,308864,161.383
2048,2048,308928,161.878
2048,2048,308992,162.102
2048,2048,309056,160.449
2048,2048,309120,161.689
2048,2048,309184,161.923
2048,2048,309248,162.23
2048,2048,309312,162.785
2048,2048,309376,163.466
2048,2048,309440,162.644
2048,2048,309504,160.891
2048,2048,309568,160.395
2048,2048,309632,162.31
2048,2048,309696,162.58
2048,2048,309760,160.838
2048,2048,309824,162.712
2048,2048,309888,162.485
2048,2048,309952,160.958
2048,2048,310016,162.653
2048,2048,310080,160.223
2048,2048,310144,162.037
2048,2048,310208,163.479
2048,2048,310272,162.457
2048,2048,310336,162.022
2048,2048,310400,162.504
2048,2048,310464,161.895
2048,2048,310528,161.831
2048,2048,310592,160.148
2048,2048,310656,160.631
2048,2048,310720,161.014
2048,2048,310784,160.35
2048,2048,310848,161.274
2048,2048,310912,160.387
2048,2048,310976,161.127
2048,2048,311040,160.52
2048,2048,311104,160.843
2048,2048,311168,161.063
2048,2048,311232,163.223
2048,2048,311296,163.006
2048,2048,311360,163.093
2048,2048,311424,162.586
2048,2048,311488,163.726
2048,2048,311552,162.962
2048,2048,311616,160.725
2048,2048,311680,160.722
2048,2048,311744,160.51
2048,2048,311808,162.079
2048,2048,311872,161.973
2048,2048,311936,162.495
2048,2048,312000,161.897
2048,2048,312064,163.219
2048,2048,312128,159.988
2048,2048,312192,162.27
2048,2048,312256,161.102
2048,2048,312320,161.391
2048,2048,312384,161.538
2048,2048,312448,161.447
2048,2048,312512,161.241
2048,2048,312576,162.796
2048,2048,312640,161.955
2048,2048,312704,162.089
2048,2048,312768,161.732
2048,2048,312832,162.217
2048,2048,312896,160.497
2048,2048,312960,162.731
2048,2048,313024,162.101
2048,2048,313088,161.744
2048,2048,313152,160.44
2048,2048,313216,160.827
2048,2048,313280,160.557
2048,2048,313344,160.328
2048,2048,313408,160.542
2048,2048,313472,160.28
2048,2048,313536,162.345
2048,2048,313600,162.85
2048,2048,313664,161.94
2048,2048,313728,162.314
2048,2048,313792,161.845
2048,2048,313856,159.767
2048,2048,313920,160.047
2048,2048,313984,162.043
2048,2048,314048,162.365
2048,2048,314112,161.218
2048,2048,314176,162.346
2048,2048,314240,160.44
2048,2048,314304,161.935
2048,2048,314368,162.456
2048,2048,314432,161.966
2048,2048,314496,160.951
2048,2048,314560,161.777
2048,2048,314624,161.957
2048,2048,314688,162.249
2048,2048,314752,161.695
2048,2048,314816,161.403
2048,2048,314880,163.066
2048,2048,314944,160.468
2048,2048,315008,161.501
2048,2048,315072,162.376
2048,2048,315136,162.264
2048,2048,315200,161.991
2048,2048,315264,160.679
2048,2048,315328,162.91
2048,2048,315392,163.049
2048,2048,315456,163.035
2048,2048,315520,161.44
2048,2048,315584,160.124
2048,2048,315648,161.409
2048,2048,315712,162.199
2048,2048,315776,160.386
2048,2048,315840,160.092
2048,2048,315904,160.461
2048,2048,315968,160.337
2048,2048,316032,161.173
2048,2048,316096,161.918
2048,2048,316160,161.544
2048,2048,316224,161.252
2048,2048,316288,162.264
2048,2048,316352,160.239
2048,2048,316416,160.261
2048,2048,316480,162.809
2048,2048,316544,160.745
2048,2048,316608,161.618
2048,2048,316672,162.34
2048,2048,316736,161.259
2048,2048,316800,161.934
2048,2048,316864,160.15
2048,2048,316928,160.616
2048,2048,316992,161.646
2048,2048,317056,162.283
2048,2048,317120,160.917
2048,2048,317184,162.263
2048,2048,317248,160.379
2048,2048,317312,161.712
2048,2048,317376,161.683
2048,2048,317440,161.583
2048,2048,317504,159.754
2048,2048,317568,160.011
2048,2048,317632,161.379
2048,2048,317696,162.12
2048,2048,317760,160.088
2048,2048,317824,161.705
2048,2048,317888,162.532
2048,2048,317952,161.848
2048,2048,318016,161.154
2048,2048,318080,159.916
2048,2048,318144,160.361
2048,2048,318208,161.62
2048,2048,318272,161.528
2048,2048,318336,160.364
2048,2048,318400,160.969
2048,2048,318464,162.757
2048,2048,318528,161.701
2048,2048,318592,162.079
2048,2048,318656,162.003
2048,2048,318720,160.543
2048,2048,318784,162.004
2048,2048,318848,160.442
2048,2048,318912,161.157
2048,2048,318976,162.442
2048,2048,319040,160.595
2048,2048,319104,162.011
2048,2048,319168,161.772
2048,2048,319232,160.243
2048,2048,319296,161.136
2048,2048,319360,159.812
2048,2048,319424,162.908
2048,2048,319488,162.639
2048,2048,319552,162.777
2048,2048,319616,161.746
2048,2048,319680,161.997
2048,2048,319744,160.391
2048,2048,319808,161.685
2048,2048,319872,161.419
2048,2048,319936,161.945
2048,2048,320000,160.804
2048,2048,320064,161.949
2048,2048,320128,162.357
2048,2048,320192,161.802
2048,2048,320256,162.29
2048,2048,320320,160.505
2048,2048,320384,161.759
2048,2048,320448,162.402
2048,2048,320512,162.437
2048,2048,320576,160.739
2048,2048,320640,162.086
2048,2048,320704,162.708
2048,2048,320768,160.853
2048,2048,320832,160.16
2048,2048,320896,162.102
2048,2048,320960,160.216
2048,2048,321024,162.636
2048,2048,321088,162.049
2048,2048,321152,161.107
2048,2048,321216,162.021
2048,2048,321280,161.648
2048,2048,321344,161.904
2048,2048,321408,162.633
2048,2048,321472,161.867
2048,2048,321536,162.047
2048,2048,321600,160.038
2048,2048,321664,161.832
2048,2048,321728,162.191
2048,2048,321792,162.105
2048,2048,321856,161.94
2048,2048,321920,162.163
2048,2048,321984,162.375
2048,2048,322048,161.924
2048,2048,322112,162.558
2048,2048,322176,161.907
2048,2048,322240,161.664
2048,2048,322304,162.836
2048,2048,322368,160.409
2048,2048,322432,161.733
2048,2048,322496,162.023
2048,2048,322560,162.813
2048,2048,322624,161.398
2048,2048,322688,160.149
2048,2048,322752,160.574
2048,2048,322816,160.368
2048,2048,322880,162.752
2048,2048,322944,160.144
2048,2048,323008,161.896
2048,2048,323072,160.177
2048,2048,323136,162.052
2048,2048,323200,161.365
2048,2048,323264,162.035
2048,2048,323328,160.16
2048,2048,323392,162.29
2048,2048,323456,161.466
2048,2048,323520,161.47
2048,2048,323584,160.166
2048,2048,323648,162.826
2048,2048,323712,160.292
2048,2048,323776,160.707
2048,2048,323840,160.659
2048,2048,323904,162.101
2048,2048,323968,162.722
2048,2048,324032,162.11
2048,2048,324096,163.336
2048,2048,324160,161.297
2048,2048,324224,161.554
2048,2048,324288,162.045
2048,2048,324352,161.986
2048,2048,324416,161.196
2048,2048,324480,161.979
2048,2048,324544,161.419
2048,2048,324608,161.978
2048,2048,324672,160.549
2048,2048,324736,159.803
2048,2048,324800,161.817
2048,2048,324864,162.048
2048,2048,324928,162.737
2048,2048,324992,161.925
2048,2048,325056,162.129
2048,2048,325120,161.982
2048,2048,325184,162.005
2048,2048,325248,161.067
2048,2048,325312,161.786
2048,2048,325376,161.809
2048,2048,325440,162.977
2048,2048,325504,162.23
2048,2048,325568,161.397
2048,2048,325632,162.182
2048,2048,325696,161.945
2048,2048,325760,162.647
2048,2048,325824,162.452
2048,2048,325888,162.535
2048,2048,325952,161.676
2048,2048,326016,162.403
2048,2048,326080,162.551
2048,2048,326144,162.265
2048,2048,326208,162.607
2048,2048,326272,162.696
2048,2048,326336,162.33
2048,2048,326400,162.732
2048,2048,326464,160.407
2048,2048,326528,162.026
2048,2048,326592,162.125
2048,2048,326656,161.779
2048,2048,326720,161.895
2048,2048,326784,161.788
2048,2048,326848,162.007
2048,2048,326912,162.241
2048,2048,326976,162.281
2048,2048,327040,161.994
2048,2048,327104,162.282
2048,2048,327168,161.999
2048,2048,327232,160.942
2048,2048,327296,162.463
2048,2048,327360,162.642
2048,2048,327424,163.08
2048,2048,327488,163.287
2048,2048,327552,162.284
2048,2048,327616,162.455
2048,2048,327680,160.941
2048,2048,327744,161.531
2048,2048,327808,160.664
2048,2048,327872,162.432
2048,2048,327936,162.7
2048,2048,328000,161.86
2048,2048,328064,161.742
2048,2048,328128,162.189
2048,2048,328192,161.974
2048,2048,328256,160.34
2048,2048,328320,161.792
2048,2048,328384,162.252
2048,2048,328448,161.609
2048,2048,328512,161.996
2048,2048,328576,161.938
2048,2048,328640,161.753
2048,2048,328704,162.34
2048,2048,328768,161.543
2048,2048,328832,160.321
2048,2048,328896,161.755
2048,2048,328960,160.203
2048,2048,329024,162.065
2048,2048,329088,162.387
2048,2048,329152,162.415
2048,2048,329216,162.149
2048,2048,329280,162.039
2048,2048,329344,163.272
2048,2048,329408,163.401
2048,2048,329472,162.315
2048,2048,329536,162.629
2048,2048,329600,162.344
2048,2048,329664,162.25
2048,2048,329728,162.633
2048,2048,329792,162.383
2048,2048,329856,162.255
2048,2048,329920,161.497
2048,2048,329984,161.997
2048,2048,330048,161.708
2048,2048,330112,162.188
2048,2048,330176,161.838
2048,2048,330240,162.045
2048,2048,330304,161.73
2048,2048,330368,160.269
2048,2048,330432,161.628
2048,2048,330496,162.347
2048,2048,330560,161.883
2048,2048,330624,162.714
2048,2048,330688,162.148
2048,2048,330752,160.382
2048,2048,330816,163.426
2048,2048,330880,162.146
2048,2048,330944,162.147
2048,2048,331008,162.064
2048,2048,331072,161.739
2048,2048,331136,160.727
2048,2048,331200,162.944
2048,2048,331264,162.716
2048,2048,331328,162.884
2048,2048,331392,162.378
2048,2048,331456,162.177
2048,2048,331520,162.902
2048,2048,331584,162.35
2048,2048,331648,162.041
2048,2048,331712,161.995
2048,2048,331776,162.323
2048,2048,331840,161.783
2048,2048,331904,161.908
2048,2048,331968,162.429
2048,2048,332032,161.538
2048,2048,332096,161.832
2048,2048,332160,162.12
2048,2048,332224,162.329
2048,2048,332288,162.094
2048,2048,332352,162.588
2048,2048,332416,161.987
2048,2048,332480,162.121
2048,2048,332544,162.362
2048,2048,332608,162.68
2048,2048,332672,162.52
2048,2048,332736,162.89
2048,2048,332800,163.048
2048,2048,332864,161.753
2048,2048,332928,162.25
2048,2048,332992,162.219
2048,2048,333056,162.679
2048,2048,333120,162.298
2048,2048,333184,162.539
2048,2048,333248,162.514
2048,2048,333312,162.59
2048,2048,333376,162.513
2048,2048,333440,161.832
2048,2048,333504,161.141
2048,2048,333568,161.885
2048,2048,333632,160.177
2048,2048,333696,161.907
2048,2048,333760,161.7
2048,2048,333824,161.456
2048,2048,333888,161.622
2048,2048,333952,162.084
2048,2048,334016,161.058
2048,2048,334080,162.09
2048,2048,334144,160.369
2048,2048,334208,161.718
2048,2048,334272,162.424
2048,2048,334336,161.96
2048,2048,334400,162.358
2048,2048,334464,161.636
2048,2048,334528,162.312
2048,2048,334592,162.965
2048,2048,334656,160.47
2048,2048,334720,160.986
2048,2048,334784,161.612
2048,2048,334848,162.741
2048,2048,334912,162.687
2048,2048,334976,160.479
2048,2048,335040,162.4
2048,2048,335104,160.858
2048,2048,335168,161.736
2048,2048,335232,162.491
2048,2048,335296,162.042
2048,2048,335360,162.013
2048,2048,335424,161.974
2048,2048,335488,162.149
2048,2048,335552,162.573
2048,2048,335616,162.286
2048,2048,335680,160.539
2048,2048,335744,162.771
2048,2048,335808,161.848
2048,2048,335872,162.987
2048,2048,335936,162.069
2048,2048,336000,161.863
2048,2048,336064,161.901
2048,2048,336128,162.341
2048,2048,336192,162.597
2048,2048,336256,162.034
2048,2048,336320,162.025
2048,2048,336384,162.603
2048,2048,336448,162.99
2048,2048,336512,162.83
2048,2048,336576,162.914
2048,2048,336640,162.351
2048,2048,336704,161.355
2048,2048,336768,161.193
2048,2048,336832,162.212
2048,2048,336896,162.055
2048,2048,336960,162.724
2048,2048,337024,161.572
2048,2048,337088,162.007
2048,2048,337152,161.819
2048,2048,337216,161.216
2048,2048,337280,161.532
2048,2048,337344,161.887
2048,2048,337408,161.703
2048,2048,337472,162.051
2048,2048,337536,162.657
2048,2048,337600,161.997
2048,2048,337664,161.692
2048,2048,337728,160.182
2048,2048,337792,162.143
2048,2048,337856,161.79
2048,2048,337920,160.216
2048,2048,337984,160.639
2048,2048,338048,160.509
2048,2048,338112,161.58
2048,2048,338176,160.785
2048,2048,338240,162.51
2048,2048,338304,162.5
2048,2048,338368,162.397
2048,2048,338432,162.806
2048,2048,338496,160.415
2048,2048,338560,162.331
2048,2048,338624,161.483
2048,2048,338688,161.901
2048,2048,338752,161.682
2048,2048,338816,161.654
2048,2048,338880,162.191
2048,2048,338944,161.707
2048,2048,339008,161.616
2048,2048,339072,161.978
2048,2048,339136,161.817
2048,2048,339200,162.487
2048,2048,339264,160.977
2048,2048,339328,161.623
2048,2048,339392,161.245
2048,2048,339456,161.79
2048,2048,339520,161.747
2048,2048,339584,161.142
2048,2048,339648,161.759
2048,2048,339712,161.613
2048,2048,339776,162.856
2048,2048,339840,160.587
2048,2048,339904,162.526
2048,2048,339968,162.324
2048,2048,340032,162.274
2048,2048,340096,162.383
2048,2048,340160,162.607
2048,2048,340224,162.598
2048,2048,340288,162.198
2048,2048,340352,162.237
2048,2048,340416,162.975
2048,2048,340480,162.739
2048,2048,340544,162.01
2048,2048,340608,162.002
2048,2048,340672,161.964
2048,2048,340736,161.661
2048,2048,340800,161.668
2048,2048,340864,161.934
2048,2048,340928,162.004
2048,2048,340992,162.061
2048,2048,341056,160.432
2048,2048,341120,161.17
2048,2048,341184,161.985
2048,2048,341248,160.011
2048,2048,341312,161.91
2048,2048,341376,162.336
2048,2048,341440,161.986
2048,2048,341504,161.651
2048,2048,341568,162.415
2048,2048,341632,161.858
2048,2048,341696,163.054
2048,2048,341760,162.471
2048,2048,341824,162.643
2048,2048,341888,162.853
2048,2048,341952,162.538
2048,2048,342016,162.831
2048,2048,342080,162.234
2048,2048,342144,162.36
2048,2048,342208,162.366
2048,2048,342272,162.592
2048,2048,342336,161.695
2048,2048,342400,161.737
2048,2048,342464,161.924
2048,2048,342528,160.262
2048,2048,342592,161.951
2048,2048,342656,161.799
2048,2048,342720,161.536
2048,2048,342784,160.801
2048,2048,342848,162.021
2048,2048,342912,162.124
2048,2048,342976,162.256
2048,2048,343040,162.637
2048,2048,343104,161.841
2048,2048,343168,161.993
2048,2048,343232,162.036
2048,2048,343296,162.126
2048,2048,343360,162.444
2048,2048,343424,163.162
2048,2048,343488,162.126
2048,2048,343552,162.311
2048,2048,343616,160.4
2048,2048,343680,162.122
2048,2048,343744,162.651
2048,2048,343808,160.959
2048,2048,343872,162.987
2048,2048,343936,162.625
2048,2048,344000,160.367
2048,2048,344064,163.144
2048,2048,344128,162.303
2048,2048,344192,162.193
2048,2048,344256,161.952
2048,2048,344320,162.664
2048,2048,344384,162.584
2048,2048,344448,160.107
2048,2048,344512,161.873
2048,2048,344576,162.055
2048,2048,344640,160.272
2048,2048,344704,162.09
2048,2048,344768,161.952
2048,2048,344832,162.147
2048,2048,344896,159.913
2048,2048,344960,162.113
2048,2048,345024,162.016
2048,2048,345088,161.728
2048,2048,345152,162.415
2048,2048,345216,162.465
2048,2048,345280,162.466
2048,2048,345344,162.239
2048,2048,345408,162.159
2048,2048,345472,162.863
2048,2048,345536,162.465
2048,2048,345600,161.481
2048,2048,345664,162.137
2048,2048,345728,162.531
2048,2048,345792,162.147
2048,2048,345856,162.328
2048,2048,345920,162.215
2048,2048,345984,161.896
2048,2048,346048,161.512
2048,2048,346112,162.204
2048,2048,346176,161.783
2048,2048,346240,161.896
2048,2048,346304,161.809
2048,2048,346368,161.692
2048,2048,346432,161.783
2048,2048,346496,162.33
2048,2048,346560,161.754
2048,2048,346624,161.924
2048,2048,346688,161.943
2048,2048,346752,161.878
2048,2048,346816,161.762
2048,2048,346880,161.496
2048,2048,346944,162.288
2048,2048,347008,162.541
2048,2048,347072,162.25
2048,2048,347136,161.875
2048,2048,347200,161.814
2048,2048,347264,162.338
2048,2048,347328,162.263
2048,2048,347392,162.492
2048,2048,347456,162.302
2048,2048,347520,162.474
2048,2048,347584,162.314
2048,2048,347648,162.011
2048,2048,347712,162.078
2048,2048,347776,161.762
2048,2048,347840,161.471
2048,2048,347904,160.921
2048,2048,347968,161.747
2048,2048,348032,161.936
2048,2048,348096,162.039
2048,2048,348160,161.599
2048,2048,348224,162.17
2048,2048,348288,161.659
2048,2048,348352,161.595
2048,2048,348416,162.208
2048,2048,348480,162.051
2048,2048,348544,162.164
2048,2048,348608,161.879
2048,2048,348672,161.781
2048,2048,348736,162.198
2048,2048,348800,162.377
2048,2048,348864,163.077
2048,2048,348928,162.175
2048,2048,348992,162.411
2048,2048,349056,162.168
2048,2048,349120,162.002
2048,2048,349184,162.518
2048,2048,349248,162.22
2048,2048,349312,162.863
2048,2048,349376,162.901
2048,2048,349440,162.446
2048,2048,349504,161.201
2048,2048,349568,161.674
2048,2048,349632,161.279
2048,2048,349696,162.147
2048,2048,349760,161.897
2048,2048,349824,161.871
2048,2048,349888,162.094
2048,2048,349952,161.896
2048,2048,350016,161.957
2048,2048,350080,162.062
2048,2048,350144,161.864
2048,2048,350208,161.964
2048,2048,350272,162.091
2048,2048,350336,161.84
2048,2048,350400,162.006
2048,2048,350464,162.065
2048,2048,350528,161.427
2048,2048,350592,162.173
2048,2048,350656,162.492
2048,2048,350720,162.2
2048,2048,350784,161.958
2048,2048,350848,162.714
2048,2048,350912,162.075
2048,2048,350976,162.488
2048,2048,351040,162.183
2048,2048,351104,160.447
2048,2048,351168,161.55
2048,2048,351232,162.376
2048,2048,351296,162.394
2048,2048,351360,161.585
2048,2048,351424,161.809
2048,2048,351488,161.958
2048,2048,351552,162.142
2048,2048,351616,161.542
2048,2048,351680,162.287
2048,2048,351744,161.898
2048,2048,351808,159.953
2048,2048,351872,162.016
2048,2048,351936,161.597
2048,2048,352000,162.024
2048,2048,352064,161.996
2048,2048,352128,161.84
2048,2048,352192,162.022
2048,2048,352256,162.279
2048,2048,352320,162.409
2048,2048,352384,162.342
2048,2048,352448,162.413
2048,2048,352512,161.895
2048,2048,352576,162.134
2048,2048,352640,162.767
2048,2048,352704,162.284
2048,2048,352768,162.697
2048,2048,352832,162.019
2048,2048,352896,162.619
2048,2048,352960,161.795
2048,2048,353024,162.642
2048,2048,353088,161.994
2048,2048,353152,162.275
2048,2048,353216,162.015
2048,2048,353280,162.215
2048,2048,353344,161.615
2048,2048,353408,161.819
2048,2048,353472,162.207
2048,2048,353536,162.08
2048,2048,353600,161.642
2048,2048,353664,161.829
2048,2048,353728,161.809
2048,2048,353792,162.002
2048,2048,353856,161.707
2048,2048,353920,161.003
2048,2048,353984,162.003
2048,2048,354048,161.946
2048,2048,354112,162.675
2048,2048,354176,162.258
2048,2048,354240,162.101
2048,2048,354304,162.501
2048,2048,354368,161.949
2048,2048,354432,162.5
2048,2048,354496,162.201
2048,2048,354560,162.57
2048,2048,354624,162.1
2048,2048,354688,162.253
2048,2048,354752,160.806
2048,2048,354816,161.707
2048,2048,354880,161.785
2048,2048,354944,160.353
2048,2048,355008,161.797
2048,2048,355072,161.898
2048,2048,355136,161.349
2048,2048,355200,161.692
2048,2048,355264,161.701
2048,2048,355328,162.195
2048,2048,355392,161.531
2048,2048,355456,161.668
2048,2048,355520,162.39
2048,2048,355584,161.878
2048,2048,355648,161.981
2048,2048,355712,162.397
2048,2048,355776,161.747
2048,2048,355840,162.197
2048,2048,355904,161.807
2048,2048,355968,162.292
2048,2048,356032,162.107
2048,2048,356096,162.341
2048,2048,356160,162.518
2048,2048,356224,161.836
2048,2048,356288,162.515
2048,2048,356352,162.766
2048,2048,356416,162.579
2048,2048,356480,162.728
2048,2048,356544,160.852
2048,2048,356608,162.489
2048,2048,356672,160.063
2048,2048,356736,162.046
2048,2048,356800,161.957
2048,2048,356864,161.687
2048,2048,356928,159.609
2048,2048,356992,162.039
2048,2048,357056,161.641
2048,2048,357120,161.725
2048,2048,357184,161.605
2048,2048,357248,161.911
2048,2048,357312,161.715
2048,2048,357376,161.435
2048,2048,357440,159.863
2048,2048,357504,162.296
2048,2048,357568,161.645
2048,2048,357632,161.335
2048,2048,357696,161.868
2048,2048,357760,161.361
2048,2048,357824,160.504
2048,2048,357888,162.228
2048,2048,357952,162.05
2048,2048,358016,160.236
2048,2048,358080,161.868
2048,2048,358144,160.191
2048,2048,358208,162.238
2048,2048,358272,160.514
2048,2048,358336,159.987
2048,2048,358400,162.378
2048,2048,358464,160.842
2048,2048,358528,162.078
2048,2048,358592,160.074
2048,2048,358656,161.658
2048,2048,358720,161.635
2048,2048,358784,160.107
2048,2048,358848,160.868
2048,2048,358912,161.982
2048,2048,358976,161.119
2048,2048,359040,161.653
2048,2048,359104,160.796
2048,2048,359168,161.714
2048,2048,359232,162.364
2048,2048,359296,162.031
2048,2048,359360,161.852
2048,2048,359424,162.102
2048,2048,359488,161.474
2048,2048,359552,162.187
2048,2048,359616,162.987
2048,2048,359680,162.289
2048,2048,359744,161.308
2048,2048,359808,162.211
2048,2048,359872,162.338
2048,2048,359936,162.256
2048,2048,360000,162.304
2048,2048,360064,161.948
2048,2048,360128,162.945
2048,2048,360192,163.306
2048,2048,360256,162.398
2048,2048,360320,161.863
2048,2048,360384,161.034
2048,2048,360448,160.776
2048,2048,360512,161.878
2048,2048,360576,160.969
2048,2048,360640,162.25
2048,2048,360704,161.668
2048,2048,360768,161.481
2048,2048,360832,162.043
2048,2048,360896,162.112
2048,2048,360960,161.331
2048,2048,361024,161.796
2048,2048,361088,161.859
2048,2048,361152,161.402
2048,2048,361216,161.444
2048,2048,361280,162.015
2048,2048,361344,162.078
2048,2048,361408,161.829
2048,2048,361472,162.323
2048,2048,361536,162.847
2048,2048,361600,162.436
2048,2048,361664,161.952
2048,2048,361728,162.585
2048,2048,361792,161.922
2048,2048,361856,161.154
2048,2048,361920,161.475
2048,2048,361984,161.909
2048,2048,362048,162.153
2048,2048,362112,160.063
2048,2048,362176,160.972
2048,2048,362240,161.163
2048,2048,362304,161.214
2048,2048,362368,161.566
2048,2048,362432,161.438
2048,2048,362496,161.222
2048,2048,362560,161.421
2048,2048,362624,161.353
2048,2048,362688,161.094
2048,2048,362752,161.558
2048,2048,362816,160.974
2048,2048,362880,161.741
2048,2048,362944,162.205
2048,2048,363008,161.512
2048,2048,363072,162.32
2048,2048,363136,162.105
2048,2048,363200,161.653
2048,2048,363264,162.297
2048,2048,363328,162.477
2048,2048,363392,162.489
2048,2048,363456,162.212
2048,2048,363520,162.288
2048,2048,363584,161.155
2048,2048,363648,161.704
2048,2048,363712,162.267
2048,2048,363776,162.272
2048,2048,363840,161.017
2048,2048,363904,161.984
2048,2048,363968,162.061
2048,2048,364032,162.732
2048,2048,364096,161.422
2048,2048,364160,161.679
2048,2048,364224,161.55
2048,2048,364288,161.292
2048,2048,364352,161.637
2048,2048,364416,161.487
2048,2048,364480,161.581
2048,2048,364544,161.497
2048,2048,364608,162.538
2048,2048,364672,161.506
2048,2048,364736,162.107
2048,2048,364800,162.225
2048,2048,364864,162.89
2048,2048,364928,162.51
2048,2048,364992,162.606
2048,2048,365056,162.511
2048,2048,365120,160.314
2048,2048,365184,162.142
2048,2048,365248,162.416
2048,2048,365312,160.234
2048,2048,365376,161.744
2048,2048,365440,161.416
2048,2048,365504,162.218
2048,2048,365568,161.557
2048,2048,365632,161.65
2048,2048,365696,161.793
2048,2048,365760,161.663
2048,2048,365824,162.007
2048,2048,365888,161.438
2048,2048,365952,161.524
2048,2048,366016,162.144
2048,2048,366080,161.817
2048,2048,366144,161.925
2048,2048,366208,162.391
2048,2048,366272,161.941
2048,2048,366336,161.53
2048,2048,366400,161.298
2048,2048,366464,161.578
2048,2048,366528,161.384
2048,2048,366592,161.762
2048,2048,366656,162.019
2048,2048,366720,162.809
2048,2048,366784,162.255
2048,2048,366848,160.524
2048,2048,366912,161.718
2048,2048,366976,161.69
2048,2048,367040,161.655
2048,2048,367104,161.506
2048,2048,367168,162.408
2048,2048,367232,162.106
2048,2048,367296,161.422
2048,2048,367360,162.44
2048,2048,367424,162.411
2048,2048,367488,162.171
2048,2048,367552,161.927
2048,2048,367616,162.28
2048,2048,367680,161.83
2048,2048,367744,160.183
2048,2048,367808,161.832
2048,2048,367872,161.674
2048,2048,367936,159.445
2048,2048,368000,161.95
2048,2048,368064,162.059
2048,2048,368128,162.316
2048,2048,368192,162.428
2048,2048,368256,161.895
2048,2048,368320,161.947
2048,2048,368384,161.807
2048,2048,368448,162.222
2048,2048,368512,162.273
2048,2048,368576,162.366
2048,2048,368640,162.368
2048,2048,368704,162.616
2048,2048,368768,162.608
2048,2048,368832,162.522
2048,2048,368896,162.098
2048,2048,368960,161.903
2048,2048,369024,162.587
2048,2048,369088,161.817
2048,2048,369152,163.04
2048,2048,369216,162.049
2048,2048,369280,161.692
2048,2048,369344,161.55
2048,2048,369408,161.914
2048,2048,369472,161.922
2048,2048,369536,161.44
2048,2048,369600,162.345
2048,2048,369664,160.063
2048,2048,369728,162.002
2048,2048,369792,162.276
2048,2048,369856,161.797
2048,2048,369920,160.234
2048,2048,369984,161.849
2048,2048,370048,161.641
2048,2048,370112,161.984
2048,2048,370176,161.489
2048,2048,370240,162.263
2048,2048,370304,162.497
2048,2048,370368,162.89
2048,2048,370432,162.355
2048,2048,370496,162.295
2048,2048,370560,162.305
2048,2048,370624,162.106
2048,2048,370688,162.431
2048,2048,370752,162.407
2048,2048,370816,162.283
2048,2048,370880,161.83
2048,2048,370944,162.316
2048,2048,371008,160.698
2048,2048,371072,161.19
2048,2048,371136,162.144
2048,2048,371200,160.736
2048,2048,371264,161.494
2048,2048,371328,159.92
2048,2048,371392,162.082
2048,2048,371456,161.689
2048,2048,371520,161.915
2048,2048,371584,161.807
2048,2048,371648,161.678
2048,2048,371712,161.736
2048,2048,371776,161.637
2048,2048,371840,162.359
2048,2048,371904,161.708
2048,2048,371968,161.529
2048,2048,372032,161.945
2048,2048,372096,161.884
2048,2048,372160,162.795
2048,2048,372224,161.9
2048,2048,372288,162.741
2048,2048,372352,162.445
2048,2048,372416,160.354
2048,2048,372480,162.733
2048,2048,372544,162.269
2048,2048,372608,162.987
2048,2048,372672,162.188
2048,2048,372736,162.553
2048,2048,372800,161.954
2048,2048,372864,160.016
2048,2048,372928,161.82
2048,2048,372992,161.659
2048,2048,373056,161.456
2048,2048,373120,161.895
2048,2048,373184,162.135
2048,2048,373248,161.071
2048,2048,373312,160.602
2048,2048,373376,161.741
2048,2048,373440,161.139
2048,2048,373504,161.678
2048,2048,373568,161.556
2048,2048,373632,161.858
2048,2048,373696,161.168
2048,2048,373760,161.007
2048,2048,373824,161.764
2048,2048,373888,161.811
2048,2048,373952,161.945
2048,2048,374016,161.923
2048,2048,374080,162.289
2048,2048,374144,161.854
2048,2048,374208,161.314
2048,2048,374272,161.689
2048,2048,374336,162.426
2048,2048,374400,162.187
2048,2048,374464,160.769
2048,2048,374528,162.498
2048,2048,374592,161.739
2048,2048,374656,162.184
2048,2048,374720,162.037
2048,2048,374784,161.735
2048,2048,374848,161.627
2048,2048,374912,161.754
2048,2048,374976,162.195
2048,2048,375040,161.386
2048,2048,375104,160.562
2048,2048,375168,161.559
2048,2048,375232,161.047
2048,2048,375296,161.302
2048,2048,375360,162.055
2048,2048,375424,160.999
2048,2048,375488,161.396
2048,2048,375552,161.792
2048,2048,375616,160.962
2048,2048,375680,162.258
2048,2048,375744,161.913
2048,2048,375808,162.214
2048,2048,375872,161.973
2048,2048,375936,162.036
2048,2048,376000,160.312
2048,2048,376064,162.628
2048,2048,376128,161.92
2048,2048,376192,160.548
2048,2048,376256,161.97
2048,2048,376320,162.269
2048,2048,376384,161.72
2048,2048,376448,161.964
2048,2048,376512,161.838
2048,2048,376576,161.551
2048,2048,376640,161.558
2048,2048,376704,161.944
2048,2048,376768,161.671
2048,2048,376832,162.508
2048,2048,376896,162.023
2048,2048,376960,162.183
2048,2048,377024,161.328
2048,2048,377088,161.814
2048,2048,377152,162.017
2048,2048,377216,162.693
2048,2048,377280,161.883
2048,2048,377344,161.981
2048,2048,377408,162.05
2048,2048,377472,162.181
2048,2048,377536,162.253
2048,2048,377600,161.371
2048,2048,377664,161.1
2048,2048,377728,162.013
2048,2048,377792,162.138
2048,2048,377856,161.454
2048,2048,377920,161.876
2048,2048,377984,162.632
2048,2048,378048,161.98
2048,2048,378112,162.303
2048,2048,378176,161.747
2048,2048,378240,161.642
2048,2048,378304,161.636
2048,2048,378368,161.997
2048,2048,378432,161.603
2048,2048,378496,161.764
2048,2048,378560,162.122
2048,2048,378624,162.065
2048,2048,378688,161.776
2048,2048,378752,162.037
2048,2048,378816,161.907
2048,2048,378880,161.732
2048,2048,378944,162.141
2048,2048,379008,161.786
2048,2048,379072,161.535
2048,2048,379136,161.428
2048,2048,379200,160.835
2048,2048,379264,161.934
2048,2048,379328,162.349
2048,2048,379392,162.805
2048,2048,379456,162.109
2048,2048,379520,161.623
2048,2048,379584,162.019
2048,2048,379648,162.246
2048,2048,379712,161.684
2048,2048,379776,162.104
2048,2048,379840,162.468
2048,2048,379904,161.744
2048,2048,379968,161.093
2048,2048,380032,162.371
2048,2048,380096,161.564
2048,2048,380160,162.088
2048,2048,380224,162.166
2048,2048,380288,161.774
2048,2048,380352,161.804
2048,2048,380416,162.012
2048,2048,380480,161.699
2048,2048,380544,161.156
2048,2048,380608,161.215
2048,2048,380672,161.823
2048,2048,380736,162.147
2048,2048,380800,161.778
2048,2048,380864,161.531
2048,2048,380928,161.93
2048,2048,380992,161.898
2048,2048,381056,161.893
2048,2048,381120,162.365
2048,2048,381184,162.543
2048,2048,381248,162.366
2048,2048,381312,162.356
2048,2048,381376,162.397
2048,2048,381440,162.405
2048,2048,381504,161.956
2048,2048,381568,162.367
2048,2048,381632,162.174
2048,2048,381696,162.259
2048,2048,381760,161.622
2048,2048,381824,162.184
2048,2048,381888,161.89
2048,2048,381952,161.617
2048,2048,382016,161.435
2048,2048,382080,161.655
2048,2048,382144,161.778
2048,2048,382208,161.719
2048,2048,382272,161.891
2048,2048,382336,161.913
2048,2048,382400,161.193
2048,2048,382464,162.398
2048,2048,382528,161.462
2048,2048,382592,161.485
2048,2048,382656,161.198
2048,2048,382720,162.006
2048,2048,382784,162.479
2048,2048,382848,161.91
2048,2048,382912,162.356
2048,2048,382976,162.239
2048,2048,383040,161.98
2048,2048,383104,162.547
2048,2048,383168,162.146
2048,2048,383232,162.559
2048,2048,383296,161.84
2048,2048,383360,162.222
2048,2048,383424,162.14
2048,2048,383488,162.588
2048,2048,383552,161.525
2048,2048,383616,161.942
2048,2048,383680,161.891
2048,2048,383744,161.616
2048,2048,383808,161.934
2048,2048,383872,161.923
2048,2048,383936,161.706
2048,2048,384000,161.809
2048,2048,384064,162.004
2048,2048,384128,160.975
2048,2048,384192,161.767
2048,2048,384256,161.518
2048,2048,384320,162.389
2048,2048,384384,162.186
2048,2048,384448,161.704
2048,2048,384512,161.932
2048,2048,384576,162.298
2048,2048,384640,162.062
2048,2048,384704,161.607
2048,2048,384768,162.627
2048,2048,384832,161.303
2048,2048,384896,162.25
2048,2048,384960,162.669
2048,2048,385024,162.699
2048,2048,385088,162.103
2048,2048,385152,162.2
2048,2048,385216,162.024
2048,2048,385280,162.558
2048,2048,385344,161.874
2048,2048,385408,160.9
2048,2048,385472,161.683
2048,2048,385536,161.647
2048,2048,385600,162.066
2048,2048,385664,162.344
2048,2048,385728,161.6
2048,2048,385792,162.152
2048,2048,385856,162.505
2048,2048,385920,161.397
2048,2048,385984,161.002
2048,2048,386048,161.612
2048,2048,386112,161.98
2048,2048,386176,161.912
2048,2048,386240,161.665
2048,2048,386304,162.113
2048,2048,386368,162.254
2048,2048,386432,162.551
2048,2048,386496,162.133
2048,2048,386560,163.049
2048,2048,386624,162.398
2048,2048,386688,162.655
2048,2048,386752,162.474
2048,2048,386816,162.257
2048,2048,386880,160.793
2048,2048,386944,162.277
2048,2048,387008,161.665
2048,2048,387072,162.663
2048,2048,387136,161.397
2048,2048,387200,161.678
2048,2048,387264,160.892
2048,2048,387328,161.63
2048,2048,387392,162.008
2048,2048,387456,161.046
2048,2048,387520,161.723
2048,2048,387584,161.35
2048,2048,387648,160.896
2048,2048,387712,161.97
2048,2048,387776,161.987
2048,2048,387840,160.788
2048,2048,387904,161.073
2048,2048,387968,162.214
2048,2048,388032,161.775
2048,2048,388096,161.555
2048,2048,388160,162.328
2048,2048,388224,162.149
2048,2048,388288,161.92
2048,2048,388352,162.011
2048,2048,388416,162.019
2048,2048,388480,162.215
2048,2048,388544,162.022
2048,2048,388608,162.778
2048,2048,388672,162.167
2048,2048,388736,161.598
2048,2048,388800,160.965
2048,2048,388864,162.01
2048,2048,388928,162.188
2048,2048,388992,161.469
2048,2048,389056,162.062
2048,2048,389120,161.897
2048,2048,389184,161.268
2048,2048,389248,161.748
2048,2048,389312,161.282
2048,2048,389376,161.677
2048,2048,389440,161.46
2048,2048,389504,161.487
2048,2048,389568,161.447
2048,2048,389632,161.842
2048,2048,389696,161.26
2048,2048,389760,161.485
2048,2048,389824,161.248
2048,2048,389888,161.746
2048,2048,389952,162.145
2048,2048,390016,162.432
2048,2048,390080,162.188
2048,2048,390144,162.282
2048,2048,390208,162.056
2048,2048,390272,162.852
2048,2048,390336,162.557
2048,2048,390400,162.2
2048,2048,390464,162.35
2048,2048,390528,162.045
2048,2048,390592,161.881
2048,2048,390656,160.679
2048,2048,390720,162.354
2048,2048,390784,161.831
2048,2048,390848,161.88
2048,2048,390912,161.758
2048,2048,390976,161.846
2048,2048,391040,161.833
2048,2048,391104,161.858
2048,2048,391168,161.404
2048,2048,391232,161.24
2048,2048,391296,161.873
2048,2048,391360,161.799
2048,2048,391424,161.846
2048,2048,391488,161.631
2048,2048,391552,161.952
2048,2048,391616,161.799
2048,2048,391680,161.658
2048,2048,391744,162.703
2048,2048,391808,162.403
2048,2048,391872,160.741
2048,2048,391936,162.274
2048,2048,392000,161.88
2048,2048,392064,162.651
2048,2048,392128,162.307
2048,2048,392192,162.264
2048,2048,392256,163.044
2048,2048,392320,162.426
2048,2048,392384,162.317
2048,2048,392448,162.337
2048,2048,392512,161.813
2048,2048,392576,161.821
2048,2048,392640,161.942
2048,2048,392704,162.549
2048,2048,392768,161.806
2048,2048,392832,162.098
2048,2048,392896,162.051
2048,2048,392960,161.818
2048,2048,393024,161.675
2048,2048,393088,161.983
2048,2048,393152,161.599
2048,2048,393216,161.153
2048,2048,393280,161.477
2048,2048,393344,162.336
2048,2048,393408,161.838
2048,2048,393472,161.564
2048,2048,393536,162.0
2048,2048,393600,162.599
2048,2048,393664,162.41
2048,2048,393728,162.546
2048,2048,393792,162.657
2048,2048,393856,162.323
2048,2048,393920,162.701
2048,2048,393984,162.406
2048,2048,394048,162.812
2048,2048,394112,161.988
2048,2048,394176,161.808
2048,2048,394240,162.083
2048,2048,394304,161.646
2048,2048,394368,161.944
2048,2048,394432,161.793
2048,2048,394496,161.275
2048,2048,394560,161.714
2048,2048,394624,161.79
2048,2048,394688,161.906
2048,2048,394752,161.785
2048,2048,394816,161.724
2048,2048,394880,161.603
2048,2048,394944,161.67
2048,2048,395008,162.071
2048,2048,395072,161.847
2048,2048,395136,161.557
2048,2048,395200,161.515
2048,2048,395264,161.589
2048,2048,395328,162.109
2048,2048,395392,162.138
2048,2048,395456,162.071
2048,2048,395520,162.114
2048,2048,395584,161.965
2048,2048,395648,161.81
2048,2048,395712,162.034
2048,2048,395776,162.82
2048,2048,395840,161.753
2048,2048,395904,161.829
2048,2048,395968,162.104
2048,2048,396032,162.307
2048,2048,396096,161.714
2048,2048,396160,161.766
2048,2048,396224,161.776
2048,2048,396288,161.475
2048,2048,396352,161.885
2048,2048,396416,161.736
2048,2048,396480,159.929
2048,2048,396544,162.115
2048,2048,396608,160.491
2048,2048,396672,161.381
2048,2048,396736,161.676
2048,2048,396800,161.867
2048,2048,396864,161.493
2048,2048,396928,161.679
2048,2048,396992,161.7
2048,2048,397056,161.47
2048,2048,397120,161.918
2048,2048,397184,162.404
2048,2048,397248,162.379
2048,2048,397312,161.786
2048,2048,397376,161.332
2048,2048,397440,162.128
2048,2048,397504,161.832
2048,2048,397568,162.037
2048,2048,397632,161.491
2048,2048,397696,161.922
2048,2048,397760,162.49
2048,2048,397824,161.516
2048,2048,397888,161.972
2048,2048,397952,161.686
2048,2048,398016,161.816
2048,2048,398080,161.395
2048,2048,398144,161.752
2048,2048,398208,161.141
2048,2048,398272,162.208
2048,2048,398336,161.723
2048,2048,398400,161.667
2048,2048,398464,162.09
2048,2048,398528,161.435
2048,2048,398592,161.95
2048,2048,398656,161.841
2048,2048,398720,161.917
2048,2048,398784,161.597
2048,2048,398848,161.369
2048,2048,398912,162.424
2048,2048,398976,161.141
2048,2048,399040,162.26
2048,2048,399104,161.691
2048,2048,399168,162.004
2048,2048,399232,162.206
2048,2048,399296,161.402
2048,2048,399360,161.749
2048,2048,399424,162.049
2048,2048,399488,162.591
2048,2048,399552,162.564
2048,2048,399616,162.503
2048,2048,399680,161.534
2048,2048,399744,161.277
2048,2048,399808,161.79
2048,2048,399872,161.836
2048,2048,399936,161.811
2048,2048,400000,161.695
2048,2048,400064,160.71
2048,2048,400128,161.898
2048,2048,400192,161.76
2048,2048,400256,160.835
2048,2048,400320,161.568
2048,2048,400384,161.679
2048,2048,400448,161.553
2048,2048,400512,161.628
2048,2048,400576,161.685
2048,2048,400640,161.878
2048,2048,400704,161.668
2048,2048,400768,162.435
2048,2048,400832,162.128
2048,2048,400896,162.299
2048,2048,400960,161.967
2048,2048,401024,161.364
2048,2048,401088,162.003
2048,2048,401152,162.506
2048,2048,401216,162.639
2048,2048,401280,162.173
2048,2048,401344,162.184
2048,2048,401408,162.135
2048,2048,401472,161.857
2048,2048,401536,161.74
2048,2048,401600,161.321
2048,2048,401664,161.429
2048,2048,401728,161.537
2048,2048,401792,162.266
2048,2048,401856,161.409
2048,2048,401920,161.163
2048,2048,401984,161.851
2048,2048,402048,161.49
2048,2048,402112,161.772
2048,2048,402176,161.983
2048,2048,402240,160.88
2048,2048,402304,161.084
2048,2048,402368,161.936
2048,2048,402432,161.474
2048,2048,402496,161.888
2048,2048,402560,162.365
2048,2048,402624,162.406
2048,2048,402688,162.129
2048,2048,402752,162.011
2048,2048,402816,162.105
2048,2048,402880,162.199
2048,2048,402944,161.846
2048,2048,403008,161.214
2048,2048,403072,162.071
2048,2048,403136,162.231
2048,2048,403200,162.101
2048,2048,403264,162.029
2048,2048,403328,161.966
2048,2048,403392,160.712
2048,2048,403456,161.039
2048,2048,403520,160.891
2048,2048,403584,161.959
2048,2048,403648,162.068
2048,2048,403712,161.79
2048,2048,403776,161.786
2048,2048,403840,161.495
2048,2048,403904,159.761
2048,2048,403968,161.738
2048,2048,404032,161.671
2048,2048,404096,162.064
2048,2048,404160,161.591
2048,2048,404224,161.49
2048,2048,404288,161.631
2048,2048,404352,163.007
2048,2048,404416,161.774
2048,2048,404480,161.439
2048,2048,404544,161.745
2048,2048,404608,162.046
2048,2048,404672,160.524
2048,2048,404736,162.446
2048,2048,404800,161.72
2048,2048,404864,162.077
2048,2048,404928,161.786
2048,2048,404992,162.031
2048,2048,405056,159.695
2048,2048,405120,162.028
2048,2048,405184,162.121
2048,2048,405248,162.191
2048,2048,405312,161.301
2048,2048,405376,161.823
2048,2048,405440,161.791
2048,2048,405504,161.719
2048,2048,405568,161.552
2048,2048,405632,159.782
2048,2048,405696,161.608
2048,2048,405760,159.824
2048,2048,405824,161.822
2048,2048,405888,161.437
2048,2048,405952,161.903
2048,2048,406016,161.816
2048,2048,406080,163.13
2048,2048,406144,161.914
2048,2048,406208,162.023
2048,2048,406272,162.291
2048,2048,406336,162.012
2048,2048,406400,162.186
2048,2048,406464,162.268
2048,2048,406528,162.715
2048,2048,406592,161.823
2048,2048,406656,162.07
2048,2048,406720,161.924
2048,2048,406784,162.23
2048,2048,406848,162.049
2048,2048,406912,161.673
2048,2048,406976,161.777
2048,2048,407040,161.687
2048,2048,407104,161.55
2048,2048,407168,162.195
2048,2048,407232,162.069
2048,2048,407296,161.72
2048,2048,407360,162.123
2048,2048,407424,160.394
2048,2048,407488,160.21
2048,2048,407552,161.862
2048,2048,407616,161.733
2048,2048,407680,162.231
2048,2048,407744,162.111
2048,2048,407808,161.404
2048,2048,407872,161.929
2048,2048,407936,161.793
2048,2048,408000,162.189
2048,2048,408064,162.63
2048,2048,408128,162.015
2048,2048,408192,161.987
2048,2048,408256,162.032
2048,2048,408320,160.471
2048,2048,408384,162.51
2048,2048,408448,161.836
2048,2048,408512,161.911
2048,2048,408576,162.341
2048,2048,408640,159.969
2048,2048,408704,161.934
2048,2048,408768,161.751
2048,2048,408832,161.888
2048,2048,408896,161.946
2048,2048,408960,159.718
2048,2048,409024,161.693
2048,2048,409088,161.479
2048,2048,409152,161.818
2048,2048,409216,161.756
2048,2048,409280,161.178
2048,2048,409344,161.837
2048,2048,409408,161.883
2048,2048,409472,161.557
2048,2048,409536,161.932
2048,2048,409600,162.308
2048,2048,409664,161.654
2048,2048,409728,162.182
2048,2048,409792,162.287
2048,2048,409856,162.084
2048,2048,409920,161.955
2048,2048,409984,162.021
2048,2048,410048,161.608
2048,2048,410112,160.207
2048,2048,410176,162.212
2048,2048,410240,162.132
2048,2048,410304,162.406
2048,2048,410368,162.563
2048,2048,410432,161.747
2048,2048,410496,161.85
2048,2048,410560,161.71
2048,2048,410624,162.153
2048,2048,410688,161.764
2048,2048,410752,162.236
2048,2048,410816,162.237
2048,2048,410880,162.237
2048,2048,410944,161.715
2048,2048,411008,161.254
2048,2048,411072,161.956
2048,2048,411136,161.59
2048,2048,411200,161.671
2048,2048,411264,161.994
2048,2048,411328,161.668
2048,2048,411392,161.318
2048,2048,411456,162.119
2048,2048,411520,162.332
2048,2048,411584,162.497
2048,2048,411648,162.509
2048,2048,411712,162.184
2048,2048,411776,162.15
2048,2048,411840,162.315
2048,2048,411904,161.768
2048,2048,411968,161.775
2048,2048,412032,162.123
2048,2048,412096,162.445
2048,2048,412160,162.579
2048,2048,412224,162.213
2048,2048,412288,161.661
2048,2048,412352,161.888
2048,2048,412416,161.294
2048,2048,412480,161.438
2048,2048,412544,161.897
2048,2048,412608,162.626
2048,2048,412672,161.336
2048,2048,412736,162.274
2048,2048,412800,161.857
2048,2048,412864,161.363
2048,2048,412928,161.79
2048,2048,412992,161.64
2048,2048,413056,161.842
2048,2048,413120,161.798
2048,2048,413184,161.966
2048,2048,413248,161.95
2048,2048,413312,161.901
2048,2048,413376,162.147
2048,2048,413440,162.319
2048,2048,413504,161.75
2048,2048,413568,161.318
2048,2048,413632,161.99
2048,2048,413696,161.764
2048,2048,413760,162.001
2048,2048,413824,161.844
2048,2048,413888,162.288
2048,2048,413952,162.272
2048,2048,414016,161.826
2048,2048,414080,161.399
2048,2048,414144,159.838
2048,2048,414208,162.059
2048,2048,414272,162.061
2048,2048,414336,161.665
2048,2048,414400,161.814
2048,2048,414464,161.927
2048,2048,414528,161.48
2048,2048,414592,162.141
2048,2048,414656,161.58
2048,2048,414720,161.834
2048,2048,414784,161.428
2048,2048,414848,161.523
2048,2048,414912,161.749
2048,2048,414976,162.066
2048,2048,415040,161.738
2048,2048,415104,162.134
2048,2048,415168,161.81
2048,2048,415232,162.064
2048,2048,415296,161.331
2048,2048,415360,162.049
2048,2048,415424,161.859
2048,2048,415488,162.261
2048,2048,415552,160.638
2048,2048,415616,162.567
2048,2048,415680,162.041
2048,2048,415744,162.509
2048,2048,415808,162.339
2048,2048,415872,161.951
2048,2048,415936,160.218
2048,2048,416000,161.776
2048,2048,416064,162.231
2048,2048,416128,161.982
2048,2048,416192,162.615
2048,2048,416256,161.982
2048,2048,416320,161.663
2048,2048,416384,161.878
2048,2048,416448,161.693
2048,2048,416512,161.675
2048,2048,416576,161.476
2048,2048,416640,161.638
2048,2048,416704,161.735
2048,2048,416768,162.181
2048,2048,416832,162.398
2048,2048,416896,161.806
2048,2048,416960,162.115
2048,2048,417024,162.297
2048,2048,417088,161.835
2048,2048,417152,162.305
2048,2048,417216,161.789
2048,2048,417280,162.596
2048,2048,417344,162.231
2048,2048,417408,162.103
2048,2048,417472,161.882
2048,2048,417536,162.036
2048,2048,417600,161.532
2048,2048,417664,161.939
2048,2048,417728,161.822
2048,2048,417792,161.61
2048,2048,417856,161.564
2048,2048,417920,162.063
2048,2048,417984,161.756
2048,2048,418048,161.663
2048,2048,418112,161.841
2048,2048,418176,161.607
2048,2048,418240,161.927
2048,2048,418304,161.87
2048,2048,418368,161.865
2048,2048,418432,161.43
2048,2048,418496,161.588
2048,2048,418560,159.953
2048,2048,418624,161.84
2048,2048,418688,162.093
2048,2048,418752,162.284
2048,2048,418816,162.231
2048,2048,418880,161.996
2048,2048,418944,161.883
2048,2048,419008,161.968
2048,2048,419072,161.803
2048,2048,419136,162.16
2048,2048,419200,161.849
2048,2048,419264,161.755
2048,2048,419328,162.352
2048,2048,419392,161.648
2048,2048,419456,161.094
2048,2048,419520,161.639
2048,2048,419584,162.295
2048,2048,419648,161.46
2048,2048,419712,161.427
2048,2048,419776,160.889
2048,2048,419840,161.884
2048,2048,419904,161.596
2048,2048,419968,161.929
2048,2048,420032,161.778
2048,2048,420096,161.778
2048,2048,420160,161.504
2048,2048,420224,162.214
2048,2048,420288,162.013
2048,2048,420352,161.72
2048,2048,420416,161.978
2048,2048,420480,162.215
2048,2048,420544,162.191
2048,2048,420608,161.884
2048,2048,420672,161.763
2048,2048,420736,161.604
2048,2048,420800,161.759
2048,2048,420864,162.026
2048,2048,420928,162.531
2048,2048,420992,162.152
2048,2048,421056,162.3
2048,2048,421120,162.447
2048,2048,421184,161.71
2048,2048,421248,160.879
2048,2048,421312,161.566
2048,2048,421376,161.697
2048,2048,421440,161.28
2048,2048,421504,161.349
2048,2048,421568,161.827
2048,2048,421632,161.849
2048,2048,421696,161.351
2048,2048,421760,160.903
2048,2048,421824,161.472
2048,2048,421888,162.19
2048,2048,421952,161.843
2048,2048,422016,161.774
2048,2048,422080,161.636
2048,2048,422144,161.754
2048,2048,422208,161.849
2048,2048,422272,161.732
2048,2048,422336,162.241
2048,2048,422400,162.376
2048,2048,422464,162.322
2048,2048,422528,162.02
2048,2048,422592,161.924
2048,2048,422656,161.976
2048,2048,422720,162.066
2048,2048,422784,162.333
2048,2048,422848,161.644
2048,2048,422912,161.552
2048,2048,422976,161.278
2048,2048,423040,161.636
2048,2048,423104,161.284
2048,2048,423168,161.601
2048,2048,423232,161.789
2048,2048,423296,161.808
2048,2048,423360,160.588
2048,2048,423424,161.393
2048,2048,423488,161.242
2048,2048,423552,160.755
2048,2048,423616,161.365
2048,2048,423680,161.609
2048,2048,423744,162.2
2048,2048,423808,161.586
2048,2048,423872,161.81
2048,2048,423936,161.758
2048,2048,424000,161.593
2048,2048,424064,161.946
2048,2048,424128,161.773
2048,2048,424192,162.382
2048,2048,424256,161.61
2048,2048,424320,161.105
2048,2048,424384,162.031
2048,2048,424448,161.859
2048,2048,424512,161.847
2048,2048,424576,161.966
2048,2048,424640,161.682
2048,2048,424704,162.292
2048,2048,424768,161.388
2048,2048,424832,161.299
2048,2048,424896,161.363
2048,2048,424960,161.646
2048,2048,425024,161.301
2048,2048,425088,161.364
2048,2048,425152,161.813
2048,2048,425216,162.519
2048,2048,425280,161.632
2048,2048,425344,161.621
2048,2048,425408,161.629
2048,2048,425472,161.762
2048,2048,425536,161.786
2048,2048,425600,161.49
2048,2048,425664,161.539
2048,2048,425728,161.624
2048,2048,425792,161.576
2048,2048,425856,162.323
2048,2048,425920,161.943
2048,2048,425984,161.288
2048,2048,426048,162.174
2048,2048,426112,162.22
2048,2048,426176,162.364
2048,2048,426240,162.084
2048,2048,426304,162.34
2048,2048,426368,162.046
2048,2048,426432,162.079
2048,2048,426496,162.481
2048,2048,426560,161.83
2048,2048,426624,161.66
2048,2048,426688,161.578
2048,2048,426752,161.567
2048,2048,426816,159.914
2048,2048,426880,161.633
2048,2048,426944,161.839
2048,2048,427008,161.636
2048,2048,427072,161.57
2048,2048,427136,161.292
2048,2048,427200,161.171
2048,2048,427264,162.184
2048,2048,427328,162.05
2048,2048,427392,161.636
2048,2048,427456,161.568
2048,2048,427520,161.936
2048,2048,427584,161.986
2048,2048,427648,161.783
2048,2048,427712,161.821
2048,2048,427776,162.022
2048,2048,427840,161.75
2048,2048,427904,162.665
2048,2048,427968,159.888
2048,2048,428032,161.955
2048,2048,428096,161.817
2048,2048,428160,161.931
2048,2048,428224,161.93
2048,2048,428288,161.756
2048,2048,428352,161.338
2048,2048,428416,161.465
2048,2048,428480,161.778
2048,2048,428544,161.912
2048,2048,428608,161.445
2048,2048,428672,160.897
2048,2048,428736,161.539
2048,2048,428800,161.657
2048,2048,428864,161.618
2048,2048,428928,161.722
2048,2048,428992,161.704
2048,2048,429056,161.372
2048,2048,429120,161.461
2048,2048,429184,161.153
2048,2048,429248,161.771
2048,2048,429312,161.994
2048,2048,429376,161.513
2048,2048,429440,162.282
2048,2048,429504,162.068
2048,2048,429568,162.171
2048,2048,429632,161.912
2048,2048,429696,161.9
2048,2048,429760,161.975
2048,2048,429824,161.913
2048,2048,429888,162.444
2048,2048,429952,161.96
2048,2048,430016,162.09
2048,2048,430080,162.647
2048,2048,430144,161.794
2048,2048,430208,161.724
2048,2048,430272,161.677
2048,2048,430336,161.005
2048,2048,430400,161.864
2048,2048,430464,161.283
2048,2048,430528,161.833
2048,2048,430592,160.677
2048,2048,430656,161.42
2048,2048,430720,161.773
2048,2048,430784,161.541
2048,2048,430848,161.338
2048,2048,430912,161.707
2048,2048,430976,161.461
2048,2048,431040,161.501
2048,2048,431104,161.965
2048,2048,431168,162.153
2048,2048,431232,162.102
2048,2048,431296,162.009
2048,2048,431360,161.558
2048,2048,431424,162.091
2048,2048,431488,162.173
2048,2048,431552,162.036
2048,2048,431616,161.967
2048,2048,431680,162.197
2048,2048,431744,161.709
2048,2048,431808,162.571
2048,2048,431872,162.426
2048,2048,431936,161.611
2048,2048,432000,161.64
2048,2048,432064,161.243
2048,2048,432128,161.545
2048,2048,432192,161.289
2048,2048,432256,162.112
2048,2048,432320,161.697
2048,2048,432384,161.273
2048,2048,432448,161.779
2048,2048,432512,161.568
2048,2048,432576,161.558
2048,2048,432640,161.656
2048,2048,432704,161.57
2048,2048,432768,161.662
2048,2048,432832,161.892
2048,2048,432896,161.665
2048,2048,432960,161.707
2048,2048,433024,161.833
2048,2048,433088,161.985
2048,2048,433152,162.07
2048,2048,433216,161.969
2048,2048,433280,161.846
2048,2048,433344,161.998
2048,2048,433408,162.196
2048,2048,433472,161.506
2048,2048,433536,162.608
2048,2048,433600,161.99
2048,2048,433664,162.601
2048,2048,433728,161.7
2048,2048,433792,159.982
2048,2048,433856,161.603
2048,2048,433920,161.582
2048,2048,433984,161.62
2048,2048,434048,161.491
2048,2048,434112,161.459
2048,2048,434176,160.509
2048,2048,434240,161.566
2048,2048,434304,161.737
2048,2048,434368,161.807
2048,2048,434432,162.073
2048,2048,434496,161.543
2048,2048,434560,161.886
2048,2048,434624,160.968
2048,2048,434688,161.601
2048,2048,434752,161.933
2048,2048,434816,161.746
2048,2048,434880,162.26
2048,2048,434944,162.492
2048,2048,435008,162.05
2048,2048,435072,161.959
2048,2048,435136,161.967
2048,2048,435200,162.152
2048,2048,435264,161.361
2048,2048,435328,162.16
2048,2048,435392,161.929
2048,2048,435456,162.065
2048,2048,435520,161.429
2048,2048,435584,161.315
2048,2048,435648,161.787
2048,2048,435712,161.379
2048,2048,435776,161.288
2048,2048,435840,161.697
2048,2048,435904,161.528
2048,2048,435968,161.615
2048,2048,436032,161.659
2048,2048,436096,162.208
2048,2048,436160,161.465
2048,2048,436224,161.73
2048,2048,436288,161.157
2048,2048,436352,161.385
2048,2048,436416,161.956
2048,2048,436480,161.721
2048,2048,436544,161.746
2048,2048,436608,161.826
2048,2048,436672,161.952
2048,2048,436736,162.131
2048,2048,436800,161.911
2048,2048,436864,161.931
2048,2048,436928,161.851
2048,2048,436992,162.011
2048,2048,437056,161.411
2048,2048,437120,162.291
2048,2048,437184,161.895
2048,2048,437248,161.814
2048,2048,437312,161.363
2048,2048,437376,161.473
2048,2048,437440,161.596
2048,2048,437504,161.92
2048,2048,437568,161.764
2048,2048,437632,161.655
2048,2048,437696,161.801
2048,2048,437760,161.502
2048,2048,437824,161.523
2048,2048,437888,161.453
2048,2048,437952,161.636
2048,2048,438016,161.445
2048,2048,438080,161.293
2048,2048,438144,161.303
2048,2048,438208,161.814
2048,2048,438272,161.278
2048,2048,438336,162.034
2048,2048,438400,161.908
2048,2048,438464,161.809
2048,2048,438528,161.926
2048,2048,438592,162.13
2048,2048,438656,161.785
2048,2048,438720,161.934
2048,2048,438784,162.023
2048,2048,438848,161.953
2048,2048,438912,161.888
2048,2048,438976,161.915
2048,2048,439040,161.964
2048,2048,439104,161.28
2048,2048,439168,162.11
2048,2048,439232,161.337
2048,2048,439296,161.433
2048,2048,439360,161.695
2048,2048,439424,161.616
2048,2048,439488,162.074
2048,2048,439552,161.618
2048,2048,439616,161.515
2048,2048,439680,161.855
2048,2048,439744,161.51
2048,2048,439808,161.727
2048,2048,439872,161.525
2048,2048,439936,161.861
2048,2048,440000,161.485
2048,2048,440064,161.511
2048,2048,440128,161.909
2048,2048,440192,161.888
2048,2048,440256,162.233
2048,2048,440320,162.095
2048,2048,440384,162.346
2048,2048,440448,161.9
2048,2048,440512,162.287
2048,2048,440576,161.971
2048,2048,440640,161.952
2048,2048,440704,162.11
2048,2048,440768,161.925
2048,2048,440832,162.184
2048,2048,440896,161.059
2048,2048,440960,161.105
2048,2048,441024,161.678
2048,2048,441088,161.46
2048,2048,441152,161.129
2048,2048,441216,161.403
2048,2048,441280,161.187
2048,2048,441344,161.699
2048,2048,441408,161.741
2048,2048,441472,161.983
2048,2048,441536,161.38
2048,2048,441600,161.967
2048,2048,441664,161.321
2048,2048,441728,161.39
2048,2048,441792,161.075
2048,2048,441856,161.38
2048,2048,441920,162.045
2048,2048,441984,161.913
2048,2048,442048,161.802
2048,2048,442112,161.981
2048,2048,442176,161.814
2048,2048,442240,161.915
2048,2048,442304,161.546
2048,2048,442368,162.16
2048,2048,442432,162.119
2048,2048,442496,161.876
2048,2048,442560,161.804
2048,2048,442624,162.115
2048,2048,442688,161.64
2048,2048,442752,161.289
2048,2048,442816,161.534
2048,2048,442880,161.507
2048,2048,442944,161.05
2048,2048,443008,161.458
2048,2048,443072,161.525
2048,2048,443136,161.418
2048,2048,443200,161.24
2048,2048,443264,162.241
2048,2048,443328,161.248
2048,2048,443392,161.491
2048,2048,443456,161.512
2048,2048,443520,161.647
2048,2048,443584,161.843
2048,2048,443648,161.667
2048,2048,443712,161.46
2048,2048,443776,161.784
2048,2048,443840,162.309
2048,2048,443904,162.638
2048,2048,443968,162.047
2048,2048,444032,161.611
2048,2048,444096,161.382
2048,2048,444160,161.844
2048,2048,444224,161.901
2048,2048,444288,161.858
2048,2048,444352,161.98
2048,2048,444416,162.25
2048,2048,444480,161.63
2048,2048,444544,161.805
2048,2048,444608,161.088
2048,2048,444672,161.183
2048,2048,444736,161.193
2048,2048,444800,161.82
2048,2048,444864,161.483
2048,2048,444928,161.654
2048,2048,444992,161.275
2048,2048,445056,161.852
2048,2048,445120,161.338
2048,2048,445184,161.489
2048,2048,445248,161.321
2048,2048,445312,161.451
2048,2048,445376,161.6
2048,2048,445440,161.365
2048,2048,445504,162.361
2048,2048,445568,161.742
2048,2048,445632,162.072
2048,2048,445696,161.979
2048,2048,445760,162.08
2048,2048,445824,161.747
2048,2048,445888,161.932
2048,2048,445952,162.76
2048,2048,446016,162.169
2048,2048,446080,161.681
2048,2048,446144,161.963
2048,2048,446208,162.045
2048,2048,446272,161.192
2048,2048,446336,161.1
2048,2048,446400,161.171
2048,2048,446464,161.595
2048,2048,446528,161.084
2048,2048,446592,161.318
2048,2048,446656,161.556
2048,2048,446720,161.837
2048,2048,446784,161.14
2048,2048,446848,161.843
2048,2048,446912,161.349
2048,2048,446976,161.727
2048,2048,447040,161.689
2048,2048,447104,161.235
2048,2048,447168,161.293
2048,2048,447232,161.476
2048,2048,447296,162.193
2048,2048,447360,161.818
2048,2048,447424,162.05
2048,2048,447488,161.791
2048,2048,447552,161.723
2048,2048,447616,161.856
2048,2048,447680,161.644
2048,2048,447744,161.822
2048,2048,447808,161.671
2048,2048,447872,162.163
2048,2048,447936,162.148
2048,2048,448000,162.073
2048,2048,448064,161.454
2048,2048,448128,161.559
2048,2048,448192,161.808
2048,2048,448256,162.297
2048,2048,448320,161.599
2048,2048,448384,161.519
2048,2048,448448,161.622
2048,2048,448512,161.601
2048,2048,448576,161.297
2048,2048,448640,161.653
2048,2048,448704,161.92
2048,2048,448768,161.91
2048,2048,448832,161.68
2048,2048,448896,161.75
2048,2048,448960,161.805
2048,2048,449024,161.182
2048,2048,449088,162.244
2048,2048,449152,161.951
2048,2048,449216,161.835
2048,2048,449280,162.387
2048,2048,449344,161.858
2048,2048,449408,161.835
2048,2048,449472,161.917
2048,2048,449536,162.132
2048,2048,449600,162.065
2048,2048,449664,161.722
2048,2048,449728,162.452
2048,2048,449792,161.863
2048,2048,449856,161.38
2048,2048,449920,161.585
2048,2048,449984,161.782
2048,2048,450048,161.815
2048,2048,450112,160.597
2048,2048,450176,161.714
2048,2048,450240,161.448
2048,2048,450304,161.331
2048,2048,450368,161.51
2048,2048,450432,161.723
2048,2048,450496,161.763
2048,2048,450560,161.549
2048,2048,450624,162.146
2048,2048,450688,161.917
2048,2048,450752,159.867
2048,2048,450816,161.419
2048,2048,450880,161.789
2048,2048,450944,161.916
2048,2048,451008,162.302
2048,2048,451072,161.971
2048,2048,451136,162.13
2048,2048,451200,162.082
2048,2048,451264,161.357
2048,2048,451328,162.325
2048,2048,451392,162.267
2048,2048,451456,162.026
2048,2048,451520,162.178
2048,2048,451584,162.217
2048,2048,451648,160.065
2048,2048,451712,161.013
2048,2048,451776,161.813
2048,2048,451840,161.686
2048,2048,451904,161.58
2048,2048,451968,161.454
2048,2048,452032,161.554
2048,2048,452096,161.787
2048,2048,452160,161.699
2048,2048,452224,161.368
2048,2048,452288,161.371
2048,2048,452352,161.774
2048,2048,452416,161.495
2048,2048,452480,159.737
2048,2048,452544,162.218
2048,2048,452608,161.997
2048,2048,452672,161.916
2048,2048,452736,161.975
2048,2048,452800,162.056
2048,2048,452864,162.031
2048,2048,452928,162.105
2048,2048,452992,162.197
2048,2048,453056,161.733
2048,2048,453120,160.074
2048,2048,453184,161.293
2048,2048,453248,162.578
2048,2048,453312,161.837
2048,2048,453376,162.194
2048,2048,453440,161.207
2048,2048,453504,161.491
2048,2048,453568,161.466
2048,2048,453632,161.997
2048,2048,453696,161.506
2048,2048,453760,159.889
2048,2048,453824,160.871
2048,2048,453888,161.563
2048,2048,453952,161.561
2048,2048,454016,161.749
2048,2048,454080,161.666
2048,2048,454144,161.741
2048,2048,454208,161.324
2048,2048,454272,161.321
2048,2048,454336,161.416
2048,2048,454400,161.572
2048,2048,454464,162.0
2048,2048,454528,161.965
2048,2048,454592,161.931
2048,2048,454656,161.392
2048,2048,454720,162.046
2048,2048,454784,161.705
2048,2048,454848,161.695
2048,2048,454912,162.062
2048,2048,454976,161.458
2048,2048,455040,162.265
2048,2048,455104,161.973
2048,2048,455168,161.98
2048,2048,455232,161.651
2048,2048,455296,161.542
2048,2048,455360,161.26
2048,2048,455424,161.519
2048,2048,455488,161.567
2048,2048,455552,161.781
2048,2048,455616,161.38
2048,2048,455680,161.548
2048,2048,455744,161.451
2048,2048,455808,161.516
2048,2048,455872,161.143
2048,2048,455936,161.274
2048,2048,456000,161.383
2048,2048,456064,161.709
2048,2048,456128,161.08
2048,2048,456192,161.219
2048,2048,456256,161.911
2048,2048,456320,161.882
2048,2048,456384,161.799
2048,2048,456448,160.948
2048,2048,456512,161.695
2048,2048,456576,161.749
2048,2048,456640,161.983
2048,2048,456704,162.014
2048,2048,456768,161.795
2048,2048,456832,162.233
2048,2048,456896,162.168
2048,2048,456960,161.851
2048,2048,457024,161.229
2048,2048,457088,161.594
2048,2048,457152,161.523
2048,2048,457216,161.238
2048,2048,457280,161.413
2048,2048,457344,162.202
2048,2048,457408,161.419
2048,2048,457472,161.435
2048,2048,457536,160.863
2048,2048,457600,161.45
2048,2048,457664,161.307
2048,2048,457728,161.616
2048,2048,457792,161.07
2048,2048,457856,161.382
2048,2048,457920,161.842
2048,2048,457984,161.613
2048,2048,458048,161.865
2048,2048,458112,161.879
2048,2048,458176,162.52
2048,2048,458240,162.062
2048,2048,458304,161.737
2048,2048,458368,161.918
2048,2048,458432,161.835
2048,2048,458496,162.171
2048,2048,458560,161.793
2048,2048,458624,161.884
2048,2048,458688,162.016
2048,2048,458752,160.371
2048,2048,458816,161.751
2048,2048,458880,161.57
2048,2048,458944,161.474
2048,2048,459008,161.421
2048,2048,459072,161.462
2048,2048,459136,161.809
2048,2048,459200,161.725
2048,2048,459264,161.308
2048,2048,459328,161.67
2048,2048,459392,161.663
2048,2048,459456,161.157
2048,2048,459520,161.877
2048,2048,459584,161.657
2048,2048,459648,161.466
2048,2048,459712,161.541
2048,2048,459776,161.274
2048,2048,459840,162.156
2048,2048,459904,162.0
2048,2048,459968,161.192
2048,2048,460032,162.373
2048,2048,460096,161.827
2048,2048,460160,161.761
2048,2048,460224,161.809
2048,2048,460288,161.801
2048,2048,460352,161.733
2048,2048,460416,162.115
2048,2048,460480,161.73
2048,2048,460544,161.469
2048,2048,460608,161.363
2048,2048,460672,161.671
2048,2048,460736,161.115
2048,2048,460800,161.564
2048,2048,460864,161.236
2048,2048,460928,161.69
2048,2048,460992,161.461
2048,2048,461056,162.026
2048,2048,461120,161.63
2048,2048,461184,161.556
2048,2048,461248,161.247
2048,2048,461312,161.183
2048,2048,461376,161.537
2048,2048,461440,161.448
2048,2048,461504,161.686
2048,2048,461568,161.669
2048,2048,461632,161.422
2048,2048,461696,161.841
2048,2048,461760,161.746
2048,2048,461824,161.676
2048,2048,461888,162.19
2048,2048,461952,162.117
2048,2048,462016,161.75
2048,2048,462080,161.985
2048,2048,462144,161.631
2048,2048,462208,161.632
2048,2048,462272,161.963
2048,2048,462336,161.878
2048,2048,462400,161.464
2048,2048,462464,161.414
2048,2048,462528,161.686
2048,2048,462592,161.377
2048,2048,462656,161.476
2048,2048,462720,161.32
2048,2048,462784,161.411
2048,2048,462848,161.983
2048,2048,462912,161.649
2048,2048,462976,161.256
2048,2048,463040,161.503
2048,2048,463104,161.463
2048,2048,463168,161.205
2048,2048,463232,161.203
2048,2048,463296,161.197
2048,2048,463360,161.465
2048,2048,463424,161.733
2048,2048,463488,161.915
2048,2048,463552,161.447
2048,2048,463616,161.436
2048,2048,463680,161.775
2048,2048,463744,161.919
2048,2048,463808,162.155
2048,2048,463872,162.237
2048,2048,463936,160.914
2048,2048,464000,162.157
2048,2048,464064,161.739
2048,2048,464128,161.813
2048,2048,464192,161.308
2048,2048,464256,159.662
2048,2048,464320,161.446
2048,2048,464384,161.098
2048,2048,464448,161.331
2048,2048,464512,161.876
2048,2048,464576,161.364
2048,2048,464640,161.71
2048,2048,464704,161.336
2048,2048,464768,161.571
2048,2048,464832,161.206
2048,2048,464896,161.672
2048,2048,464960,160.997
2048,2048,465024,161.97
2048,2048,465088,161.52
2048,2048,465152,161.742
2048,2048,465216,161.494
2048,2048,465280,161.666
2048,2048,465344,161.694
2048,2048,465408,162.283
2048,2048,465472,161.991
2048,2048,465536,160.878
2048,2048,465600,162.044
2048,2048,465664,161.831
2048,2048,465728,161.938
2048,2048,465792,161.815
2048,2048,465856,162.893
2048,2048,465920,162.115
2048,2048,465984,161.096
2048,2048,466048,161.454
2048,2048,466112,161.499
2048,2048,466176,161.563
2048,2048,466240,161.751
2048,2048,466304,161.622
2048,2048,466368,161.765
2048,2048,466432,161.989
2048,2048,466496,160.956
2048,2048,466560,161.31
2048,2048,466624,161.284
2048,2048,466688,161.301
2048,2048,466752,161.348
2048,2048,466816,161.683
2048,2048,466880,161.596
2048,2048,466944,161.531
2048,2048,467008,162.055
2048,2048,467072,161.962
2048,2048,467136,161.895
2048,2048,467200,161.85
2048,2048,467264,161.569
2048,2048,467328,162.039
2048,2048,467392,161.561
2048,2048,467456,161.856
2048,2048,467520,161.815
2048,2048,467584,161.824
2048,2048,467648,162.381
2048,2048,467712,161.892
2048,2048,467776,161.086
2048,2048,467840,161.77
2048,2048,467904,161.912
2048,2048,467968,161.889
2048,2048,468032,161.396
2048,2048,468096,161.14
2048,2048,468160,161.114
2048,2048,468224,161.648
2048,2048,468288,162.335
2048,2048,468352,161.492
2048,2048,468416,161.252
2048,2048,468480,161.498
2048,2048,64,6.185
2048,2048,128,11.641
2048,2048,192,16.016
2048,2048,256,21.187
2048,2048,320,26.525
2048,2048,384,31.931
2048,2048,448,34.491
2048,2048,512,39.447
2048,2048,576,43.926
2048,2048,640,49.71
2048,2048,704,55.172
2048,2048,768,60.549
2048,2048,832,59.027
2048,2048,896,63.957
2048,2048,960,67.832
2048,2048,1024,74.565
2048,2048,1088,73.889
2048,2048,1152,77.235
2048,2048,1216,80.957
2048,2048,1280,84.948
2048,2048,1344,89.878
2048,2048,1408,96.623
2048,2048,1472,99.71
2048,2048,1536,100.852
2048,2048,1600,102.739
2048,2048,1664,108.307
2048,2048,1728,111.23
2048,2048,1792,110.728
2048,2048,1856,107.049
2048,2048,1920,110.437
2048,2048,1984,113.993
2048,2048,2048,116.017
2048,2048,2112,106.369
2048,2048,2176,109.12
2048,2048,2240,111.742
2048,2048,2304,116.994
2048,2048,2368,117.791
2048,2048,2432,120.917
2048,2048,2496,123.63
2048,2048,2560,129.804
2048,2048,2624,115.414
2048,2048,2688,120.813
2048,2048,2752,124.49
2048,2048,2816,123.755
2048,2048,2880,126.727
2048,2048,2944,131.25
2048,2048,3008,134.561
2048,2048,3072,138.966
2048,2048,3136,140.527
2048,2048,3200,141.461
2048,2048,3264,145.331
2048,2048,3328,145.524
2048,2048,3392,150.774
2048,2048,3456,150.681
2048,2048,3520,151.27
2048,2048,3584,154.337
2048,2048,3648,143.697
2048,2048,3712,147.492
2048,2048,3776,144.875
2048,2048,3840,146.154
2048,2048,3904,152.237
2048,2048,3968,154.33
2048,2048,4032,158.465
2048,2048,4096,160.32
2048,2048,4160,141.718
2048,2048,4224,146.033
2048,2048,4288,146.126
2048,2048,4352,149.18
2048,2048,4416,152.37
2048,2048,4480,152.027
2048,2048,4544,154.049
2048,2048,4608,157.44
2048,2048,4672,159.057
2048,2048,4736,161.288
2048,2048,4800,163.893
2048,2048,4864,164.472
2048,2048,4928,167.175
2048,2048,4992,169.896
2048,2048,5056,172.354
2048,2048,5120,173.184
2048,2048,5184,175.179
2048,2048,5248,176.943
2048,2048,5312,178.986
2048,2048,5376,179.641
2048,2048,5440,161.869
2048,2048,5504,161.935
2048,2048,5568,165.913
2048,2048,5632,168.827
2048,2048,5696,169.342
2048,2048,5760,170.471
2048,2048,5824,173.986
2048,2048,5888,174.703
2048,2048,5952,176.652
2048,2048,6016,179.16
2048,2048,6080,180.4
2048,2048,6144,182.557
2048,2048,6208,170.14
2048,2048,6272,175.284
2048,2048,6336,176.274
2048,2048,6400,176.695
2048,2048,6464,180.026
2048,2048,6528,178.863
2048,2048,6592,182.236
2048,2048,6656,185.128
2048,2048,6720,189.88
2048,2048,6784,186.854
2048,2048,6848,189.463
2048,2048,6912,190.781
2048,2048,6976,192.699
2048,2048,7040,194.518
2048,2048,7104,194.798
2048,2048,7168,197.069
2048,2048,7232,180.426
2048,2048,7296,179.335
2048,2048,7360,183.532
2048,2048,7424,182.609
2048,2048,7488,177.923
2048,2048,7552,179.769
2048,2048,7616,184.348
2048,2048,7680,180.521
2048,2048,7744,183.217
2048,2048,7808,186.796
2048,2048,7872,191.829
2048,2048,7936,193.613
2048,2048,8000,193.688
2048,2048,8064,192.657
2048,2048,8128,195.837
2048,2048,8192,196.341
2048,2048,8256,193.022
2048,2048,8320,194.91
2048,2048,8384,194.11
2048,2048,8448,196.591
2048,2048,8512,199.452
2048,2048,8576,199.216
2048,2048,8640,201.91
2048,2048,8704,196.318
2048,2048,8768,202.598
2048,2048,8832,208.77
2048,2048,8896,206.329
2048,2048,8960,207.355
2048,2048,9024,189.436
2048,2048,9088,191.316
2048,2048,9152,192.973
2048,2048,9216,194.245
2048,2048,9280,190.315
2048,2048,9344,191.067
2048,2048,9408,193.735
2048,2048,9472,192.632
2048,2048,9536,189.991
2048,2048,9600,192.583
2048,2048,9664,192.285
2048,2048,9728,193.927
2048,2048,9792,196.548
2048,2048,9856,198.669
2048,2048,9920,200.847
2048,2048,9984,198.766
2048,2048,10048,200.535
2048,2048,10112,201.812
2048,2048,10176,203.71
2048,2048,10240,205.816
2048,2048,10304,207.341
2048,2048,10368,207.474
2048,2048,10432,208.954
2048,2048,10496,209.635
2048,2048,10560,211.316
2048,2048,10624,209.913
2048,2048,10688,214.491
2048,2048,10752,218.198
2048,2048,10816,198.623
2048,2048,10880,200.325
2048,2048,10944,202.965
2048,2048,11008,200.778
2048,2048,11072,196.51
2048,2048,11136,198.52
2048,2048,11200,203.961
2048,2048,11264,199.783
2048,2048,11328,198.633
2048,2048,11392,198.791
2048,2048,11456,200.308
2048,2048,11520,204.323
2048,2048,11584,204.352
2048,2048,11648,205.689
2048,2048,11712,205.952
2048,2048,11776,205.938
2048,2048,11840,207.889
2048,2048,11904,210.813
2048,2048,11968,212.773
2048,2048,12032,214.566
2048,2048,12096,213.924
2048,2048,12160,213.722
2048,2048,12224,216.92
2048,2048,12288,217.027
2048,2048,12352,218.047
2048,2048,12416,217.711
2048,2048,12480,220.567
2048,2048,12544,220.916
2048,2048,12608,205.926
2048,2048,12672,207.036
2048,2048,12736,206.921
2048,2048,12800,207.671
2048,2048,12864,203.914
2048,2048,12928,204.31
2048,2048,12992,207.195
2048,2048,13056,210.069
2048,2048,13120,208.476
2048,2048,13184,206.304
2048,2048,13248,208.051
2048,2048,13312,208.899
2048,2048,13376,209.872
2048,2048,13440,211.859
2048,2048,13504,213.092
2048,2048,13568,213.3
2048,2048,13632,214.853
2048,2048,13696,215.538
2048,2048,13760,213.564
2048,2048,13824,217.487
2048,2048,13888,217.84
2048,2048,13952,220.726
2048,2048,14016,220.706
2048,2048,14080,221.481
2048,2048,14144,221.955
2048,2048,14208,222.826
2048,2048,14272,221.053
2048,2048,14336,226.323
2048,2048,14400,210.212
2048,2048,14464,211.617
2048,2048,14528,211.374
2048,2048,14592,205.905
2048,2048,14656,209.287
2048,2048,14720,203.226
2048,2048,14784,211.981
2048,2048,14848,211.913
2048,2048,14912,209.687
2048,2048,14976,205.221
2048,2048,15040,206.313
2048,2048,15104,212.159
2048,2048,15168,215.922
2048,2048,15232,214.849
2048,2048,15296,219.262
2048,2048,15360,211.672
2048,2048,15424,219.298
2048,2048,15488,221.107
2048,2048,15552,218.16
2048,2048,15616,223.087
2048,2048,15680,223.514
2048,2048,15744,224.915
2048,2048,15808,224.88
2048,2048,15872,225.729
2048,2048,15936,224.086
2048,2048,16000,227.673
2048,2048,16064,227.965
2048,2048,16128,220.661
2048,2048,16192,217.117
2048,2048,16256,223.491
2048,2048,16320,213.722
2048,2048,16384,224.31
2048,2048,16448,215.453
2048,2048,16512,213.992
2048,2048,16576,218.247
2048,2048,16640,219.863
2048,2048,16704,218.779
2048,2048,16768,216.161
2048,2048,16832,216.719
2048,2048,16896,210.463
2048,2048,16960,219.499
2048,2048,17024,220.627
2048,2048,17088,214.588
2048,2048,17152,215.805
2048,2048,17216,222.95
2048,2048,17280,223.365
2048,2048,17344,212.261
2048,2048,17408,219.976
2048,2048,17472,229.009
2048,2048,17536,227.319
2048,2048,17600,227.25
2048,2048,17664,227.516
2048,2048,17728,232.626
2048,2048,17792,224.937
2048,2048,17856,231.267
2048,2048,17920,232.872
2048,2048,17984,218.032
2048,2048,18048,219.799
2048,2048,18112,219.685
2048,2048,18176,220.64
2048,2048,18240,221.34
2048,2048,18304,216.115
2048,2048,18368,222.251
2048,2048,18432,216.991
2048,2048,18496,218.431
2048,2048,18560,216.963
2048,2048,18624,220.938
2048,2048,18688,216.408
2048,2048,18816,222.686
2048,2048,18880,225.943
2048,2048,18944,211.277
2048,2048,19008,227.345
2048,2048,19072,228.554
2048,2048,19136,229.19
2048,2048,19200,230.088
2048,2048,19264,226.556
2048,2048,19328,222.542
2048,2048,19392,230.466
2048,2048,19456,231.305
2048,2048,19520,231.279
2048,2048,19584,232.09
2048,2048,19648,232.822
2048,2048,19712,236.304
2048,2048,19776,222.639
2048,2048,19840,218.757
2048,2048,19904,216.773
2048,2048,19968,223.959
2048,2048,20032,205.048
2048,2048,20096,213.887
2048,2048,20160,226.987
2048,2048,20224,215.775
2048,2048,20288,231.108
2048,2048,20352,225.207
2048,2048,20416,217.426
2048,2048,20480,226.241
2048,2048,20544,230.149
2048,2048,20608,230.546
2048,2048,20672,222.069
2048,2048,20736,233.272
2048,2048,20800,221.673
2048,2048,20864,234.134
2048,2048,20928,231.948
2048,2048,20992,235.747
2048,2048,21056,231.628
2048,2048,21120,233.115
2048,2048,21184,226.594
2048,2048,21248,233.618
2048,2048,21312,235.086
2048,2048,21376,235.544
2048,2048,21440,236.772
2048,2048,21504,231.814
2048,2048,21568,225.503
2048,2048,21632,224.894
2048,2048,21696,227.431
2048,2048,21760,227.397
2048,2048,21824,218.277
2048,2048,21888,219.44
2048,2048,21952,220.799
2048,2048,22016,227.308
2048,2048,22080,217.15
2048,2048,22144,224.496
2048,2048,22208,204.881
2048,2048,22272,226.363
2048,2048,22336,220.101
2048,2048,22400,232.648
2048,2048,22464,232.094
2048,2048,22528,225.167
2048,2048,22592,229.816
2048,2048,22656,230.624
2048,2048,22720,232.086
2048,2048,22784,232.717
2048,2048,22848,227.477
2048,2048,22912,236.536
2048,2048,22976,234.77
2048,2048,23040,232.01
2048,2048,23104,228.766
2048,2048,23168,235.128
2048,2048,23232,230.709
2048,2048,23296,230.776
2048,2048,23360,221.032
2048,2048,23424,218.716
2048,2048,23488,223.778
2048,2048,23552,225.432
2048,2048,23616,227.875
2048,2048,23680,219.233
2048,2048,23744,220.585
2048,2048,23808,220.827
2048,2048,23872,224.338
2048,2048,23936,217.248
2048,2048,24000,223.319
2048,2048,24064,221.75
2048,2048,24128,208.265
2048,2048,24192,211.147
2048,2048,24256,203.1
2048,2048,24320,223.129
2048,2048,24384,222.122
2048,2048,24448,207.341
2048,2048,24512,218.263
2048,2048,24576,205.665
2048,2048,24640,222.943
2048,2048,24704,229.036
2048,2048,24768,228.639
2048,2048,24832,222.682
2048,2048,24896,229.922
2048,2048,24960,229.865
2048,2048,25024,230.657
2048,2048,25088,223.222
2048,2048,25152,229.138
2048,2048,25216,223.848
2048,2048,25280,228.892
2048,2048,25344,231.229
2048,2048,25408,224.848
2048,2048,25472,224.241
2048,2048,25536,223.752
2048,2048,25600,231.031
2048,2048,25664,220.182
2048,2048,25728,223.9
2048,2048,25792,229.505
2048,2048,25856,223.659
2048,2048,25920,215.161
2048,2048,25984,220.778
2048,2048,26048,227.043
2048,2048,26112,187.281
2048,2048,26176,232.114
2048,2048,26240,219.66
2048,2048,26304,223.714
2048,2048,26368,223.606
2048,2048,26432,230.544
2048,2048,26496,224.6
2048,2048,26560,207.311
2048,2048,26624,224.488
2048,2048,26688,239.224
2048,2048,26752,227.783
2048,2048,26816,235.263
2048,2048,26880,235.647
2048,2048,26944,224.836
2048,2048,27008,228.571
2048,2048,27072,207.903
2048,2048,27136,231.598
2048,2048,27200,223.591
2048,2048,27264,223.225
2048,2048,27328,231.447
2048,2048,27392,226.073
2048,2048,27456,226.37
2048,2048,27520,225.532
2048,2048,27584,229.064
2048,2048,27648,233.159
2048,2048,27712,216.577
2048,2048,27776,223.182
2048,2048,27840,215.188
2048,2048,27904,220.46
2048,2048,27968,216.72
2048,2048,28032,216.194
2048,2048,28096,208.101
2048,2048,28160,213.8
2048,2048,28224,219.174
2048,2048,28288,221.823
2048,2048,28352,226.716
2048,2048,28416,220.257
2048,2048,28480,226.29
2048,2048,28544,212.078
2048,2048,28608,231.107
2048,2048,28672,220.497
2048,2048,28736,222.737
2048,2048,28800,212.057
2048,2048,28864,220.614
2048,2048,28928,223.994
2048,2048,28992,217.83
2048,2048,29056,208.481
2048,2048,29120,216.542
2048,2048,29184,209.73
2048,2048,29248,221.595
2048,2048,29312,207.45
2048,2048,29376,217.32
2048,2048,29440,212.487
2048,2048,29504,194.782
2048,2048,29568,222.046
2048,2048,29632,211.831
2048,2048,29696,210.837
2048,2048,29760,215.657
2048,2048,29824,219.967
2048,2048,29888,212.733
2048,2048,29952,218.089
2048,2048,30016,212.893
2048,2048,30080,216.258
2048,2048,30144,227.742
2048,2048,30208,221.444
2048,2048,30272,214.941
2048,2048,30336,223.053
2048,2048,30400,214.586
2048,2048,30464,213.087
2048,2048,30528,219.103
2048,2048,30592,225.679
2048,2048,30656,224.901
2048,2048,30720,172.359
2048,2048,30784,212.714
2048,2048,30848,210.616
2048,2048,30912,214.688
2048,2048,30976,218.299
2048,2048,31040,217.784
2048,2048,31104,217.65
2048,2048,31168,226.691
2048,2048,31232,220.251
2048,2048,31296,213.481
2048,2048,31360,215.912
2048,2048,31424,199.845
2048,2048,31488,219.022
2048,2048,31552,222.882
2048,2048,31616,212.036
2048,2048,31680,224.376
2048,2048,31744,218.283
2048,2048,31808,227.511
2048,2048,31872,224.976
2048,2048,31936,226.864
2048,2048,32000,229.26
2048,2048,32064,223.28
2048,2048,32128,223.726
2048,2048,32192,223.371
2048,2048,32256,225.486
2048,2048,32320,224.022
2048,2048,32384,227.778
2048,2048,32448,233.17
2048,2048,32512,229.185
2048,2048,32576,234.976
2048,2048,32640,219.591
2048,2048,32704,226.07
2048,2048,32768,223.609
2048,2048,32832,224.542
2048,2048,32896,206.885
2048,2048,32960,227.181
2048,2048,33024,212.678
2048,2048,33088,207.47
2048,2048,33152,212.718
2048,2048,33216,204.482
2048,2048,33280,217.289
2048,2048,33344,208.876
2048,2048,33408,208.195
2048,2048,33472,215.854
2048,2048,33536,203.832
2048,2048,33600,206.616
2048,2048,33664,214.925
2048,2048,33728,215.82
2048,2048,33792,218.375
2048,2048,33856,232.547
2048,2048,33920,237.609
2048,2048,33984,236.745
2048,2048,34048,237.949
2048,2048,34112,231.71
2048,2048,34176,219.221
2048,2048,34240,220.414
2048,2048,34304,224.506
2048,2048,34368,210.906
2048,2048,34432,211.447
2048,2048,34496,213.856
2048,2048,34560,205.75
2048,2048,34624,223.517
2048,2048,34688,215.646
2048,2048,34752,216.172
2048,2048,34816,167.089
2048,2048,34880,228.276
2048,2048,34944,202.048
2048,2048,35008,220.591
2048,2048,35072,222.761
2048,2048,35136,218.263
2048,2048,35200,215.835
2048,2048,35264,220.798
2048,2048,35328,219.144
2048,2048,35392,217.088
2048,2048,35456,215.539
2048,2048,35520,203.772
2048,2048,35584,216.895
2048,2048,35648,225.179
2048,2048,35712,236.885
2048,2048,35776,234.242
2048,2048,35840,229.741
2048,2048,35904,221.472
2048,2048,35968,221.684
2048,2048,36032,234.629
2048,2048,36096,208.25
2048,2048,36160,221.63
2048,2048,36224,202.861
2048,2048,36288,216.554
2048,2048,36352,212.391
2048,2048,36416,226.778
2048,2048,36480,216.15
2048,2048,36544,227.67
2048,2048,36608,218.887
2048,2048,36672,227.427
2048,2048,36736,224.126
2048,2048,36800,235.678
2048,2048,36864,235.484
2048,2048,36928,208.327
2048,2048,36992,217.208
2048,2048,37056,220.023
2048,2048,37120,220.753
2048,2048,37184,216.42
2048,2048,37248,207.454
2048,2048,37312,220.221
2048,2048,37376,219.229
2048,2048,37440,231.779
2048,2048,37504,228.918
2048,2048,37568,243.979
2048,2048,37632,233.284
2048,2048,37696,202.433
2048,2048,37760,217.718
2048,2048,37824,214.745
2048,2048,37888,227.67
2048,2048,37952,224.757
2048,2048,38016,233.224
2048,2048,38080,217.53
2048,2048,38144,224.664
2048,2048,38208,214.361
2048,2048,38272,229.583
2048,2048,38336,215.217
2048,2048,38400,205.362
2048,2048,38464,224.593
2048,2048,38528,225.683
2048,2048,38592,228.341
2048,2048,38656,220.424
2048,2048,38720,210.717
2048,2048,38784,229.18
2048,2048,38848,222.974
2048,2048,38912,215.258
2048,2048,38976,214.514
2048,2048,39040,216.985
2048,2048,39104,200.683
2048,2048,39168,201.317
2048,2048,39232,235.113
2048,2048,39296,229.784
2048,2048,39360,230.338
2048,2048,39424,238.664
2048,2048,39488,207.539
2048,2048,39552,226.99
2048,2048,39616,200.494
2048,2048,39680,214.726
2048,2048,39744,217.77
2048,2048,39808,210.998
2048,2048,39872,220.336
2048,2048,39936,189.888
2048,2048,40000,225.962
2048,2048,40064,225.825
2048,2048,40128,234.231
2048,2048,40192,231.919
2048,2048,40256,208.246
2048,2048,40320,229.613
2048,2048,40384,207.059
2048,2048,40448,236.27
2048,2048,40512,215.263
2048,2048,40576,226.579
2048,2048,40640,221.995
2048,2048,40704,225.053
2048,2048,40768,228.98
2048,2048,40832,215.002
2048,2048,40896,222.917
2048,2048,40960,230.343
2048,2048,41024,239.115
2048,2048,41088,242.74
2048,2048,41152,243.022
2048,2048,41216,237.567
2048,2048,41280,229.52
2048,2048,41344,223.258
2048,2048,41408,218.76
2048,2048,41472,222.176
2048,2048,41536,214.497
2048,2048,41600,217.084
2048,2048,41664,217.895
2048,2048,41728,220.851
2048,2048,41792,223.115
2048,2048,41856,239.557
2048,2048,41920,224.404
2048,2048,41984,233.125
2048,2048,42048,219.52
2048,2048,42112,233.75
2048,2048,42176,229.073
2048,2048,42240,231.591
2048,2048,42304,233.309
2048,2048,42368,228.13
2048,2048,42432,215.192
2048,2048,42496,238.036
2048,2048,42560,234.178
2048,2048,42624,234.346
2048,2048,42688,229.3
2048,2048,42752,234.448
2048,2048,42816,240.664
2048,2048,42880,235.076
2048,2048,42944,239.828
2048,2048,43008,231.351
2048,2048,43072,228.634
2048,2048,43136,239.548
2048,2048,43200,230.762
2048,2048,43264,242.584
2048,2048,43328,217.018
2048,2048,43392,224.702
2048,2048,43456,232.094
2048,2048,43520,220.508
2048,2048,43584,236.793
2048,2048,43648,232.161
2048,2048,43712,220.193
2048,2048,43776,232.323
2048,2048,43840,225.928
2048,2048,43904,242.925
2048,2048,43968,227.887
2048,2048,44032,219.851
2048,2048,44096,228.754
2048,2048,44160,231.978
2048,2048,44224,226.118
2048,2048,44288,239.033
2048,2048,44352,224.203
2048,2048,44416,235.196
2048,2048,44480,232.274
2048,2048,44544,247.892
2048,2048,44608,234.449
2048,2048,44672,217.657
2048,2048,44736,231.696
2048,2048,44800,240.743
2048,2048,44864,200.851
2048,2048,44928,225.527
2048,2048,44992,216.074
2048,2048,45056,218.129
2048,2048,45120,224.738
2048,2048,45184,223.918
2048,2048,45248,229.985
2048,2048,45312,228.231
2048,2048,45376,239.795
2048,2048,45440,223.927
2048,2048,45504,235.603
2048,2048,45568,233.434
2048,2048,45632,224.021
2048,2048,45696,226.584
2048,2048,45760,212.389
2048,2048,45824,224.995
2048,2048,45888,238.026
2048,2048,45952,239.08
2048,2048,46016,225.032
2048,2048,46080,226.74
2048,2048,46144,227.429
2048,2048,46208,244.945
2048,2048,46272,231.963
2048,2048,46336,227.424
2048,2048,46400,231.531
2048,2048,46464,231.939
2048,2048,46528,230.35
2048,2048,46592,240.82
2048,2048,46656,227.832
2048,2048,46720,233.094
2048,2048,46784,232.705
2048,2048,46848,228.535
2048,2048,46912,239.418
2048,2048,46976,230.285
2048,2048,47040,220.97
2048,2048,47104,232.74
2048,2048,47168,226.877
2048,2048,47232,230.109
2048,2048,47296,226.578
2048,2048,47424,224.11
2048,2048,47488,235.503
2048,2048,47552,242.72
2048,2048,47616,244.534
2048,2048,47680,233.867
2048,2048,47744,242.59
2048,2048,47808,237.337
2048,2048,47872,246.006
2048,2048,47936,239.72
2048,2048,48000,244.305
2048,2048,48064,248.711
2048,2048,48128,245.935
2048,2048,48192,240.564
2048,2048,48256,236.25
2048,2048,48320,242.056
2048,2048,48384,238.368
2048,2048,48448,243.757
2048,2048,48512,231.811
2048,2048,48576,239.742
2048,2048,48640,240.16
2048,2048,48704,237.567
2048,2048,48768,243.162
2048,2048,48832,239.316
2048,2048,48896,237.224
2048,2048,48960,234.775
2048,2048,49024,236.521
2048,2048,49088,235.961
2048,2048,49152,232.045
2048,2048,49216,233.388
2048,2048,49280,235.975
2048,2048,49344,239.941
2048,2048,49408,244.412
2048,2048,49472,238.298
2048,2048,49536,240.184
2048,2048,49600,232.558
2048,2048,49664,230.172
2048,2048,49728,242.879
2048,2048,49792,238.253
2048,2048,49856,238.548
2048,2048,49920,246.608
2048,2048,49984,231.553
2048,2048,50048,246.231
2048,2048,50112,249.875
2048,2048,50176,242.391
2048,2048,50240,244.412
2048,2048,50304,240.341
2048,2048,50368,234.93
2048,2048,50432,191.497
2048,2048,50496,231.886
2048,2048,50560,230.745
2048,2048,50624,233.579
2048,2048,50688,245.305
2048,2048,50752,239.362
2048,2048,50816,244.491
2048,2048,50880,240.713
2048,2048,50944,241.375
2048,2048,51008,229.071
2048,2048,51072,241.959
2048,2048,51136,239.343
2048,2048,51200,240.901
2048,2048,51264,235.238
2048,2048,51328,243.491
2048,2048,51392,241.295
2048,2048,51456,244.685
2048,2048,51520,243.028
2048,2048,51584,238.228
2048,2048,51648,235.7
2048,2048,51712,232.991
2048,2048,51776,232.6
2048,2048,51840,238.895
2048,2048,51904,241.858
2048,2048,51968,236.893
2048,2048,52032,230.442
2048,2048,52096,238.45
2048,2048,52160,231.891
2048,2048,52224,237.492
2048,2048,52288,240.189
2048,2048,52352,244.925
2048,2048,52416,238.045
2048,2048,52480,238.047
2048,2048,52544,236.658
2048,2048,52608,245.881
2048,2048,52672,235.806
2048,2048,52736,240.582
2048,2048,52800,237.597
2048,2048,52864,235.24
2048,2048,52928,244.457
2048,2048,52992,234.873
2048,2048,53056,239.571
2048,2048,53120,246.986
2048,2048,53184,239.253
2048,2048,53248,238.538
2048,2048,53312,241.08
2048,2048,53376,244.769
2048,2048,53440,249.093
2048,2048,53504,241.646
2048,2048,53568,246.285
2048,2048,53632,242.936
2048,2048,53696,242.524
2048,2048,53760,233.625
2048,2048,53824,242.361
2048,2048,53888,239.614
2048,2048,53952,237.901
2048,2048,54016,237.116
2048,2048,54080,233.247
2048,2048,54144,238.787
2048,2048,54208,238.218
2048,2048,54272,246.26
2048,2048,54336,236.953
2048,2048,54400,236.829
2048,2048,54464,235.019
2048,2048,54528,246.739
2048,2048,54592,232.067
2048,2048,54656,239.815
2048,2048,54720,245.394
2048,2048,54784,239.865
2048,2048,54848,236.384
2048,2048,54912,240.084
2048,2048,54976,241.017
2048,2048,55040,238.407
2048,2048,55104,243.976
2048,2048,55168,243.375
2048,2048,55232,244.181
2048,2048,55296,230.591
2048,2048,55360,230.647
2048,2048,55424,247.957
2048,2048,55488,242.461
2048,2048,55552,234.796
2048,2048,55616,238.012
2048,2048,55680,232.664
2048,2048,55744,239.096
2048,2048,55808,237.544
2048,2048,55872,239.714
2048,2048,55936,245.472
2048,2048,56000,231.401
2048,2048,56064,238.837
2048,2048,56128,240.271
2048,2048,56192,240.143
2048,2048,56256,237.14
2048,2048,56320,240.103
2048,2048,56384,241.003
2048,2048,56448,237.596
2048,2048,56512,237.809
2048,2048,56576,236.154
2048,2048,56640,236.855
2048,2048,56704,242.707
2048,2048,56768,249.332
2048,2048,56832,234.165
2048,2048,56896,245.07
2048,2048,56960,245.426
2048,2048,57024,241.738
2048,2048,57088,243.754
2048,2048,57152,246.517
2048,2048,57216,251.258
2048,2048,57280,242.784
2048,2048,57344,238.562
2048,2048,57408,239.894
2048,2048,57472,238.631
2048,2048,57536,241.285
2048,2048,57600,237.694
2048,2048,57664,232.21
2048,2048,57728,246.467
2048,2048,57792,236.043
2048,2048,57856,239.712
2048,2048,57920,235.73
2048,2048,57984,241.925
2048,2048,58048,235.356
2048,2048,58112,235.351
2048,2048,58176,239.205
2048,2048,58240,238.086
2048,2048,58304,241.76
2048,2048,58368,233.797
2048,2048,58432,241.327
2048,2048,58496,233.872
2048,2048,58560,248.763
2048,2048,58624,245.288
2048,2048,58688,235.88
2048,2048,58752,235.839
2048,2048,58816,239.219
2048,2048,58880,242.794
2048,2048,58944,238.123
2048,2048,59008,237.859
2048,2048,59072,243.328
2048,2048,59136,245.113
2048,2048,59200,234.531
2048,2048,59264,234.882
2048,2048,59328,245.172
2048,2048,59392,244.79
2048,2048,59456,233.858
2048,2048,59520,241.763
2048,2048,59584,246.191
2048,2048,59648,236.592
2048,2048,59712,234.662
2048,2048,59776,245.427
2048,2048,59840,235.483
2048,2048,59904,232.601
2048,2048,59968,243.923
2048,2048,60032,248.159
2048,2048,60096,239.265
2048,2048,60160,235.478
2048,2048,60224,237.136
2048,2048,60288,235.067
2048,2048,60352,239.267
2048,2048,60416,239.186
2048,2048,60480,246.887
2048,2048,60544,247.399
2048,2048,60608,236.253
2048,2048,60672,243.948
2048,2048,60736,240.616
2048,2048,60800,233.307
2048,2048,60864,251.183
2048,2048,60928,237.757
2048,2048,60992,237.274
2048,2048,61056,234.452
2048,2048,61120,249.15
2048,2048,61184,249.14
2048,2048,61248,240.239
2048,2048,61312,237.734
2048,2048,61376,239.826
2048,2048,61440,233.769
2048,2048,61504,230.278
2048,2048,61568,237.156
2048,2048,61632,242.699
2048,2048,61696,230.807
2048,2048,61760,240.476
2048,2048,61824,246.848
2048,2048,61888,241.728
2048,2048,61952,236.378
2048,2048,62016,233.47
2048,2048,62080,236.462
2048,2048,62144,232.384
2048,2048,62208,241.297
2048,2048,62272,242.902
2048,2048,62336,247.854
2048,2048,62400,244.055
2048,2048,62464,233.397
2048,2048,62528,239.229
2048,2048,62592,239.29
2048,2048,62656,238.396
2048,2048,62720,244.531
2048,2048,62784,242.884
2048,2048,62848,237.952
2048,2048,62912,248.448
2048,2048,62976,238.368
2048,2048,63040,241.108
2048,2048,63104,240.345
2048,2048,63168,232.539
2048,2048,63232,233.652
2048,2048,63296,231.936
2048,2048,63360,232.219
2048,2048,63424,236.26
2048,2048,63488,246.801
2048,2048,63552,234.282
2048,2048,63616,238.988
2048,2048,63680,228.684
2048,2048,63744,233.814
2048,2048,63808,247.174
2048,2048,63872,232.47
2048,2048,63936,240.5
2048,2048,64000,237.511
2048,2048,64064,236.51
2048,2048,64128,247.408
2048,2048,64192,243.436
2048,2048,64256,247.229
2048,2048,64320,234.973
2048,2048,64384,236.468
2048,2048,64448,238.954
2048,2048,64512,231.402
2048,2048,64576,236.899
2048,2048,64640,239.793
2048,2048,64704,240.712
2048,2048,64768,249.272
2048,2048,64832,239.708
2048,2048,64896,237.508
2048,2048,64960,242.266
2048,2048,65024,236.376
2048,2048,65088,233.221
2048,2048,65152,235.364
2048,2048,65216,228.502
2048,2048,65280,235.859
2048,2048,65344,237.218
2048,2048,65408,236.926
2048,2048,65472,242.854
2048,2048,65536,232.829
2048,2048,65600,241.832
2048,2048,65664,238.644
2048,2048,65728,238.712
2048,2048,65792,242.625
2048,2048,65856,240.946
2048,2048,65920,229.124
2048,2048,65984,241.136
2048,2048,66048,239.153
2048,2048,66112,245.95
2048,2048,66176,242.379
2048,2048,66240,242.461
2048,2048,66304,240.047
2048,2048,66368,240.702
2048,2048,66432,236.766
2048,2048,66496,235.936
2048,2048,66560,234.111
2048,2048,66624,227.173
2048,2048,66688,231.671
2048,2048,66752,238.044
2048,2048,66816,245.383
2048,2048,66880,235.063
2048,2048,66944,238.486
2048,2048,67008,242.303
2048,2048,67072,233.182
2048,2048,67136,233.583
2048,2048,67200,244.328
2048,2048,67264,233.958
2048,2048,67328,236.733
2048,2048,67392,231.501
2048,2048,67456,239.293
2048,2048,67520,240.546
2048,2048,67584,235.838
2048,2048,67648,239.101
2048,2048,67712,244.393
2048,2048,67776,240.315
2048,2048,67840,237.276
2048,2048,67904,231.583
2048,2048,67968,244.442
2048,2048,68032,242.832
2048,2048,68096,241.547
2048,2048,68160,229.382
2048,2048,68224,243.178
2048,2048,68288,235.59
2048,2048,68352,244.933
2048,2048,68416,240.43
2048,2048,68480,242.017
2048,2048,68544,239.627
2048,2048,68608,232.63
2048,2048,68672,236.432
2048,2048,68736,249.567
2048,2048,68800,230.818
2048,2048,68864,232.408
2048,2048,68928,227.886
2048,2048,68992,245.991
2048,2048,69056,233.146
2048,2048,69120,239.992
2048,2048,69184,244.127
2048,2048,69248,242.735
2048,2048,69312,237.373
2048,2048,69376,239.477
2048,2048,69440,232.007
2048,2048,69504,239.793
2048,2048,69568,238.211
2048,2048,69632,235.987
2048,2048,69696,244.78
2048,2048,69760,244.579
2048,2048,69824,252.329
2048,2048,69888,241.3
2048,2048,69952,230.06
2048,2048,70016,238.662
2048,2048,70080,243.915
2048,2048,70144,248.392
2048,2048,70208,233.228
2048,2048,70272,244.202
2048,2048,70336,233.601
2048,2048,70400,246.329
2048,2048,70464,242.777
2048,2048,70528,243.054
2048,2048,70592,237.399
2048,2048,70656,241.016
2048,2048,70720,241.446
2048,2048,70784,232.301
2048,2048,70848,232.344
2048,2048,70912,237.637
2048,2048,70976,239.451
2048,2048,71040,241.853
2048,2048,71104,242.362
2048,2048,71168,241.998
2048,2048,71232,248.717
2048,2048,71296,246.673
2048,2048,71360,240.229
2048,2048,71424,228.07
2048,2048,71488,244.562
2048,2048,71552,219.264
2048,2048,71616,251.145
2048,2048,71680,237.037
2048,2048,71744,236.035
2048,2048,71808,241.721
2048,2048,71872,244.686
2048,2048,71936,233.827
2048,2048,72000,236.077
2048,2048,72064,234.447
2048,2048,72128,239.91
2048,2048,72192,244.347
2048,2048,72256,232.154
2048,2048,72320,242.092
2048,2048,72384,234.564
2048,2048,72448,232.536
2048,2048,72512,233.428
2048,2048,72576,236.259
2048,2048,72640,232.405
2048,2048,72704,244.376
2048,2048,72768,245.189
2048,2048,72832,244.126
2048,2048,72896,242.973
2048,2048,72960,235.13
2048,2048,73024,234.917
2048,2048,73088,243.482
2048,2048,73152,227.067
2048,2048,73216,245.782
2048,2048,73280,238.425
2048,2048,73344,239.585
2048,2048,73408,243.442
2048,2048,73472,246.531
2048,2048,73536,242.075
2048,2048,73600,228.525
2048,2048,73664,227.827
2048,2048,73728,215.821
2048,2048,73792,242.21
2048,2048,73856,229.933
2048,2048,73920,235.975
2048,2048,73984,238.254
2048,2048,74048,224.459
2048,2048,74112,237.115
2048,2048,74176,240.616
2048,2048,74240,224.541
2048,2048,74304,236.416
2048,2048,74368,225.527
2048,2048,74432,233.794
2048,2048,74496,225.452
2048,2048,74560,236.872
2048,2048,74624,233.921
2048,2048,74688,237.725
2048,2048,74752,240.41
2048,2048,74816,237.714
2048,2048,74880,217.109
2048,2048,74944,242.709
2048,2048,75008,246.371
2048,2048,75072,239.514
2048,2048,75136,238.615
2048,2048,75200,233.127
2048,2048,75264,241.279
2048,2048,75328,230.539
2048,2048,75392,225.837
2048,2048,75456,237.516
2048,2048,75520,230.588
2048,2048,75584,242.327
2048,2048,75648,237.985
2048,2048,75712,226.42
2048,2048,75776,225.852
2048,2048,75840,247.299
2048,2048,75904,241.434
2048,2048,75968,227.53
2048,2048,76032,234.149
2048,2048,76096,242.125
2048,2048,76160,234.206
2048,2048,76224,235.224
2048,2048,76288,234.834
2048,2048,76352,250.464
2048,2048,76416,241.998
2048,2048,76480,225.883
2048,2048,76544,241.877
2048,2048,76608,236.047
2048,2048,76672,235.174
2048,2048,76736,244.496
2048,2048,76800,245.005
2048,2048,76864,244.762
2048,2048,76928,242.879
2048,2048,76992,238.246
2048,2048,77056,237.714
2048,2048,77120,235.803
2048,2048,77184,243.995
2048,2048,77248,237.552
2048,2048,77312,232.239
2048,2048,77376,241.156
2048,2048,77440,242.727
2048,2048,77504,236.041
2048,2048,77568,245.062
2048,2048,77632,235.045
2048,2048,77696,240.325
2048,2048,77760,239.021
2048,2048,77824,237.567
2048,2048,77888,237.079
2048,2048,77952,245.624
2048,2048,78016,222.74
2048,2048,78080,242.932
2048,2048,78144,238.565
2048,2048,78208,241.112
2048,2048,78272,237.868
2048,2048,78336,232.682
2048,2048,78400,235.338
2048,2048,78464,238.93
2048,2048,78528,236.013
2048,2048,78592,228.351
2048,2048,78656,237.2
2048,2048,78720,237.27
2048,2048,78784,228.403
2048,2048,78848,229.235
2048,2048,78976,249.849
2048,2048,79040,240.971
2048,2048,79104,243.71
2048,2048,79168,240.564
2048,2048,79232,243.567
2048,2048,79296,233.299
2048,2048,79360,236.992
2048,2048,79424,242.473
2048,2048,79488,235.171
2048,2048,79552,230.063
2048,2048,79616,239.785
2048,2048,79680,244.243
2048,2048,79744,244.196
2048,2048,79808,233.099
2048,2048,79872,234.133
2048,2048,79936,231.499
2048,2048,80000,245.259
2048,2048,80064,235.883
2048,2048,80128,243.318
2048,2048,80192,232.517
2048,2048,80256,224.478
2048,2048,80320,240.235
2048,2048,80384,239.647
2048,2048,80448,248.098
2048,2048,80512,230.563
2048,2048,80576,250.556
2048,2048,80640,233.094
2048,2048,80704,244.303
2048,2048,80768,236.866
2048,2048,80832,227.913
2048,2048,80896,240.695
2048,2048,80960,242.329
2048,2048,81024,231.435
2048,2048,81088,239.911
2048,2048,81152,241.135
2048,2048,81216,230.215
2048,2048,81280,237.246
2048,2048,81344,231.209
2048,2048,81408,228.279
2048,2048,81472,242.47
2048,2048,81536,235.749
2048,2048,81600,240.307
2048,2048,81664,247.338
2048,2048,81728,237.128
2048,2048,81792,238.993
2048,2048,81856,238.377
2048,2048,81920,228.973
2048,2048,81984,236.321
2048,2048,82048,242.567
2048,2048,82112,233.146
2048,2048,82176,239.282
2048,2048,82240,237.405
2048,2048,82304,232.701
2048,2048,82368,237.787
2048,2048,82432,235.073
2048,2048,82496,231.621
2048,2048,82560,232.835
2048,2048,82624,228.414
2048,2048,82688,233.724
2048,2048,82752,230.323
2048,2048,82816,230.305
2048,2048,82880,232.929
2048,2048,82944,232.064
2048,2048,83008,239.952
2048,2048,83072,235.082
2048,2048,83136,230.078
2048,2048,83200,238.131
2048,2048,83264,237.924
2048,2048,83328,217.819
2048,2048,83392,231.729
2048,2048,83456,222.067
2048,2048,83520,233.34
2048,2048,83584,237.608
2048,2048,83648,231.789
2048,2048,83712,234.463
2048,2048,83776,234.367
2048,2048,83840,236.026
2048,2048,83904,222.171
2048,2048,83968,236.177
2048,2048,84032,230.46
2048,2048,84096,230.98
2048,2048,84160,238.219
2048,2048,84224,240.425
2048,2048,84288,245.132
2048,2048,84352,231.301
2048,2048,84416,231.974
2048,2048,84480,231.186
2048,2048,84544,233.827
2048,2048,84608,233.401
2048,2048,84672,235.98
2048,2048,84736,231.543
2048,2048,84800,222.27
2048,2048,84864,228.657
2048,2048,84928,230.196
2048,2048,84992,230.805
2048,2048,85056,223.377
2048,2048,85120,223.355
2048,2048,85184,238.535
2048,2048,85248,239.694
2048,2048,85312,232.191
2048,2048,85376,238.322
2048,2048,85440,229.984
2048,2048,85504,225.242
2048,2048,85568,217.372
2048,2048,85632,242.949
2048,2048,85696,241.588
2048,2048,85760,231.69
2048,2048,85824,230.639
2048,2048,85888,241.034
2048,2048,85952,229.828
2048,2048,86016,235.697
2048,2048,86080,225.642
2048,2048,86144,221.758
2048,2048,86208,226.806
2048,2048,86272,228.649
2048,2048,86336,238.406
2048,2048,86400,234.975
2048,2048,86464,225.14
2048,2048,86528,226.686
2048,2048,86592,227.667
2048,2048,86656,237.812
2048,2048,86720,245.412
2048,2048,86784,238.462
2048,2048,86848,232.949
2048,2048,86912,236.245
2048,2048,86976,228.202
2048,2048,87040,229.15
2048,2048,87104,231.651
2048,2048,87168,243.909
2048,2048,87232,238.699
2048,2048,87296,243.818
2048,2048,87360,211.015
2048,2048,87424,243.378
2048,2048,87488,236.261
2048,2048,87552,238.926
2048,2048,87616,236.23
2048,2048,87680,222.0
2048,2048,87744,248.908
2048,2048,87808,232.697
2048,2048,87872,230.536
2048,2048,87936,229.155
2048,2048,88000,236.747
2048,2048,88064,226.167
2048,2048,88128,225.994
2048,2048,88192,220.48
2048,2048,88256,231.15
2048,2048,88320,223.788
2048,2048,88384,241.927
2048,2048,88448,233.032
2048,2048,88512,243.613
2048,2048,88576,233.792
2048,2048,88640,231.174
2048,2048,88704,237.854
2048,2048,88768,210.426
2048,2048,88832,213.596
2048,2048,88896,224.791
2048,2048,88960,228.575
2048,2048,89024,223.627
2048,2048,89088,230.184
2048,2048,89152,228.402
2048,2048,89216,227.112
2048,2048,89280,227.546
2048,2048,89344,244.491
2048,2048,89408,242.326
2048,2048,89472,221.562
2048,2048,89536,230.529
2048,2048,89600,232.959
2048,2048,89664,241.41
2048,2048,89728,239.248
2048,2048,89792,235.632
2048,2048,89856,229.947
2048,2048,89920,234.006
2048,2048,89984,233.252
2048,2048,90048,231.41
2048,2048,90112,227.34
2048,2048,90176,237.956
2048,2048,90240,226.953
2048,2048,90304,223.374
2048,2048,90368,226.823
2048,2048,90432,231.117
2048,2048,90496,229.763
2048,2048,90560,226.292
2048,2048,90624,237.453
2048,2048,90752,228.8
2048,2048,90816,219.971
2048,2048,90880,229.803
2048,2048,90944,234.569
2048,2048,91008,207.77
2048,2048,91072,227.925
2048,2048,91136,229.763
2048,2048,91200,237.744
2048,2048,91264,235.952
2048,2048,91328,241.402
2048,2048,91392,229.344
2048,2048,91456,236.489
2048,2048,91520,206.431
2048,2048,91584,227.184
2048,2048,91648,237.742
2048,2048,91712,214.271
2048,2048,91776,218.055
2048,2048,91840,206.535
2048,2048,91904,223.831
2048,2048,91968,226.667
2048,2048,92032,217.475
2048,2048,92096,235.944
2048,2048,92160,223.727
2048,2048,92224,220.282
2048,2048,92288,229.696
2048,2048,92352,224.682
2048,2048,92416,233.383
2048,2048,92480,218.509
2048,2048,92544,232.152
2048,2048,92608,224.254
2048,2048,92672,227.301
2048,2048,92736,227.225
2048,2048,92800,233.246
2048,2048,92864,232.033
2048,2048,92928,231.917
2048,2048,92992,240.437
2048,2048,93056,239.893
2048,2048,93120,226.788
2048,2048,93184,236.937
2048,2048,93248,223.973
2048,2048,93312,230.088
2048,2048,93376,219.504
2048,2048,93440,214.471
2048,2048,93504,239.253
2048,2048,93568,214.244
2048,2048,93632,221.152
2048,2048,93696,224.992
2048,2048,93760,220.16
2048,2048,93824,220.177
2048,2048,93888,229.811
2048,2048,93952,220.769
2048,2048,94016,228.529
2048,2048,94080,227.556
2048,2048,94144,239.071
2048,2048,94208,229.624
2048,2048,94272,236.142
2048,2048,94336,219.921
2048,2048,94400,243.035
2048,2048,94464,238.119
2048,2048,94528,233.812
2048,2048,94592,235.431
2048,2048,94656,228.27
2048,2048,94720,227.144
2048,2048,94784,236.2
2048,2048,94848,229.118
2048,2048,94912,231.588
2048,2048,94976,219.777
2048,2048,95040,240.606
2048,2048,95104,228.478
2048,2048,95168,225.746
2048,2048,95232,235.043
2048,2048,95296,223.296
2048,2048,95360,228.204
2048,2048,95424,235.855
2048,2048,95488,222.904
2048,2048,95552,236.836
2048,2048,95616,222.48
2048,2048,95680,220.598
2048,2048,95744,215.625
2048,2048,95808,231.805
2048,2048,95872,235.365
2048,2048,95936,231.442
2048,2048,96000,228.843
2048,2048,96064,219.825
2048,2048,96128,226.445
2048,2048,96192,235.935
2048,2048,96256,229.302
2048,2048,96320,228.086
2048,2048,96384,223.909
2048,2048,96448,232.832
2048,2048,96512,232.174
2048,2048,96576,218.343
2048,2048,96640,238.087
2048,2048,96704,231.479
2048,2048,96768,223.293
2048,2048,96832,233.732
2048,2048,96896,229.316
2048,2048,96960,220.427
2048,2048,97024,219.025
2048,2048,97088,238.239
2048,2048,97152,224.515
2048,2048,97216,213.595
2048,2048,97280,231.2
2048,2048,97344,226.205
2048,2048,97408,245.8
2048,2048,97472,226.919
2048,2048,97536,215.4
2048,2048,97600,213.148
2048,2048,97664,221.045
2048,2048,97728,224.85
2048,2048,97792,228.141
2048,2048,97856,240.591
2048,2048,97920,226.274
2048,2048,97984,228.894
2048,2048,98048,220.851
2048,2048,98112,232.22
2048,2048,98176,235.217
2048,2048,98240,223.279
2048,2048,98304,218.31
2048,2048,98368,234.173
2048,2048,98432,231.508
2048,2048,98496,225.154
2048,2048,98560,234.163
2048,2048,98624,233.764
2048,2048,98688,238.966
2048,2048,98752,207.921
2048,2048,98816,232.511
2048,2048,98880,219.291
2048,2048,98944,236.543
2048,2048,99008,216.003
2048,2048,99072,230.332
2048,2048,99136,239.586
2048,2048,99200,219.82
2048,2048,99264,220.199
2048,2048,99328,214.381
2048,2048,99392,229.792
2048,2048,99456,219.349
2048,2048,99520,228.571
2048,2048,99584,230.206
2048,2048,99648,216.799
2048,2048,99712,216.14
2048,2048,99776,227.961
2048,2048,99840,225.052
2048,2048,99904,223.534
2048,2048,99968,230.941
2048,2048,100032,226.527
2048,2048,100096,244.424
2048,2048,100160,222.271
2048,2048,100224,218.424
2048,2048,100288,223.544
2048,2048,100352,220.066
2048,2048,100416,229.149
2048,2048,100480,226.924
2048,2048,100544,233.491
2048,2048,100608,211.218
2048,2048,100672,219.519
2048,2048,100736,226.974
2048,2048,100800,229.885
2048,2048,100864,234.655
2048,2048,100928,221.431
2048,2048,100992,230.048
2048,2048,101056,220.333
2048,2048,101120,223.89
2048,2048,101184,216.901
2048,2048,101248,222.851
2048,2048,101312,230.887
2048,2048,101376,216.626
2048,2048,101440,230.692
2048,2048,101504,221.218
2048,2048,101568,224.398
2048,2048,101632,234.279
2048,2048,101696,211.206
2048,2048,101760,238.432
2048,2048,101824,229.278
2048,2048,101888,236.774
2048,2048,101952,218.159
2048,2048,102016,236.474
2048,2048,102080,213.578
2048,2048,102144,228.991
2048,2048,102208,221.941
2048,2048,102272,214.669
2048,2048,102336,215.42
2048,2048,102400,240.442
2048,2048,102464,223.622
2048,2048,102528,213.09
2048,2048,102592,235.534
2048,2048,102656,208.21
2048,2048,102720,212.19
2048,2048,102784,223.989
2048,2048,102848,226.425
2048,2048,102912,220.348
2048,2048,102976,206.982
2048,2048,103040,238.917
2048,2048,103104,233.262
2048,2048,103168,236.774
2048,2048,103232,214.405
2048,2048,103296,217.083
2048,2048,103360,218.655
2048,2048,103424,221.3
2048,2048,103488,232.546
2048,2048,103552,226.998
2048,2048,103616,232.46
2048,2048,103680,219.789
2048,2048,103744,229.076
2048,2048,103808,219.43
2048,2048,103872,230.704
2048,2048,103936,211.092
2048,2048,104000,215.08
2048,2048,104064,236.316
2048,2048,104128,215.787
2048,2048,104192,230.05
2048,2048,104256,230.965
2048,2048,104320,230.362
2048,2048,104384,239.177
2048,2048,104448,221.104
2048,2048,104512,215.947
2048,2048,104576,219.058
2048,2048,104640,210.169
2048,2048,104704,214.216
2048,2048,104768,226.072
2048,2048,104832,232.935
2048,2048,104896,244.784
2048,2048,104960,228.058
2048,2048,105024,231.985
2048,2048,105088,224.686
2048,2048,105152,216.48
2048,2048,105216,220.813
2048,2048,105280,221.764
2048,2048,105344,212.462
2048,2048,105408,220.461
2048,2048,105472,234.129
2048,2048,105536,223.719
2048,2048,105600,231.033
2048,2048,105664,220.544
2048,2048,105728,232.839
2048,2048,105792,230.128
2048,2048,105856,223.692
2048,2048,105920,225.052
2048,2048,105984,229.869
2048,2048,106048,216.219
2048,2048,106112,216.868
2048,2048,106176,232.76
2048,2048,106240,217.699
2048,2048,106304,230.358
2048,2048,106368,209.259
2048,2048,106432,232.684
2048,2048,106496,210.728
2048,2048,106560,222.113
2048,2048,106624,201.491
2048,2048,106688,216.472
2048,2048,106752,221.299
2048,2048,106816,241.005
2048,2048,106880,222.909
2048,2048,106944,227.425
2048,2048,107008,224.47
2048,2048,107072,232.156
2048,2048,107136,232.079
2048,2048,107200,219.366
2048,2048,107264,218.95
2048,2048,107328,228.399
2048,2048,107392,227.139
2048,2048,107456,217.303
2048,2048,107520,215.298
2048,2048,107584,221.748
2048,2048,107648,223.108
2048,2048,107712,237.248
2048,2048,107776,231.519
2048,2048,107840,217.079
2048,2048,107904,227.182
2048,2048,107968,211.648
2048,2048,108032,211.801
2048,2048,108096,215.079
2048,2048,108160,211.546
2048,2048,108224,224.844
2048,2048,108288,214.04
2048,2048,108352,218.139
2048,2048,108416,220.854
2048,2048,108480,220.989
2048,2048,108544,227.297
2048,2048,108608,220.393
2048,2048,108672,238.376
2048,2048,108736,203.924
2048,2048,108800,211.559
2048,2048,108864,223.054
2048,2048,108928,218.752
2048,2048,108992,222.399
2048,2048,109056,217.134
2048,2048,109120,217.807
2048,2048,109184,218.588
2048,2048,109248,216.125
2048,2048,109312,217.722
2048,2048,109376,219.601
2048,2048,109440,228.37
2048,2048,109504,207.109
2048,2048,109568,219.974
2048,2048,109632,232.35
2048,2048,109696,212.729
2048,2048,109760,233.556
2048,2048,109824,216.855
2048,2048,109888,237.379
2048,2048,109952,217.386
2048,2048,110016,229.248
2048,2048,110080,205.401
2048,2048,110144,209.628
2048,2048,110208,206.139
2048,2048,110272,212.964
2048,2048,110336,211.769
2048,2048,110400,219.889
2048,2048,110464,219.342
2048,2048,110528,219.727
2048,2048,110592,218.825
2048,2048,110656,221.73
2048,2048,110720,207.474
2048,2048,110784,205.916
2048,2048,110848,232.586
2048,2048,110912,237.254
2048,2048,110976,225.303
2048,2048,111040,219.285
2048,2048,111104,238.986
2048,2048,111168,218.718
2048,2048,111232,231.962
2048,2048,111296,212.844
2048,2048,111360,233.993
2048,2048,111424,202.883
2048,2048,111488,231.791
2048,2048,111552,202.309
2048,2048,111616,229.45
2048,2048,111680,220.11
2048,2048,111744,214.056
2048,2048,111808,233.53
2048,2048,111872,214.764
2048,2048,111936,226.406
2048,2048,112000,205.466
2048,2048,112064,221.112
2048,2048,112128,235.985
2048,2048,112192,225.195
2048,2048,112256,212.525
2048,2048,112320,212.007
2048,2048,112384,209.782
2048,2048,112448,216.254
2048,2048,112512,217.956
2048,2048,112576,234.262
2048,2048,112640,218.814
2048,2048,112704,234.626
2048,2048,112768,234.275
2048,2048,112832,244.277
2048,2048,112896,217.259
2048,2048,112960,233.697
2048,2048,113024,214.37
2048,2048,113088,228.454
2048,2048,113152,208.225
2048,2048,113216,237.369
2048,2048,113280,215.346
2048,2048,113344,232.674
2048,2048,113408,224.898
2048,2048,113472,224.974
2048,2048,113536,208.259
2048,2048,113600,220.773
2048,2048,113664,224.912
2048,2048,113728,224.024
2048,2048,113792,221.821
2048,2048,113856,209.667
2048,2048,113920,221.231
2048,2048,113984,201.505
2048,2048,114048,214.016
2048,2048,114112,233.514
2048,2048,114176,225.156
2048,2048,114240,210.116
2048,2048,114304,218.191
2048,2048,114368,217.056
2048,2048,114432,223.863
2048,2048,114496,205.54
2048,2048,114560,207.706
2048,2048,114624,203.646
2048,2048,114688,207.061
2048,2048,114752,206.753
2048,2048,114816,226.333
2048,2048,114880,222.873
2048,2048,114944,219.34
2048,2048,115008,211.24
2048,2048,115072,213.01
2048,2048,115136,221.277
2048,2048,115200,223.287
2048,2048,115264,215.619
2048,2048,115328,224.573
2048,2048,115392,219.891
2048,2048,115456,212.245
2048,2048,115520,217.945
2048,2048,115584,220.566
2048,2048,115648,221.462
2048,2048,115712,200.676
2048,2048,115776,201.819
2048,2048,115840,207.86
2048,2048,115904,219.261
2048,2048,115968,211.385
2048,2048,116032,221.529
2048,2048,116096,212.88
2048,2048,116160,211.739
2048,2048,116224,205.458
2048,2048,116288,206.333
2048,2048,116352,224.293
2048,2048,116416,213.392
2048,2048,116480,212.492
2048,2048,116544,210.238
2048,2048,116608,217.327
2048,2048,116672,211.682
2048,2048,116736,225.439
2048,2048,116800,217.63
2048,2048,116864,212.074
2048,2048,116928,211.941
2048,2048,116992,214.809
2048,2048,117056,206.828
2048,2048,117120,218.265
2048,2048,117184,223.278
2048,2048,117248,217.334
2048,2048,117312,214.252
2048,2048,117376,206.478
2048,2048,117440,215.495
2048,2048,117504,221.6
2048,2048,117568,212.338
2048,2048,117632,228.106
2048,2048,117696,226.746
2048,2048,117760,222.989
2048,2048,117824,207.465
2048,2048,117888,219.685
2048,2048,117952,204.73
2048,2048,118016,205.021
2048,2048,118080,223.955
2048,2048,118144,218.485
2048,2048,118208,221.878
2048,2048,118272,215.851
2048,2048,118336,218.308
2048,2048,118400,216.096
2048,2048,118464,192.757
2048,2048,118528,211.065
2048,2048,118592,216.684
2048,2048,118656,197.872
2048,2048,118720,203.082
2048,2048,118784,209.747
2048,2048,118848,231.552
2048,2048,118912,213.72
2048,2048,118976,230.452
2048,2048,119040,218.546
2048,2048,119104,233.112
2048,2048,119168,225.224
2048,2048,119232,233.166
2048,2048,119296,204.027
2048,2048,119360,231.457
2048,2048,119424,228.501
2048,2048,119488,232.535
2048,2048,119552,207.796
2048,2048,119616,234.885
2048,2048,119680,204.791
2048,2048,119744,236.537
2048,2048,119808,215.002
2048,2048,119872,219.455
2048,2048,119936,207.542
2048,2048,120000,214.455
2048,2048,120064,224.162
2048,2048,120128,217.422
2048,2048,120192,211.276
2048,2048,120256,212.382
2048,2048,120320,208.096
2048,2048,120384,193.809
2048,2048,120448,210.029
2048,2048,120512,208.497
2048,2048,120576,209.726
2048,2048,120640,214.527
2048,2048,120704,232.613
2048,2048,120768,220.922
2048,2048,120832,235.588
2048,2048,120896,224.707
2048,2048,120960,229.181
2048,2048,121024,219.146
2048,2048,121088,226.886
2048,2048,121152,220.069
2048,2048,121216,233.369
2048,2048,121280,217.845
2048,2048,121344,205.671
2048,2048,121408,219.875
2048,2048,121472,219.744
2048,2048,121536,213.911
2048,2048,121600,214.481
2048,2048,121664,200.418
2048,2048,121728,230.088
2048,2048,121792,210.226
2048,2048,121856,214.083
2048,2048,121920,199.785
2048,2048,121984,212.006
2048,2048,122048,222.549
2048,2048,122112,211.758
2048,2048,122176,229.705
2048,2048,122240,201.145
2048,2048,122304,226.914
2048,2048,122368,225.267
2048,2048,122432,231.752
2048,2048,122496,209.517
2048,2048,122560,201.745
2048,2048,122624,205.94
2048,2048,122688,208.0
2048,2048,122752,211.306
2048,2048,122816,195.077
2048,2048,122880,197.743
2048,2048,122944,220.66
2048,2048,123008,194.995
2048,2048,123072,211.063
2048,2048,123136,210.2
2048,2048,123200,224.446
2048,2048,123264,202.326
2048,2048,123328,208.337
2048,2048,123392,220.799
2048,2048,123456,203.61
2048,2048,123520,216.166
2048,2048,123584,204.936
2048,2048,123648,244.294
2048,2048,123712,206.467
2048,2048,123776,210.576
2048,2048,123840,214.51
2048,2048,123904,198.811
2048,2048,123968,203.189
2048,2048,124032,207.789
2048,2048,124096,230.324
2048,2048,124160,218.658
2048,2048,124224,233.342
2048,2048,124288,211.887
2048,2048,124352,206.838
2048,2048,124416,214.869
2048,2048,124480,200.007
2048,2048,124544,198.961
2048,2048,124608,208.195
2048,2048,124672,232.517
2048,2048,124736,215.553
2048,2048,124800,199.659
2048,2048,124864,199.825
2048,2048,124928,212.488
2048,2048,124992,220.308
2048,2048,125056,213.294
2048,2048,125120,216.663
2048,2048,125184,234.511
2048,2048,125248,198.192
2048,2048,125312,202.14
2048,2048,125376,215.731
2048,2048,125440,229.124
2048,2048,125504,205.302
2048,2048,125568,204.025
2048,2048,125632,224.145
2048,2048,125696,206.631
2048,2048,125760,191.776
2048,2048,125824,202.04
2048,2048,125888,228.198
2048,2048,125952,197.079
2048,2048,126016,224.25
2048,2048,126080,202.771
2048,2048,126144,210.483
2048,2048,126208,210.302
2048,2048,126272,211.839
2048,2048,126336,200.474
2048,2048,126400,203.829
2048,2048,126464,191.524
2048,2048,126528,198.504
2048,2048,126592,212.86
2048,2048,126656,216.643
2048,2048,126720,232.361
2048,2048,126784,204.455
2048,2048,126848,234.904
2048,2048,126912,197.578
2048,2048,126976,222.207
2048,2048,127040,202.679
2048,2048,127104,209.742
2048,2048,127168,207.645
2048,2048,127232,192.787
2048,2048,127296,208.552
2048,2048,127360,227.41
2048,2048,127424,223.891
2048,2048,127488,209.821
2048,2048,127552,226.473
2048,2048,127616,204.021
2048,2048,127680,217.78
2048,2048,127744,209.692
2048,2048,127808,207.958
2048,2048,127872,206.409
2048,2048,127936,210.063
2048,2048,128000,228.643
2048,2048,128064,220.049
2048,2048,128128,216.215
2048,2048,128192,211.407
2048,2048,128256,196.147
2048,2048,128320,213.627
2048,2048,128384,203.899
2048,2048,128448,201.93
2048,2048,128512,217.806
2048,2048,128576,196.929
2048,2048,128640,199.886
2048,2048,128704,230.257
2048,2048,128768,221.32
2048,2048,128832,232.802
2048,2048,128896,234.766
2048,2048,128960,223.611
2048,2048,129024,212.984
2048,2048,129088,204.89
2048,2048,129152,201.098
2048,2048,129216,209.01
2048,2048,129280,198.803
2048,2048,129344,205.054
2048,2048,129408,203.059
2048,2048,129472,206.925
2048,2048,129536,204.573
2048,2048,129600,212.889
2048,2048,129664,196.711
2048,2048,129728,233.287
2048,2048,129792,203.433
2048,2048,129856,224.968
2048,2048,129920,190.557
2048,2048,129984,230.76
2048,2048,130048,209.014
2048,2048,130112,203.901
2048,2048,130176,226.049
2048,2048,130240,214.808
2048,2048,130304,204.863
2048,2048,130368,220.378
2048,2048,130432,228.209
2048,2048,130496,208.577
2048,2048,130560,227.692
2048,2048,130624,191.938
2048,2048,130688,212.803
2048,2048,130752,204.254
2048,2048,130816,198.55
2048,2048,130880,226.73
2048,2048,130944,205.549
2048,2048,131008,235.395
2048,2048,131072,193.745
2048,2048,131136,209.014
2048,2048,131200,193.012
2048,2048,131264,194.561
2048,2048,131328,228.386
2048,2048,131392,216.303
2048,2048,131456,230.204
2048,2048,131520,203.414
2048,2048,131584,199.154
2048,2048,131648,204.821
2048,2048,131712,226.117
2048,2048,131776,225.338
2048,2048,131840,197.413
2048,2048,131904,232.171
2048,2048,131968,219.377
2048,2048,132032,209.718
2048,2048,132096,195.02
2048,2048,132160,219.835
2048,2048,132224,199.656
2048,2048,132288,210.303
2048,2048,132352,205.149
2048,2048,132416,205.048
2048,2048,132480,197.413
2048,2048,132544,194.67
2048,2048,132608,198.37
2048,2048,132672,200.361
2048,2048,132736,195.184
2048,2048,132800,230.792
2048,2048,132864,205.79
2048,2048,132928,230.168
2048,2048,132992,195.706
2048,2048,133056,185.672
2048,2048,133120,198.818
2048,2048,133184,216.46
2048,2048,133248,227.952
2048,2048,133312,200.873
2048,2048,133376,233.652
2048,2048,133440,191.726
2048,2048,133504,204.986
2048,2048,133568,230.8
2048,2048,133632,201.373
2048,2048,133696,236.027
2048,2048,133760,204.663
2048,2048,133824,191.538
2048,2048,133888,206.894
2048,2048,133952,229.955
2048,2048,134080,209.138
2048,2048,134144,233.089
2048,2048,134208,202.107
2048,2048,134272,222.312
2048,2048,134336,196.164
2048,2048,134400,202.379
2048,2048,134464,228.945
2048,2048,134528,186.766
2048,2048,134592,183.612
2048,2048,134656,211.56
2048,2048,134720,198.997
2048,2048,134784,198.212
2048,2048,134848,222.899
2048,2048,134912,226.222
2048,2048,134976,191.26
2048,2048,135040,211.918
2048,2048,135104,199.256
2048,2048,135168,210.235
2048,2048,135232,232.984
2048,2048,135296,202.348
2048,2048,135360,232.917
2048,2048,135424,231.135
2048,2048,135488,210.445
2048,2048,135552,198.468
2048,2048,135616,191.714
2048,2048,135680,214.596
2048,2048,135744,195.826
2048,2048,135808,236.0
2048,2048,135872,200.436
2048,2048,135936,199.979
2048,2048,136000,203.41
2048,2048,136064,208.219
2048,2048,136128,231.354
2048,2048,136192,191.367
2048,2048,136256,206.843
2048,2048,136320,202.685
2048,2048,136384,213.049
2048,2048,136448,225.157
2048,2048,136512,211.381
2048,2048,136576,190.82
2048,2048,136640,192.061
2048,2048,136704,217.103
2048,2048,136768,233.767
2048,2048,136832,204.832
2048,2048,136896,230.777
2048,2048,136960,193.22
2048,2048,137024,198.076
2048,2048,137088,239.112
2048,2048,137152,211.682
2048,2048,137216,235.786
2048,2048,137280,207.619
2048,2048,137344,210.113
2048,2048,137408,218.251
2048,2048,137472,197.079
2048,2048,137536,235.391
2048,2048,137600,203.329
2048,2048,137664,194.845
2048,2048,137728,226.556
2048,2048,137792,214.551
2048,2048,137856,220.65
2048,2048,137920,226.06
2048,2048,137984,227.434
2048,2048,138048,197.738
2048,2048,138112,202.941
2048,2048,138176,225.009
2048,2048,138240,220.126
2048,2048,138304,202.845
2048,2048,138368,192.83
2048,2048,138432,219.708
2048,2048,138496,201.991
2048,2048,138560,216.467
2048,2048,138624,232.005
2048,2048,138688,192.333
2048,2048,138752,189.155
2048,2048,138816,187.77
2048,2048,138880,196.864
2048,2048,138944,229.565
2048,2048,139008,193.447
2048,2048,139072,199.229
2048,2048,139136,234.931
2048,2048,139200,198.434
2048,2048,139264,223.037
2048,2048,139328,185.06
2048,2048,139392,193.148
2048,2048,139456,231.439
2048,2048,139520,212.228
2048,2048,139584,187.755
2048,2048,139648,201.322
2048,2048,139712,187.302
2048,2048,139776,234.299
2048,2048,139840,186.482
2048,2048,139904,193.914
2048,2048,139968,183.879
2048,2048,140032,203.755
2048,2048,140096,230.69
2048,2048,140160,187.721
2048,2048,140224,186.029
2048,2048,140288,212.416
2048,2048,140352,201.181
2048,2048,140416,240.155
2048,2048,140480,188.994
2048,2048,140544,229.011
2048,2048,140608,181.088
2048,2048,140672,195.265
2048,2048,140736,229.022
2048,2048,140800,186.501
2048,2048,140864,192.419
2048,2048,140928,198.655
2048,2048,140992,190.134
2048,2048,141056,233.433
2048,2048,141120,189.275
2048,2048,141184,212.107
2048,2048,141312,204.992
2048,2048,141376,236.765
2048,2048,141440,200.96
2048,2048,141504,202.356
2048,2048,141568,232.917
2048,2048,141632,189.45
2048,2048,141696,204.573
2048,2048,141760,193.125
2048,2048,141824,191.688
2048,2048,141888,229.766
2048,2048,141952,200.053
2048,2048,142016,211.797
2048,2048,142080,191.759
2048,2048,142144,210.691
2048,2048,142208,218.325
2048,2048,142272,204.514
2048,2048,142336,184.51
2048,2048,142400,193.173
2048,2048,142464,196.662
2048,2048,142528,202.226
2048,2048,142592,199.127
2048,2048,142656,208.781
2048,2048,142720,187.502
2048,2048,142784,211.09
2048,2048,142848,236.859
2048,2048,142912,173.328
2048,2048,142976,213.639
2048,2048,143040,240.22
2048,2048,143104,188.493
2048,2048,143168,187.15
2048,2048,143232,181.845
2048,2048,143296,192.981
2048,2048,143360,234.94
2048,2048,143424,191.276
2048,2048,143488,201.795
2048,2048,143552,230.277
2048,2048,143616,183.77
2048,2048,143680,233.751
2048,2048,143744,214.0
2048,2048,143808,179.482
2048,2048,143872,231.644
2048,2048,143936,214.835
2048,2048,144000,197.348
2048,2048,144064,235.552
2048,2048,144128,196.847
2048,2048,144192,234.34
2048,2048,144256,197.495
2048,2048,144320,208.505
2048,2048,144384,236.153
2048,2048,144448,183.05
2048,2048,144512,191.246
2048,2048,144576,197.83
2048,2048,144640,196.502
2048,2048,144704,191.65
2048,2048,144768,212.065
2048,2048,144832,183.728
2048,2048,144896,232.39
2048,2048,144960,174.6
2048,2048,145024,185.776
2048,2048,145088,190.862
2048,2048,145152,190.539
2048,2048,145216,236.562
2048,2048,145280,212.967
2048,2048,145344,178.317
2048,2048,145408,236.068
2048,2048,145472,220.24
2048,2048,145536,181.717
2048,2048,145600,190.348
2048,2048,145664,180.443
2048,2048,145728,181.528
2048,2048,145792,184.968
2048,2048,145856,211.777
2048,2048,145920,195.933
2048,2048,145984,206.574
2048,2048,146048,181.369
2048,2048,146112,235.135
2048,2048,146176,170.749
2048,2048,146240,235.62
2048,2048,146304,191.285
2048,2048,146368,197.524
2048,2048,146432,226.668
2048,2048,146496,185.446
2048,2048,146560,204.696
2048,2048,146624,211.231
2048,2048,146688,206.78
2048,2048,146752,239.231
2048,2048,146816,193.528
2048,2048,146880,187.341
2048,2048,146944,185.632
2048,2048,147008,183.112
2048,2048,147072,187.661
2048,2048,147136,190.443
2048,2048,147200,177.034
2048,2048,147264,176.113
2048,2048,147328,187.721
2048,2048,147392,181.753
2048,2048,147456,177.098
2048,2048,147520,178.908
2048,2048,147584,192.882
2048,2048,147648,216.817
2048,2048,147712,222.699
2048,2048,147776,204.741
2048,2048,147840,176.854
2048,2048,147904,184.973
2048,2048,147968,185.307
2048,2048,148032,231.503
2048,2048,148096,202.453
2048,2048,148224,202.01
2048,2048,148288,198.774
2048,2048,148352,186.155
2048,2048,148416,177.768
2048,2048,148480,189.46
2048,2048,148544,183.876
2048,2048,148608,187.197
2048,2048,148672,188.121
2048,2048,148736,176.612
2048,2048,148800,174.008
2048,2048,148864,230.1
2048,2048,148928,186.385
2048,2048,148992,180.51
2048,2048,149056,176.878
2048,2048,149120,194.967
2048,2048,149184,185.677
2048,2048,149248,188.214
2048,2048,149312,223.332
2048,2048,149376,168.75
2048,2048,149440,233.517
2048,2048,149504,175.295
2048,2048,149568,192.907
2048,2048,149632,236.218
2048,2048,149696,186.285
2048,2048,149760,182.69
2048,2048,149824,157.915
2048,2048,149888,178.154
2048,2048,149952,228.355
2048,2048,150016,182.093
2048,2048,150080,194.4
2048,2048,150144,175.295
2048,2048,150208,185.526
2048,2048,150272,212.756
2048,2048,150336,189.556
2048,2048,150400,184.113
2048,2048,150464,228.819
2048,2048,150528,178.483
2048,2048,150592,196.441
2048,2048,150656,209.969
2048,2048,150720,177.194
2048,2048,150784,205.421
2048,2048,150848,235.598
2048,2048,150912,181.905
2048,2048,150976,183.718
2048,2048,151040,177.894
2048,2048,151104,181.226
2048,2048,151168,202.441
2048,2048,151232,165.543
2048,2048,151296,181.015
2048,2048,151360,173.057
2048,2048,151424,231.056
2048,2048,151488,177.035
2048,2048,151552,176.22
2048,2048,151616,230.257
2048,2048,151680,189.377
2048,2048,151744,172.106
2048,2048,151808,158.128
2048,2048,151872,170.371
2048,2048,151936,184.725
2048,2048,152000,166.071
2048,2048,152064,195.941
2048,2048,152128,166.769
2048,2048,152192,167.141
2048,2048,152256,175.818
2048,2048,152320,238.408
2048,2048,152384,170.885
2048,2048,152448,183.843
2048,2048,152512,232.974
2048,2048,152576,172.326
2048,2048,152640,185.913
2048,2048,152704,232.823
2048,2048,152768,156.05
2048,2048,152832,164.867
2048,2048,152896,230.392
2048,2048,152960,168.691
2048,2048,153024,155.832
2048,2048,153088,184.57
2048,2048,153152,189.156
2048,2048,153216,231.443
2048,2048,153280,164.813
2048,2048,153344,180.415
2048,2048,153408,232.719
2048,2048,153472,156.959
2048,2048,153536,187.932
2048,2048,153600,231.856
2048,2048,153664,206.413
2048,2048,153728,169.44
2048,2048,153792,232.847
2048,2048,153856,191.86
2048,2048,153920,175.869
2048,2048,153984,229.316
2048,2048,154048,157.99
2048,2048,154112,158.772
2048,2048,154176,232.281
2048,2048,154240,166.261
2048,2048,154304,170.669
2048,2048,154368,225.875
2048,2048,154432,174.988
2048,2048,154496,195.887
2048,2048,154560,230.705
2048,2048,154624,203.754
2048,2048,154688,160.375
2048,2048,154752,233.005
2048,2048,154816,159.604
2048,2048,154880,159.33
2048,2048,154944,229.673
2048,2048,155008,155.94
2048,2048,155072,157.352
2048,2048,155136,158.221
2048,2048,155200,212.22
2048,2048,155264,157.526
2048,2048,155328,212.409
2048,2048,155392,237.918
2048,2048,155456,156.346
2048,2048,155520,181.745
2048,2048,155584,227.928
2048,2048,155648,157.193
2048,2048,155712,181.589
2048,2048,155776,232.719
2048,2048,155840,158.098
2048,2048,155904,161.228
2048,2048,155968,219.939
2048,2048,156032,157.332
2048,2048,156096,157.329
2048,2048,156160,211.714
2048,2048,156224,161.444
2048,2048,156288,162.828
2048,2048,156352,156.691
2048,2048,156416,157.47
2048,2048,156480,157.047
2048,2048,156544,224.993
2048,2048,156608,157.453
2048,2048,156672,156.23
2048,2048,156736,233.6
2048,2048,156800,156.266
2048,2048,156864,157.313
2048,2048,156928,231.156
2048,2048,156992,157.561
2048,2048,157056,155.763
2048,2048,157120,232.474
2048,2048,157184,156.166
2048,2048,157248,157.751
2048,2048,157312,227.676
2048,2048,157376,158.157
2048,2048,157440,157.072
2048,2048,157504,156.413
2048,2048,157568,156.546
2048,2048,157632,156.828
2048,2048,157696,158.594
2048,2048,157760,157.151
2048,2048,157824,156.066
2048,2048,157888,157.19
2048,2048,157952,157.591
2048,2048,158016,157.176
2048,2048,158080,157.416
2048,2048,158144,231.52
2048,2048,158208,157.218
2048,2048,158272,157.195
2048,2048,158336,230.105
2048,2048,158400,157.236
2048,2048,158464,157.596
2048,2048,158528,230.883
2048,2048,158592,157.145
2048,2048,158656,157.277
2048,2048,158720,231.839
2048,2048,158784,158.203
2048,2048,158848,157.218
2048,2048,158912,156.725
2048,2048,158976,157.814
2048,2048,159040,157.561
2048,2048,159104,176.975
2048,2048,159168,232.431
2048,2048,159232,156.846
2048,2048,159296,158.128
2048,2048,159360,237.914
2048,2048,159424,155.701
2048,2048,159488,157.536
2048,2048,159552,231.164
2048,2048,159616,156.334
2048,2048,159680,157.393
2048,2048,159744,234.704
2048,2048,159808,157.125
2048,2048,159872,157.251
2048,2048,159936,183.122
2048,2048,160000,155.747
2048,2048,160064,157.364
2048,2048,160128,155.993
2048,2048,160192,232.886
2048,2048,160256,156.643
2048,2048,160320,157.154
2048,2048,160384,159.171
2048,2048,160448,156.346
2048,2048,160512,157.671
2048,2048,160576,226.288
2048,2048,160640,157.68
2048,2048,160704,158.159
2048,2048,160768,157.755
2048,2048,160832,234.754
2048,2048,160896,157.645
2048,2048,160960,157.217
2048,2048,161024,229.473
2048,2048,161088,157.465
2048,2048,161152,158.143
2048,2048,161216,233.817
2048,2048,161280,156.486
2048,2048,161344,157.674
2048,2048,161408,234.293
2048,2048,161472,156.553
2048,2048,161536,157.694
2048,2048,161600,211.902
2048,2048,161664,229.269
2048,2048,161728,157.177
2048,2048,161792,157.266
2048,2048,161856,230.411
2048,2048,161920,157.476
2048,2048,161984,156.503
2048,2048,162048,229.951
2048,2048,162112,155.566
2048,2048,162176,157.399
2048,2048,162240,233.218
2048,2048,162304,157.676
2048,2048,162368,158.099
2048,2048,162432,157.426
2048,2048,162496,156.977
2048,2048,162560,156.283
2048,2048,162624,157.541
2048,2048,162688,232.267
2048,2048,162752,158.107
2048,2048,162816,158.259
2048,2048,162880,158.12
2048,2048,162944,232.572
2048,2048,163008,158.69
2048,2048,163072,158.846
2048,2048,163136,156.185
2048,2048,163200,157.146
2048,2048,163264,155.456
2048,2048,163328,157.807
2048,2048,163392,157.379
2048,2048,163456,157.42
2048,2048,163520,228.752
2048,2048,163584,157.691
2048,2048,163648,157.417
2048,2048,163712,157.561
2048,2048,163776,157.364
2048,2048,163840,156.07
2048,2048,163904,156.766
2048,2048,163968,157.449
2048,2048,164032,157.45
2048,2048,164096,157.663
2048,2048,164160,229.577
2048,2048,164224,157.908
2048,2048,164288,158.085
2048,2048,164352,157.659
2048,2048,164416,158.326
2048,2048,164480,158.488
2048,2048,164544,158.601
2048,2048,164608,158.782
2048,2048,164672,228.722
2048,2048,164736,158.327
2048,2048,164800,158.193
2048,2048,164864,158.788
2048,2048,164928,157.329
2048,2048,164992,157.475
2048,2048,165056,156.976
2048,2048,165120,157.782
2048,2048,165184,157.513
2048,2048,165248,157.689
2048,2048,165312,229.204
2048,2048,165376,156.71
2048,2048,165440,155.583
2048,2048,165504,157.669
2048,2048,165568,156.317
2048,2048,165632,157.622
2048,2048,165696,157.272
2048,2048,165760,157.521
2048,2048,165824,157.295
2048,2048,165888,157.75
2048,2048,165952,229.037
2048,2048,166016,158.015
2048,2048,166080,156.249
2048,2048,166144,158.281
2048,2048,166208,223.367
2048,2048,166272,155.935
2048,2048,166336,157.96
2048,2048,166400,234.558
2048,2048,166464,233.094
2048,2048,166528,157.975
2048,2048,166592,156.527
2048,2048,166656,226.409
2048,2048,166720,156.374
2048,2048,166784,157.691
2048,2048,166848,185.67
2048,2048,166912,159.77
2048,2048,166976,157.284
2048,2048,167040,157.426
2048,2048,167104,230.497
2048,2048,167168,157.697
2048,2048,167232,156.107
2048,2048,167296,157.668
2048,2048,167360,233.082
2048,2048,167424,155.955
2048,2048,167488,157.161
2048,2048,167552,223.602
2048,2048,167616,229.09
2048,2048,167680,157.924
2048,2048,167744,158.071
2048,2048,167808,232.92
2048,2048,167872,158.438
2048,2048,167936,157.956
2048,2048,168000,157.805
2048,2048,168064,227.136
2048,2048,168128,157.231
2048,2048,168192,158.059
2048,2048,168256,229.609
2048,2048,168320,229.293
2048,2048,168384,157.491
2048,2048,168448,158.746
2048,2048,168512,233.236
2048,2048,168576,155.508
2048,2048,168640,157.541
2048,2048,168704,155.528
2048,2048,168768,231.686
2048,2048,168832,157.507
2048,2048,168896,156.662
2048,2048,168960,229.557
2048,2048,169024,228.474
2048,2048,169088,157.629
2048,2048,169152,157.243
2048,2048,169216,228.64
2048,2048,169280,223.612
2048,2048,169344,155.852
2048,2048,169408,157.529
2048,2048,169472,223.423
2048,2048,169536,229.105
2048,2048,169600,156.052
2048,2048,169664,158.485
2048,2048,169728,182.48
2048,2048,169792,158.037
2048,2048,169856,157.532
2048,2048,169920,156.608
2048,2048,169984,156.485
2048,2048,170048,156.937
2048,2048,170112,155.795
2048,2048,170176,158.561
2048,2048,170240,158.491
2048,2048,170304,155.734
2048,2048,170368,155.26
2048,2048,170432,227.794
2048,2048,170496,156.143
2048,2048,170560,157.455
2048,2048,170624,157.146
2048,2048,170688,227.486
2048,2048,170752,156.597
2048,2048,170816,157.672
2048,2048,170880,156.005
2048,2048,170944,156.175
2048,2048,171008,157.73
2048,2048,171072,155.693
2048,2048,171136,155.637
2048,2048,171200,230.335
2048,2048,171264,156.02
2048,2048,171328,156.032
2048,2048,171392,156.89
2048,2048,171456,157.627
2048,2048,171520,158.525
2048,2048,171584,155.684
2048,2048,171648,156.456
2048,2048,171712,222.499
2048,2048,171776,156.459
2048,2048,171840,157.954
2048,2048,171904,158.364
2048,2048,171968,156.539
2048,2048,172032,159.07
2048,2048,172096,155.508
2048,2048,172160,157.351
2048,2048,172224,155.774
2048,2048,172288,155.506
2048,2048,172352,156.098
2048,2048,172416,233.979
2048,2048,172480,155.207
2048,2048,172608,155.668
2048,2048,172672,227.054
2048,2048,172736,157.134
2048,2048,172800,155.718
2048,2048,172864,157.216
2048,2048,172928,228.828
2048,2048,172992,157.621
2048,2048,173056,156.052
2048,2048,173120,158.405
2048,2048,173184,231.36
2048,2048,173248,156.456
2048,2048,173312,158.675
2048,2048,173376,155.634
2048,2048,173440,156.33
2048,2048,173504,156.428
2048,2048,173568,156.687
2048,2048,173632,157.331
2048,2048,173696,231.096
2048,2048,173760,157.451
2048,2048,173824,155.572
2048,2048,173888,155.039
2048,2048,173952,224.219
2048,2048,174016,156.844
2048,2048,174080,156.617
2048,2048,174144,155.225
2048,2048,174208,225.416
2048,2048,174272,225.496
2048,2048,174336,155.695
2048,2048,174400,156.767
2048,2048,174464,230.086
2048,2048,174528,234.476
2048,2048,174592,157.751
2048,2048,174656,156.414
2048,2048,174720,226.722
2048,2048,174784,228.317
2048,2048,174848,157.714
2048,2048,174912,157.231
2048,2048,174976,231.29
2048,2048,175040,235.058
2048,2048,175104,156.091
2048,2048,175168,156.728
2048,2048,175232,230.513
2048,2048,175296,223.838
2048,2048,175360,157.27
2048,2048,175424,157.438
2048,2048,175488,186.83
2048,2048,175552,226.117
2048,2048,175616,157.644
2048,2048,175680,157.012
2048,2048,175744,155.874
2048,2048,175808,228.728
2048,2048,175872,157.639
2048,2048,175936,156.352
2048,2048,176000,156.58
2048,2048,176064,231.939
2048,2048,176128,156.387
2048,2048,176192,155.583
2048,2048,176256,155.476
2048,2048,176320,228.092
2048,2048,176384,230.832
2048,2048,176448,157.609
2048,2048,176512,157.287
2048,2048,176576,220.739
2048,2048,176640,226.298
2048,2048,176704,157.347
2048,2048,176768,157.68
2048,2048,176832,236.077
2048,2048,176896,229.48
2048,2048,176960,157.11
2048,2048,177024,157.141
2048,2048,177088,160.737
2048,2048,177152,233.027
2048,2048,177216,157.144
2048,2048,177280,155.944
2048,2048,177344,158.381
2048,2048,177408,226.358
2048,2048,177472,231.799
2048,2048,177536,155.324
2048,2048,177600,156.649
2048,2048,177664,226.605
2048,2048,177728,232.609
2048,2048,177792,155.857
2048,2048,177856,155.977
2048,2048,177920,156.262
2048,2048,177984,230.166
2048,2048,178048,156.016
2048,2048,178112,155.609
2048,2048,178176,155.999
2048,2048,178240,222.739
2048,2048,178304,226.655
2048,2048,178368,155.737
2048,2048,178432,156.697
2048,2048,178496,235.797
2048,2048,178560,227.145
2048,2048,178624,155.872
2048,2048,178688,156.614
2048,2048,178752,156.364
2048,2048,178816,230.971
2048,2048,178880,156.215
2048,2048,178944,157.495
2048,2048,179008,158.424
2048,2048,179072,234.631
2048,2048,179136,234.337
2048,2048,179200,156.718
2048,2048,179264,156.058
2048,2048,179328,155.325
2048,2048,179392,232.733
2048,2048,179456,156.254
2048,2048,179520,156.356
2048,2048,179584,156.658
2048,2048,179648,225.323
2048,2048,179712,224.466
2048,2048,179776,155.987
2048,2048,179840,157.022
2048,2048,179904,157.557
2048,2048,179968,156.514
2048,2048,180032,156.582
2048,2048,180096,157.026
2048,2048,180160,156.385
2048,2048,180224,235.048
2048,2048,180288,232.169
2048,2048,180352,156.64
2048,2048,180416,156.854
2048,2048,180480,157.992
2048,2048,180544,232.77
2048,2048,180608,158.546
2048,2048,180672,156.339
2048,2048,180736,156.941
2048,2048,180800,229.619
2048,2048,180864,225.816
2048,2048,180928,157.662
2048,2048,180992,157.898
2048,2048,181056,156.639
2048,2048,181120,234.612
2048,2048,181184,157.85
2048,2048,181248,157.667
2048,2048,181312,156.504
2048,2048,181376,222.771
2048,2048,181440,227.459
2048,2048,181504,156.549
2048,2048,181568,155.397
2048,2048,181632,156.314
2048,2048,181696,231.793
2048,2048,181760,230.665
2048,2048,181824,156.978
2048,2048,181888,155.882
2048,2048,181952,192.376
2048,2048,182016,227.966
2048,2048,182080,226.628
2048,2048,182144,156.977
2048,2048,182208,157.845
2048,2048,182272,235.635
2048,2048,182336,230.639
2048,2048,182400,158.073
2048,2048,182464,156.963
2048,2048,182528,156.918
2048,2048,182592,232.311
2048,2048,182656,227.867
2048,2048,182720,157.357
2048,2048,182784,155.673
2048,2048,182848,156.897
2048,2048,182912,156.358
2048,2048,182976,155.838
2048,2048,183040,156.521
2048,2048,183104,181.473
2048,2048,183168,156.659
2048,2048,183232,156.752
2048,2048,183296,156.424
2048,2048,183360,156.618
2048,2048,183424,156.416
2048,2048,183488,230.769
2048,2048,183552,155.374
2048,2048,183616,156.799
2048,2048,183680,156.562
2048,2048,183744,230.447
2048,2048,183808,227.219
2048,2048,183872,156.201
2048,2048,183936,155.756
2048,2048,184000,156.44
2048,2048,184064,229.484
2048,2048,184128,231.61
2048,2048,184192,156.525
2048,2048,184256,156.033
2048,2048,184320,156.749
2048,2048,184384,232.806
2048,2048,184448,156.264
2048,2048,184512,156.043
2048,2048,184576,155.869
2048,2048,184640,157.669
2048,2048,184704,231.537
2048,2048,184768,231.897
2048,2048,184832,156.11
2048,2048,184896,155.596
2048,2048,184960,155.811
2048,2048,185024,235.674
2048,2048,185088,231.476
2048,2048,185152,155.913
2048,2048,185216,156.046
2048,2048,185280,156.193
2048,2048,185344,231.738
2048,2048,185408,231.374
2048,2048,185472,155.931
2048,2048,185536,155.971
2048,2048,185600,155.248
2048,2048,185664,157.424
2048,2048,185728,232.418
2048,2048,185792,157.469
2048,2048,185856,157.405
2048,2048,185920,156.58
2048,2048,185984,227.559
2048,2048,186048,169.984
2048,2048,186112,156.255
2048,2048,186176,157.332
2048,2048,186240,157.037
2048,2048,186304,232.147
2048,2048,186368,236.914
2048,2048,186432,231.041
2048,2048,186496,155.569
2048,2048,186560,156.988
2048,2048,186624,156.351
2048,2048,186688,233.837
2048,2048,186752,226.428
2048,2048,186816,156.36
2048,2048,186880,155.984
2048,2048,186944,157.633
2048,2048,187008,232.122
2048,2048,187072,234.727
2048,2048,187136,155.561
2048,2048,187200,157.309
2048,2048,187264,155.66
2048,2048,187328,235.288
2048,2048,187392,234.758
2048,2048,187456,156.236
2048,2048,187520,156.907
2048,2048,187584,156.638
2048,2048,187648,156.427
2048,2048,187712,157.085
2048,2048,187776,156.007
2048,2048,187840,156.697
2048,2048,187904,157.15
2048,2048,187968,155.896
2048,2048,188032,237.181
2048,2048,188096,156.349
2048,2048,188160,155.64
2048,2048,188224,157.601
2048,2048,188288,156.073
2048,2048,188352,228.273
2048,2048,188416,223.98
2048,2048,188480,157.769
2048,2048,188544,156.664
2048,2048,188608,156.433
2048,2048,188672,157.959
2048,2048,188800,231.735
2048,2048,188864,156.994
2048,2048,188928,155.045
2048,2048,188992,155.636
2048,2048,189056,183.659
2048,2048,189120,234.441
2048,2048,189184,157.345
2048,2048,189248,156.666
2048,2048,189312,158.462
2048,2048,189376,179.993
2048,2048,189440,235.238
2048,2048,189504,232.409
2048,2048,189568,155.672
2048,2048,189632,157.066
2048,2048,189696,156.017
2048,2048,189760,156.46
2048,2048,189824,157.056
2048,2048,189888,157.565
2048,2048,189952,157.327
2048,2048,190016,155.026
2048,2048,190080,155.405
2048,2048,190144,230.109
2048,2048,190208,231.431
2048,2048,190272,155.339
2048,2048,190336,156.411
2048,2048,190400,155.51
2048,2048,190464,155.408
2048,2048,190528,157.265
2048,2048,190592,155.765
2048,2048,190656,155.942
2048,2048,190720,156.701
2048,2048,190784,156.936
2048,2048,190848,157.825
2048,2048,190912,157.587
2048,2048,190976,156.495
2048,2048,191040,155.758
2048,2048,191104,156.328
2048,2048,191168,157.796
2048,2048,191232,233.297
2048,2048,191296,230.268
2048,2048,191360,157.478
2048,2048,191424,155.472
2048,2048,191488,156.895
2048,2048,191552,225.093
2048,2048,191616,228.317
2048,2048,191680,156.264
2048,2048,191744,157.979
2048,2048,191808,157.516
2048,2048,191872,156.9
2048,2048,191936,224.16
2048,2048,192000,234.917
2048,2048,192064,156.151
2048,2048,192128,155.578
2048,2048,192192,156.003
2048,2048,192256,157.379
2048,2048,192320,232.517
2048,2048,192384,232.428
2048,2048,192448,232.134
2048,2048,192512,156.35
2048,2048,192576,156.828
2048,2048,192640,156.911
2048,2048,192704,232.625
2048,2048,192768,156.931
2048,2048,192832,235.891
2048,2048,192896,156.845
2048,2048,192960,156.589
2048,2048,193024,156.539
2048,2048,193088,229.414
2048,2048,193152,230.701
2048,2048,193216,156.696
2048,2048,193280,157.119
2048,2048,193344,157.229
2048,2048,193408,156.796
2048,2048,193472,235.195
2048,2048,193536,230.826
2048,2048,193600,231.812
2048,2048,193664,155.957
2048,2048,193728,155.65
2048,2048,193792,155.148
2048,2048,193856,230.68
2048,2048,193984,218.051
2048,2048,194048,155.248
2048,2048,194112,155.513
2048,2048,194176,156.839
2048,2048,194240,155.146
2048,2048,194304,231.302
2048,2048,194368,235.683
2048,2048,194432,234.77
2048,2048,194496,155.856
2048,2048,194560,156.242
2048,2048,194624,156.472
2048,2048,194688,219.146
2048,2048,194752,237.186
2048,2048,194816,156.759
2048,2048,194880,156.287
2048,2048,194944,156.457
2048,2048,195008,155.198
2048,2048,195072,157.671
2048,2048,195136,229.512
2048,2048,195200,200.018
2048,2048,195264,154.877
2048,2048,195328,157.54
2048,2048,195392,155.283
2048,2048,195456,157.12
2048,2048,195520,232.789
2048,2048,195584,228.716
2048,2048,195648,232.59
2048,2048,195712,154.823
2048,2048,195776,155.732
2048,2048,195840,156.282
2048,2048,195904,154.962
2048,2048,195968,232.034
2048,2048,196032,224.95
2048,2048,196096,160.433
2048,2048,196160,155.284
2048,2048,196224,155.589
2048,2048,196288,157.083
2048,2048,196352,231.746
2048,2048,196416,230.971
2048,2048,196480,230.728
2048,2048,196544,156.025
2048,2048,196608,153.664
2048,2048,196672,155.882
2048,2048,196736,157.941
2048,2048,196800,229.562
2048,2048,196864,231.599
2048,2048,196928,230.781
2048,2048,196992,156.483
2048,2048,197056,156.249
2048,2048,197120,156.833
2048,2048,197184,157.73
2048,2048,197248,230.929
2048,2048,197312,232.583
2048,2048,197376,224.183
2048,2048,197440,155.587
2048,2048,197504,156.087
2048,2048,197568,156.658
2048,2048,197632,157.285
2048,2048,197696,181.263
2048,2048,197760,222.632
2048,2048,197824,192.273
2048,2048,197888,156.486
2048,2048,197952,156.586
2048,2048,198016,155.983
2048,2048,198080,156.188
2048,2048,198144,229.035
2048,2048,198208,234.732
2048,2048,198272,232.838
2048,2048,198336,156.584
2048,2048,198400,156.478
2048,2048,198464,158.37
2048,2048,198528,156.37
2048,2048,198592,234.229
2048,2048,198656,227.168
2048,2048,198720,227.434
2048,2048,198784,157.044
2048,2048,198848,156.471
2048,2048,198912,157.118
2048,2048,198976,156.767
2048,2048,199040,235.76
2048,2048,199104,228.838
2048,2048,199168,222.194
2048,2048,199232,156.447
2048,2048,199296,156.528
2048,2048,199360,156.181
2048,2048,199424,158.014
2048,2048,199488,156.1
2048,2048,199552,229.2
2048,2048,199616,196.396
2048,2048,199680,231.676
2048,2048,199744,157.693
2048,2048,199808,157.742
2048,2048,199872,156.586
2048,2048,199936,155.285
2048,2048,200000,169.989
2048,2048,200064,231.694
2048,2048,200128,230.974
2048,2048,200192,236.728
2048,2048,200256,156.886
2048,2048,200320,156.665
2048,2048,200384,156.572
2048,2048,200448,228.735
2048,2048,200512,234.248
2048,2048,200576,226.196
2048,2048,200640,236.77
2048,2048,200704,158.363
2048,2048,200768,156.328
2048,2048,200832,155.532
2048,2048,200896,156.502
2048,2048,200960,156.619
2048,2048,201024,156.309
2048,2048,201088,156.224
2048,2048,201152,156.476
2048,2048,201216,156.444
2048,2048,201280,155.994
2048,2048,201344,156.993
2048,2048,201408,157.374
2048,2048,201472,156.553
2048,2048,201536,234.366
2048,2048,201600,229.87
2048,2048,201664,156.003
2048,2048,201728,156.83
2048,2048,201792,156.301
2048,2048,201856,156.643
2048,2048,201920,226.595
2048,2048,201984,156.736
2048,2048,202048,227.858
2048,2048,202112,224.407
2048,2048,202176,156.075
2048,2048,202240,157.014
2048,2048,202304,156.653
2048,2048,202368,156.814
2048,2048,202432,233.261
2048,2048,202496,238.887
2048,2048,202560,228.303
2048,2048,202624,155.895
2048,2048,202688,156.181
2048,2048,202752,157.516
2048,2048,202816,157.763
2048,2048,202880,157.622
2048,2048,202944,236.602
2048,2048,203008,173.653
2048,2048,203072,231.606
2048,2048,203136,156.399
2048,2048,203200,156.105
2048,2048,203264,155.849
2048,2048,203328,155.879
2048,2048,203392,156.382
2048,2048,203456,179.913
2048,2048,203520,159.674
2048,2048,203584,238.392
2048,2048,203648,233.674
2048,2048,203712,155.766
2048,2048,203776,155.958
2048,2048,203840,158.088
2048,2048,203904,156.132
2048,2048,203968,233.729
2048,2048,204032,157.515
2048,2048,204096,229.812
2048,2048,204160,234.883
2048,2048,204224,156.101
2048,2048,204288,158.238
2048,2048,204352,156.419
2048,2048,204416,157.008
2048,2048,204480,227.038
2048,2048,204544,231.2
2048,2048,204608,224.628
2048,2048,204672,230.899
2048,2048,204736,155.189
2048,2048,204800,155.447
2048,2048,204864,157.619
2048,2048,204928,155.481
2048,2048,204992,154.688
2048,2048,205056,157.274
2048,2048,205120,155.563
2048,2048,205184,155.951
2048,2048,205248,155.009
2048,2048,205312,156.461
2048,2048,205376,232.632
2048,2048,205440,178.849
2048,2048,205504,157.105
2048,2048,205568,224.736
2048,2048,205632,155.957
2048,2048,205696,155.508
2048,2048,205760,155.536
2048,2048,205824,155.995
2048,2048,205888,155.038
2048,2048,205952,230.032
2048,2048,206016,232.318
2048,2048,206080,232.41
2048,2048,206144,222.522
2048,2048,206208,182.792
2048,2048,206272,155.509
2048,2048,206336,155.427
2048,2048,206400,155.551
2048,2048,206464,155.979
2048,2048,206528,154.914
2048,2048,206592,160.234
2048,2048,206656,236.331
2048,2048,206720,156.117
2048,2048,206784,232.552
2048,2048,206848,158.067
2048,2048,206912,154.68
2048,2048,206976,156.689
2048,2048,207040,156.029
2048,2048,207104,154.778
2048,2048,207168,157.627
2048,2048,207232,166.82
2048,2048,207296,232.241
2048,2048,207360,231.107
2048,2048,207424,157.59
2048,2048,207488,154.92
2048,2048,207552,157.251
2048,2048,207616,156.693
2048,2048,207680,156.107
2048,2048,207744,157.501
2048,2048,207808,157.918
2048,2048,207872,227.73
2048,2048,207936,193.013
2048,2048,208000,225.058
2048,2048,208064,230.264
2048,2048,208128,155.83
2048,2048,208192,155.148
2048,2048,208256,155.687
2048,2048,208320,154.919
2048,2048,208384,156.181
2048,2048,208448,233.596
2048,2048,208512,198.519
2048,2048,208576,234.065
2048,2048,208640,155.83
2048,2048,208704,226.975
2048,2048,208768,156.51
2048,2048,208832,155.488
2048,2048,208896,154.882
2048,2048,208960,156.458
2048,2048,209024,155.761
2048,2048,209088,155.179
2048,2048,209152,227.887
2048,2048,209216,227.716
2048,2048,209280,231.037
2048,2048,209344,167.156
2048,2048,209408,155.572
2048,2048,209472,155.41
2048,2048,209536,156.174
2048,2048,209600,156.436
2048,2048,209664,158.748
2048,2048,209728,227.355
2048,2048,209792,230.919
2048,2048,209856,225.824
2048,2048,209920,155.142
2048,2048,209984,231.109
2048,2048,210048,155.379
2048,2048,210112,155.975
2048,2048,210176,155.452
2048,2048,210240,157.416
2048,2048,210304,156.52
2048,2048,210368,154.538
2048,2048,210432,227.591
2048,2048,210496,226.606
2048,2048,210560,182.378
2048,2048,210624,154.632
2048,2048,210688,226.172
2048,2048,210752,155.993
2048,2048,210816,155.703
2048,2048,210880,155.719
2048,2048,210944,157.027
2048,2048,211008,156.056
2048,2048,211072,156.551
2048,2048,211136,167.155
2048,2048,211200,156.886
2048,2048,211264,227.297
2048,2048,211328,186.877
2048,2048,211392,230.354
2048,2048,211456,157.767
2048,2048,211520,157.693
2048,2048,211584,156.075
2048,2048,211648,156.054
2048,2048,211712,156.067
2048,2048,211776,156.185
2048,2048,211840,169.666
2048,2048,211904,226.075
2048,2048,211968,229.883
2048,2048,212032,155.318
2048,2048,212096,230.277
2048,2048,212160,155.076
2048,2048,212224,155.576
2048,2048,212288,155.696
2048,2048,212352,155.807
2048,2048,212416,155.719
2048,2048,212480,162.781
2048,2048,212544,155.267
2048,2048,212608,156.301
2048,2048,212672,229.732
2048,2048,212736,156.006
2048,2048,212800,210.932
2048,2048,212864,233.543
2048,2048,212928,165.343
2048,2048,212992,231.302
2048,2048,213056,155.701
2048,2048,213184,157.821
2048,2048,213248,156.834
2048,2048,213312,155.558
2048,2048,213376,154.692
2048,2048,213440,155.123
2048,2048,213504,163.461
2048,2048,213568,237.177
2048,2048,213632,230.346
2048,2048,213696,234.451
2048,2048,213760,230.028
2048,2048,213824,230.106
2048,2048,213888,154.928
2048,2048,213952,154.874
2048,2048,214016,155.712
2048,2048,214080,155.975
2048,2048,214144,155.504
2048,2048,214208,154.655
2048,2048,214272,154.869
2048,2048,214336,156.289
2048,2048,214400,233.491
2048,2048,214464,157.491
2048,2048,214528,155.64
2048,2048,214592,235.619
2048,2048,214656,159.38
2048,2048,214720,214.39
2048,2048,214784,155.231
2048,2048,214848,155.538
2048,2048,214912,154.88
2048,2048,214976,155.396
2048,2048,215040,156.295
2048,2048,215104,155.048
2048,2048,215168,157.537
2048,2048,215232,155.342
2048,2048,215296,231.244
2048,2048,215360,180.905
2048,2048,215424,176.398
2048,2048,215488,233.879
2048,2048,215552,156.883
2048,2048,215616,231.823
2048,2048,215680,156.154
2048,2048,215744,155.433
2048,2048,215808,154.83
2048,2048,215872,155.075
2048,2048,215936,155.436
2048,2048,216000,155.679
2048,2048,216064,155.675
2048,2048,216128,156.375
2048,2048,216192,236.556
2048,2048,216256,157.549
2048,2048,216320,155.385
2048,2048,216384,229.391
2048,2048,216448,187.151
2048,2048,216512,232.255
2048,2048,216576,157.248
2048,2048,216640,214.779
2048,2048,216704,155.864
2048,2048,216768,155.428
2048,2048,216832,156.549
2048,2048,216896,156.096
2048,2048,216960,155.538
2048,2048,217024,156.27
2048,2048,217088,155.651
2048,2048,217152,155.442
2048,2048,217216,161.085
2048,2048,217280,235.559
2048,2048,217344,202.159
2048,2048,217408,155.395
2048,2048,217472,155.684
2048,2048,217536,155.297
2048,2048,217600,155.288
2048,2048,217664,155.179
2048,2048,217792,156.332
2048,2048,217856,156.678
2048,2048,217920,154.672
2048,2048,217984,155.279
2048,2048,218048,157.921
2048,2048,218112,156.215
2048,2048,218176,155.4
2048,2048,218240,156.027
2048,2048,218304,176.423
2048,2048,218368,234.823
2048,2048,218432,158.972
2048,2048,218496,229.066
2048,2048,218560,230.957
2048,2048,218624,231.808
2048,2048,218688,230.354
2048,2048,218752,224.929
2048,2048,218816,228.978
2048,2048,218880,156.952
2048,2048,218944,155.76
2048,2048,219008,155.114
2048,2048,219072,154.478
2048,2048,219136,155.226
2048,2048,219200,156.938
2048,2048,219264,155.226
2048,2048,219328,157.205
2048,2048,219392,157.415
2048,2048,219456,154.81
2048,2048,219520,154.272
2048,2048,219584,228.636
2048,2048,219648,179.103
2048,2048,219712,237.424
2048,2048,219776,229.367
2048,2048,219840,155.059
2048,2048,219904,154.61
2048,2048,219968,155.594
2048,2048,220032,154.906
2048,2048,220096,155.692
2048,2048,220160,155.711
2048,2048,220224,155.679
2048,2048,220288,155.47
2048,2048,220352,155.632
2048,2048,220416,157.473
2048,2048,220480,155.202
2048,2048,220544,157.292
2048,2048,220608,157.934
2048,2048,220672,156.376
2048,2048,220736,154.668
2048,2048,220800,156.522
2048,2048,220864,178.524
2048,2048,220928,226.491
2048,2048,220992,229.133
2048,2048,221056,231.396
2048,2048,221120,229.239
2048,2048,221184,155.016
2048,2048,221248,155.036
2048,2048,221312,154.692
2048,2048,221376,156.289
2048,2048,221440,156.529
2048,2048,221504,237.861
2048,2048,221568,157.449
2048,2048,221632,157.969
2048,2048,221696,157.367
2048,2048,221760,156.394
2048,2048,221824,155.117
2048,2048,221888,156.138
2048,2048,221952,155.613
2048,2048,222016,155.516
2048,2048,222080,155.326
2048,2048,222144,156.052
2048,2048,222208,157.83
2048,2048,222272,157.085
2048,2048,222336,155.269
2048,2048,222400,231.025
2048,2048,222464,228.01
2048,2048,222528,157.254
2048,2048,222592,227.59
2048,2048,222656,233.353
2048,2048,222720,234.554
2048,2048,222784,155.701
2048,2048,222848,155.204
2048,2048,222912,216.138
2048,2048,222976,231.602
2048,2048,223040,234.001
2048,2048,223104,154.971
2048,2048,223168,155.483
2048,2048,223232,156.677
2048,2048,223296,156.459
2048,2048,223360,156.774
2048,2048,223424,158.473
2048,2048,223488,156.165
2048,2048,223552,156.912
2048,2048,223616,157.321
2048,2048,223680,156.272
2048,2048,223744,155.137
2048,2048,223808,155.031
2048,2048,223872,158.189
2048,2048,223936,156.156
2048,2048,224000,183.969
2048,2048,224064,158.781
2048,2048,224128,154.972
2048,2048,224192,235.085
2048,2048,224256,186.111
2048,2048,224320,228.312
2048,2048,224384,229.279
2048,2048,224448,225.117
2048,2048,224512,231.777
2048,2048,224576,224.192
2048,2048,224640,220.462
2048,2048,224704,233.953
2048,2048,224768,224.171
2048,2048,224832,236.093
2048,2048,224896,228.018
2048,2048,224960,231.51
2048,2048,225024,227.343
2048,2048,225088,225.584
2048,2048,225152,234.987
2048,2048,225216,222.858
2048,2048,225280,204.81
2048,2048,225344,228.366
2048,2048,225408,163.708
2048,2048,225472,156.969
2048,2048,225536,156.815
2048,2048,225600,154.975
2048,2048,225664,157.341
2048,2048,225728,154.915
2048,2048,225792,158.4
2048,2048,225856,157.752
2048,2048,225920,156.35
2048,2048,225984,157.181
2048,2048,226048,157.377
2048,2048,226112,156.477
2048,2048,226176,157.439
2048,2048,226240,157.848
2048,2048,226304,156.181
2048,2048,226368,156.03
2048,2048,226432,156.391
2048,2048,226496,155.755
2048,2048,226560,156.798
2048,2048,226624,156.565
2048,2048,226688,157.113
2048,2048,226752,157.364
2048,2048,226816,177.923
2048,2048,226880,157.25
2048,2048,226944,229.197
2048,2048,227008,228.889
2048,2048,227072,222.368
2048,2048,227136,226.04
2048,2048,227200,232.571
2048,2048,227264,225.01
2048,2048,227328,235.256
2048,2048,227392,230.729
2048,2048,227456,156.848
2048,2048,227520,232.681
2048,2048,227584,156.997
2048,2048,227648,156.593
2048,2048,227712,221.974
2048,2048,227776,157.026
2048,2048,227840,230.419
2048,2048,227904,155.965
2048,2048,227968,156.344
2048,2048,228032,221.621
2048,2048,228096,156.64
2048,2048,228160,224.239
2048,2048,228224,225.53
2048,2048,228288,235.228
2048,2048,228352,229.734
2048,2048,228416,223.692
2048,2048,228480,208.175
2048,2048,228544,228.556
2048,2048,228608,230.484
2048,2048,228672,225.986
2048,2048,228736,236.333
2048,2048,228800,209.241
2048,2048,228864,234.788
2048,2048,228928,231.289
2048,2048,228992,233.942
2048,2048,229056,235.254
2048,2048,229120,226.405
2048,2048,229184,209.809
2048,2048,229248,240.899
2048,2048,229312,227.918
2048,2048,229376,218.971
2048,2048,229440,157.544
2048,2048,229504,157.433
2048,2048,229568,157.536
2048,2048,229632,156.447
2048,2048,229696,156.691
2048,2048,229760,156.074
2048,2048,229824,157.001
2048,2048,229888,155.754
2048,2048,229952,155.789
2048,2048,230016,155.446
2048,2048,230080,156.799
2048,2048,230144,156.098
2048,2048,230208,155.805
2048,2048,230272,157.082
2048,2048,230336,156.912
2048,2048,230400,156.41
2048,2048,230464,157.859
2048,2048,230528,158.649
2048,2048,230592,156.864
2048,2048,230656,157.101
2048,2048,230720,155.999
2048,2048,230784,157.995
2048,2048,230848,156.336
2048,2048,230912,156.085
2048,2048,230976,157.983
2048,2048,231040,157.629
2048,2048,231104,156.694
2048,2048,231168,157.262
2048,2048,231232,156.569
2048,2048,231296,156.532
2048,2048,231360,155.952
2048,2048,231424,156.476
2048,2048,231488,156.204
2048,2048,231552,156.211
2048,2048,231616,156.932
2048,2048,231680,155.395
2048,2048,231744,156.766
2048,2048,231808,157.788
2048,2048,231872,156.506
2048,2048,231936,156.864
2048,2048,232000,155.884
2048,2048,232064,156.022
2048,2048,232128,156.404
2048,2048,232192,158.088
2048,2048,232256,156.087
2048,2048,232320,156.696
2048,2048,232384,155.509
2048,2048,232448,156.922
2048,2048,232512,156.007
2048,2048,232576,156.42
2048,2048,232640,156.306
2048,2048,232704,156.513
2048,2048,232768,157.07
2048,2048,232832,156.047
2048,2048,232896,156.362
2048,2048,232960,157.576
2048,2048,233024,156.906
2048,2048,233088,157.143
2048,2048,233152,155.761
2048,2048,233216,156.192
2048,2048,233280,156.386
2048,2048,233344,156.694
2048,2048,233408,155.759
2048,2048,233472,156.651
2048,2048,233536,157.093
2048,2048,233600,156.551
2048,2048,233664,155.823
2048,2048,233728,156.739
2048,2048,233792,156.973
2048,2048,233856,156.042
2048,2048,233920,156.057
2048,2048,233984,157.536
2048,2048,234048,155.843
2048,2048,234112,156.821
2048,2048,234176,157.007
2048,2048,234240,157.362
2048,2048,234304,156.548
2048,2048,234368,224.612
2048,2048,234432,220.099
2048,2048,234496,220.708
2048,2048,234560,224.141
2048,2048,234624,172.181
2048,2048,234688,156.089
2048,2048,234752,229.755
2048,2048,234816,194.805
2048,2048,234880,230.483
2048,2048,234944,238.482
2048,2048,235008,155.976
2048,2048,235072,228.664
2048,2048,235136,156.747
2048,2048,235200,155.643
2048,2048,235264,156.521
2048,2048,235328,157.091
2048,2048,235392,156.095
2048,2048,235456,231.953
2048,2048,235520,156.944
2048,2048,235584,155.587
2048,2048,235648,155.957
2048,2048,235712,155.966
2048,2048,235776,156.14
2048,2048,235840,238.553
2048,2048,235904,223.25
2048,2048,235968,156.955
2048,2048,236032,230.644
2048,2048,236096,228.737
2048,2048,236160,157.246
2048,2048,236224,214.347
2048,2048,236288,156.71
2048,2048,236352,156.162
2048,2048,236416,157.488
2048,2048,236480,156.228
2048,2048,236544,157.68
2048,2048,236608,156.914
2048,2048,236672,156.032
2048,2048,236736,155.881
2048,2048,236800,156.604
2048,2048,236864,155.397
2048,2048,236928,156.3
2048,2048,236992,156.331
2048,2048,237056,156.613
2048,2048,237120,155.255
2048,2048,237184,157.226
2048,2048,237248,155.379
2048,2048,237312,158.318
2048,2048,237376,155.684
2048,2048,237440,155.801
2048,2048,237504,156.051
2048,2048,237568,157.389
2048,2048,237632,157.529
2048,2048,237696,225.096
2048,2048,237760,236.871
2048,2048,237824,223.266
2048,2048,237888,228.952
2048,2048,237952,227.878
2048,2048,238016,181.313
2048,2048,238080,226.649
2048,2048,238144,226.755
2048,2048,238208,229.382
2048,2048,238272,231.119
2048,2048,238336,223.039
2048,2048,238400,226.378
2048,2048,238464,227.393
2048,2048,238528,222.137
2048,2048,238592,226.665
2048,2048,238656,232.235
2048,2048,238720,155.25
2048,2048,238784,156.887
2048,2048,238848,156.77
2048,2048,238912,156.233
2048,2048,238976,157.686
2048,2048,239040,155.69
2048,2048,239104,156.437
2048,2048,239168,157.76
2048,2048,239296,156.938
2048,2048,239360,154.782
2048,2048,239424,156.214
2048,2048,239488,157.758
2048,2048,239552,156.601
2048,2048,239616,224.279
2048,2048,239680,154.829
2048,2048,239744,156.386
2048,2048,239808,227.164
2048,2048,239872,230.595
2048,2048,239936,218.236
2048,2048,240000,158.247
2048,2048,240064,230.435
2048,2048,240128,221.311
2048,2048,240192,221.944
2048,2048,240256,230.19
2048,2048,240320,226.752
2048,2048,240384,157.677
2048,2048,240448,156.806
2048,2048,240512,156.984
2048,2048,240576,155.379
2048,2048,240640,156.173
2048,2048,240704,188.145
2048,2048,240768,154.962
2048,2048,240832,154.654
2048,2048,240896,156.093
2048,2048,240960,156.412
2048,2048,241024,154.834
2048,2048,241088,155.43
2048,2048,241152,154.994
2048,2048,241216,157.251
2048,2048,241280,156.118
2048,2048,241344,154.839
2048,2048,241408,155.254
2048,2048,241472,155.196
2048,2048,241536,157.638
2048,2048,241600,155.845
2048,2048,241664,225.54
2048,2048,241728,162.283
2048,2048,241792,156.687
2048,2048,241856,215.564
2048,2048,241920,155.582
2048,2048,241984,225.582
2048,2048,242048,231.809
2048,2048,242112,208.528
2048,2048,242176,154.854
2048,2048,242240,229.702
2048,2048,242304,154.908
2048,2048,242368,154.531
2048,2048,242432,155.415
2048,2048,242496,154.813
2048,2048,242560,154.983
2048,2048,242624,156.431
2048,2048,242688,155.094
2048,2048,242752,155.999
2048,2048,242816,156.997
2048,2048,242880,154.694
2048,2048,242944,217.282
2048,2048,243008,220.588
2048,2048,243136,158.477
2048,2048,243200,223.649
2048,2048,243264,230.28
2048,2048,243328,156.15
2048,2048,243392,184.204
2048,2048,243456,216.82
2048,2048,243520,220.825
2048,2048,243584,157.48
2048,2048,243648,154.554
2048,2048,243712,154.842
2048,2048,243776,154.742
2048,2048,243840,154.713
2048,2048,243904,154.967
2048,2048,243968,154.592
2048,2048,244032,154.335
2048,2048,244096,155.624
2048,2048,244160,223.548
2048,2048,244224,230.073
2048,2048,244288,226.955
2048,2048,244352,215.737
2048,2048,244416,224.882
2048,2048,244480,222.601
2048,2048,244544,223.663
2048,2048,244608,225.3
2048,2048,244672,178.549
2048,2048,244736,156.584
2048,2048,244800,156.918
2048,2048,244864,158.081
2048,2048,244928,158.068
2048,2048,244992,156.919
2048,2048,245056,155.043
2048,2048,245120,155.058
2048,2048,245184,155.241
2048,2048,245248,223.36
2048,2048,245312,219.639
2048,2048,245376,219.668
2048,2048,245440,154.517
2048,2048,245504,157.078
2048,2048,245568,226.496
2048,2048,245632,156.923
2048,2048,245696,157.338
2048,2048,245760,183.901
2048,2048,245824,156.344
2048,2048,245888,155.165
2048,2048,245952,156.012
2048,2048,246016,155.55
2048,2048,246080,157.215
2048,2048,246144,157.173
2048,2048,246208,157.042
2048,2048,246272,228.861
2048,2048,246336,155.945
2048,2048,246400,156.275
2048,2048,246464,155.656
2048,2048,246528,157.004
2048,2048,246592,156.491
2048,2048,246656,156.163
2048,2048,246720,225.258
2048,2048,246784,156.23
2048,2048,246848,156.549
2048,2048,246912,156.903
2048,2048,246976,154.463
2048,2048,247040,156.768
2048,2048,247104,156.298
2048,2048,247168,157.075
2048,2048,247232,158.205
2048,2048,247296,222.38
2048,2048,247360,157.121
2048,2048,247424,226.673
2048,2048,247488,226.823
2048,2048,247552,224.478
2048,2048,247616,227.144
2048,2048,247680,227.233
2048,2048,247744,154.578
2048,2048,247808,155.444
2048,2048,247872,155.213
2048,2048,247936,156.093
2048,2048,248000,154.271
2048,2048,248064,156.56
2048,2048,248128,223.708
2048,2048,248192,230.363
2048,2048,248256,211.893
2048,2048,248320,227.251
2048,2048,248384,224.729
2048,2048,248448,221.323
2048,2048,248512,157.431
2048,2048,248576,224.017
2048,2048,248640,158.526
2048,2048,248704,157.003
2048,2048,248768,156.211
2048,2048,248832,155.32
2048,2048,248896,154.408
2048,2048,248960,157.256
2048,2048,249024,226.184
2048,2048,249088,226.678
2048,2048,249152,154.294
2048,2048,249216,227.853
2048,2048,249280,222.899
2048,2048,249344,220.991
2048,2048,249408,156.292
2048,2048,249472,154.601
2048,2048,249536,157.993
2048,2048,249600,156.959
2048,2048,249664,156.495
2048,2048,249728,157.308
2048,2048,249792,156.628
2048,2048,249856,220.728
2048,2048,249920,156.438
2048,2048,249984,221.826
2048,2048,250048,182.835
2048,2048,250112,156.466
2048,2048,250176,224.128
2048,2048,250240,156.634
2048,2048,250304,156.015
2048,2048,250368,157.432
2048,2048,250432,154.808
2048,2048,250496,156.238
2048,2048,250560,155.454
2048,2048,250624,156.706
2048,2048,250688,225.081
2048,2048,250752,221.998
2048,2048,250816,156.906
2048,2048,250880,222.239
2048,2048,250944,156.375
2048,2048,251008,154.431
2048,2048,251072,154.78
2048,2048,251200,155.463
2048,2048,251264,156.122
2048,2048,251328,155.806
2048,2048,251392,221.213
2048,2048,251456,154.726
2048,2048,251520,154.851
2048,2048,251584,227.52
2048,2048,251648,216.418
2048,2048,251712,154.905
2048,2048,251776,156.306
2048,2048,251840,156.712
2048,2048,251904,155.486
2048,2048,251968,154.851
2048,2048,252032,154.93
2048,2048,252096,219.016
2048,2048,252160,157.81
2048,2048,252224,155.38
2048,2048,252288,216.072
2048,2048,252352,223.628
2048,2048,252416,157.263
2048,2048,252480,156.632
2048,2048,252544,156.972
2048,2048,252608,156.413
2048,2048,252672,156.195
2048,2048,252736,154.795
2048,2048,252800,228.167
2048,2048,252864,155.142
2048,2048,252928,155.107
2048,2048,252992,221.937
2048,2048,253056,224.485
2048,2048,253120,156.012
2048,2048,253184,155.159
2048,2048,253248,155.634
2048,2048,253312,154.549
2048,2048,253376,157.618
2048,2048,253440,154.172
2048,2048,253504,156.623
2048,2048,253568,156.15
2048,2048,253632,154.356
2048,2048,253696,154.61
2048,2048,253760,222.724
2048,2048,253824,154.799
2048,2048,253888,155.371
2048,2048,253952,155.275
2048,2048,254016,157.211
2048,2048,254080,157.579
2048,2048,254144,156.617
2048,2048,254208,155.722
2048,2048,254272,155.888
2048,2048,254336,216.454
2048,2048,254400,223.187
2048,2048,254464,155.651
2048,2048,254528,154.372
2048,2048,254592,154.64
2048,2048,254656,154.917
2048,2048,254720,156.362
2048,2048,254784,157.431
2048,2048,254848,226.935
2048,2048,254912,223.726
2048,2048,254976,201.484
2048,2048,255104,224.34
2048,2048,255168,160.493
2048,2048,255232,155.872
2048,2048,255296,156.719
2048,2048,255360,154.469
2048,2048,255424,156.133
2048,2048,255488,154.849
2048,2048,255552,156.404
2048,2048,255616,156.295
2048,2048,255680,225.056
2048,2048,255744,229.222
2048,2048,255808,224.39
2048,2048,255872,156.807
2048,2048,255936,155.484
2048,2048,256000,158.0
2048,2048,256064,158.501
2048,2048,256128,227.511
2048,2048,256192,222.645
2048,2048,256256,156.534
2048,2048,256320,181.505
2048,2048,256384,222.784
2048,2048,256448,154.605
2048,2048,256512,156.465
2048,2048,256576,155.645
2048,2048,256640,157.163
2048,2048,256704,155.585
2048,2048,256768,221.88
2048,2048,256832,221.58
2048,2048,256896,227.772
2048,2048,256960,214.969
2048,2048,257024,181.736
2048,2048,257088,156.177
2048,2048,257152,156.033
2048,2048,257216,156.416
2048,2048,257280,228.714
2048,2048,257344,224.133
2048,2048,257408,223.687
2048,2048,257472,225.46
2048,2048,257536,219.582
2048,2048,257600,157.729
2048,2048,257664,157.476
2048,2048,257728,157.527
2048,2048,257792,156.226
2048,2048,257856,157.046
2048,2048,257920,155.278
2048,2048,257984,157.363
2048,2048,258048,156.708
2048,2048,258112,154.557
2048,2048,258176,186.249
2048,2048,258240,156.487
2048,2048,258304,157.694
2048,2048,258368,156.95
2048,2048,258432,156.682
2048,2048,258496,229.725
2048,2048,258560,156.053
2048,2048,258624,224.977
2048,2048,258752,155.869
2048,2048,258816,154.732
2048,2048,258880,155.596
2048,2048,258944,157.28
2048,2048,259008,156.151
2048,2048,259072,155.511
2048,2048,259136,218.561
2048,2048,259200,224.896
2048,2048,259264,202.15
2048,2048,259328,154.985
2048,2048,259392,154.705
2048,2048,259456,158.013
2048,2048,259520,224.989
2048,2048,259584,157.352
2048,2048,259648,226.85
2048,2048,259712,223.322
2048,2048,259776,223.123
2048,2048,259840,154.932
2048,2048,259904,156.287
2048,2048,259968,154.615
2048,2048,260032,222.221
2048,2048,260096,201.105
2048,2048,260160,155.832
2048,2048,260224,156.536
2048,2048,260288,154.358
2048,2048,260352,154.739
2048,2048,260416,157.039
2048,2048,260480,157.914
2048,2048,260544,157.891
2048,2048,260608,219.168
2048,2048,260672,164.917
2048,2048,260736,226.069
2048,2048,260800,223.652
2048,2048,260864,156.365
2048,2048,260928,155.697
2048,2048,260992,156.378
2048,2048,261056,154.51
2048,2048,261120,220.872
2048,2048,261184,224.536
2048,2048,261248,224.801
2048,2048,261312,155.758
2048,2048,261376,157.103
2048,2048,261440,157.591
2048,2048,261504,157.231
2048,2048,261568,157.303
2048,2048,261632,222.034
2048,2048,261696,224.329
2048,2048,261760,157.705
2048,2048,261824,156.336
2048,2048,261888,155.171
2048,2048,261952,155.459
2048,2048,262016,156.638
2048,2048,262080,234.945
2048,2048,262144,219.85
2048,2048,262208,226.229
2048,2048,262272,157.532
2048,2048,262336,155.528
2048,2048,262400,156.943
2048,2048,262464,156.329
2048,2048,262528,156.401
2048,2048,262592,221.316
2048,2048,262656,224.223
2048,2048,262720,226.921
2048,2048,262784,156.654
2048,2048,262848,157.49
2048,2048,262912,157.455
2048,2048,262976,156.77
2048,2048,263040,224.08
2048,2048,263104,176.739
2048,2048,263168,221.778
2048,2048,263232,219.522
2048,2048,263296,156.102
2048,2048,263360,157.16
2048,2048,263424,157.177
2048,2048,263488,156.839
2048,2048,263552,224.689
2048,2048,263616,224.799
2048,2048,263680,156.043
2048,2048,263744,226.336
2048,2048,263808,156.167
2048,2048,263872,156.712
2048,2048,263936,155.443
2048,2048,264000,224.682
2048,2048,264064,155.613
2048,2048,264128,216.07
2048,2048,264192,225.828
2048,2048,264256,157.2
2048,2048,264320,157.173
2048,2048,264384,155.854
2048,2048,264448,221.769
2048,2048,264512,226.164
2048,2048,264576,227.078
2048,2048,264640,157.216
2048,2048,264704,158.884
2048,2048,264768,158.172
2048,2048,264832,157.31
2048,2048,264896,225.822
2048,2048,264960,227.962
2048,2048,265024,226.297
2048,2048,265088,229.3
2048,2048,265152,157.671
2048,2048,265216,155.804
2048,2048,265280,155.82
2048,2048,265344,226.272
2048,2048,265408,225.923
2048,2048,265472,156.69
2048,2048,265536,156.121
2048,2048,265600,155.529
2048,2048,265664,157.113
2048,2048,265728,157.56
2048,2048,265792,218.759
2048,2048,265856,225.083
2048,2048,265920,226.983
2048,2048,265984,221.756
2048,2048,266048,157.715
2048,2048,266112,156.065
2048,2048,266176,156.517
2048,2048,266304,228.281
2048,2048,266368,230.598
2048,2048,266432,183.433
2048,2048,266496,157.335
2048,2048,266560,155.98
2048,2048,266624,156.503
2048,2048,266688,227.276
2048,2048,266752,224.657
2048,2048,266816,224.195
2048,2048,266880,224.489
2048,2048,266944,156.703
2048,2048,267008,157.434
2048,2048,267072,155.447
2048,2048,267136,225.53
2048,2048,267200,222.211
2048,2048,267264,225.943
2048,2048,267328,224.493
2048,2048,267392,155.719
2048,2048,267456,156.618
2048,2048,267520,226.213
2048,2048,267584,226.229
2048,2048,267648,155.494
2048,2048,267712,227.463
2048,2048,267776,154.183
2048,2048,267840,157.672
2048,2048,267904,155.564
2048,2048,267968,172.093
2048,2048,268032,230.252
2048,2048,268096,156.878
2048,2048,268160,157.396
2048,2048,268224,156.265
2048,2048,268288,155.678
2048,2048,268352,220.781
2048,2048,268416,185.328
2048,2048,268480,227.081
2048,2048,268544,172.257
2048,2048,268608,155.422
2048,2048,268672,156.644
2048,2048,268736,229.54
2048,2048,268800,155.919
2048,2048,268864,226.249
2048,2048,268928,224.353
2048,2048,268992,155.97
2048,2048,269056,156.824
2048,2048,269120,156.202
2048,2048,269184,228.22
2048,2048,269248,228.684
2048,2048,269312,155.725
2048,2048,269376,155.563
2048,2048,269440,156.132
2048,2048,269504,155.884
2048,2048,269568,156.033
2048,2048,269632,218.533
2048,2048,269696,224.599
2048,2048,269760,157.202
2048,2048,269824,156.702
2048,2048,269888,157.027
2048,2048,269952,228.391
2048,2048,270016,226.674
2048,2048,270080,228.709
2048,2048,270144,224.861
2048,2048,270208,156.833
2048,2048,270272,156.427
2048,2048,270336,226.278
2048,2048,270400,155.828
2048,2048,270464,157.101
2048,2048,270528,228.908
2048,2048,270592,155.907
2048,2048,270656,155.109
2048,2048,270720,184.25
2048,2048,270784,227.157
2048,2048,270848,225.402
2048,2048,270912,221.933
2048,2048,270976,156.863
2048,2048,271040,155.358
2048,2048,271104,192.301
2048,2048,271168,223.177
2048,2048,271232,225.37
2048,2048,271296,155.573
2048,2048,271360,154.52
2048,2048,271424,154.018
2048,2048,271488,226.864
2048,2048,271552,222.744
2048,2048,271616,157.002
2048,2048,271680,154.729
2048,2048,271744,154.672
2048,2048,271808,157.177
2048,2048,271872,170.358
2048,2048,271936,227.623
2048,2048,272000,156.168
2048,2048,272064,155.038
2048,2048,272128,157.289
2048,2048,272192,156.73
2048,2048,272256,225.543
2048,2048,272320,231.211
2048,2048,272384,156.378
2048,2048,272448,155.196
2048,2048,272512,155.477
2048,2048,272576,223.038
2048,2048,272640,229.022
2048,2048,272704,223.563
2048,2048,272768,156.151
2048,2048,272832,156.735
2048,2048,272896,226.291
2048,2048,272960,225.338
2048,2048,273024,156.224
2048,2048,273088,155.729
2048,2048,273152,157.266
2048,2048,273216,157.197
2048,2048,273280,156.411
2048,2048,273344,219.922
2048,2048,273472,157.307
2048,2048,273536,156.754
2048,2048,273600,156.73
2048,2048,273664,228.737
2048,2048,273728,225.622
2048,2048,273792,226.694
2048,2048,273856,157.13
2048,2048,273920,156.481
2048,2048,273984,155.372
2048,2048,274048,157.124
2048,2048,274112,154.022
2048,2048,274176,156.126
2048,2048,274240,155.444
2048,2048,274304,154.865
2048,2048,274368,220.514
2048,2048,274432,229.984
2048,2048,274496,228.429
2048,2048,274560,156.244
2048,2048,274624,158.155
2048,2048,274688,156.115
2048,2048,274752,157.426
2048,2048,274816,155.837
2048,2048,274880,224.548
2048,2048,274944,157.086
2048,2048,275008,156.347
2048,2048,275072,225.457
2048,2048,275136,156.946
2048,2048,275200,230.679
2048,2048,275264,156.978
2048,2048,275328,156.505
2048,2048,275392,155.892
2048,2048,275456,227.091
2048,2048,275520,156.33
2048,2048,275584,157.063
2048,2048,275648,157.04
2048,2048,275712,158.026
2048,2048,275776,156.561
2048,2048,275840,156.712
2048,2048,275904,220.626
2048,2048,275968,158.174
2048,2048,276032,156.393
2048,2048,276096,226.642
2048,2048,276160,222.868
2048,2048,276224,224.63
2048,2048,276288,156.732
2048,2048,276352,155.76
2048,2048,276416,154.093
2048,2048,276480,154.346
2048,2048,276544,221.335
2048,2048,276608,156.439
2048,2048,276672,155.868
2048,2048,276736,154.302
2048,2048,276800,154.824
2048,2048,276864,154.618
2048,2048,276928,155.36
2048,2048,276992,154.626
2048,2048,277056,225.191
2048,2048,277120,228.326
2048,2048,277184,156.598
2048,2048,277248,157.269
2048,2048,277312,156.751
2048,2048,277376,228.582
2048,2048,277440,227.446
2048,2048,277504,158.229
2048,2048,277568,156.81
2048,2048,277632,157.795
2048,2048,277696,171.405
2048,2048,277760,225.279
2048,2048,277824,157.129
2048,2048,277888,156.708
2048,2048,277952,155.827
2048,2048,278016,209.531
2048,2048,278080,224.724
2048,2048,278144,227.429
2048,2048,278208,155.241
2048,2048,278272,155.689
2048,2048,278336,158.104
2048,2048,278400,156.458
2048,2048,278464,227.979
2048,2048,278528,154.639
2048,2048,278592,156.74
2048,2048,278656,228.704
2048,2048,278720,156.04
2048,2048,278784,156.324
2048,2048,278848,156.852
2048,2048,278912,156.837
2048,2048,278976,225.116
2048,2048,279040,157.449
2048,2048,279104,168.498
2048,2048,279168,155.149
2048,2048,279232,156.02
2048,2048,279296,155.025
2048,2048,279360,156.779
2048,2048,279424,157.405
2048,2048,279488,157.277
2048,2048,279552,157.852
2048,2048,279616,228.831
2048,2048,279680,155.963
2048,2048,279744,224.676
2048,2048,279808,156.596
2048,2048,279872,225.209
2048,2048,279936,156.271
2048,2048,280000,157.138
2048,2048,280064,156.457
2048,2048,280128,156.612
2048,2048,280192,222.794
2048,2048,280256,155.759
2048,2048,280320,157.322
2048,2048,280384,154.739
2048,2048,280448,157.519
2048,2048,280512,155.599
2048,2048,280576,225.817
2048,2048,280640,154.314
2048,2048,280704,156.445
2048,2048,280768,156.369
2048,2048,280832,172.544
2048,2048,280896,157.874
2048,2048,280960,203.585
2048,2048,281024,156.903
2048,2048,281088,225.958
2048,2048,281152,221.748
2048,2048,281216,155.89
2048,2048,281280,157.359
2048,2048,281344,155.71
2048,2048,281408,157.403
2048,2048,281472,224.694
2048,2048,281536,157.776
2048,2048,281600,155.641
2048,2048,281664,155.756
2048,2048,281728,156.042
2048,2048,281792,156.46
2048,2048,281856,158.635
2048,2048,281920,155.73
2048,2048,281984,221.392
2048,2048,282048,155.586
2048,2048,282112,226.197
2048,2048,282176,177.582
2048,2048,282240,156.152
2048,2048,282304,223.556
2048,2048,282368,222.987
2048,2048,282432,224.718
2048,2048,282496,158.116
2048,2048,282560,157.586
2048,2048,282624,155.949
2048,2048,282688,157.815
2048,2048,282752,155.049
2048,2048,282816,217.541
2048,2048,282880,227.605
2048,2048,282944,154.822
2048,2048,283008,154.616
2048,2048,283072,224.826
2048,2048,283136,231.113
2048,2048,283200,154.392
2048,2048,283264,156.566
2048,2048,283328,154.509
2048,2048,283392,226.51
2048,2048,283456,225.816
2048,2048,283520,155.762
2048,2048,283584,224.942
2048,2048,283648,154.939
2048,2048,283712,155.664
2048,2048,283776,156.367
2048,2048,283840,155.962
2048,2048,283904,219.927
2048,2048,283968,225.918
2048,2048,284032,235.496
2048,2048,284096,154.483
2048,2048,284160,217.024
2048,2048,284224,225.847
2048,2048,284288,173.227
2048,2048,284352,157.906
2048,2048,284416,158.787
2048,2048,284480,157.182
2048,2048,284544,157.511
2048,2048,284608,222.731
2048,2048,284672,156.806
2048,2048,284736,227.527
2048,2048,284800,224.664
2048,2048,284864,224.904
2048,2048,284928,173.018
2048,2048,284992,157.014
2048,2048,285056,171.65
2048,2048,285120,226.196
2048,2048,285184,226.379
2048,2048,285248,156.764
2048,2048,285312,157.054
2048,2048,285376,231.201
2048,2048,285440,155.818
2048,2048,285504,156.061
2048,2048,285568,157.581
2048,2048,285632,156.666
2048,2048,285696,225.534
2048,2048,285760,222.373
2048,2048,285824,157.387
2048,2048,285888,156.257
2048,2048,285952,155.864
2048,2048,286016,156.897
2048,2048,286080,156.989
2048,2048,286144,154.549
2048,2048,286208,155.882
2048,2048,286272,215.021
2048,2048,286336,230.826
2048,2048,286400,155.647
2048,2048,286464,157.178
2048,2048,286528,154.672
2048,2048,286592,224.312
2048,2048,286656,230.141
2048,2048,286720,157.371
2048,2048,286784,156.621
2048,2048,286848,222.876
2048,2048,286912,227.695
2048,2048,286976,156.602
2048,2048,287040,155.89
2048,2048,287104,227.612
2048,2048,287168,166.05
2048,2048,287296,156.399
2048,2048,287360,156.476
2048,2048,287424,229.004
2048,2048,287488,156.32
2048,2048,287552,157.28
2048,2048,287616,226.249
2048,2048,287680,222.87
2048,2048,287744,228.279
2048,2048,287808,158.055
2048,2048,287872,223.274
2048,2048,287936,222.644
2048,2048,288000,169.078
2048,2048,288064,156.83
2048,2048,288128,156.305
2048,2048,288192,157.569
2048,2048,288256,156.513
2048,2048,288320,155.373
2048,2048,288384,156.502
2048,2048,288448,226.798
2048,2048,288512,206.228
2048,2048,288576,156.13
2048,2048,288640,156.269
2048,2048,288704,156.256
2048,2048,288768,156.597
2048,2048,288832,156.891
2048,2048,288896,156.543
2048,2048,288960,164.031
2048,2048,289024,156.243
2048,2048,289088,155.92
2048,2048,289152,157.656
2048,2048,289216,227.659
2048,2048,289280,224.423
2048,2048,289344,156.34
2048,2048,289408,156.692
2048,2048,289472,221.358
2048,2048,289536,201.308
2048,2048,289600,155.722
2048,2048,289664,154.424
2048,2048,289728,223.589
2048,2048,289792,226.448
2048,2048,289856,156.281
2048,2048,289920,221.924
2048,2048,289984,220.753
2048,2048,290048,156.337
2048,2048,290112,157.701
2048,2048,290176,156.759
2048,2048,290240,227.366
2048,2048,290304,228.303
2048,2048,290368,155.8
2048,2048,290432,158.048
2048,2048,290496,223.003
2048,2048,290560,204.329
2048,2048,290624,156.393
2048,2048,290752,228.019
2048,2048,290816,181.315
2048,2048,290880,156.703
2048,2048,290944,226.532
2048,2048,291008,228.13
2048,2048,291072,156.961
2048,2048,291136,155.798
2048,2048,291200,216.399
2048,2048,291264,227.779
2048,2048,291328,156.731
2048,2048,291392,224.505
2048,2048,291456,154.624
2048,2048,291520,222.912
2048,2048,291584,157.035
2048,2048,291648,225.847
2048,2048,291712,199.593
2048,2048,291776,226.11
2048,2048,291840,156.026
2048,2048,291904,218.764
2048,2048,291968,157.121
2048,2048,292032,157.37
2048,2048,292096,156.615
2048,2048,292160,227.717
2048,2048,292224,226.906
2048,2048,292288,156.267
2048,2048,292352,155.289
2048,2048,292416,204.343
2048,2048,292480,229.491
2048,2048,292544,155.232
2048,2048,292608,228.697
2048,2048,292672,166.921
2048,2048,292736,228.74
2048,2048,292800,156.18
2048,2048,292864,227.707
2048,2048,292928,227.3
2048,2048,292992,222.222
2048,2048,293056,156.219
2048,2048,293120,226.262
2048,2048,293184,218.988
2048,2048,293248,156.642
2048,2048,293312,155.289
2048,2048,293376,155.877
2048,2048,293440,157.256
2048,2048,293504,158.539
2048,2048,293568,228.976
2048,2048,293632,228.813
2048,2048,293696,225.27
2048,2048,293760,157.176
2048,2048,293824,157.868
2048,2048,293888,157.013
2048,2048,293952,155.358
2048,2048,294016,157.043
2048,2048,294144,221.492
2048,2048,294208,155.186
2048,2048,294272,156.938
2048,2048,294336,229.123
2048,2048,294400,230.637
2048,2048,294464,157.54
2048,2048,294528,154.961
2048,2048,294592,225.764
2048,2048,294656,157.522
2048,2048,294720,155.964
2048,2048,294784,157.05
2048,2048,294848,220.575
2048,2048,294912,155.199
2048,2048,294976,231.917
2048,2048,295040,226.28
2048,2048,295104,230.72
2048,2048,295168,156.499
2048,2048,295232,225.679
2048,2048,295296,155.96
2048,2048,295360,157.459
2048,2048,295424,156.788
2048,2048,295488,157.17
2048,2048,295552,220.078
2048,2048,295616,156.229
2048,2048,295680,154.978
2048,2048,295744,154.157
2048,2048,295808,157.26
2048,2048,295872,153.94
2048,2048,295936,156.243
2048,2048,296000,223.371
2048,2048,296064,156.871
2048,2048,296128,156.806
2048,2048,296192,154.63
2048,2048,296256,156.37
2048,2048,296320,155.338
2048,2048,296384,156.324
2048,2048,296448,155.306
2048,2048,296512,157.032
2048,2048,296576,228.12
2048,2048,296640,221.507
2048,2048,296704,154.963
2048,2048,296768,157.753
2048,2048,296832,157.787
2048,2048,296896,155.216
2048,2048,296960,156.649
2048,2048,297024,157.457
2048,2048,297088,157.617
2048,2048,297152,156.224
2048,2048,297216,156.713
2048,2048,297280,156.185
2048,2048,297344,168.806
2048,2048,297408,223.923
2048,2048,297472,155.676
2048,2048,297536,233.418
2048,2048,297600,228.213
2048,2048,297664,226.544
2048,2048,297728,155.908
2048,2048,297792,183.516
2048,2048,297856,157.176
2048,2048,297920,155.345
2048,2048,297984,156.267
2048,2048,298048,157.224
2048,2048,298112,221.382
2048,2048,298176,156.387
2048,2048,298240,227.546
2048,2048,298304,224.51
2048,2048,298368,155.902
2048,2048,298432,228.243
2048,2048,298496,175.173
2048,2048,298560,157.173
2048,2048,298624,156.843
2048,2048,298688,155.24
2048,2048,298752,156.047
2048,2048,298816,156.975
2048,2048,298880,157.145
2048,2048,298944,156.557
2048,2048,299008,156.745
2048,2048,299072,156.136
2048,2048,299136,229.522
2048,2048,299200,227.946
2048,2048,299264,155.226
2048,2048,299328,155.199
2048,2048,299392,154.441
2048,2048,299456,154.255
2048,2048,299520,156.31
2048,2048,299584,221.682
2048,2048,299648,222.384
2048,2048,299712,156.933
2048,2048,299776,162.497
2048,2048,299840,191.461
2048,2048,299904,157.067
2048,2048,299968,227.23
2048,2048,300032,232.256
2048,2048,300096,156.086
2048,2048,300160,227.614
2048,2048,300224,230.158
2048,2048,300288,227.325
2048,2048,300352,156.428
2048,2048,300416,225.63
2048,2048,300480,229.49
2048,2048,300544,156.554
2048,2048,300608,227.967
2048,2048,300672,223.238
2048,2048,300736,156.539
2048,2048,300800,168.376
2048,2048,300864,220.803
2048,2048,300928,224.407
2048,2048,300992,156.224
2048,2048,301056,219.752
2048,2048,301120,229.554
2048,2048,301184,156.669
2048,2048,301248,225.772
2048,2048,301312,227.054
2048,2048,301376,156.325
2048,2048,301440,227.942
2048,2048,301504,207.589
2048,2048,301568,155.912
2048,2048,301632,156.91
2048,2048,301696,226.661
2048,2048,301760,181.226
2048,2048,301824,155.306
2048,2048,301888,225.189
2048,2048,301952,228.446
2048,2048,302016,156.514
2048,2048,302080,213.262
2048,2048,302144,228.948
2048,2048,302208,154.754
2048,2048,302272,225.898
2048,2048,302336,160.722
2048,2048,302400,171.555
2048,2048,302464,154.457
2048,2048,302528,228.658
2048,2048,302592,229.352
2048,2048,302656,154.588
2048,2048,302720,225.977
2048,2048,302784,227.296
2048,2048,302848,155.175
2048,2048,302912,156.142
2048,2048,302976,225.067
2048,2048,303040,155.602
2048,2048,303104,219.942
2048,2048,303168,217.245
2048,2048,303232,155.59
2048,2048,303296,227.05
2048,2048,303360,227.827
2048,2048,303424,154.067
2048,2048,303488,153.731
2048,2048,303552,219.895
2048,2048,303616,229.005
2048,2048,303680,156.607
2048,2048,303744,223.071
2048,2048,303808,225.964
2048,2048,303872,154.018
2048,2048,303936,227.359
2048,2048,304000,225.596
2048,2048,304064,156.575
2048,2048,304128,227.434
2048,2048,304192,229.93
2048,2048,304256,155.814
2048,2048,304320,226.64
2048,2048,304384,173.253
2048,2048,304448,157.424
2048,2048,304512,228.977
2048,2048,304576,223.243
2048,2048,304640,155.2
2048,2048,304704,222.935
2048,2048,304768,227.659
2048,2048,304832,153.953
2048,2048,304896,224.774
2048,2048,304960,228.787
2048,2048,305024,158.875
2048,2048,305088,154.335
2048,2048,305152,226.011
2048,2048,305216,225.404
2048,2048,305280,156.514
2048,2048,305344,223.632
2048,2048,305408,156.075
2048,2048,305472,155.98
2048,2048,305536,230.614
2048,2048,305600,157.115
2048,2048,305664,154.61
2048,2048,305728,229.042
2048,2048,305792,154.879
2048,2048,305856,154.41
2048,2048,305920,226.817
2048,2048,305984,228.066
2048,2048,306048,154.682
2048,2048,306112,230.16
2048,2048,306176,155.875
2048,2048,306240,155.674
2048,2048,306304,227.209
2048,2048,306368,156.739
2048,2048,306432,154.606
2048,2048,306496,222.613
2048,2048,306560,154.235
2048,2048,306624,156.538
2048,2048,306688,227.939
2048,2048,306752,223.896
2048,2048,306816,155.559
2048,2048,306880,224.425
2048,2048,306944,226.376
2048,2048,307008,157.104
2048,2048,307072,221.43
2048,2048,307136,229.402
2048,2048,307200,157.067
2048,2048,307264,224.408
2048,2048,307328,223.183
2048,2048,307392,154.223
2048,2048,307456,222.331
2048,2048,307520,221.848
2048,2048,307584,157.026
2048,2048,307648,228.235
2048,2048,307712,230.32
2048,2048,307776,154.311
2048,2048,307840,223.118
2048,2048,307904,161.725
2048,2048,307968,154.737
2048,2048,308032,222.606
2048,2048,308096,223.715
2048,2048,308160,154.327
2048,2048,308224,226.98
2048,2048,308288,154.757
2048,2048,308352,155.673
2048,2048,308416,153.744
2048,2048,308480,156.569
2048,2048,308544,154.229
2048,2048,308608,155.13
2048,2048,308672,215.238
2048,2048,308736,154.093
2048,2048,308800,156.493
2048,2048,308864,224.924
2048,2048,308928,154.913
2048,2048,308992,224.978
2048,2048,309056,228.807
2048,2048,309120,155.93
2048,2048,309184,154.038
2048,2048,309248,233.343
2048,2048,309312,156.631
2048,2048,309376,229.376
2048,2048,309440,225.259
2048,2048,309504,154.197
2048,2048,309568,227.571
2048,2048,309632,226.414
2048,2048,309696,155.75
2048,2048,309760,230.656
2048,2048,309824,228.281
2048,2048,309888,154.792
2048,2048,309952,215.865
2048,2048,310016,226.303
2048,2048,310080,156.427
2048,2048,310144,223.136
2048,2048,310208,219.829
2048,2048,310272,156.856
2048,2048,310336,223.587
2048,2048,310400,230.248
2048,2048,310464,156.345
2048,2048,310528,155.85
2048,2048,310592,227.312
2048,2048,310656,154.628
2048,2048,310720,220.913
2048,2048,310784,223.478
2048,2048,310848,226.034
2048,2048,310912,156.122
2048,2048,310976,153.747
2048,2048,311040,224.627
2048,2048,311104,166.666
2048,2048,311168,156.377
2048,2048,311232,157.45
2048,2048,311296,156.633
2048,2048,311360,155.53
2048,2048,311424,183.38
2048,2048,311488,227.223
2048,2048,311552,156.571
2048,2048,311616,156.606
2048,2048,311680,156.07
2048,2048,311744,155.472
2048,2048,311808,225.758
2048,2048,311872,229.445
2048,2048,311936,155.805
2048,2048,312000,224.27
2048,2048,312064,156.63
2048,2048,312128,155.334
2048,2048,312192,153.992
2048,2048,312256,154.059
2048,2048,312320,156.394
2048,2048,312384,165.978
2048,2048,312448,153.951
2048,2048,312512,230.354
2048,2048,312576,155.822
2048,2048,312640,154.79
2048,2048,312704,159.08
2048,2048,312768,230.506
2048,2048,312832,155.374
2048,2048,312896,154.441
2048,2048,312960,156.463
2048,2048,313024,156.629
2048,2048,313088,233.693
2048,2048,313152,223.664
2048,2048,313216,155.996
2048,2048,313280,220.766
2048,2048,313344,223.823
2048,2048,313408,155.611
2048,2048,313472,156.044
2048,2048,313536,223.511
2048,2048,313600,229.749
2048,2048,313664,155.363
2048,2048,313728,155.498
2048,2048,313792,156.674
2048,2048,313856,223.459
2048,2048,313920,155.569
2048,2048,313984,154.868
2048,2048,314048,227.617
2048,2048,314112,154.828
2048,2048,314176,162.175
2048,2048,314240,223.79
2048,2048,314304,154.435
2048,2048,314368,227.602
2048,2048,314432,153.695
2048,2048,314496,208.197
2048,2048,314560,224.155
2048,2048,314624,155.903
2048,2048,314688,154.577
2048,2048,314752,154.031
2048,2048,314816,156.437
2048,2048,314880,155.943
2048,2048,314944,222.943
2048,2048,315008,156.249
2048,2048,315072,155.861
2048,2048,315136,172.815
2048,2048,315200,162.532
2048,2048,315264,218.248
2048,2048,315328,155.324
2048,2048,315392,228.986
2048,2048,315456,227.316
2048,2048,315520,156.495
2048,2048,315584,155.33
2048,2048,315648,225.163
2048,2048,315712,155.17
2048,2048,315776,156.394
2048,2048,315840,154.106
2048,2048,315904,153.822
2048,2048,315968,155.91
2048,2048,316032,155.256
2048,2048,316096,162.502
2048,2048,316160,227.235
2048,2048,316224,154.102
2048,2048,316288,182.799
2048,2048,316352,222.435
2048,2048,316416,162.055
2048,2048,316544,154.436
2048,2048,316608,156.272
2048,2048,316672,156.033
2048,2048,316736,155.323
2048,2048,316800,154.45
2048,2048,316864,228.932
2048,2048,316928,155.855
2048,2048,316992,229.472
2048,2048,317056,178.101
2048,2048,317120,227.844
2048,2048,317184,156.292
2048,2048,317248,155.372
2048,2048,317312,203.781
2048,2048,317376,226.778
2048,2048,317440,157.285
2048,2048,317504,155.484
2048,2048,317568,155.406
2048,2048,317632,154.054
2048,2048,317696,155.619
2048,2048,317760,156.086
2048,2048,317824,158.338
2048,2048,317888,156.326
2048,2048,317952,155.726
2048,2048,318016,155.936
2048,2048,318080,154.569
2048,2048,318144,224.317
2048,2048,318208,155.536
2048,2048,318272,155.996
2048,2048,318336,156.746
2048,2048,318400,172.031
2048,2048,318464,156.069
2048,2048,318528,224.058
2048,2048,318592,156.455
2048,2048,318656,228.2
2048,2048,318720,156.669
2048,2048,318784,154.474
2048,2048,318848,231.46
2048,2048,318912,174.726
2048,2048,318976,156.169
2048,2048,319040,231.322
2048,2048,319104,156.89
2048,2048,319168,219.768
2048,2048,319232,229.503
2048,2048,319296,156.184
2048,2048,319360,156.144
2048,2048,319424,157.143
2048,2048,319488,156.609
2048,2048,319552,156.572
2048,2048,319616,156.638
2048,2048,319680,226.072
2048,2048,319744,155.616
2048,2048,319808,156.843
2048,2048,319872,228.153
2048,2048,319936,155.353
2048,2048,320000,157.211
2048,2048,320064,231.862
2048,2048,320128,157.458
2048,2048,320192,156.598
2048,2048,320256,226.792
2048,2048,320320,157.671
2048,2048,320384,157.738
2048,2048,320448,205.107
2048,2048,320512,225.372
2048,2048,320576,230.313
2048,2048,320640,156.763
2048,2048,320704,168.298
2048,2048,320768,223.515
2048,2048,320832,157.428
2048,2048,320896,171.224
2048,2048,320960,156.704
2048,2048,321024,156.508
2048,2048,321088,157.539
2048,2048,321152,156.127
2048,2048,321216,154.152
2048,2048,321280,220.546
2048,2048,321344,155.826
2048,2048,321408,176.859
2048,2048,321472,157.911
2048,2048,321536,154.354
2048,2048,321600,154.118
2048,2048,321664,219.989
2048,2048,321728,154.128
2048,2048,321792,154.239
2048,2048,321856,178.855
2048,2048,321920,154.379
2048,2048,321984,155.803
2048,2048,322048,156.643
2048,2048,322112,155.937
2048,2048,322176,227.153
2048,2048,322240,229.876
2048,2048,322304,155.051
2048,2048,322368,221.067
2048,2048,322432,154.909
2048,2048,322496,189.369
2048,2048,322560,157.97
2048,2048,322624,155.172
2048,2048,322688,207.075
2048,2048,322752,157.143
2048,2048,322816,155.918
2048,2048,322880,218.471
2048,2048,322944,156.292
2048,2048,323008,155.096
2048,2048,323072,195.403
2048,2048,323136,157.689
2048,2048,323200,191.216
2048,2048,323264,156.552
2048,2048,323328,156.597
2048,2048,323392,156.143
2048,2048,323456,156.56
2048,2048,323520,156.397
2048,2048,323584,157.018
2048,2048,323648,156.771
2048,2048,323712,156.431
2048,2048,323776,227.543
2048,2048,323840,157.327
2048,2048,323904,155.994
2048,2048,323968,153.986
2048,2048,324032,156.784
2048,2048,324096,201.901
2048,2048,324160,155.833
2048,2048,324224,156.94
2048,2048,324288,226.656
2048,2048,324352,156.307
2048,2048,324416,155.244
2048,2048,324480,222.717
2048,2048,324544,157.44
2048,2048,324608,155.564
2048,2048,324672,219.139
2048,2048,324736,157.245
2048,2048,324800,157.092
2048,2048,324864,156.202
2048,2048,324928,166.588
2048,2048,324992,156.499
2048,2048,325056,156.691
2048,2048,325120,155.86
2048,2048,325184,155.27
2048,2048,325248,176.819
2048,2048,325312,156.021
2048,2048,325376,225.196
2048,2048,325440,156.548
2048,2048,325504,156.646
2048,2048,325568,161.956
2048,2048,325632,155.908
2048,2048,325696,228.545
2048,2048,325760,175.587
2048,2048,325824,154.519
2048,2048,325888,225.618
2048,2048,325952,155.552
2048,2048,326016,219.027
2048,2048,326080,223.204
2048,2048,326144,156.844
2048,2048,326208,226.018
2048,2048,326272,155.725
2048,2048,326336,220.456
2048,2048,326400,156.97
2048,2048,326464,153.431
2048,2048,326528,155.286
2048,2048,326592,154.419
2048,2048,326656,175.484
2048,2048,326720,154.131
2048,2048,326784,218.11
2048,2048,326848,155.3
2048,2048,326912,154.311
2048,2048,326976,154.064
2048,2048,327040,153.893
2048,2048,327104,229.545
2048,2048,327168,174.551
2048,2048,327232,154.758
2048,2048,327296,229.243
2048,2048,327360,155.41
2048,2048,327424,155.091
2048,2048,327488,155.301
2048,2048,327552,156.786
2048,2048,327616,156.512
2048,2048,327680,153.864
2048,2048,327744,154.223
2048,2048,327808,156.117
2048,2048,327872,156.429
2048,2048,327936,186.381
2048,2048,328000,154.03
2048,2048,328064,154.732
2048,2048,328128,155.948
2048,2048,328192,224.898
2048,2048,328256,218.807
2048,2048,328320,166.267
2048,2048,328384,224.434
2048,2048,328448,155.269
2048,2048,328512,225.138
2048,2048,328576,155.005
2048,2048,328704,216.065
2048,2048,328768,156.833
2048,2048,328832,178.952
2048,2048,328896,155.723
2048,2048,328960,227.988
2048,2048,329024,223.63
2048,2048,329088,226.804
2048,2048,329152,155.985
2048,2048,329216,156.197
2048,2048,329280,169.039
2048,2048,329344,153.9
2048,2048,329408,223.654
2048,2048,329472,154.429
2048,2048,329536,154.303
2048,2048,329600,224.275
2048,2048,329664,156.045
2048,2048,329728,159.866
2048,2048,329792,155.224
2048,2048,329856,153.511
2048,2048,329920,154.398
2048,2048,329984,227.488
2048,2048,330048,155.694
2048,2048,330112,153.731
2048,2048,330176,155.432
2048,2048,330240,155.425
2048,2048,330304,155.254
2048,2048,330368,218.429
2048,2048,330432,155.894
2048,2048,330496,227.096
2048,2048,330560,153.709
2048,2048,330624,153.701
2048,2048,330688,226.352
2048,2048,330752,165.009
2048,2048,330816,154.412
2048,2048,330880,154.904
2048,2048,330944,155.802
2048,2048,331008,154.396
2048,2048,331072,190.753
2048,2048,331136,156.087
2048,2048,331200,226.846
2048,2048,331264,157.051
2048,2048,331328,158.258
2048,2048,331392,210.04
2048,2048,331456,156.264
2048,2048,331520,156.543
2048,2048,331584,155.525
2048,2048,331648,225.464
2048,2048,331712,205.5
2048,2048,331776,155.82
2048,2048,331840,156.157
2048,2048,331904,157.378
2048,2048,331968,226.594
2048,2048,332032,155.317
2048,2048,332096,227.932
2048,2048,332160,228.33
2048,2048,332224,156.09
2048,2048,332288,231.887
2048,2048,332352,155.589
2048,2048,332416,228.105
2048,2048,332480,155.17
2048,2048,332544,156.957
2048,2048,332608,156.958
2048,2048,332672,155.635
2048,2048,332736,154.159
2048,2048,332800,231.479
2048,2048,332864,161.28
2048,2048,332928,155.61
2048,2048,332992,219.151
2048,2048,333056,156.63
2048,2048,333120,156.329
2048,2048,333184,157.252
2048,2048,333248,224.707
2048,2048,333312,155.4
2048,2048,333376,153.796
2048,2048,333440,155.712
2048,2048,333504,156.011
2048,2048,333568,155.725
2048,2048,333632,156.72
2048,2048,333696,225.824
2048,2048,333760,220.188
2048,2048,333824,223.073
2048,2048,333888,169.426
2048,2048,333952,154.532
2048,2048,334016,227.829
2048,2048,334080,154.887
2048,2048,334144,155.014
2048,2048,334208,153.944
2048,2048,334272,156.019
2048,2048,334336,171.213
2048,2048,334400,224.818
2048,2048,334528,154.496
2048,2048,334592,230.775
2048,2048,334656,153.672
2048,2048,334720,227.162
2048,2048,334784,154.194
2048,2048,334848,154.495
2048,2048,334912,154.478
2048,2048,334976,156.341
2048,2048,335040,155.398
2048,2048,335104,156.875
2048,2048,335168,163.957
2048,2048,335232,226.149
2048,2048,335296,192.209
2048,2048,335360,156.301
2048,2048,335424,155.938
2048,2048,335488,154.158
2048,2048,335552,154.685
2048,2048,335616,224.084
2048,2048,335680,156.596
2048,2048,335744,224.342
2048,2048,335808,227.135
2048,2048,335872,153.975
2048,2048,335936,154.807
2048,2048,336000,229.485
2048,2048,336064,223.405
2048,2048,336128,155.6
2048,2048,336192,182.234
2048,2048,336256,155.039
2048,2048,336320,228.26
2048,2048,336384,155.782
2048,2048,336448,156.004
2048,2048,336512,229.904
2048,2048,336576,164.703
2048,2048,336640,153.854
2048,2048,336704,224.326
2048,2048,336768,194.149
2048,2048,336832,157.428
2048,2048,336896,156.607
2048,2048,336960,156.785
2048,2048,337024,224.785
2048,2048,337088,154.251
2048,2048,337152,223.133
2048,2048,337216,227.091
2048,2048,337280,154.042
2048,2048,337344,155.777
2048,2048,337472,212.376
2048,2048,337536,154.636
2048,2048,337600,157.707
2048,2048,337664,156.244
2048,2048,337728,155.662
2048,2048,337792,156.565
2048,2048,337856,155.815
2048,2048,337920,156.64
2048,2048,337984,157.099
2048,2048,338048,156.457
2048,2048,338112,166.998
2048,2048,338176,157.095
2048,2048,338240,156.156
2048,2048,338304,227.125
2048,2048,338368,155.446
2048,2048,338432,153.85
2048,2048,338496,155.594
2048,2048,338560,232.439
2048,2048,338624,155.506
2048,2048,338688,184.854
2048,2048,338752,219.679
2048,2048,338816,156.584
2048,2048,338880,228.545
2048,2048,338944,156.045
2048,2048,339008,231.725
2048,2048,339072,155.489
2048,2048,339136,154.304
2048,2048,339200,164.944
2048,2048,339264,228.287
2048,2048,339328,153.896
2048,2048,339392,179.034
2048,2048,339456,155.908
2048,2048,339520,230.52
2048,2048,339584,155.96
2048,2048,339648,167.853
2048,2048,339712,154.839
2048,2048,339776,228.521
2048,2048,339840,173.546
2048,2048,339904,228.369
2048,2048,339968,230.612
2048,2048,340032,222.799
2048,2048,340096,155.872
2048,2048,340160,156.022
2048,2048,340224,223.567
2048,2048,340288,156.295
2048,2048,340416,155.479
2048,2048,340480,157.657
2048,2048,340544,154.926
2048,2048,340608,157.017
2048,2048,340672,226.308
2048,2048,340736,224.504
2048,2048,340800,155.984
2048,2048,340864,154.092
2048,2048,340928,156.604
2048,2048,340992,156.503
2048,2048,341056,231.38
2048,2048,341120,229.233
2048,2048,341184,228.95
2048,2048,341248,179.23
2048,2048,341312,228.863
2048,2048,341376,157.383
2048,2048,341440,154.55
2048,2048,341504,154.269
2048,2048,341568,156.876
2048,2048,341632,155.878
2048,2048,341696,156.495
2048,2048,341760,156.522
2048,2048,341824,224.636
2048,2048,341888,156.866
2048,2048,341952,224.968
2048,2048,342016,180.038
2048,2048,342080,153.883
2048,2048,342144,154.373
2048,2048,342208,223.13
2048,2048,342272,155.758
2048,2048,342336,227.82
2048,2048,342400,228.613
2048,2048,342464,163.338
2048,2048,342528,163.815
2048,2048,342592,154.291
2048,2048,342656,156.301
2048,2048,342720,153.825
2048,2048,342784,155.915
2048,2048,342848,226.116
2048,2048,342912,221.631
2048,2048,342976,225.023
2048,2048,343040,156.34
2048,2048,343168,156.447
2048,2048,343232,153.851
2048,2048,343296,155.91
2048,2048,343360,156.456
2048,2048,343424,156.234
2048,2048,343488,156.361
2048,2048,343552,155.763
2048,2048,343616,156.19
2048,2048,343680,156.861
2048,2048,343744,155.919
2048,2048,343808,228.607
2048,2048,343872,168.337
2048,2048,343936,230.816
2048,2048,344000,226.097
2048,2048,344064,230.663
2048,2048,344128,155.643
2048,2048,344192,156.054
2048,2048,344256,226.955
2048,2048,344320,227.2
2048,2048,344384,222.537
2048,2048,344448,227.676
2048,2048,344512,153.864
2048,2048,344576,153.794
2048,2048,344640,156.253
2048,2048,344704,156.868
2048,2048,344768,155.824
2048,2048,344832,228.636
2048,2048,344896,228.969
2048,2048,344960,153.683
2048,2048,345024,231.012
2048,2048,345088,155.919
2048,2048,345152,228.495
2048,2048,345216,231.411
2048,2048,345280,154.067
2048,2048,345344,228.729
2048,2048,345408,156.766
2048,2048,345472,154.639
2048,2048,345536,155.283
2048,2048,345600,155.736
2048,2048,345664,155.482
2048,2048,345728,153.743
2048,2048,345792,227.776
2048,2048,345856,227.019
2048,2048,345920,230.791
2048,2048,346048,153.808
2048,2048,346112,227.686
2048,2048,346176,229.243
2048,2048,346240,228.631
2048,2048,346304,220.091
2048,2048,346368,155.871
2048,2048,346432,224.238
2048,2048,346496,218.967
2048,2048,346560,155.544
2048,2048,346624,154.322
2048,2048,346688,156.069
2048,2048,346752,231.016
2048,2048,346816,154.238
2048,2048,346880,156.495
2048,2048,346944,155.77
2048,2048,347008,225.391
2048,2048,347072,230.224
2048,2048,347136,224.265
2048,2048,347200,227.572
2048,2048,347264,162.842
2048,2048,347328,228.668
2048,2048,347392,229.1
2048,2048,347456,222.35
2048,2048,347520,184.716
2048,2048,347584,155.2
2048,2048,347648,228.223
2048,2048,347712,154.398
2048,2048,347776,177.361
2048,2048,347840,155.671
2048,2048,347904,156.329
2048,2048,347968,155.603
2048,2048,348032,231.618
2048,2048,348096,155.461
2048,2048,348160,208.753
2048,2048,348224,226.426
2048,2048,348288,226.931
2048,2048,348352,222.356
2048,2048,348416,155.969
2048,2048,348480,155.573
2048,2048,348544,155.455
2048,2048,348608,155.63
2048,2048,348672,224.497
2048,2048,348736,154.153
2048,2048,348800,227.524
2048,2048,348864,156.136
2048,2048,348928,156.626
2048,2048,348992,154.075
2048,2048,349056,157.828
2048,2048,349120,154.976
2048,2048,349184,154.99
2048,2048,349248,156.903
2048,2048,349312,200.21
2048,2048,349376,155.058
2048,2048,349440,227.992
2048,2048,349504,155.701
2048,2048,349568,154.491
2048,2048,349632,154.829
2048,2048,349696,175.917
2048,2048,349760,155.266
2048,2048,349824,223.443
2048,2048,349888,156.027
2048,2048,349952,153.493
2048,2048,350016,155.021
2048,2048,350080,221.571
2048,2048,350144,155.642
2048,2048,350208,226.637
2048,2048,350272,155.15
2048,2048,350336,229.444
2048,2048,350400,153.86
2048,2048,350464,155.303
2048,2048,350528,155.496
2048,2048,350592,154.149
2048,2048,350656,154.98
2048,2048,350720,154.242
2048,2048,350784,184.269
2048,2048,350848,224.191
2048,2048,350912,154.58
2048,2048,350976,158.892
2048,2048,351040,230.539
2048,2048,351104,226.468
2048,2048,351168,225.057
2048,2048,351232,224.465
2048,2048,351296,220.04
2048,2048,351360,226.239
2048,2048,351424,155.074
2048,2048,351552,224.803
2048,2048,351616,153.768
2048,2048,351680,153.585
2048,2048,351744,154.891
2048,2048,351808,223.87
2048,2048,351872,154.195
2048,2048,351936,214.946
2048,2048,352000,154.8
2048,2048,352064,155.666
2048,2048,352128,228.559
2048,2048,352192,229.029
2048,2048,352256,228.754
2048,2048,352320,155.825
2048,2048,352384,155.765
2048,2048,352448,227.217
2048,2048,352512,156.546
2048,2048,352576,207.864
2048,2048,352640,155.426
2048,2048,352704,155.257
2048,2048,352768,231.194
2048,2048,352832,154.89
2048,2048,352896,155.133
2048,2048,352960,154.007
2048,2048,353024,155.068
2048,2048,353088,153.806
2048,2048,353152,227.995
2048,2048,353216,154.798
2048,2048,353280,178.023
2048,2048,353344,227.12
2048,2048,353408,155.902
2048,2048,353472,153.396
2048,2048,353536,153.689
2048,2048,353600,155.7
2048,2048,353664,153.595
2048,2048,353728,156.517
2048,2048,353792,228.635
2048,2048,353856,228.782
2048,2048,353920,155.792
2048,2048,353984,156.126
2048,2048,354048,155.369
2048,2048,354112,156.881
2048,2048,354176,155.259
2048,2048,354240,175.406
2048,2048,354368,155.763
2048,2048,354432,154.19
2048,2048,354496,156.006
2048,2048,354560,222.178
2048,2048,354624,155.613
2048,2048,354688,228.358
2048,2048,354752,229.023
2048,2048,354816,212.121
2048,2048,354880,154.752
2048,2048,354944,223.807
2048,2048,355008,154.965
2048,2048,355072,154.298
2048,2048,355136,153.612
2048,2048,355200,167.151
2048,2048,355264,227.388
2048,2048,355328,222.367
2048,2048,355392,153.885
2048,2048,355456,223.664
2048,2048,355520,225.289
2048,2048,355584,228.825
2048,2048,355648,232.178
2048,2048,355712,155.118
2048,2048,355776,155.755
2048,2048,355840,155.591
2048,2048,355904,225.299
2048,2048,355968,229.027
2048,2048,356032,227.808
2048,2048,356096,229.001
2048,2048,356160,227.58
2048,2048,356224,155.692
2048,2048,356288,154.181
2048,2048,356352,228.63
2048,2048,356416,154.234
2048,2048,356480,155.771
2048,2048,356544,154.318
2048,2048,356608,159.501
2048,2048,356672,155.884
2048,2048,356736,156.894
2048,2048,356800,155.778
2048,2048,356864,224.954
2048,2048,356928,227.047
2048,2048,356992,189.274
2048,2048,357056,225.96
2048,2048,357184,155.049
2048,2048,357248,153.971
2048,2048,357312,223.286
2048,2048,357376,154.202
2048,2048,357440,155.868
2048,2048,357504,155.176
2048,2048,357568,156.176
2048,2048,357632,176.473
2048,2048,357696,156.104
2048,2048,357760,231.306
2048,2048,357824,154.737
2048,2048,357888,156.319
2048,2048,357952,155.886
2048,2048,358016,155.665
2048,2048,358080,226.193
2048,2048,358144,166.879
2048,2048,358208,156.012
2048,2048,358272,157.587
2048,2048,358336,228.486
2048,2048,358400,217.671
2048,2048,358464,155.053
2048,2048,358528,157.182
2048,2048,358592,220.152
2048,2048,358656,155.236
2048,2048,358720,153.639
2048,2048,358784,156.019
2048,2048,358848,225.72
2048,2048,358912,175.636
2048,2048,358976,154.254
2048,2048,359040,155.239
2048,2048,359104,155.67
2048,2048,359168,156.175
2048,2048,359232,153.355
2048,2048,359296,154.951
2048,2048,359360,155.632
2048,2048,359424,154.404
2048,2048,359488,225.547
2048,2048,359552,230.839
2048,2048,359616,163.229
2048,2048,359680,226.242
2048,2048,359744,156.569
2048,2048,359808,183.906
2048,2048,359872,229.072
2048,2048,359936,155.111
2048,2048,360000,154.833
2048,2048,360064,153.974
2048,2048,360128,156.119
2048,2048,360192,156.052
2048,2048,360256,228.551
2048,2048,360320,167.976
2048,2048,360384,155.297
2048,2048,360448,155.263
2048,2048,360512,156.108
2048,2048,360576,228.588
2048,2048,360640,155.508
2048,2048,360704,154.702
2048,2048,360768,227.688
2048,2048,360832,155.621
2048,2048,360896,155.894
2048,2048,360960,155.667
2048,2048,361024,173.588
2048,2048,361088,155.956
2048,2048,361152,153.643
2048,2048,361216,155.267
2048,2048,361280,156.002
2048,2048,361344,156.469
2048,2048,361408,156.135
2048,2048,361472,231.115
2048,2048,361536,153.865
2048,2048,361600,188.213
2048,2048,361664,156.42
2048,2048,361728,155.669
2048,2048,361792,227.948
2048,2048,361856,154.293
2048,2048,361920,156.031
2048,2048,361984,154.368
2048,2048,362048,154.806
2048,2048,362112,153.751
2048,2048,362176,226.491
2048,2048,362240,154.62
2048,2048,362304,171.302
2048,2048,362368,228.775
2048,2048,362432,156.185
2048,2048,362496,232.518
2048,2048,362560,154.843
2048,2048,362624,154.922
2048,2048,362688,230.336
2048,2048,362752,153.716
2048,2048,362816,153.912
2048,2048,362880,156.045
2048,2048,362944,225.4
2048,2048,363008,155.835
2048,2048,363072,229.695
2048,2048,363136,224.51
2048,2048,363200,225.284
2048,2048,363264,234.311
2048,2048,363328,155.946
2048,2048,363392,227.119
2048,2048,363456,156.939
2048,2048,363520,229.286
2048,2048,363584,229.575
2048,2048,363648,156.516
2048,2048,363712,155.314
2048,2048,363776,228.228
2048,2048,363840,156.426
2048,2048,363904,154.632
2048,2048,363968,171.644
2048,2048,364032,154.058
2048,2048,364096,155.018
2048,2048,364160,153.867
2048,2048,364224,155.032
2048,2048,364288,230.484
2048,2048,364352,156.701
2048,2048,364416,156.28
2048,2048,364480,227.933
2048,2048,364544,153.811
2048,2048,364608,153.807
2048,2048,364672,154.698
2048,2048,364736,154.45
2048,2048,364800,219.133
2048,2048,364864,154.978
2048,2048,364928,155.236
2048,2048,364992,229.582
2048,2048,365056,156.008
2048,2048,365120,154.286
2048,2048,365248,155.554
2048,2048,365312,229.42
2048,2048,365376,226.665
2048,2048,365440,155.806
2048,2048,365504,158.127
2048,2048,365568,154.036
2048,2048,365632,156.822
2048,2048,365696,223.295
2048,2048,365760,224.908
2048,2048,365824,229.822
2048,2048,365888,154.281
2048,2048,365952,154.806
2048,2048,366016,154.287
2048,2048,366080,156.465
2048,2048,366144,153.672
2048,2048,366208,154.159
2048,2048,366272,154.972
2048,2048,366336,154.003
2048,2048,366400,157.239
2048,2048,366464,203.356
2048,2048,366528,226.383
2048,2048,366592,155.387
2048,2048,366656,153.652
2048,2048,366720,156.217
2048,2048,366784,155.774
2048,2048,366848,157.258
2048,2048,366912,156.394
2048,2048,366976,154.714
2048,2048,367040,229.959
2048,2048,367104,154.728
2048,2048,367168,156.069
2048,2048,367232,185.238
2048,2048,367296,175.031
2048,2048,367360,176.614
2048,2048,367424,153.788
2048,2048,367488,227.805
2048,2048,367552,230.999
2048,2048,367616,166.423
2048,2048,367680,224.142
2048,2048,367808,157.064
2048,2048,367872,154.652
2048,2048,367936,227.354
2048,2048,368000,229.535
2048,2048,368064,228.573
2048,2048,368128,155.217
2048,2048,368192,153.512
2048,2048,368256,155.808
2048,2048,368320,210.236
2048,2048,368384,230.669
2048,2048,368448,154.194
2048,2048,368512,155.359
2048,2048,368576,154.715
2048,2048,368640,157.037
2048,2048,368704,154.29
2048,2048,368768,184.065
2048,2048,368832,154.744
2048,2048,368896,226.136
2048,2048,368960,227.678
2048,2048,369024,230.282
2048,2048,369088,225.858
2048,2048,369152,155.278
2048,2048,369216,229.475
2048,2048,369280,229.871
2048,2048,369344,222.336
2048,2048,369408,225.066
2048,2048,369472,156.021
2048,2048,369536,232.373
2048,2048,369600,154.288
2048,2048,369664,225.042
2048,2048,369728,221.34
2048,2048,369792,154.937
2048,2048,369856,226.087
2048,2048,369920,232.605
2048,2048,369984,224.334
2048,2048,370048,159.3
2048,2048,370112,154.986
2048,2048,370176,210.74
2048,2048,370240,156.475
2048,2048,370304,156.12
2048,2048,370368,155.683
2048,2048,370496,229.889
2048,2048,370560,171.452
2048,2048,370624,174.923
2048,2048,370688,230.306
2048,2048,370752,155.839
2048,2048,370816,231.919
2048,2048,370880,154.591
2048,2048,370944,154.279
2048,2048,371008,229.27
2048,2048,371072,154.604
2048,2048,371136,228.534
2048,2048,371200,154.941
2048,2048,371264,155.205
2048,2048,371328,153.64
2048,2048,371392,156.756
2048,2048,371456,229.093
2048,2048,371520,156.376
2048,2048,371584,153.639
2048,2048,371648,155.242
2048,2048,371712,153.795
2048,2048,371776,218.062
2048,2048,371840,155.131
2048,2048,371904,156.791
2048,2048,371968,154.279
2048,2048,372032,233.062
2048,2048,372096,228.059
2048,2048,372160,222.571
2048,2048,372224,155.981
2048,2048,372288,228.799
2048,2048,372352,153.965
2048,2048,372416,226.545
2048,2048,372480,188.272
2048,2048,372544,156.534
2048,2048,372608,166.458
2048,2048,372672,226.371
2048,2048,372736,169.787
2048,2048,372800,230.479
2048,2048,372864,156.506
2048,2048,372928,229.774
2048,2048,372992,230.412
2048,2048,373056,153.622
2048,2048,373184,226.401
2048,2048,373248,162.792
2048,2048,373312,229.014
2048,2048,373376,153.751
2048,2048,373440,231.264
2048,2048,373504,231.517
2048,2048,373568,228.769
2048,2048,373632,156.447
2048,2048,373696,227.729
2048,2048,373760,226.998
2048,2048,373824,194.489
2048,2048,373888,154.248
2048,2048,373952,155.291
2048,2048,374016,156.245
2048,2048,374080,154.028
2048,2048,374144,231.09
2048,2048,374208,156.697
2048,2048,374272,231.126
2048,2048,374336,154.366
2048,2048,374400,154.327
2048,2048,374464,154.275
2048,2048,374528,229.374
2048,2048,374592,222.702
2048,2048,374656,170.248
2048,2048,374720,154.096
2048,2048,374784,156.191
2048,2048,374848,153.886
2048,2048,374912,154.098
2048,2048,374976,153.999
2048,2048,375040,230.324
2048,2048,375104,229.797
2048,2048,375168,155.564
2048,2048,375232,155.801
2048,2048,375296,194.008
2048,2048,375360,153.809
2048,2048,375424,182.144
2048,2048,375488,228.873
2048,2048,375552,153.738
2048,2048,375680,210.08
2048,2048,375744,156.685
2048,2048,375808,225.51
2048,2048,375872,156.988
2048,2048,375936,229.586
2048,2048,376000,230.002
2048,2048,376064,155.67
2048,2048,376128,220.727
2048,2048,376192,156.522
2048,2048,376256,156.576
2048,2048,376320,157.567
2048,2048,376384,226.62
2048,2048,376448,157.516
2048,2048,376512,155.774
2048,2048,376576,153.791
2048,2048,376640,228.215
2048,2048,376704,226.572
2048,2048,376768,155.504
2048,2048,376832,155.758
2048,2048,376896,156.249
2048,2048,376960,156.863
2048,2048,377024,229.911
2048,2048,377088,156.695
2048,2048,377152,155.212
2048,2048,377216,230.152
2048,2048,377280,157.009
2048,2048,377344,226.352
2048,2048,377408,156.185
2048,2048,377472,157.157
2048,2048,377536,154.992
2048,2048,377600,228.991
2048,2048,377664,226.606
2048,2048,377728,228.51
2048,2048,377792,225.955
2048,2048,377856,231.103
2048,2048,377920,156.583
2048,2048,377984,155.453
2048,2048,378048,156.754
2048,2048,378112,231.718
2048,2048,378176,156.813
2048,2048,378240,184.271
2048,2048,378304,222.682
2048,2048,378368,174.941
2048,2048,378432,158.308
2048,2048,378496,154.823
2048,2048,378560,156.872
2048,2048,378624,227.843
2048,2048,378688,155.548
2048,2048,378752,213.257
2048,2048,378816,223.177
2048,2048,378880,155.583
2048,2048,378944,227.135
2048,2048,379008,224.349
2048,2048,379072,155.084
2048,2048,379136,156.323
2048,2048,379200,155.879
2048,2048,379264,224.578
2048,2048,379328,224.717
2048,2048,379392,156.225
2048,2048,379456,228.873
2048,2048,379520,230.069
2048,2048,379584,155.335
2048,2048,379648,156.177
2048,2048,379712,227.733
2048,2048,379776,154.952
2048,2048,379840,227.726
2048,2048,379904,155.991
2048,2048,379968,153.889
2048,2048,380032,153.687
2048,2048,380096,228.722
2048,2048,380160,165.348
2048,2048,380224,231.414
2048,2048,380288,160.95
2048,2048,380352,230.775
2048,2048,380416,233.241
2048,2048,380480,156.359
2048,2048,380544,230.372
2048,2048,380608,229.927
2048,2048,380672,155.925
2048,2048,380736,166.285
2048,2048,380800,223.542
2048,2048,380928,229.619
2048,2048,380992,229.022
2048,2048,381056,163.276
2048,2048,381120,228.677
2048,2048,381184,154.239
2048,2048,381248,154.892
2048,2048,381312,155.273
2048,2048,381376,154.07
2048,2048,381440,231.952
2048,2048,381504,155.286
2048,2048,381568,154.72
2048,2048,381632,195.536
2048,2048,381696,223.216
2048,2048,381760,155.376
2048,2048,381824,230.592
2048,2048,381888,166.305
2048,2048,381952,154.421
2048,2048,382016,220.8
2048,2048,382080,226.856
2048,2048,382144,156.523
2048,2048,382208,154.069
2048,2048,382272,156.15
2048,2048,382336,153.846
2048,2048,382400,154.162
2048,2048,382464,153.88
2048,2048,382528,229.562
2048,2048,382592,226.32
2048,2048,382656,156.994
2048,2048,382720,226.687
2048,2048,382784,153.837
2048,2048,382848,154.266
2048,2048,382912,155.554
2048,2048,382976,156.649
2048,2048,383040,156.056
2048,2048,383104,227.431
2048,2048,383168,222.026
2048,2048,383232,155.61
2048,2048,383296,155.235
2048,2048,383360,154.376
2048,2048,383424,222.152
2048,2048,383488,230.827
2048,2048,383552,225.698
2048,2048,383616,232.02
2048,2048,383680,155.733
2048,2048,383744,153.777
2048,2048,383808,157.086
2048,2048,383872,168.102
2048,2048,383936,231.68
2048,2048,384000,153.684
2048,2048,384064,155.639
2048,2048,384128,165.693
2048,2048,384192,154.728
2048,2048,384256,154.915
2048,2048,384320,153.845
2048,2048,384384,157.336
2048,2048,384448,227.407
2048,2048,384512,157.412
2048,2048,384576,222.131
2048,2048,384640,224.956
2048,2048,384704,155.969
2048,2048,384768,230.369
2048,2048,384832,223.954
2048,2048,384896,155.116
2048,2048,384960,219.848
2048,2048,385024,155.064
2048,2048,385088,229.812
2048,2048,385152,155.352
2048,2048,385216,156.188
2048,2048,385280,154.064
2048,2048,385344,221.295
2048,2048,385408,155.372
2048,2048,385472,159.228
2048,2048,385536,155.189
2048,2048,385600,154.875
2048,2048,385664,153.582
2048,2048,385728,226.97
2048,2048,385792,154.989
2048,2048,385856,185.36
2048,2048,385920,153.647
2048,2048,385984,153.844
2048,2048,386048,155.356
2048,2048,386112,156.475
2048,2048,386176,153.837
2048,2048,386240,208.382
2048,2048,386304,153.581
2048,2048,386368,222.319
2048,2048,386432,227.296
2048,2048,386496,155.159
2048,2048,386560,154.009
2048,2048,386624,155.937
2048,2048,386688,228.805
2048,2048,386752,228.155
2048,2048,386816,232.092
2048,2048,386880,157.271
2048,2048,386944,156.41
2048,2048,387008,155.318
2048,2048,387072,224.904
2048,2048,387136,229.939
2048,2048,387200,228.578
2048,2048,387264,155.52
2048,2048,387328,228.831
2048,2048,387392,224.415
2048,2048,387456,153.537
2048,2048,387520,231.082
2048,2048,387584,154.535
2048,2048,387648,206.098
2048,2048,387712,227.271
2048,2048,387776,155.241
2048,2048,387840,228.997
2048,2048,387904,225.118
2048,2048,387968,155.574
2048,2048,388032,229.417
2048,2048,388096,226.39
2048,2048,388160,157.636
2048,2048,388224,156.159
2048,2048,388288,156.489
2048,2048,388352,155.754
2048,2048,388416,159.829
2048,2048,388544,230.276
2048,2048,388608,229.651
2048,2048,388672,154.213
2048,2048,388736,155.487
2048,2048,388800,156.044
2048,2048,388864,222.044
2048,2048,388928,154.489
2048,2048,388992,154.099
2048,2048,389056,229.782
2048,2048,389120,155.329
2048,2048,389184,156.427
2048,2048,389248,228.158
2048,2048,389312,160.23
2048,2048,389376,154.691
2048,2048,389440,219.736
2048,2048,389504,227.518
2048,2048,389568,154.528
2048,2048,389632,178.557
2048,2048,389696,156.205
2048,2048,389760,215.741
2048,2048,389824,155.193
2048,2048,389888,156.803
2048,2048,389952,226.633
2048,2048,390016,154.442
2048,2048,390080,156.338
2048,2048,390144,156.108
2048,2048,390208,219.088
2048,2048,390272,156.711
2048,2048,390336,156.178
2048,2048,390400,155.892
2048,2048,390464,227.517
2048,2048,390528,156.124
2048,2048,390592,155.629
2048,2048,390656,155.435
2048,2048,390720,227.516
2048,2048,390784,155.89
2048,2048,390912,155.537
2048,2048,390976,153.661
2048,2048,391040,156.856
2048,2048,391104,155.735
2048,2048,391168,155.722
2048,2048,391232,228.159
2048,2048,391296,227.931
2048,2048,391360,226.876
2048,2048,391424,153.537
2048,2048,391488,190.567
2048,2048,391552,229.351
2048,2048,391616,156.699
2048,2048,391680,226.246
2048,2048,391744,177.292
2048,2048,391808,231.038
2048,2048,391872,155.815
2048,2048,391936,226.723
2048,2048,392000,228.55
2048,2048,392064,156.26
2048,2048,392128,225.061
2048,2048,392192,229.536
2048,2048,392256,155.804
2048,2048,392320,155.628
2048,2048,392384,156.001
2048,2048,392448,226.876
2048,2048,392512,153.416
2048,2048,392576,154.735
2048,2048,392640,155.095
2048,2048,392704,228.617
2048,2048,392768,154.328
2048,2048,392832,161.087
2048,2048,392896,155.696
2048,2048,392960,155.803
2048,2048,393024,155.911
2048,2048,393088,156.369
2048,2048,393152,228.191
2048,2048,393216,153.958
2048,2048,393280,156.221
2048,2048,393344,156.21
2048,2048,393472,161.262
2048,2048,393536,155.639
2048,2048,393600,154.444
2048,2048,393664,231.196
2048,2048,393728,155.134
2048,2048,393792,212.63
2048,2048,393856,227.995
2048,2048,393920,156.59
2048,2048,393984,157.866
2048,2048,394048,217.571
2048,2048,394112,229.323
2048,2048,394176,154.526
2048,2048,394240,173.361
2048,2048,394304,153.8
2048,2048,394368,228.695
2048,2048,394432,222.553
2048,2048,394496,153.777
2048,2048,394560,229.416
2048,2048,394624,155.358
2048,2048,394688,224.469
2048,2048,394752,228.053
2048,2048,394816,226.125
2048,2048,394880,164.341
2048,2048,394944,155.849
2048,2048,395008,156.567
2048,2048,395072,154.025
2048,2048,395136,157.517
2048,2048,395200,223.374
2048,2048,395264,230.633
2048,2048,395328,231.216
2048,2048,395392,155.727
2048,2048,395456,231.31
2048,2048,395520,156.696
2048,2048,395584,156.892
2048,2048,395648,224.926
2048,2048,395712,154.17
2048,2048,395776,156.096
2048,2048,395840,154.194
2048,2048,395968,155.295
2048,2048,396032,155.899
2048,2048,396096,155.442
2048,2048,396160,227.266
2048,2048,396224,230.87
2048,2048,396288,156.043
2048,2048,396352,156.337
2048,2048,396416,154.446
2048,2048,396480,153.866
2048,2048,396544,156.03
2048,2048,396608,153.487
2048,2048,396672,160.722
2048,2048,396736,178.013
2048,2048,396800,157.011
2048,2048,396864,156.081
2048,2048,396928,225.884
2048,2048,396992,228.279
2048,2048,397056,155.606
2048,2048,397120,155.767
2048,2048,397184,202.951
2048,2048,397248,156.829
2048,2048,397312,156.792
2048,2048,397376,228.991
2048,2048,397440,154.551
2048,2048,397504,156.792
2048,2048,397568,157.242
2048,2048,397632,154.798
2048,2048,397696,227.986
2048,2048,397760,226.442
2048,2048,397824,156.496
2048,2048,397888,155.447
2048,2048,397952,155.877
2048,2048,398016,232.718
2048,2048,398080,157.401
2048,2048,398144,153.515
2048,2048,398208,156.529
2048,2048,398336,159.189
2048,2048,398400,155.857
2048,2048,398464,156.568
2048,2048,398528,155.812
2048,2048,398592,156.031
2048,2048,398656,227.982
2048,2048,398720,155.591
2048,2048,398784,225.649
2048,2048,398848,225.497
2048,2048,398912,229.162
2048,2048,398976,228.94
2048,2048,399040,231.157
2048,2048,399104,156.075
2048,2048,399168,156.123
2048,2048,399232,156.34
2048,2048,399296,223.645
2048,2048,399360,154.745
2048,2048,399424,156.541
2048,2048,399488,156.013
2048,2048,399552,187.259
2048,2048,399616,154.816
2048,2048,399680,155.974
2048,2048,399744,156.273
2048,2048,399808,156.325
2048,2048,399872,227.626
2048,2048,399936,157.397
2048,2048,400000,157.22
2048,2048,400064,155.716
2048,2048,400128,156.111
2048,2048,400192,155.572
2048,2048,400256,225.925
2048,2048,400320,231.472
2048,2048,400384,154.539
2048,2048,400448,159.516
2048,2048,400512,156.412
2048,2048,400576,155.486
2048,2048,400640,155.577
2048,2048,400704,156.237
2048,2048,400832,156.525
2048,2048,400896,195.253
2048,2048,400960,156.889
2048,2048,401024,154.43
2048,2048,401088,228.259
2048,2048,401152,227.441
2048,2048,401216,155.657
2048,2048,401280,156.628
2048,2048,401344,156.591
2048,2048,401408,228.899
2048,2048,401472,224.376
2048,2048,401536,153.795
2048,2048,401600,155.107
2048,2048,401664,199.466
2048,2048,401728,155.029
2048,2048,401792,230.328
2048,2048,401856,156.037
2048,2048,401920,188.269
2048,2048,401984,228.392
2048,2048,402048,156.622
2048,2048,402112,155.309
2048,2048,402176,156.296
2048,2048,402240,231.928
2048,2048,402304,155.582
2048,2048,402368,154.108
2048,2048,402432,156.176
2048,2048,402496,231.442
2048,2048,402560,154.731
2048,2048,402624,226.719
2048,2048,402688,226.494
2048,2048,402752,190.472
2048,2048,402816,155.937
2048,2048,402880,227.373
2048,2048,402944,230.37
2048,2048,403008,156.785
2048,2048,403072,157.265
2048,2048,403136,155.806
2048,2048,403200,233.03
2048,2048,403264,155.398
2048,2048,403328,224.33
2048,2048,403392,156.781
2048,2048,403456,155.928
2048,2048,403520,155.524
2048,2048,403584,155.34
2048,2048,403648,204.652
2048,2048,403712,230.982
2048,2048,403776,154.976
2048,2048,403840,155.422
2048,2048,403904,224.952
2048,2048,403968,156.843
2048,2048,404032,155.633
2048,2048,404096,155.743
2048,2048,404160,228.365
2048,2048,404224,154.999
2048,2048,404288,154.17
2048,2048,404352,155.912
2048,2048,404416,229.171
2048,2048,404480,230.047
2048,2048,404544,156.141
2048,2048,404608,226.803
2048,2048,404672,162.22
2048,2048,404736,228.162
2048,2048,404800,156.05
2048,2048,404864,155.367
2048,2048,404928,157.465
2048,2048,404992,155.748
2048,2048,405056,155.738
2048,2048,405120,156.933
2048,2048,405184,231.019
2048,2048,405248,229.328
2048,2048,405312,186.508
2048,2048,405376,226.68
2048,2048,405440,154.994
2048,2048,405504,230.823
2048,2048,405632,156.094
2048,2048,405696,155.869
2048,2048,405760,224.181
2048,2048,405824,161.172
2048,2048,405888,215.601
2048,2048,405952,155.673
2048,2048,406016,157.41
2048,2048,406080,156.023
2048,2048,406144,156.576
2048,2048,406208,229.807
2048,2048,406272,228.572
2048,2048,406336,195.59
2048,2048,406400,228.467
2048,2048,406464,177.345
2048,2048,406528,224.768
2048,2048,406592,155.635
2048,2048,406656,155.697
2048,2048,406720,157.459
2048,2048,406784,230.339
2048,2048,406848,154.806
2048,2048,406912,157.577
2048,2048,406976,162.571
2048,2048,407040,186.756
2048,2048,407104,155.443
2048,2048,407168,157.029
2048,2048,407232,223.086
2048,2048,407296,155.372
2048,2048,407360,154.367
2048,2048,407424,155.552
2048,2048,407488,227.642
2048,2048,407552,156.184
2048,2048,407616,157.019
2048,2048,407680,156.609
2048,2048,407744,155.853
2048,2048,407808,230.773
2048,2048,407872,156.378
2048,2048,407936,155.657
2048,2048,408064,229.213
2048,2048,408128,153.833
2048,2048,408192,156.392
2048,2048,408256,156.051
2048,2048,408320,227.021
2048,2048,408384,181.005
2048,2048,408448,155.425
2048,2048,408512,156.715
2048,2048,408576,155.692
2048,2048,408640,156.001
2048,2048,408704,156.166
2048,2048,408768,156.536
2048,2048,408832,155.506
2048,2048,408896,228.484
2048,2048,408960,155.665
2048,2048,409024,155.295
2048,2048,409088,156.278
2048,2048,409152,230.868
2048,2048,409216,157.293
2048,2048,409280,155.649
2048,2048,409344,154.549
2048,2048,409408,229.571
2048,2048,409472,155.881
2048,2048,409536,155.06
2048,2048,409600,155.552
2048,2048,409664,155.239
2048,2048,409728,155.741
2048,2048,409792,156.135
2048,2048,409856,231.134
2048,2048,409920,155.835
2048,2048,409984,154.86
2048,2048,410048,155.73
2048,2048,410112,156.307
2048,2048,410176,157.825
2048,2048,410240,229.455
2048,2048,410368,156.736
2048,2048,410432,155.841
2048,2048,410496,229.553
2048,2048,410560,155.718
2048,2048,410624,156.366
2048,2048,410688,155.632
2048,2048,410752,156.722
2048,2048,410816,226.474
2048,2048,410880,155.691
2048,2048,410944,156.208
2048,2048,411008,155.73
2048,2048,411072,229.361
2048,2048,411136,155.486
2048,2048,411200,156.443
2048,2048,411264,156.608
2048,2048,411328,229.055
2048,2048,411392,230.108
2048,2048,411456,156.749
2048,2048,411520,156.375
2048,2048,411584,157.208
2048,2048,411648,227.894
2048,2048,411712,223.766
2048,2048,411776,232.097
2048,2048,411840,156.6
2048,2048,411904,154.527
2048,2048,411968,156.681
2048,2048,412032,155.152
2048,2048,412096,232.09
2048,2048,412160,156.085
2048,2048,412224,200.092
2048,2048,412288,231.731
2048,2048,412352,227.546
2048,2048,412416,155.891
2048,2048,412480,155.784
2048,2048,412544,228.573
2048,2048,412608,155.82
2048,2048,412672,156.54
2048,2048,412800,230.217
2048,2048,412864,157.597
2048,2048,412928,156.775
2048,2048,412992,156.517
2048,2048,413056,154.289
2048,2048,413120,227.936
2048,2048,413184,155.59
2048,2048,413248,156.008
2048,2048,413312,156.084
2048,2048,413376,230.911
2048,2048,413440,228.176
2048,2048,413504,156.131
2048,2048,413568,155.119
2048,2048,413632,156.206
2048,2048,413696,156.05
2048,2048,413760,229.012
2048,2048,413824,156.316
2048,2048,413888,154.464
2048,2048,413952,156.168
2048,2048,414016,231.031
2048,2048,414080,157.527
2048,2048,414144,156.566
2048,2048,414208,156.68
2048,2048,414272,226.537
2048,2048,414336,156.827
2048,2048,414400,154.836
2048,2048,414464,154.265
2048,2048,414528,155.667
2048,2048,414592,155.856
2048,2048,414656,156.233
2048,2048,414720,156.037
2048,2048,414784,223.69
2048,2048,414848,155.379
2048,2048,414912,156.013
2048,2048,414976,155.318
2048,2048,415040,155.528
2048,2048,415104,228.904
2048,2048,415168,153.763
2048,2048,415232,156.42
2048,2048,415296,229.819
2048,2048,415360,226.845
2048,2048,415424,226.637
2048,2048,415488,155.757
2048,2048,415552,155.431
2048,2048,415616,156.713
2048,2048,415680,232.138
2048,2048,415744,155.801
2048,2048,415808,156.373
2048,2048,415872,155.536
2048,2048,415936,155.503
2048,2048,416000,228.181
2048,2048,416064,155.964
2048,2048,416128,153.522
2048,2048,416192,156.177
2048,2048,416256,156.506
2048,2048,416320,227.874
2048,2048,416384,155.898
2048,2048,416448,155.458
2048,2048,416512,156.859
2048,2048,416576,155.408
2048,2048,416640,221.679
2048,2048,416704,228.657
2048,2048,416768,154.47
2048,2048,416832,155.961
2048,2048,416896,156.069
2048,2048,416960,155.952
2048,2048,417024,230.845
2048,2048,417088,156.209
2048,2048,417152,156.19
2048,2048,417216,156.415
2048,2048,417280,224.919
2048,2048,417344,153.999
2048,2048,417408,153.902
2048,2048,417472,155.54
2048,2048,417536,156.759
2048,2048,417600,228.112
2048,2048,417664,228.167
2048,2048,417728,181.512
2048,2048,417792,155.391
2048,2048,417856,155.523
2048,2048,417920,156.449
2048,2048,417984,228.011
2048,2048,418048,155.65
2048,2048,418112,155.701
2048,2048,418176,155.676
2048,2048,418240,195.033
2048,2048,418304,227.377
2048,2048,418368,155.246
2048,2048,418432,155.23
2048,2048,418496,156.729
2048,2048,418560,156.257
2048,2048,418624,229.514
2048,2048,418688,168.681
2048,2048,418752,155.985
2048,2048,418816,155.998
2048,2048,418880,153.793
2048,2048,418944,230.737
2048,2048,419008,155.624
2048,2048,419072,156.138
2048,2048,419136,156.632
2048,2048,419200,155.616
2048,2048,419264,154.186
2048,2048,419328,157.926
2048,2048,419392,229.797
2048,2048,419456,156.48
2048,2048,419520,229.895
2048,2048,419584,229.076
2048,2048,419648,227.554
2048,2048,419712,226.823
2048,2048,419776,156.158
2048,2048,419840,156.66
2048,2048,419904,156.111
2048,2048,419968,228.559
2048,2048,420032,228.419
2048,2048,420096,155.689
2048,2048,420160,155.413
2048,2048,420224,156.724
2048,2048,420288,227.774
2048,2048,420352,154.841
2048,2048,420416,156.755
2048,2048,420480,155.844
2048,2048,420544,156.292
2048,2048,420608,156.05
2048,2048,420672,156.381
2048,2048,420736,229.735
2048,2048,420800,155.739
2048,2048,420864,156.017
2048,2048,420928,156.303
2048,2048,420992,156.291
2048,2048,421056,230.628
2048,2048,421120,155.846
2048,2048,421184,155.102
2048,2048,421248,155.559
2048,2048,421312,229.583
2048,2048,421376,230.686
2048,2048,421440,155.591
2048,2048,421504,155.877
2048,2048,421568,156.171
2048,2048,421632,231.461
2048,2048,421696,227.693
2048,2048,421760,159.458
2048,2048,421824,154.828
2048,2048,421888,155.213
2048,2048,421952,155.867
2048,2048,422016,228.611
2048,2048,422080,233.344
2048,2048,422144,155.242
2048,2048,422208,156.957
2048,2048,422272,155.133
2048,2048,422336,230.468
2048,2048,422400,156.029
2048,2048,422464,229.004
2048,2048,422528,155.447
2048,2048,422592,155.671
2048,2048,422656,156.035
2048,2048,422720,228.954
2048,2048,422784,226.691
2048,2048,422848,231.157
2048,2048,422912,156.692
2048,2048,422976,155.598
2048,2048,423040,155.657
2048,2048,423104,229.236
2048,2048,423168,155.571
2048,2048,423232,155.517
2048,2048,423296,155.952
2048,2048,423360,155.113
2048,2048,423424,229.981
2048,2048,423488,157.911
2048,2048,423552,155.051
2048,2048,423616,204.833
2048,2048,423680,154.646
2048,2048,423744,157.179
2048,2048,423808,155.005
2048,2048,423872,154.794
2048,2048,423936,231.471
2048,2048,424000,226.071
2048,2048,424064,154.68
2048,2048,424128,154.929
2048,2048,424192,154.747
2048,2048,424256,226.092
2048,2048,424384,155.107
2048,2048,424448,154.992
2048,2048,424512,155.653
2048,2048,424576,224.065
2048,2048,424640,155.346
2048,2048,424704,155.928
2048,2048,424768,173.49
2048,2048,424832,153.485
2048,2048,424896,154.507
2048,2048,424960,153.915
2048,2048,425024,226.768
2048,2048,425088,170.04
2048,2048,425152,223.328
2048,2048,425216,154.777
2048,2048,425280,155.106
2048,2048,425344,155.6
2048,2048,425408,225.814
2048,2048,425472,229.42
2048,2048,425536,226.889
2048,2048,425600,155.418
2048,2048,425664,154.512
2048,2048,425728,155.343
2048,2048,425792,192.658
2048,2048,425856,155.083
2048,2048,425920,156.892
2048,2048,425984,223.828
2048,2048,426048,156.012
2048,2048,426112,225.887
2048,2048,426176,227.652
2048,2048,426240,227.419
2048,2048,426304,219.812
2048,2048,426368,156.482
2048,2048,426432,156.159
2048,2048,426496,155.601
2048,2048,426560,230.926
2048,2048,426624,228.758
2048,2048,426688,155.559
2048,2048,426752,231.524
2048,2048,426816,155.879
2048,2048,426880,155.78
2048,2048,426944,155.463
2048,2048,427008,230.057
2048,2048,427072,156.37
2048,2048,427136,154.824
2048,2048,427200,228.769
2048,2048,427264,155.655
2048,2048,427328,156.292
2048,2048,427392,155.596
2048,2048,427456,226.996
2048,2048,427520,161.105
2048,2048,427584,155.746
2048,2048,427648,156.57
2048,2048,427712,156.299
2048,2048,427776,155.633
2048,2048,427840,231.67
2048,2048,427904,230.904
2048,2048,427968,156.64
2048,2048,428032,156.491
2048,2048,428096,155.682
2048,2048,428160,155.501
2048,2048,428224,231.523
2048,2048,428288,155.812
2048,2048,428352,155.502
2048,2048,428416,228.02
2048,2048,428480,155.829
2048,2048,428544,155.649
2048,2048,428608,154.058
2048,2048,428672,231.016
2048,2048,428736,224.179
2048,2048,428800,224.541
2048,2048,428928,155.364
2048,2048,428992,155.999
2048,2048,429056,155.04
2048,2048,429120,199.174
2048,2048,429184,233.509
2048,2048,429248,228.693
2048,2048,429312,156.309
2048,2048,429376,156.429
2048,2048,429440,156.292
2048,2048,429504,155.777
2048,2048,429568,156.719
2048,2048,429632,223.39
2048,2048,429696,228.024
2048,2048,429760,155.999
2048,2048,429824,156.003
2048,2048,429888,156.202
2048,2048,429952,228.088
2048,2048,430016,229.826
2048,2048,430080,156.546
2048,2048,430144,183.627
2048,2048,430208,229.648
2048,2048,430272,155.697
2048,2048,430336,153.538
2048,2048,430400,154.586
2048,2048,430464,226.574
2048,2048,430528,157.568
2048,2048,430592,155.535
2048,2048,430656,155.639
2048,2048,430720,220.956
2048,2048,430784,154.177
2048,2048,430848,154.754
2048,2048,430912,154.495
2048,2048,430976,226.05
2048,2048,431104,154.415
2048,2048,431168,153.922
2048,2048,431232,155.224
2048,2048,431296,227.849
2048,2048,431360,154.406
2048,2048,431424,230.324
2048,2048,431488,178.303
2048,2048,431552,231.159
2048,2048,431616,155.879
2048,2048,431680,155.32
2048,2048,431744,156.377
2048,2048,431808,230.168
2048,2048,431872,154.953
2048,2048,431936,154.546
2048,2048,432000,154.385
2048,2048,432064,229.574
2048,2048,432128,153.37
2048,2048,432192,155.654
2048,2048,432256,155.59
2048,2048,432320,221.072
2048,2048,432384,153.53
2048,2048,432448,222.776
2048,2048,432512,156.305
2048,2048,432576,155.536
2048,2048,432640,155.473
2048,2048,432704,154.425
2048,2048,432768,227.244
2048,2048,432832,231.524
2048,2048,432896,154.74
2048,2048,432960,156.522
2048,2048,433024,155.688
2048,2048,433088,230.521
2048,2048,433152,154.158
2048,2048,433216,156.409
2048,2048,433280,156.216
2048,2048,433408,156.399
2048,2048,433472,230.705
2048,2048,433536,155.053
2048,2048,433600,156.481
2048,2048,433664,155.762
2048,2048,433728,155.512
2048,2048,433792,230.172
2048,2048,433856,229.293
2048,2048,433920,171.789
2048,2048,433984,156.777
2048,2048,434048,155.009
2048,2048,434112,230.224
2048,2048,434176,155.34
2048,2048,434240,155.599
2048,2048,434304,155.906
2048,2048,434368,224.744
2048,2048,434432,155.531
2048,2048,434496,155.96
2048,2048,434560,230.453
2048,2048,434624,155.673
2048,2048,434688,157.609
2048,2048,434752,156.165
2048,2048,434816,222.896
2048,2048,434880,155.592
2048,2048,434944,156.257
2048,2048,435008,231.539
2048,2048,435072,174.081
2048,2048,435136,155.606
2048,2048,435200,156.559
2048,2048,435264,231.844
2048,2048,435328,156.862
2048,2048,435392,156.276
2048,2048,435456,232.181
2048,2048,435520,156.204
2048,2048,435584,156.483
2048,2048,435648,155.914
2048,2048,435712,155.164
2048,2048,435776,154.434
2048,2048,435840,228.585
2048,2048,435904,217.608
2048,2048,435968,154.404
2048,2048,436032,154.68
2048,2048,436096,218.169
2048,2048,436160,228.824
2048,2048,436224,154.976
2048,2048,436288,153.956
2048,2048,436352,153.345
2048,2048,436416,229.343
2048,2048,436480,182.329
2048,2048,436544,154.667
2048,2048,436608,155.022
2048,2048,436672,232.525
2048,2048,436736,231.41
2048,2048,436800,155.685
2048,2048,436864,155.664
2048,2048,436928,155.623
2048,2048,436992,227.772
2048,2048,437056,227.518
2048,2048,437120,215.792
2048,2048,437184,230.887
2048,2048,437248,156.396
2048,2048,437312,228.35
2048,2048,437376,155.676
2048,2048,437440,155.176
2048,2048,437504,156.002
2048,2048,437568,226.286
2048,2048,437632,155.344
2048,2048,437696,155.271
2048,2048,437824,153.449
2048,2048,437888,155.69
2048,2048,437952,154.211
2048,2048,438016,153.388
2048,2048,438080,219.939
2048,2048,438144,155.179
2048,2048,438208,154.789
2048,2048,438272,225.031
2048,2048,438336,227.013
2048,2048,438400,164.602
2048,2048,438464,231.8
2048,2048,438528,155.768
2048,2048,438592,156.069
2048,2048,438656,155.353
2048,2048,438720,233.626
2048,2048,438784,153.585
2048,2048,438848,155.874
2048,2048,438912,156.098
2048,2048,438976,207.037
2048,2048,439040,211.98
2048,2048,439104,154.85
2048,2048,439168,157.034
2048,2048,439232,155.774
2048,2048,439296,156.081
2048,2048,439360,155.936
2048,2048,439424,229.716
2048,2048,439488,231.348
2048,2048,439552,176.571
2048,2048,439616,155.719
2048,2048,439680,155.796
2048,2048,439744,155.586
2048,2048,439808,156.778
2048,2048,439872,168.487
2048,2048,439936,165.323
2048,2048,440000,155.438
2048,2048,440064,155.356
2048,2048,440128,232.81
2048,2048,440192,158.583
2048,2048,440256,154.613
2048,2048,440320,226.514
2048,2048,440384,154.833
2048,2048,440448,155.686
2048,2048,440512,154.631
2048,2048,440576,228.473
2048,2048,440640,223.748
2048,2048,440704,154.639
2048,2048,440768,154.893
2048,2048,440832,229.154
2048,2048,440896,154.366
2048,2048,440960,155.269
2048,2048,441024,230.89
2048,2048,441088,155.242
2048,2048,441152,156.01
2048,2048,441216,155.876
2048,2048,441280,229.551
2048,2048,441344,153.643
2048,2048,441408,175.125
2048,2048,441472,208.714
2048,2048,441536,154.726
2048,2048,441600,232.072
2048,2048,441664,155.971
2048,2048,441728,153.648
2048,2048,441792,153.587
2048,2048,441856,155.423
2048,2048,441920,155.348
2048,2048,441984,155.828
2048,2048,442048,155.976
2048,2048,442112,154.671
2048,2048,442240,155.104
2048,2048,442304,228.586
2048,2048,442368,153.821
2048,2048,442432,154.778
2048,2048,442496,232.449
2048,2048,442560,155.886
2048,2048,442624,154.053
2048,2048,442688,155.147
2048,2048,442752,229.604
2048,2048,442816,218.307
2048,2048,442880,231.349
2048,2048,442944,199.725
2048,2048,443008,154.674
2048,2048,443072,229.093
2048,2048,443136,156.153
2048,2048,443200,153.758
2048,2048,443264,153.133
2048,2048,443328,155.319
2048,2048,443392,231.532
2048,2048,443456,155.254
2048,2048,443520,226.355
2048,2048,443584,183.55
2048,2048,443648,231.53
2048,2048,443712,223.981
2048,2048,443776,227.862
2048,2048,443840,229.035
2048,2048,443904,156.793
2048,2048,443968,155.923
2048,2048,444032,156.398
2048,2048,444096,156.146
2048,2048,444160,161.076
2048,2048,444224,153.746
2048,2048,444352,154.745
2048,2048,444416,230.335
2048,2048,444480,230.093
2048,2048,444544,155.153
2048,2048,444608,153.254
2048,2048,444672,155.165
2048,2048,444736,154.326
2048,2048,444800,155.302
2048,2048,444864,231.377
2048,2048,444928,155.961
2048,2048,444992,155.38
2048,2048,445056,155.327
2048,2048,445120,155.497
2048,2048,445184,155.422
2048,2048,445248,155.584
2048,2048,445312,226.64
2048,2048,445376,226.454
2048,2048,445440,156.42
2048,2048,445504,162.964
2048,2048,445568,155.539
2048,2048,445632,155.771
2048,2048,445696,156.574
2048,2048,445760,156.084
2048,2048,445824,165.096
2048,2048,445888,155.93
2048,2048,445952,156.461
2048,2048,446016,155.589
2048,2048,446080,231.388
2048,2048,446144,225.037
2048,2048,446208,221.049
2048,2048,446272,199.204
2048,2048,446336,155.016
2048,2048,446400,228.294
2048,2048,446464,228.788
2048,2048,446528,154.822
2048,2048,446592,156.569
2048,2048,446656,156.037
2048,2048,446720,155.381
2048,2048,446784,155.81
2048,2048,446848,156.348
2048,2048,446912,155.406
2048,2048,446976,230.439
2048,2048,447040,154.794
2048,2048,447104,208.533
2048,2048,447168,158.343
2048,2048,447232,159.023
2048,2048,447296,200.758
2048,2048,447360,224.597
2048,2048,447424,155.162
2048,2048,447488,155.114
2048,2048,447552,156.215
2048,2048,447616,196.065
2048,2048,447680,154.784
2048,2048,447744,155.135
2048,2048,447808,154.667
2048,2048,447872,226.796
2048,2048,447936,229.14
2048,2048,448000,155.548
2048,2048,448064,225.707
2048,2048,448128,202.17
2048,2048,448192,231.629
2048,2048,448256,224.793
2048,2048,448320,229.061
2048,2048,448384,227.004
2048,2048,448448,154.509
2048,2048,448512,155.963
2048,2048,448576,155.545
2048,2048,448640,171.703
2048,2048,448704,154.702
2048,2048,448768,156.718
2048,2048,448832,155.75
2048,2048,448896,229.665
2048,2048,448960,221.711
2048,2048,449024,156.471
2048,2048,449088,156.442
2048,2048,449152,158.955
2048,2048,449216,156.211
2048,2048,449280,228.904
2048,2048,449344,155.921
2048,2048,449408,211.513
2048,2048,449472,156.105
2048,2048,449536,156.026
2048,2048,449600,155.884
2048,2048,449664,223.135
2048,2048,449728,155.88
2048,2048,449792,155.658
2048,2048,449856,155.935
2048,2048,449920,227.869
2048,2048,449984,155.622
2048,2048,450048,155.903
2048,2048,450112,155.626
2048,2048,450176,155.163
2048,2048,450240,230.526
2048,2048,450304,205.208
2048,2048,450368,156.32
2048,2048,450432,156.221
2048,2048,450496,155.29
2048,2048,450560,216.866
2048,2048,450624,155.443
2048,2048,450752,155.166
2048,2048,450816,217.396
2048,2048,450880,156.75
2048,2048,450944,155.445
2048,2048,451008,155.764
2048,2048,451072,194.022
2048,2048,451136,155.497
2048,2048,451200,227.649
2048,2048,451264,156.704
2048,2048,451328,156.059
2048,2048,451392,226.305
2048,2048,451456,155.914
2048,2048,451520,156.571
2048,2048,451584,172.113
2048,2048,451648,157.889
2048,2048,451712,155.706
2048,2048,451776,154.24
2048,2048,451840,155.901
2048,2048,451904,226.143
2048,2048,451968,155.54
2048,2048,452032,155.491
2048,2048,452096,155.466
2048,2048,452160,224.376
2048,2048,452224,155.518
2048,2048,452288,155.398
2048,2048,452352,166.625
2048,2048,452416,155.673
2048,2048,452480,155.911
2048,2048,452544,155.637
2048,2048,452608,228.915
2048,2048,452672,155.586
2048,2048,452736,198.792
2048,2048,452800,212.23
2048,2048,452864,155.878
2048,2048,452928,156.627
2048,2048,452992,231.496
2048,2048,453056,156.435
2048,2048,453120,156.761
2048,2048,453184,156.458
2048,2048,453248,156.266
2048,2048,453312,155.943
2048,2048,453376,218.833
2048,2048,453440,205.236
2048,2048,453504,155.844
2048,2048,453568,155.856
2048,2048,453632,230.008
2048,2048,453696,173.382
2048,2048,453760,156.358
2048,2048,453824,154.931
2048,2048,453888,155.913
2048,2048,453952,227.413
2048,2048,454016,227.846
2048,2048,454080,155.806
2048,2048,454144,155.521
2048,2048,454208,233.086
2048,2048,454272,153.992
2048,2048,454336,155.688
2048,2048,454400,155.392
2048,2048,454464,155.678
2048,2048,454528,155.53
2048,2048,454592,156.204
2048,2048,454656,230.716
2048,2048,454720,156.357
2048,2048,454784,156.401
2048,2048,454848,155.927
2048,2048,454912,230.309
2048,2048,455040,156.009
2048,2048,455104,156.33
2048,2048,455168,198.017
2048,2048,455232,155.391
2048,2048,455296,155.454
2048,2048,455360,154.848
2048,2048,455424,155.5
2048,2048,455488,214.421
2048,2048,455552,155.008
2048,2048,455616,228.242
2048,2048,455680,156.197
2048,2048,455744,155.167
2048,2048,455808,155.494
2048,2048,455872,227.782
2048,2048,455936,155.156
2048,2048,456000,155.323
2048,2048,456064,156.135
2048,2048,456128,213.946
2048,2048,456192,155.386
2048,2048,456256,155.834
2048,2048,456320,156.037
2048,2048,456384,167.648
2048,2048,456448,155.62
2048,2048,456512,155.52
2048,2048,456576,155.199
2048,2048,456640,226.672
2048,2048,456704,230.135
2048,2048,456768,156.844
2048,2048,456832,156.037
2048,2048,456896,205.043
2048,2048,456960,154.787
2048,2048,457088,226.75
2048,2048,457152,202.797
2048,2048,457216,156.851
2048,2048,457280,155.138
2048,2048,457344,155.658
2048,2048,457408,228.575
2048,2048,457472,155.576
2048,2048,457536,155.299
2048,2048,457600,155.7
2048,2048,457664,211.543
2048,2048,457728,155.577
2048,2048,457792,155.275
2048,2048,457856,155.661
2048,2048,457920,155.178
2048,2048,457984,155.475
2048,2048,458048,155.676
2048,2048,458112,155.819
2048,2048,458176,155.436
2048,2048,458240,155.497
2048,2048,458304,154.501
2048,2048,458368,154.883
2048,2048,458432,155.218
2048,2048,458496,216.029
2048,2048,458560,154.636
2048,2048,458624,153.896
2048,2048,458688,155.936
2048,2048,458752,225.673
2048,2048,458816,225.214
2048,2048,458880,155.414
2048,2048,458944,153.627
2048,2048,459008,198.895
2048,2048,459136,155.685
2048,2048,459200,154.386
2048,2048,459264,154.645
2048,2048,459328,230.576
2048,2048,459392,155.458
2048,2048,459456,155.32
2048,2048,459520,229.645
2048,2048,459584,166.824
2048,2048,459648,165.841
2048,2048,459712,202.198
2048,2048,459776,153.637
2048,2048,459840,154.974
2048,2048,459904,154.655
2048,2048,459968,153.56
2048,2048,460032,154.848
2048,2048,460096,155.499
2048,2048,460160,155.802
2048,2048,460224,231.378
2048,2048,460288,153.684
2048,2048,460352,154.445
2048,2048,460416,155.059
2048,2048,460480,227.994
2048,2048,460544,154.966
2048,2048,460608,155.285
2048,2048,460672,227.904
2048,2048,460736,155.741
2048,2048,460800,153.68
2048,2048,460864,163.027
2048,2048,460928,219.587
2048,2048,460992,155.664
2048,2048,461056,155.86
2048,2048,461120,156.677
2048,2048,461184,154.437
2048,2048,461248,190.186
2048,2048,461312,155.17
2048,2048,461376,155.776
2048,2048,461440,155.295
2048,2048,461504,221.181
2048,2048,461568,153.252
2048,2048,461632,155.745
2048,2048,461696,155.485
2048,2048,461760,156.122
2048,2048,461824,153.835
2048,2048,461888,155.594
2048,2048,461952,155.844
2048,2048,462016,156.697
2048,2048,462080,156.098
2048,2048,462144,155.03
2048,2048,462208,156.34
2048,2048,462272,155.929
2048,2048,462336,155.609
2048,2048,462400,154.298
2048,2048,462464,155.449
2048,2048,462528,156.771
2048,2048,462592,218.7
2048,2048,462656,156.362
2048,2048,462720,155.222
2048,2048,462784,183.319
2048,2048,462848,157.443
2048,2048,462912,155.421
2048,2048,462976,155.244
2048,2048,463040,207.786
2048,2048,463104,157.001
2048,2048,463168,156.22
2048,2048,463232,155.307
2048,2048,463296,156.718
2048,2048,463360,154.475
2048,2048,463424,155.802
2048,2048,463488,155.241
2048,2048,463552,155.661
2048,2048,463616,155.367
2048,2048,463680,155.547
2048,2048,463744,155.688
2048,2048,463808,155.665
2048,2048,463872,155.211
2048,2048,463936,154.63
2048,2048,464000,155.734
2048,2048,464064,180.558
2048,2048,464128,156.76
2048,2048,464192,155.932
2048,2048,464256,225.866
2048,2048,464320,154.675
2048,2048,464384,155.109
2048,2048,464448,154.2
2048,2048,464512,155.845
2048,2048,464576,154.598
2048,2048,464640,155.756
2048,2048,464704,155.239
2048,2048,464768,153.576
2048,2048,464832,153.506
2048,2048,464896,155.313
2048,2048,464960,228.868
2048,2048,465024,156.272
2048,2048,465088,155.522
2048,2048,465216,155.587
2048,2048,465280,156.289
2048,2048,465344,156.049
2048,2048,465408,155.822
2048,2048,465472,229.548
2048,2048,465536,154.982
2048,2048,465600,154.711
2048,2048,465664,156.235
2048,2048,465728,232.241
2048,2048,465792,155.706
2048,2048,465856,155.97
2048,2048,465920,155.805
2048,2048,465984,200.583
2048,2048,466048,155.461
2048,2048,466112,155.296
2048,2048,466176,155.257
2048,2048,466240,223.536
2048,2048,466304,156.05
2048,2048,466368,155.491
2048,2048,466432,227.192
2048,2048,466496,154.062
2048,2048,466560,204.819
2048,2048,466624,199.385
2048,2048,466688,155.067
2048,2048,466752,153.501
2048,2048,466816,154.628
2048,2048,466880,208.243
2048,2048,466944,233.904
2048,2048,467008,206.978
2048,2048,467072,228.891
2048,2048,467136,226.311
2048,2048,467200,155.68
2048,2048,467264,155.331
2048,2048,467328,157.632
2048,2048,467392,200.734
2048,2048,467456,205.396
2048,2048,467520,154.798
2048,2048,467584,228.005
2048,2048,467648,230.945
2048,2048,467712,193.286
2048,2048,467776,194.875
2048,2048,467840,222.685
2048,2048,467904,205.513
2048,2048,467968,157.556
2048,2048,468032,231.306
2048,2048,468096,198.883
2048,2048,468160,193.884
2048,2048,468224,155.622
2048,2048,468288,200.164
2048,2048,468352,154.899
2048,2048,468416,195.915
2048,2048,468480,153.058
