m,n,k,throughput,b
8192,64,2048,47.427,
8192,128,2048,77.583,
8192,192,2048,115.871,
8192,256,2048,132.725,
8192,320,2048,124.161,
8192,384,2048,137.307,
8192,448,2048,167.473,
8192,512,2048,150.806,
8192,576,2048,161.169,
8192,640,2048,167.458,
8192,704,2048,192.741,
8192,768,2048,177.772,
8192,832,2048,182.514,
8192,896,2048,184.13,
8192,960,2048,195.748,
8192,1024,2048,199.766,
8192,1088,2048,201.653,
8192,1152,2048,218.339,
8192,1216,2048,206.405,
8192,1280,2048,210.703,
8192,1344,2048,211.525,
8192,1408,2048,227.225,
8192,1472,2048,216.101,
8192,1536,2048,218.759,
8192,1600,2048,219.885,
8192,1664,2048,221.707,
8192,1728,2048,231.484,
8192,1792,2048,223.099,
8192,1856,2048,224.794,
8192,1920,2048,227.745,
8192,1984,2048,227.737,
8192,2048,2048,229.432,
8192,2112,2048,228.367,
8192,2176,2048,227.601,
8192,2240,2048,231.581,
8192,2304,2048,230.527,
8192,2368,2048,232.929,
8192,2432,2048,234.172,
8192,2496,2048,235.1,
8192,2560,2048,234.698,
8192,2624,2048,236.177,
8192,2688,2048,236.259,
8192,2752,2048,245.956,
8192,2816,2048,237.649,
8192,2880,2048,237.928,
8192,2944,2048,239.582,
8192,3008,2048,239.084,
8192,3072,2048,239.585,
8192,3136,2048,247.896,
8192,3200,2048,241.965,
8192,3264,2048,240.095,
8192,3328,2048,240.791,
8192,3392,2048,242.204,
8192,3456,2048,241.672,
8192,3520,2048,238.013,
8192,3584,2048,236.917,
8192,3648,2048,246.033,
8192,3712,2048,230.519,
8192,3776,2048,240.585,
8192,3840,2048,235.607,
8192,3904,2048,247.987,
8192,3968,2048,233.095,
8192,4032,2048,239.031,
8192,4096,2048,245.392,
8192,4160,2048,246.584,
8192,4224,2048,249.813,
8192,4288,2048,243.669,
8192,4352,2048,236.384,
8192,4416,2048,245.813,
8192,4480,2048,236.21,
8192,4544,2048,246.112,
8192,4608,2048,242.228,
8192,4672,2048,252.979,
8192,4736,2048,247.838,
8192,4800,2048,247.939,
8192,4864,2048,248.37,
8192,4928,2048,252.129,
8192,4992,2048,255.154,
8192,5056,2048,255.622,
8192,5120,2048,246.215,
8192,5184,2048,256.255,
8192,5248,2048,257.658,
8192,5312,2048,257.187,
8192,5376,2048,255.334,
8192,5440,2048,249.83,
8192,5504,2048,241.808,
8192,5568,2048,258.97,
8192,5632,2048,252.51,
8192,5696,2048,259.4,
8192,5760,2048,239.841,
8192,5824,2048,263.57,
8192,5888,2048,239.977,
8192,5952,2048,255.156,
8192,6016,2048,245.313,
8192,6080,2048,260.431,
8192,6144,2048,254.291,
8192,6208,2048,261.428,
8192,6272,2048,264.362,
8192,6336,2048,261.824,
8192,6400,2048,245.753,
8192,6464,2048,262.484,
8192,6528,2048,244.512,
8192,6592,2048,254.969,
8192,6656,2048,264.544,
8192,6720,2048,260.04,
8192,6784,2048,263.172,
8192,6848,2048,262.523,
8192,6912,2048,256.172,
8192,6976,2048,257.452,
8192,7040,2048,257.033,
8192,7104,2048,257.731,
8192,7168,2048,264.422,
8192,7232,2048,257.607,
8192,7296,2048,264.949,
8192,7360,2048,262.858,
8192,7424,2048,264.964,
8192,7488,2048,265.643,
8192,7552,2048,264.491,
8192,7616,2048,261.299,
8192,7680,2048,237.571,
8192,7744,2048,255.492,
8192,7808,2048,265.111,
8192,7872,2048,269.487,
8192,7936,2048,262.487,
8192,8000,2048,266.263,
8192,8064,2048,262.294,
8192,8128,2048,260.1,
8192,8192,2048,267.558,
8192,8256,2048,266.863,
8192,8320,2048,261.849,
8192,8384,2048,262.681,
8192,8448,2048,267.523,
8192,8512,2048,267.711,
8192,8576,2048,258.724,
8192,8640,2048,257.817,
8192,8704,2048,233.452,
8192,8768,2048,253.014,
8192,8832,2048,267.138,
8192,8896,2048,268.629,
8192,8960,2048,266.797,
8192,9024,2048,261.825,
8192,9088,2048,264.432,
8192,9152,2048,268.849,
8192,9216,2048,263.657,
8192,9280,2048,249.603,
8192,9344,2048,268.509,
8192,9408,2048,264.495,
8192,9472,2048,269.309,
8192,9536,2048,258.963,
8192,9600,2048,258.642,
8192,9664,2048,263.309,
8192,9728,2048,268.453,
8192,9792,2048,261.081,
8192,9856,2048,260.929,
8192,9920,2048,253.303,
8192,9984,2048,263.785,
8192,10048,2048,270.364,
8192,10112,2048,259.66,
8192,10176,2048,260.315,
8192,10240,2048,264.338,
8192,10304,2048,265.712,
8192,10368,2048,265.713,
8192,10432,2048,264.781,
8192,10496,2048,271.381,
8192,10560,2048,266.513,
8192,10624,2048,265.794,
8192,10688,2048,267.315,
8192,10752,2048,256.147,
8192,10816,2048,272.188,
8192,10880,2048,257.006,
8192,10944,2048,262.72,
8192,11008,2048,270.306,
8192,11072,2048,269.714,
8192,11136,2048,272.206,
8192,11200,2048,265.748,
8192,11264,2048,271.693,
8192,11328,2048,271.41,
8192,11392,2048,261.96,
8192,11456,2048,271.745,
8192,11520,2048,256.849,
8192,11584,2048,272.592,
8192,11648,2048,265.778,
8192,11712,2048,267.035,
8192,11776,2048,268.333,
8192,11840,2048,273.416,
8192,11904,2048,270.941,
8192,11968,2048,265.947,
8192,12032,2048,265.4,
8192,12096,2048,258.413,
8192,12160,2048,264.263,
8192,12224,2048,267.26,
8192,12288,2048,271.247,
8192,12352,2048,268.923,
8192,12416,2048,260.239,
8192,12480,2048,271.287,
8192,12544,2048,259.396,
8192,12608,2048,267.242,
8192,12672,2048,267.301,
8192,12736,2048,273.199,
8192,12800,2048,269.351,
8192,12864,2048,269.347,
8192,12928,2048,254.62,
8192,12992,2048,265.08,
8192,13056,2048,257.19,
8192,13120,2048,265.726,
8192,13184,2048,270.669,
8192,13248,2048,257.907,
8192,13312,2048,246.935,
8192,13376,2048,266.105,
8192,13440,2048,261.015,
8192,13504,2048,272.74,
8192,13568,2048,268.93,
8192,13632,2048,267.544,
8192,13696,2048,264.785,
8192,13760,2048,269.702,
8192,13824,2048,266.67,
8192,13888,2048,267.413,
8192,13952,2048,268.275,
8192,14016,2048,258.338,
8192,14080,2048,273.812,
8192,14144,2048,268.205,
8192,14208,2048,266.885,
8192,14272,2048,269.888,
8192,14336,2048,247.467,
8192,14400,2048,263.701,
8192,14464,2048,259.402,
8192,14528,2048,261.804,
8192,14592,2048,241.7,
8192,14656,2048,265.181,
8192,14720,2048,262.456,
8192,14784,2048,260.3,
8192,14848,2048,265.02,
8192,14912,2048,261.916,
8192,14976,2048,256.31,
8192,15040,2048,264.374,
8192,15104,2048,257.189,
8192,15168,2048,249.194,
8192,15232,2048,261.128,
8192,15296,2048,260.31,
8192,15360,2048,241.498,
8192,15424,2048,260.135,
8192,15488,2048,259.898,
8192,15552,2048,250.874,
8192,15616,2048,254.817,
8192,15680,2048,252.852,
8192,15744,2048,264.341,
8192,15808,2048,255.751,
8192,15872,2048,263.474,
8192,15936,2048,262.738,
8192,16000,2048,266.294,
8192,16064,2048,265.234,
8192,16128,2048,246.549,
8192,16192,2048,264.247,
8192,16256,2048,254.86,
8192,16320,2048,256.765,
8192,16384,2048,258.704,
8192,16448,2048,260.913,
8192,16512,2048,260.745,
8192,16576,2048,259.537,
8192,16640,2048,244.957,
8192,16704,2048,256.073,
8192,16768,2048,252.287,
8192,16832,2048,261.718,
8192,16896,2048,256.653,
8192,16960,2048,253.756,
8192,17024,2048,250.945,
8192,17088,2048,258.13,
8192,17152,2048,262.423,
8192,17216,2048,255.255,
8192,17280,2048,259.024,
8192,17344,2048,252.538,
8192,17408,2048,240.321,
8192,17472,2048,252.926,
8192,17536,2048,254.503,
8192,17600,2048,254.823,
8192,17664,2048,260.929,
8192,17728,2048,261.635,
8192,17792,2048,258.138,
8192,17856,2048,248.057,
8192,17920,2048,251.218,
8192,17984,2048,253.735,
8192,18048,2048,257.059,
8192,18112,2048,255.868,
8192,18176,2048,252.469,
8192,18240,2048,258.059,
8192,18304,2048,248.946,
8192,18368,2048,251.677,
8192,18432,2048,238.403,
8192,18496,2048,250.615,
8192,18560,2048,257.284,
8192,18624,2048,253.784,
8192,18688,2048,257.56,
8192,18752,2048,257.781,
8192,18816,2048,243.656,
8192,18880,2048,244.802,
8192,18944,2048,255.005,
8192,19008,2048,242.651,
8192,19072,2048,251.024,
8192,19136,2048,258.935,
8192,19200,2048,258.393,
8192,19264,2048,251.515,
8192,19328,2048,249.208,
8192,19392,2048,245.609,
8192,19456,2048,239.379,
8192,19520,2048,255.048,
8192,19584,2048,256.876,
8192,19648,2048,253.49,
8192,19712,2048,256.025,
8192,19776,2048,244.76,
8192,19840,2048,255.731,
8192,19904,2048,248.344,
8192,19968,2048,253.011,
8192,20032,2048,256.966,
8192,20096,2048,264.527,
8192,20160,2048,258.545,
8192,20224,2048,252.217,
8192,20288,2048,259.338,
8192,20352,2048,255.5,
8192,20416,2048,253.114,
8192,20480,2048,250.268,
8192,20544,2048,248.458,
8192,20608,2048,244.17,
8192,20672,2048,252.1,
8192,20736,2048,243.037,
8192,20800,2048,240.037,
8192,20864,2048,258.416,
8192,20928,2048,260.015,
8192,20992,2048,247.517,
8192,21056,2048,253.183,
8192,21120,2048,248.12,
8192,21184,2048,246.565,
8192,21248,2048,248.005,
8192,21312,2048,239.552,
8192,21376,2048,252.535,
8192,21440,2048,236.772,
8192,21504,2048,244.568,
8192,21568,2048,253.674,
8192,21632,2048,250.245,
8192,21696,2048,248.267,
8192,21760,2048,266.492,
8192,21824,2048,242.397,
8192,21888,2048,241.04,
8192,21952,2048,252.221,
8192,22016,2048,247.764,
8192,22080,2048,265.801,
8192,22144,2048,248.266,
8192,22208,2048,254.577,
8192,22272,2048,253.805,
8192,22336,2048,240.049,
8192,22400,2048,241.896,
8192,22464,2048,239.206,
8192,22528,2048,243.636,
8192,22592,2048,258.125,
8192,22656,2048,242.829,
8192,22720,2048,243.508,
8192,22784,2048,255.831,
8192,22848,2048,258.09,
8192,22912,2048,250.117,
8192,22976,2048,246.428,
8192,23040,2048,230.818,
8192,23104,2048,236.909,
8192,23168,2048,249.023,
8192,23232,2048,246.626,
8192,23296,2048,243.339,
8192,23360,2048,241.47,
8192,23424,2048,243.826,
8192,23488,2048,244.565,
8192,23552,2048,239.17,
8192,23616,2048,240.349,
8192,23680,2048,246.405,
8192,23744,2048,248.558,
8192,23808,2048,248.199,
8192,23872,2048,253.793,
8192,23936,2048,241.88,
8192,24000,2048,243.613,
8192,24064,2048,242.63,
8192,24128,2048,243.375,
8192,24192,2048,238.447,
8192,24256,2048,255.518,
8192,24320,2048,244.67,
8192,24384,2048,237.427,
8192,24448,2048,246.65,
8192,24512,2048,229.724,
8192,24576,2048,227.658,
8192,24640,2048,226.267,
8192,24704,2048,258.865,
8192,24768,2048,236.343,
8192,24832,2048,244.548,
8192,24896,2048,245.282,
8192,24960,2048,246.057,
8192,25024,2048,230.318,
8192,25088,2048,248.722,
8192,25152,2048,232.337,
8192,25216,2048,237.378,
8192,25280,2048,246.048,
8192,25344,2048,244.802,
8192,25408,2048,240.757,
8192,25472,2048,250.328,
8192,25536,2048,250.317,
8192,25600,2048,234.6,
8192,25664,2048,236.879,
8192,25728,2048,240.701,
8192,25792,2048,233.161,
8192,25856,2048,247.643,
8192,25920,2048,243.23,
8192,25984,2048,239.185,
8192,26048,2048,235.444,
8192,26112,2048,229.933,
8192,26176,2048,233.82,
8192,26240,2048,232.431,
8192,26304,2048,235.329,
8192,26368,2048,243.067,
8192,26432,2048,233.015,
8192,26496,2048,221.923,
8192,26560,2048,236.189,
8192,26624,2048,242.353,
8192,26688,2048,229.296,
8192,26752,2048,248.97,
8192,26816,2048,242.899,
8192,26880,2048,225.054,
8192,26944,2048,229.558,
8192,27008,2048,249.18,
8192,27072,2048,229.159,
8192,27136,2048,225.952,
8192,27200,2048,231.598,
8192,27264,2048,227.732,
8192,27328,2048,231.653,
8192,27392,2048,234.016,
8192,27456,2048,245.52,
8192,27520,2048,239.237,
8192,27584,2048,226.917,
8192,27648,2048,226.435,
8192,27712,2048,229.763,
8192,27776,2048,230.28,
8192,27840,2048,231.759,
8192,27904,2048,216.994,
8192,27968,2048,241.978,
8192,28032,2048,232.927,
8192,28096,2048,230.1,
8192,28160,2048,239.339,
8192,28224,2048,231.225,
8192,28288,2048,236.008,
8192,28352,2048,229.596,
8192,28416,2048,238.366,
8192,28480,2048,228.874,
8192,28544,2048,233.782,
8192,28608,2048,233.404,
8192,28672,2048,231.267,
8192,28736,2048,225.538,
8192,28800,2048,231.277,
8192,28864,2048,219.276,
8192,28928,2048,225.116,
8192,28992,2048,222.762,
8192,29056,2048,237.711,
8192,29120,2048,220.689,
8192,29184,2048,225.439,
8192,29248,2048,238.584,
8192,29312,2048,227.538,
8192,29376,2048,216.926,
8192,29440,2048,226.345,
8192,29504,2048,227.116,
8192,29568,2048,225.876,
8192,29632,2048,216.922,
8192,29696,2048,239.541,
8192,29760,2048,226.107,
8192,29824,2048,236.489,
8192,29888,2048,217.163,
8192,29952,2048,220.616,
8192,30016,2048,221.758,
8192,30080,2048,229.641,
8192,30144,2048,231.355,
8192,30208,2048,232.535,
8192,30272,2048,224.158,
8192,30336,2048,227.443,
8192,30400,2048,221.828,
8192,30464,2048,217.371,
8192,30528,2048,213.374,
8192,30592,2048,242.606,
8192,30656,2048,226.422,
8192,30720,2048,228.379,
8192,30784,2048,207.254,
8192,30848,2048,217.16,
8192,30912,2048,216.459,
8192,30976,2048,224.09,
8192,31040,2048,215.702,
8192,31104,2048,217.963,
8192,31168,2048,212.049,
8192,31232,2048,217.133,
8192,31296,2048,210.752,
8192,31360,2048,212.233,
8192,31424,2048,217.194,
8192,31488,2048,217.282,
8192,31552,2048,214.519,
8192,31616,2048,210.444,
8192,31680,2048,221.859,
8192,31744,2048,227.29,
8192,31808,2048,209.761,
8192,31872,2048,219.473,
8192,31936,2048,215.456,
8192,32000,2048,207.164,
8192,32064,2048,211.983,
8192,32128,2048,213.432,
8192,32192,2048,229.866,
8192,32256,2048,216.041,
8192,32320,2048,206.09,
8192,32384,2048,218.93,
8192,32448,2048,220.703,
8192,32512,2048,217.464,
8192,32576,2048,213.72,
8192,32640,2048,227.02,
8192,32704,2048,217.558,
8192,32768,2048,201.464,
8192,32832,2048,211.561,
8192,32896,2048,218.337,
8192,32960,2048,209.852,
8192,33024,2048,219.931,
8192,33088,2048,217.379,
8192,33152,2048,206.676,
8192,33216,2048,222.393,
8192,33280,2048,215.994,
8192,33344,2048,219.019,
8192,33408,2048,211.497,
8192,33472,2048,207.803,
8192,33536,2048,225.663,
8192,33600,2048,202.19,
8192,33664,2048,210.074,
8192,33728,2048,223.728,
8192,33792,2048,220.402,
8192,33856,2048,216.187,
8192,33920,2048,203.634,
8192,33984,2048,219.703,
8192,34048,2048,218.467,
8192,34112,2048,215.677,
8192,34176,2048,213.367,
8192,34240,2048,217.526,
8192,34304,2048,213.699,
8192,34368,2048,197.533,
8192,34432,2048,203.518,
8192,34496,2048,210.004,
8192,34560,2048,208.602,
8192,34624,2048,203.449,
8192,34688,2048,201.672,
8192,34752,2048,198.481,
8192,34816,2048,189.586,
8192,34880,2048,212.016,
8192,34944,2048,205.773,
8192,35008,2048,209.207,
8192,35072,2048,198.091,
8192,35136,2048,202.787,
8192,35200,2048,208.41,
8192,35264,2048,202.195,
8192,35328,2048,216.265,
8192,35392,2048,203.215,
8192,35456,2048,209.644,
8192,35520,2048,207.149,
8192,35584,2048,205.446,
8192,35648,2048,205.682,
8192,35712,2048,212.521,
8192,35776,2048,197.223,
8192,35840,2048,217.225,
8192,35904,2048,197.506,
8192,35968,2048,195.852,
8192,36032,2048,202.19,
8192,36096,2048,197.539,
8192,36160,2048,201.651,
8192,36224,2048,193.984,
8192,36288,2048,210.752,
8192,36352,2048,202.407,
8192,36416,2048,218.8,
8192,36480,2048,201.26,
8192,36544,2048,208.844,
8192,36608,2048,212.011,
8192,36672,2048,200.315,
8192,36736,2048,207.08,
8192,36800,2048,201.712,
8192,36864,2048,214.308,
8192,36928,2048,198.383,
8192,36992,2048,197.58,
8192,37056,2048,189.285,
8192,37120,2048,196.656,
8192,37184,2048,201.414,
8192,37248,2048,200.881,
8192,37312,2048,197.188,
8192,37376,2048,215.489,
8192,37440,2048,206.169,
8192,37504,2048,194.261,
8192,37568,2048,191.063,
8192,37632,2048,204.118,
8192,37696,2048,196.223,
8192,37760,2048,197.453,
8192,37824,2048,196.63,
8192,37888,2048,205.103,
8192,37952,2048,204.473,
8192,38016,2048,193.595,
8192,38080,2048,193.461,
8192,38144,2048,196.492,
8192,38208,2048,203.443,
8192,38272,2048,193.596,
8192,38336,2048,209.833,
8192,38400,2048,196.469,
8192,38464,2048,188.944,
8192,38528,2048,190.915,
8192,38592,2048,194.6,
8192,38656,2048,190.74,
8192,38720,2048,193.859,
8192,38784,2048,190.945,
8192,38848,2048,197.786,
8192,38912,2048,192.15,
8192,38976,2048,191.614,
8192,39040,2048,191.394,
8192,39104,2048,192.205,
8192,39168,2048,190.658,
8192,39232,2048,188.519,
8192,39296,2048,188.955,
8192,39360,2048,194.831,
8192,39424,2048,196.984,
8192,39488,2048,188.178,
8192,39552,2048,190.216,
8192,39616,2048,211.96,
8192,39680,2048,189.256,
8192,39744,2048,215.763,
8192,39808,2048,201.344,
8192,39872,2048,187.311,
8192,39936,2048,210.294,
8192,40000,2048,194.347,
8192,40064,2048,189.928,
8192,40128,2048,189.041,
8192,40192,2048,191.993,
8192,40256,2048,190.985,
8192,40320,2048,200.867,
8192,40384,2048,194.744,
8192,40448,2048,188.829,
8192,40512,2048,192.276,
8192,40576,2048,183.87,
8192,40640,2048,185.757,
8192,40704,2048,187.69,
8192,40768,2048,183.511,
8192,40832,2048,188.175,
8192,40896,2048,193.413,
8192,40960,2048,181.148,
8192,41024,2048,179.498,
8192,41088,2048,183.351,
8192,41152,2048,192.267,
8192,41216,2048,183.411,
8192,41280,2048,181.987,
8192,41344,2048,187.632,
8192,41408,2048,186.971,
8192,41472,2048,181.623,
8192,41536,2048,184.225,
8192,41600,2048,183.916,
8192,41664,2048,189.088,
8192,41728,2048,183.96,
8192,41792,2048,180.33,
8192,41856,2048,177.968,
8192,41920,2048,211.555,
8192,41984,2048,172.261,
8192,42048,2048,194.114,
8192,42112,2048,166.914,
8192,42176,2048,187.151,
8192,42240,2048,186.171,
8192,42304,2048,182.345,
8192,42368,2048,167.676,
8192,42432,2048,165.987,
8192,42496,2048,166.556,
8192,42560,2048,166.202,
8192,42624,2048,166.978,
8192,42688,2048,166.341,
8192,42752,2048,167.374,
8192,42816,2048,164.902,
8192,42880,2048,166.114,
8192,42944,2048,165.846,
8192,43008,2048,166.495,
8192,43072,2048,165.257,
8192,43136,2048,166.511,
8192,43200,2048,166.146,
8192,43264,2048,165.993,
8192,43328,2048,165.811,
8192,43392,2048,167.641,
8192,43456,2048,167.16,
8192,43520,2048,166.806,
8192,43584,2048,165.268,
8192,43648,2048,166.041,
8192,43712,2048,167.131,
8192,43776,2048,166.392,
8192,43840,2048,166.11,
8192,43904,2048,165.597,
8192,43968,2048,165.832,
8192,44032,2048,165.906,
8192,44096,2048,165.52,
8192,44160,2048,171.19,
8192,44224,2048,165.258,
8192,44288,2048,167.989,
8192,44352,2048,165.534,
8192,44416,2048,166.054,
8192,44480,2048,168.809,
8192,44544,2048,165.782,
8192,44608,2048,165.565,
8192,44672,2048,165.806,
8192,44736,2048,166.219,
8192,44800,2048,166.896,
8192,44864,2048,166.096,
8192,44928,2048,165.736,
8192,44992,2048,165.499,
8192,45056,2048,166.09,
8192,45120,2048,165.595,
8192,45184,2048,165.673,
8192,45248,2048,167.15,
8192,45312,2048,165.652,
8192,45376,2048,165.599,
8192,45440,2048,166.017,
8192,45504,2048,165.516,
8192,45568,2048,166.376,
8192,45632,2048,165.911,
8192,45696,2048,166.484,
8192,45760,2048,165.166,
8192,45824,2048,165.594,
8192,45888,2048,165.56,
8192,45952,2048,166.758,
8192,46016,2048,166.342,
8192,46080,2048,165.071,
8192,46144,2048,165.459,
8192,46208,2048,167.395,
8192,46272,2048,165.278,
8192,46336,2048,165.755,
8192,46400,2048,164.931,
8192,46464,2048,166.132,
8192,46528,2048,163.536,
8192,46592,2048,165.809,
8192,46656,2048,164.373,
8192,46720,2048,166.072,
8192,46784,2048,164.95,
8192,46848,2048,166.062,
8192,46912,2048,164.702,
8192,46976,2048,165.871,
8192,47040,2048,164.541,
8192,47104,2048,164.577,
8192,47168,2048,164.26,
8192,47232,2048,163.984,
8192,47296,2048,165.636,
8192,47360,2048,164.39,
8192,47424,2048,163.981,
8192,47488,2048,162.986,
8192,47552,2048,164.932,
8192,47616,2048,164.692,
8192,47680,2048,164.749,
8192,47744,2048,163.248,
8192,47808,2048,164.102,
8192,47872,2048,167.307,
8192,47936,2048,162.676,
8192,48000,2048,165.618,
8192,48064,2048,166.991,
8192,48128,2048,163.582,
8192,48192,2048,164.431,
8192,48256,2048,163.802,
8192,48320,2048,166.755,
8192,48384,2048,164.015,
8192,48448,2048,166.172,
8192,48512,2048,165.297,
8192,48576,2048,164.758,
8192,48640,2048,165.841,
8192,48704,2048,163.241,
8192,48768,2048,164.397,
8192,48832,2048,166.08,
8192,48896,2048,166.942,
8192,48960,2048,167.047,
8192,49024,2048,164.732,
8192,49088,2048,164.272,
8192,49152,2048,164.912,
8192,49216,2048,164.822,
8192,49280,2048,164.08,
8192,49344,2048,166.725,
8192,49408,2048,163.477,
8192,49472,2048,162.139,
8192,49536,2048,166.133,
8192,49600,2048,165.763,
8192,49664,2048,164.86,
8192,49728,2048,163.03,
8192,49792,2048,163.985,
8192,49856,2048,165.719,
8192,49920,2048,166.025,
8192,49984,2048,163.917,
8192,50048,2048,165.363,
8192,50112,2048,163.266,
8192,50176,2048,163.561,
8192,50240,2048,162.262,
8192,50304,2048,164.986,
8192,50368,2048,164.436,
8192,50432,2048,166.704,
8192,50496,2048,164.094,
8192,50560,2048,164.923,
8192,50624,2048,164.959,
8192,50688,2048,163.893,
8192,50752,2048,163.6,
8192,50816,2048,162.553,
8192,50880,2048,165.202,
8192,50944,2048,165.89,
8192,51008,2048,165.573,
8192,51072,2048,164.777,
8192,51136,2048,164.7,
8192,51200,2048,165.393,
8192,51264,2048,165.086,
8192,51328,2048,164.265,
8192,51392,2048,163.087,
8192,51456,2048,163.307,
8192,51520,2048,164.33,
8192,51584,2048,163.586,
8192,51648,2048,164.55,
8192,51712,2048,164.076,
8192,51776,2048,165.359,
8192,51840,2048,164.998,
8192,51904,2048,163.264,
8192,51968,2048,163.054,
8192,52032,2048,163.053,
8192,52096,2048,164.485,
8192,52160,2048,165.365,
8192,52224,2048,163.037,
8192,52288,2048,165.29,
8192,52352,2048,164.981,
8192,52416,2048,162.423,
8192,52480,2048,162.823,
8192,52544,2048,164.0,
8192,52608,2048,164.828,
8192,52672,2048,162.923,
8192,52736,2048,164.908,
8192,52800,2048,165.03,
8192,52864,2048,163.426,
8192,52928,2048,162.781,
8192,52992,2048,163.391,
8192,53056,2048,164.429,
8192,53120,2048,163.785,
8192,53184,2048,163.141,
8192,53248,2048,164.859,
8192,53312,2048,164.766,
8192,53376,2048,165.032,
8192,53440,2048,162.695,
8192,53504,2048,162.814,
8192,53568,2048,163.93,
8192,53632,2048,163.791,
8192,53696,2048,163.92,
8192,53760,2048,161.657,
8192,53824,2048,162.923,
8192,53888,2048,163.079,
8192,53952,2048,162.217,
8192,54016,2048,165.303,
8192,54080,2048,163.402,
8192,54144,2048,162.744,
8192,54208,2048,163.96,
8192,54272,2048,164.457,
8192,54336,2048,163.542,
8192,54400,2048,164.542,
8192,54464,2048,164.983,
8192,54528,2048,163.109,
8192,54592,2048,162.985,
8192,54656,2048,163.503,
8192,54720,2048,163.59,
8192,54784,2048,163.48,
8192,54848,2048,162.542,
8192,54912,2048,163.417,
8192,54976,2048,164.129,
8192,55040,2048,162.953,
8192,55104,2048,163.902,
8192,55168,2048,164.146,
8192,55232,2048,164.259,
8192,55296,2048,163.639,
8192,55360,2048,162.28,
8192,55424,2048,163.444,
8192,55488,2048,162.129,
8192,55552,2048,163.216,
8192,55616,2048,162.992,
8192,55680,2048,162.787,
8192,55744,2048,165.592,
8192,55808,2048,164.617,
8192,55872,2048,165.794,
8192,55936,2048,163.314,
8192,56000,2048,161.358,
8192,56064,2048,161.936,
8192,56128,2048,162.84,
8192,56192,2048,163.626,
8192,56256,2048,163.622,
8192,56320,2048,164.109,
8192,56384,2048,163.668,
8192,56448,2048,161.848,
8192,56512,2048,162.979,
8192,56576,2048,164.816,
8192,56640,2048,162.161,
8192,56704,2048,164.662,
8192,56768,2048,162.736,
8192,56832,2048,164.354,
8192,56896,2048,162.844,
8192,56960,2048,162.001,
8192,57024,2048,164.959,
8192,57088,2048,162.833,
8192,57152,2048,162.405,
8192,57216,2048,163.152,
8192,57280,2048,162.314,
8192,57344,2048,162.298,
8192,57408,2048,163.847,
8192,57472,2048,163.778,
8192,57536,2048,163.808,
8192,57600,2048,165.405,
8192,57664,2048,163.561,
8192,57728,2048,162.908,
8192,57792,2048,161.786,
8192,57856,2048,162.73,
8192,57920,2048,163.881,
8192,57984,2048,163.427,
8192,58048,2048,162.933,
8192,58112,2048,163.635,
8192,58176,2048,163.856,
8192,58240,2048,162.237,
8192,58304,2048,163.015,
8192,58368,2048,164.94,
8192,58432,2048,162.356,
8192,58496,2048,162.956,
8192,58560,2048,163.56,
8192,58624,2048,162.917,
8192,58688,2048,162.905,
8192,58752,2048,161.52,
8192,58816,2048,162.683,
8192,58880,2048,162.206,
8192,58944,2048,163.456,
8192,59008,2048,162.058,
8192,59072,2048,163.6,
8192,59136,2048,162.665,
8192,59200,2048,162.996,
8192,59264,2048,161.956,
8192,59328,2048,163.956,
8192,59392,2048,164.46,
8192,59456,2048,163.661,
8192,59520,2048,162.818,
8192,59584,2048,162.3,
8192,59648,2048,161.715,
8192,59712,2048,161.302,
8192,59776,2048,162.375,
8192,59840,2048,163.703,
8192,59904,2048,161.947,
8192,59968,2048,161.244,
8192,60032,2048,163.175,
8192,60096,2048,162.384,
8192,60160,2048,161.354,
8192,60224,2048,161.626,
8192,60288,2048,162.715,
8192,60352,2048,162.412,
8192,60416,2048,163.242,
8192,60480,2048,160.671,
8192,60544,2048,163.14,
8192,60608,2048,164.656,
8192,60672,2048,161.939,
8192,60736,2048,160.944,
8192,60800,2048,160.211,
8192,60864,2048,162.15,
8192,60928,2048,161.887,
8192,60992,2048,161.271,
8192,61056,2048,162.927,
8192,61120,2048,163.875,
8192,61184,2048,162.862,
8192,61248,2048,163.205,
8192,61312,2048,162.867,
8192,61376,2048,160.168,
8192,61440,2048,159.879,
8192,61504,2048,160.621,
8192,61568,2048,163.383,
8192,61632,2048,161.482,
8192,61696,2048,163.825,
8192,61760,2048,161.464,
8192,61824,2048,162.805,
8192,61888,2048,163.514,
8192,61952,2048,162.055,
8192,62016,2048,163.215,
8192,62080,2048,163.461,
8192,62144,2048,162.908,
8192,62208,2048,161.117,
8192,62272,2048,163.728,
8192,62336,2048,162.506,
8192,62400,2048,162.235,
8192,62464,2048,161.685,
8192,62528,2048,162.872,
8192,62592,2048,162.217,
8192,62656,2048,163.897,
8192,62720,2048,162.482,
8192,62784,2048,163.148,
8192,62848,2048,161.527,
8192,62912,2048,161.181,
8192,62976,2048,163.425,
8192,63040,2048,163.403,
8192,63104,2048,164.124,
8192,63168,2048,163.078,
8192,63232,2048,162.3,
8192,63296,2048,163.026,
8192,63360,2048,163.176,
8192,63424,2048,163.331,
8192,63488,2048,163.468,
8192,63552,2048,162.104,
8192,63616,2048,161.919,
8192,63680,2048,162.843,
8192,63744,2048,161.94,
8192,63808,2048,162.306,
8192,63872,2048,161.202,
8192,63936,2048,162.671,
8192,64000,2048,161.458,
8192,64064,2048,162.072,
8192,64128,2048,163.192,
8192,64192,2048,162.974,
8192,64256,2048,162.995,
8192,64320,2048,162.581,
8192,64384,2048,162.217,
8192,64448,2048,162.337,
8192,64512,2048,164.017,
8192,64576,2048,162.219,
8192,64640,2048,161.982,
8192,64704,2048,162.576,
8192,64768,2048,161.966,
8192,64832,2048,161.8,
8192,64896,2048,161.111,
8192,64960,2048,160.877,
8192,65024,2048,162.09,
8192,65088,2048,161.137,
8192,65152,2048,162.229,
8192,65216,2048,164.571,
8192,65280,2048,164.999,
8192,65344,2048,162.851,
8192,65408,2048,162.265,
8192,65472,2048,162.745,
8192,65536,2048,157.281,
8192,65600,2048,163.979,
8192,65664,2048,161.798,
8192,65728,2048,162.592,
8192,65792,2048,162.469,
8192,65856,2048,161.922,
8192,65920,2048,162.669,
8192,65984,2048,160.185,
8192,66048,2048,162.3,
8192,66112,2048,161.126,
8192,66176,2048,161.614,
8192,66240,2048,163.429,
8192,66304,2048,162.387,
8192,66368,2048,161.776,
8192,66432,2048,162.635,
8192,66496,2048,164.086,
8192,66560,2048,162.59,
8192,66624,2048,161.302,
8192,66688,2048,162.448,
8192,66752,2048,161.86,
8192,66816,2048,161.058,
8192,66880,2048,162.271,
8192,66944,2048,162.48,
8192,67008,2048,162.518,
8192,67072,2048,163.164,
8192,67136,2048,162.902,
8192,67200,2048,163.118,
8192,67264,2048,162.504,
8192,67328,2048,163.586,
8192,67392,2048,161.381,
8192,67456,2048,162.205,
8192,67520,2048,161.617,
8192,67584,2048,162.397,
8192,67648,2048,162.721,
8192,67712,2048,161.637,
8192,67776,2048,162.71,
8192,67840,2048,163.723,
8192,67904,2048,162.239,
8192,67968,2048,164.068,
8192,68032,2048,162.755,
8192,68096,2048,162.459,
8192,68160,2048,162.778,
8192,68224,2048,162.52,
8192,68288,2048,162.524,
8192,68352,2048,162.141,
8192,68416,2048,161.645,
8192,68480,2048,164.087,
8192,68544,2048,161.876,
8192,68608,2048,162.124,
8192,68672,2048,162.011,
8192,68736,2048,161.326,
8192,68800,2048,162.221,
8192,68864,2048,161.765,
8192,68928,2048,161.66,
8192,68992,2048,162.935,
8192,69056,2048,162.595,
8192,69120,2048,162.216,
8192,69184,2048,162.877,
8192,69248,2048,161.938,
8192,69312,2048,164.043,
8192,69376,2048,162.453,
8192,69440,2048,162.21,
8192,69504,2048,163.058,
8192,69568,2048,158.775,
8192,69632,2048,157.758,
8192,69696,2048,159.413,
8192,69760,2048,161.874,
8192,69824,2048,162.825,
8192,69888,2048,162.515,
8192,69952,2048,161.738,
8192,70016,2048,162.132,
8192,70080,2048,162.279,
8192,70144,2048,160.621,
8192,70208,2048,163.375,
8192,70272,2048,161.719,
8192,70336,2048,162.011,
8192,70400,2048,162.19,
8192,70464,2048,161.809,
8192,70528,2048,161.991,
8192,70592,2048,161.401,
8192,70656,2048,161.948,
8192,70720,2048,162.233,
8192,70784,2048,163.176,
8192,70848,2048,161.651,
8192,70912,2048,162.62,
8192,70976,2048,162.291,
8192,71040,2048,162.447,
8192,71104,2048,162.505,
8192,71168,2048,161.56,
8192,71232,2048,162.299,
8192,71296,2048,161.964,
8192,71360,2048,161.414,
8192,71424,2048,161.217,
8192,71488,2048,160.948,
8192,71552,2048,163.207,
8192,71616,2048,161.679,
8192,71680,2048,162.178,
8192,71744,2048,161.706,
8192,71808,2048,162.786,
8192,71872,2048,162.041,
8192,71936,2048,162.04,
8192,72000,2048,161.855,
8192,72064,2048,162.86,
8192,72128,2048,161.143,
8192,72192,2048,160.813,
8192,72256,2048,162.143,
8192,72320,2048,161.594,
8192,72384,2048,161.032,
8192,72448,2048,162.944,
8192,72512,2048,161.776,
8192,72576,2048,161.313,
8192,72640,2048,161.561,
8192,72704,2048,161.988,
8192,72768,2048,161.534,
8192,72832,2048,162.184,
8192,72896,2048,161.462,
8192,72960,2048,164.015,
8192,73024,2048,160.982,
8192,73088,2048,162.73,
8192,73152,2048,160.981,
8192,73216,2048,163.006,
8192,73280,2048,161.317,
8192,73344,2048,163.022,
8192,73408,2048,161.935,
8192,73472,2048,162.058,
8192,73536,2048,162.696,
8192,73600,2048,160.308,
8192,73664,2048,161.88,
8192,73728,2048,161.676,
8192,73792,2048,163.864,
8192,73856,2048,161.556,
8192,73920,2048,161.264,
8192,73984,2048,163.85,
8192,74048,2048,160.731,
8192,74112,2048,161.131,
8192,74176,2048,158.564,
8192,74240,2048,161.38,
8192,74304,2048,161.415,
8192,74368,2048,161.508,
8192,74432,2048,161.018,
8192,74496,2048,162.641,
8192,74560,2048,161.559,
8192,74624,2048,162.484,
8192,74688,2048,162.987,
8192,74752,2048,162.235,
8192,74816,2048,159.691,
8192,74880,2048,160.491,
8192,74944,2048,162.734,
8192,75008,2048,161.708,
8192,75072,2048,161.218,
8192,75136,2048,161.65,
8192,75200,2048,161.215,
8192,75264,2048,161.434,
8192,75328,2048,160.686,
8192,75392,2048,162.503,
8192,75456,2048,163.782,
8192,75520,2048,161.378,
8192,75584,2048,160.876,
8192,75648,2048,161.354,
8192,75712,2048,160.612,
8192,75776,2048,161.543,
8192,75840,2048,159.785,
8192,75904,2048,161.986,
8192,75968,2048,162.369,
8192,76032,2048,161.565,
8192,76096,2048,161.453,
8192,76160,2048,161.056,
8192,76224,2048,161.515,
8192,76288,2048,162.57,
8192,76352,2048,162.573,
8192,76416,2048,162.255,
8192,76480,2048,162.165,
8192,76544,2048,161.427,
8192,76608,2048,161.1,
8192,76672,2048,162.057,
8192,76736,2048,161.248,
8192,76800,2048,162.11,
8192,76864,2048,161.374,
8192,76928,2048,162.483,
8192,76992,2048,162.03,
8192,77056,2048,160.958,
8192,77120,2048,160.619,
8192,77184,2048,161.235,
8192,77248,2048,162.256,
8192,77312,2048,162.049,
8192,77376,2048,161.547,
8192,77440,2048,162.822,
8192,77504,2048,162.462,
8192,77568,2048,161.39,
8192,77632,2048,161.829,
8192,77696,2048,161.274,
8192,77760,2048,161.072,
8192,77824,2048,161.478,
8192,77888,2048,161.424,
8192,77952,2048,161.68,
8192,78016,2048,161.845,
8192,78080,2048,161.203,
8192,78144,2048,160.994,
8192,78208,2048,161.08,
8192,78272,2048,162.519,
8192,78336,2048,161.386,
8192,78400,2048,159.771,
8192,78464,2048,161.207,
8192,78528,2048,161.935,
8192,78592,2048,161.402,
8192,78656,2048,160.578,
8192,78720,2048,162.065,
8192,78784,2048,160.742,
8192,78848,2048,161.323,
8192,78912,2048,160.68,
8192,78976,2048,161.801,
8192,79040,2048,160.935,
8192,79104,2048,161.508,
8192,79168,2048,161.07,
8192,79232,2048,161.955,
8192,79296,2048,161.416,
8192,79360,2048,160.762,
8192,79424,2048,161.246,
8192,79488,2048,161.529,
8192,79552,2048,161.217,
8192,79616,2048,161.621,
8192,79680,2048,160.928,
8192,79744,2048,163.295,
8192,79808,2048,160.314,
8192,79872,2048,161.379,
8192,79936,2048,161.327,
8192,80000,2048,160.912,
8192,80064,2048,160.894,
8192,80128,2048,162.524,
8192,80192,2048,160.758,
8192,80256,2048,161.406,
8192,80320,2048,161.386,
8192,80384,2048,160.695,
8192,80448,2048,161.599,
8192,80512,2048,161.772,
8192,80576,2048,161.392,
8192,80640,2048,163.047,
8192,80704,2048,160.653,
8192,80768,2048,160.05,
8192,80832,2048,162.082,
8192,80896,2048,161.21,
8192,80960,2048,161.148,
8192,81024,2048,162.385,
8192,81088,2048,160.163,
8192,81152,2048,161.071,
8192,81216,2048,161.505,
8192,81280,2048,162.99,
8192,81344,2048,161.49,
8192,81408,2048,161.924,
8192,81472,2048,161.285,
8192,81536,2048,161.557,
8192,81600,2048,160.677,
8192,81664,2048,161.262,
8192,81728,2048,162.268,
8192,81792,2048,161.565,
8192,81856,2048,162.063,
8192,81920,2048,162.374,
8192,81984,2048,161.614,
8192,82048,2048,161.98,
8192,82112,2048,161.771,
8192,82176,2048,161.615,
8192,82240,2048,161.399,
8192,82304,2048,161.301,
8192,82368,2048,161.869,
8192,82432,2048,161.629,
8192,82496,2048,161.887,
8192,82560,2048,162.077,
8192,82624,2048,159.029,
8192,82688,2048,163.399,
8192,82752,2048,161.166,
8192,82816,2048,161.165,
8192,82880,2048,160.542,
8192,82944,2048,162.114,
8192,83008,2048,161.732,
8192,83072,2048,161.355,
8192,83136,2048,161.543,
8192,83200,2048,161.019,
8192,83264,2048,161.963,
8192,83328,2048,160.989,
8192,83392,2048,160.773,
8192,83456,2048,161.371,
8192,83520,2048,163.197,
8192,83584,2048,160.499,
8192,83648,2048,160.241,
8192,83712,2048,160.373,
8192,83776,2048,162.188,
8192,83840,2048,162.492,
8192,83904,2048,161.412,
8192,83968,2048,161.529,
8192,84032,2048,162.221,
8192,84096,2048,160.942,
8192,84160,2048,160.651,
8192,84224,2048,160.036,
8192,84288,2048,160.658,
8192,84352,2048,160.833,
8192,84416,2048,161.501,
8192,84480,2048,162.291,
8192,84544,2048,162.906,
8192,84608,2048,161.176,
8192,84672,2048,160.601,
8192,84736,2048,161.191,
8192,84800,2048,161.055,
8192,84864,2048,161.802,
8192,84928,2048,160.865,
8192,84992,2048,161.019,
8192,85056,2048,160.852,
8192,85120,2048,161.599,
8192,85184,2048,161.04,
8192,85248,2048,162.779,
8192,85312,2048,161.15,
8192,85376,2048,161.301,
8192,85440,2048,160.645,
8192,85504,2048,161.709,
8192,85568,2048,162.603,
8192,85632,2048,161.399,
8192,85696,2048,160.997,
8192,85760,2048,161.878,
8192,85824,2048,160.838,
8192,85888,2048,159.11,
8192,85952,2048,160.959,
8192,86016,2048,160.575,
8192,86080,2048,161.443,
8192,86144,2048,161.131,
8192,86208,2048,161.925,
8192,86272,2048,161.673,
8192,86336,2048,161.112,
8192,86400,2048,162.115,
8192,86464,2048,161.165,
8192,86528,2048,161.933,
8192,86592,2048,159.998,
8192,86656,2048,160.926,
8192,86720,2048,162.719,
8192,86784,2048,161.235,
8192,86848,2048,161.41,
8192,86912,2048,161.472,
8192,86976,2048,160.884,
8192,87040,2048,161.709,
8192,87104,2048,161.382,
8192,87168,2048,161.077,
8192,87232,2048,160.645,
8192,87296,2048,160.402,
8192,87360,2048,159.465,
8192,87424,2048,159.91,
8192,87488,2048,161.982,
8192,87552,2048,161.035,
8192,87616,2048,161.009,
8192,87680,2048,161.261,
8192,87744,2048,160.971,
8192,87808,2048,161.251,
8192,87872,2048,161.683,
8192,87936,2048,162.006,
8192,88000,2048,160.502,
8192,88064,2048,161.442,
8192,88128,2048,161.767,
8192,88192,2048,161.065,
8192,88256,2048,160.547,
8192,88320,2048,163.18,
8192,88384,2048,160.84,
8192,88448,2048,161.099,
8192,88512,2048,161.693,
8192,88576,2048,161.235,
8192,88640,2048,162.344,
8192,88704,2048,161.116,
8192,88768,2048,161.648,
8192,88832,2048,161.5,
8192,88896,2048,160.724,
8192,88960,2048,160.789,
8192,89024,2048,160.593,
8192,89088,2048,161.202,
8192,89152,2048,160.707,
8192,89216,2048,160.978,
8192,89280,2048,161.045,
8192,89344,2048,161.059,
8192,89408,2048,161.487,
8192,89472,2048,161.317,
8192,89536,2048,160.814,
8192,89600,2048,161.103,
8192,89664,2048,161.78,
8192,89728,2048,161.794,
8192,89792,2048,160.49,
8192,89856,2048,159.683,
8192,89920,2048,161.817,
8192,89984,2048,161.548,
8192,90048,2048,162.247,
8192,90112,2048,161.313,
8192,90176,2048,160.49,
8192,90240,2048,161.33,
8192,90304,2048,161.42,
8192,90368,2048,160.949,
8192,90432,2048,162.519,
8192,90496,2048,161.885,
8192,90560,2048,160.495,
8192,90624,2048,160.636,
8192,90688,2048,162.263,
8192,90752,2048,161.426,
8192,90816,2048,161.104,
8192,90880,2048,161.738,
8192,90944,2048,160.34,
8192,91008,2048,160.633,
8192,91072,2048,160.449,
8192,91136,2048,161.276,
8192,91200,2048,161.606,
8192,91264,2048,161.628,
8192,91328,2048,161.474,
8192,91392,2048,162.88,
8192,91456,2048,159.633,
8192,91520,2048,159.828,
8192,91584,2048,161.779,
8192,91648,2048,161.377,
8192,91712,2048,160.671,
8192,91776,2048,160.358,
8192,91840,2048,160.671,
8192,91904,2048,160.347,
8192,91968,2048,160.782,
8192,92032,2048,161.778,
8192,92096,2048,161.115,
8192,92160,2048,160.206,
8192,92224,2048,162.1,
8192,92288,2048,161.279,
8192,92352,2048,160.073,
8192,92416,2048,161.264,
8192,92480,2048,161.211,
8192,92544,2048,160.74,
8192,92608,2048,159.331,
8192,92672,2048,161.26,
8192,92736,2048,160.6,
8192,92800,2048,162.121,
8192,92864,2048,161.211,
8192,92928,2048,160.878,
8192,92992,2048,160.937,
8192,93056,2048,161.724,
8192,93120,2048,160.792,
8192,93184,2048,160.824,
8192,93248,2048,160.975,
8192,93312,2048,160.317,
8192,93376,2048,161.569,
8192,93440,2048,161.483,
8192,93504,2048,159.878,
8192,93568,2048,161.406,
8192,93632,2048,160.974,
8192,93696,2048,161.648,
8192,93760,2048,160.553,
8192,93824,2048,160.963,
8192,93888,2048,160.844,
8192,93952,2048,160.615,
8192,94016,2048,160.845,
8192,94080,2048,161.123,
8192,94144,2048,161.314,
8192,94208,2048,160.926,
8192,94272,2048,161.421,
8192,94336,2048,162.114,
8192,94400,2048,160.753,
8192,94464,2048,161.335,
8192,94528,2048,161.003,
8192,94592,2048,160.303,
8192,94656,2048,160.737,
8192,94720,2048,161.653,
8192,94784,2048,161.07,
8192,94848,2048,162.446,
8192,94912,2048,161.694,
8192,94976,2048,159.784,
8192,95040,2048,161.276,
8192,95104,2048,160.914,
8192,95168,2048,160.585,
8192,95232,2048,160.717,
8192,95296,2048,161.416,
8192,95360,2048,160.798,
8192,95424,2048,161.206,
8192,95488,2048,160.967,
8192,95552,2048,160.921,
8192,95616,2048,159.723,
8192,95680,2048,163.047,
8192,95744,2048,161.65,
8192,95808,2048,160.939,
8192,95872,2048,161.464,
8192,95936,2048,161.352,
8192,96000,2048,162.372,
8192,96064,2048,161.133,
8192,96128,2048,160.44,
8192,96192,2048,160.831,
8192,96256,2048,160.526,
8192,96320,2048,159.995,
8192,96384,2048,160.759,
8192,96448,2048,159.479,
8192,96512,2048,161.104,
8192,96576,2048,161.581,
8192,96640,2048,160.65,
8192,96704,2048,161.054,
8192,96768,2048,162.18,
8192,96832,2048,160.342,
8192,96896,2048,160.922,
8192,96960,2048,160.02,
8192,97024,2048,160.948,
8192,97088,2048,160.495,
8192,97152,2048,160.825,
8192,97216,2048,160.46,
8192,97280,2048,159.579,
8192,97344,2048,160.323,
8192,97408,2048,161.26,
8192,97472,2048,160.505,
8192,97536,2048,159.909,
8192,97600,2048,159.403,
8192,97664,2048,160.927,
8192,97728,2048,160.581,
8192,97792,2048,161.898,
8192,97856,2048,162.199,
8192,97920,2048,162.134,
8192,97984,2048,160.599,
8192,98048,2048,160.81,
8192,98112,2048,160.672,
8192,98176,2048,161.601,
8192,98240,2048,160.626,
8192,98304,2048,160.271,
8192,98368,2048,161.097,
8192,98432,2048,160.954,
8192,98496,2048,161.226,
8192,98560,2048,161.42,
8192,98624,2048,160.303,
8192,98688,2048,162.22,
8192,98752,2048,161.333,
8192,98816,2048,162.282,
8192,98880,2048,160.33,
8192,98944,2048,157.81,
8192,99008,2048,160.274,
8192,99072,2048,160.265,
8192,99136,2048,160.231,
8192,99200,2048,160.146,
8192,99264,2048,159.537,
8192,99328,2048,160.536,
8192,99392,2048,161.047,
8192,99456,2048,161.249,
8192,99520,2048,161.166,
8192,99584,2048,158.539,
8192,99648,2048,160.667,
8192,99712,2048,160.286,
8192,99776,2048,160.216,
8192,99840,2048,160.72,
8192,99904,2048,160.187,
8192,99968,2048,160.34,
8192,100032,2048,160.941,
8192,100096,2048,162.742,
8192,100160,2048,159.873,
8192,100224,2048,161.315,
8192,100288,2048,160.651,
8192,100352,2048,160.237,
8192,100416,2048,160.23,
8192,100480,2048,160.188,
8192,100544,2048,159.956,
8192,100608,2048,161.398,
8192,100672,2048,161.622,
8192,100736,2048,161.327,
8192,100800,2048,161.578,
8192,100864,2048,160.488,
8192,100928,2048,161.08,
8192,100992,2048,160.04,
8192,101056,2048,160.261,
8192,101120,2048,161.358,
8192,101184,2048,160.249,
8192,101248,2048,159.906,
8192,101312,2048,160.234,
8192,101376,2048,160.426,
8192,101440,2048,159.401,
8192,101504,2048,160.27,
8192,101568,2048,161.184,
8192,101632,2048,160.055,
8192,101696,2048,159.888,
8192,101760,2048,161.066,
8192,101824,2048,160.056,
8192,101888,2048,161.321,
8192,101952,2048,158.68,
8192,102016,2048,161.861,
8192,102080,2048,160.122,
8192,102144,2048,159.841,
8192,102208,2048,161.564,
8192,102272,2048,161.848,
8192,102336,2048,161.163,
8192,102400,2048,160.317,
8192,102464,2048,160.563,
8192,102528,2048,161.148,
8192,102592,2048,160.717,
8192,102656,2048,161.05,
8192,102720,2048,161.502,
8192,102784,2048,159.944,
8192,102848,2048,159.655,
8192,102912,2048,160.047,
8192,102976,2048,161.432,
8192,103040,2048,160.534,
8192,103104,2048,158.748,
8192,103168,2048,159.264,
8192,103232,2048,161.205,
8192,103296,2048,159.888,
8192,103360,2048,161.411,
8192,103424,2048,160.671,
8192,103488,2048,160.517,
8192,103552,2048,160.044,
8192,103616,2048,160.504,
8192,103680,2048,162.495,
8192,103744,2048,160.323,
8192,103808,2048,161.772,
8192,103872,2048,159.614,
8192,103936,2048,160.339,
8192,104000,2048,160.141,
8192,104064,2048,160.357,
8192,104128,2048,161.286,
8192,104192,2048,161.324,
8192,104256,2048,161.537,
8192,104320,2048,159.432,
8192,104384,2048,160.432,
8192,104448,2048,159.474,
8192,104512,2048,160.094,
8192,104576,2048,160.657,
8192,104640,2048,161.673,
8192,104704,2048,159.818,
8192,104768,2048,157.999,
8192,104832,2048,157.956,
8192,104896,2048,158.744,
8192,104960,2048,159.197,
8192,105024,2048,160.629,
8192,105088,2048,160.664,
8192,105152,2048,160.599,
8192,105216,2048,159.806,
8192,105280,2048,160.197,
8192,105344,2048,160.291,
8192,105408,2048,160.843,
8192,105472,2048,159.642,
8192,105536,2048,160.435,
8192,105600,2048,160.635,
8192,105664,2048,158.952,
8192,105728,2048,161.109,
8192,105792,2048,161.416,
8192,105856,2048,161.045,
8192,105920,2048,158.65,
8192,105984,2048,160.152,
8192,106048,2048,160.803,
8192,106112,2048,160.844,
8192,106176,2048,159.864,
8192,106240,2048,159.713,
8192,106304,2048,160.974,
8192,106368,2048,159.878,
8192,106432,2048,161.219,
8192,106496,2048,161.682,
8192,106560,2048,159.964,
8192,106624,2048,161.324,
8192,106688,2048,160.867,
8192,106752,2048,161.228,
8192,106816,2048,159.524,
8192,106880,2048,158.825,
8192,106944,2048,159.524,
8192,107008,2048,160.515,
8192,107072,2048,159.561,
8192,107136,2048,160.632,
8192,107200,2048,159.983,
8192,107264,2048,159.25,
8192,107328,2048,161.648,
8192,107392,2048,159.804,
8192,107456,2048,159.562,
8192,107520,2048,159.251,
8192,107584,2048,160.592,
8192,107648,2048,161.145,
8192,107712,2048,159.893,
8192,107776,2048,160.205,
8192,107840,2048,159.551,
8192,107904,2048,161.011,
8192,107968,2048,160.514,
8192,108032,2048,160.061,
8192,108096,2048,160.736,
8192,108160,2048,161.902,
8192,108224,2048,160.712,
8192,108288,2048,160.379,
8192,108352,2048,159.662,
8192,108416,2048,159.412,
8192,108480,2048,159.297,
8192,108544,2048,160.24,
8192,108608,2048,159.706,
8192,108672,2048,159.558,
8192,108736,2048,161.07,
8192,108800,2048,162.388,
8192,108864,2048,159.59,
8192,108928,2048,160.632,
8192,108992,2048,159.275,
8192,109056,2048,160.07,
8192,109120,2048,159.575,
8192,109184,2048,161.215,
8192,109248,2048,159.486,
8192,109312,2048,160.881,
8192,109376,2048,160.151,
8192,109440,2048,160.171,
8192,109504,2048,160.334,
8192,109568,2048,159.857,
8192,109632,2048,159.635,
8192,109696,2048,161.8,
8192,109760,2048,159.756,
8192,109824,2048,160.278,
8192,109888,2048,161.126,
8192,109952,2048,160.032,
8192,110016,2048,159.376,
8192,110080,2048,159.929,
8192,110144,2048,159.751,
8192,110208,2048,159.986,
8192,110272,2048,159.587,
8192,110336,2048,159.842,
8192,110400,2048,159.458,
8192,110464,2048,158.816,
8192,110528,2048,159.178,
8192,110592,2048,159.943,
8192,110656,2048,160.118,
8192,110720,2048,159.414,
8192,110784,2048,159.472,
8192,110848,2048,159.712,
8192,110912,2048,161.47,
8192,110976,2048,160.57,
8192,111040,2048,159.661,
8192,111104,2048,159.579,
8192,111168,2048,159.293,
8192,111232,2048,159.831,
8192,111296,2048,159.524,
8192,111360,2048,162.014,
8192,111424,2048,159.41,
8192,111488,2048,159.415,
8192,111552,2048,160.454,
8192,111616,2048,160.601,
8192,111680,2048,160.084,
8192,111744,2048,160.278,
8192,111808,2048,159.577,
8192,111872,2048,159.248,
8192,111936,2048,159.895,
8192,112000,2048,160.267,
8192,112064,2048,158.927,
8192,112128,2048,160.603,
8192,112192,2048,159.304,
8192,112256,2048,160.911,
8192,112320,2048,161.099,
8192,112384,2048,159.998,
8192,112448,2048,159.379,
8192,112512,2048,161.133,
8192,112576,2048,161.136,
8192,112640,2048,159.808,
8192,112704,2048,160.079,
8192,112768,2048,159.58,
8192,112832,2048,161.035,
8192,112896,2048,159.115,
8192,112960,2048,160.339,
8192,113024,2048,159.615,
8192,113088,2048,161.874,
8192,113152,2048,160.891,
8192,113216,2048,161.131,
8192,113280,2048,161.49,
8192,113344,2048,160.169,
8192,113408,2048,159.508,
8192,113472,2048,160.787,
8192,113536,2048,160.118,
8192,113600,2048,159.492,
8192,113664,2048,158.976,
8192,113728,2048,159.403,
8192,113792,2048,160.295,
8192,113856,2048,160.15,
8192,113920,2048,160.679,
8192,113984,2048,159.146,
8192,114048,2048,162.17,
8192,114112,2048,160.373,
8192,114176,2048,160.505,
8192,114240,2048,159.418,
8192,114304,2048,161.104,
8192,114368,2048,160.564,
8192,114432,2048,160.395,
8192,114496,2048,158.63,
8192,114560,2048,159.514,
8192,114624,2048,159.728,
8192,114688,2048,158.798,
8192,114752,2048,159.967,
8192,114816,2048,160.769,
8192,114880,2048,159.165,
8192,114944,2048,160.879,
8192,115008,2048,159.882,
8192,115072,2048,160.65,
8192,115136,2048,160.309,
8192,115200,2048,161.183,
8192,115264,2048,161.251,
8192,115328,2048,159.67,
8192,115392,2048,159.623,
8192,115456,2048,161.224,
8192,115520,2048,161.149,
8192,115584,2048,157.191,
8192,115648,2048,160.961,
8192,115712,2048,160.867,
8192,115776,2048,159.889,
8192,115840,2048,159.25,
8192,115904,2048,159.184,
8192,115968,2048,160.393,
8192,116032,2048,159.132,
8192,116096,2048,160.631,
8192,116160,2048,159.85,
8192,116224,2048,159.809,
8192,116288,2048,159.42,
8192,116352,2048,161.011,
8192,116416,2048,159.354,
8192,116480,2048,160.202,
8192,116544,2048,159.965,
8192,116608,2048,161.101,
8192,116672,2048,160.937,
8192,116736,2048,158.875,
8192,116800,2048,159.098,
8192,116864,2048,161.138,
8192,116928,2048,159.956,
8192,116992,2048,160.615,
8192,117056,2048,160.8,
8192,117120,2048,160.59,
8192,117184,2048,159.302,
8192,117248,2048,159.371,
8192,117312,2048,159.829,
8192,117376,2048,161.306,
8192,117440,2048,159.354,
8192,117504,2048,161.94,
8192,117568,2048,160.7,
8192,117632,2048,159.174,
8192,117696,2048,160.442,
8192,117760,2048,159.267,
8192,117824,2048,160.279,
8192,117888,2048,160.195,
8192,117952,2048,159.691,
8192,118016,2048,159.821,
8192,118080,2048,160.36,
8192,118144,2048,159.667,
8192,118208,2048,159.332,
8192,118272,2048,159.372,
8192,118336,2048,159.436,
8192,118400,2048,159.418,
8192,118464,2048,160.278,
8192,118528,2048,160.052,
8192,118592,2048,160.674,
8192,118656,2048,159.596,
8192,118720,2048,159.884,
8192,118784,2048,159.348,
8192,118848,2048,158.388,
8192,118912,2048,160.964,
8192,118976,2048,160.499,
8192,119040,2048,161.697,
8192,119104,2048,159.124,
8192,119168,2048,159.658,
8192,119232,2048,160.971,
8192,119296,2048,158.525,
8192,119360,2048,157.984,
8192,119424,2048,159.297,
8192,119488,2048,160.49,
8192,119552,2048,159.274,
8192,119616,2048,159.404,
8192,119680,2048,160.83,
8192,119744,2048,158.778,
8192,119808,2048,159.928,
8192,119872,2048,159.383,
8192,119936,2048,160.522,
8192,120000,2048,160.09,
8192,120064,2048,159.53,
8192,120128,2048,159.083,
8192,120192,2048,160.653,
8192,120256,2048,159.823,
8192,120320,2048,159.162,
8192,120384,2048,159.074,
8192,120448,2048,159.17,
8192,120512,2048,158.875,
8192,120576,2048,159.31,
8192,120640,2048,159.352,
8192,120704,2048,157.663,
8192,120768,2048,159.186,
8192,120832,2048,158.746,
8192,120896,2048,158.962,
8192,120960,2048,159.579,
8192,121024,2048,158.886,
8192,121088,2048,159.963,
8192,121152,2048,159.134,
8192,121216,2048,158.576,
8192,121280,2048,160.027,
8192,121344,2048,161.343,
8192,121408,2048,160.501,
8192,121472,2048,160.558,
8192,121536,2048,159.212,
8192,121600,2048,158.919,
8192,121664,2048,159.611,
8192,121728,2048,159.586,
8192,121792,2048,161.781,
8192,121856,2048,158.258,
8192,121920,2048,158.748,
8192,121984,2048,159.403,
8192,122048,2048,159.404,
8192,122112,2048,160.762,
8192,122176,2048,159.308,
8192,122240,2048,159.31,
8192,122304,2048,160.763,
8192,122368,2048,160.617,
8192,122432,2048,160.238,
8192,122496,2048,159.179,
8192,122560,2048,159.699,
8192,122624,2048,159.153,
8192,122688,2048,159.849,
8192,122752,2048,157.607,
8192,122816,2048,161.504,
8192,122880,2048,156.352,
8192,122944,2048,161.057,
8192,123008,2048,158.158,
8192,123072,2048,158.957,
8192,123136,2048,159.928,
8192,123200,2048,160.895,
8192,123264,2048,158.285,
8192,123328,2048,158.574,
8192,123392,2048,159.521,
8192,123456,2048,159.332,
8192,123520,2048,161.166,
8192,123584,2048,159.047,
8192,123648,2048,159.546,
8192,123712,2048,158.881,
8192,123776,2048,158.764,
8192,123840,2048,161.91,
8192,123904,2048,156.444,
8192,123968,2048,159.315,
8192,124032,2048,159.557,
8192,124096,2048,159.677,
8192,124160,2048,158.452,
8192,124224,2048,159.267,
8192,124288,2048,159.14,
8192,124352,2048,159.685,
8192,124416,2048,160.401,
8192,124480,2048,158.961,
8192,124544,2048,159.116,
8192,124608,2048,158.561,
8192,124672,2048,159.17,
8192,124736,2048,160.326,
8192,124800,2048,160.647,
8192,124864,2048,158.737,
8192,124928,2048,159.295,
8192,124992,2048,159.512,
8192,125056,2048,158.886,
8192,125120,2048,159.211,
8192,125184,2048,160.346,
8192,125248,2048,160.307,
8192,125312,2048,159.926,
8192,125376,2048,159.809,
8192,125440,2048,159.507,
8192,125504,2048,160.571,
8192,125568,2048,161.243,
8192,125632,2048,158.925,
8192,125696,2048,159.264,
8192,125760,2048,158.348,
8192,125824,2048,160.197,
8192,125888,2048,159.457,
8192,125952,2048,160.379,
8192,126016,2048,159.732,
8192,126080,2048,159.512,
8192,126144,2048,161.025,
8192,126208,2048,161.339,
8192,126272,2048,158.959,
8192,126336,2048,159.208,
8192,126400,2048,158.974,
8192,126464,2048,160.499,
8192,126528,2048,161.047,
8192,126592,2048,160.419,
8192,126656,2048,159.054,
8192,126720,2048,161.553,
8192,126784,2048,159.048,
8192,126848,2048,159.83,
8192,126912,2048,159.025,
8192,126976,2048,158.927,
8192,127040,2048,158.69,
8192,127104,2048,159.86,
8192,127168,2048,159.354,
8192,127232,2048,158.96,
8192,127296,2048,158.687,
8192,127360,2048,160.216,
8192,127424,2048,160.335,
8192,127488,2048,159.328,
8192,127552,2048,160.676,
8192,127616,2048,158.898,
8192,127680,2048,158.704,
8192,127744,2048,158.269,
8192,127808,2048,158.834,
8192,127872,2048,160.148,
8192,127936,2048,158.67,
8192,128000,2048,160.003,
8192,128064,2048,160.509,
8192,128128,2048,159.622,
8192,128192,2048,158.921,
8192,128256,2048,159.323,
8192,128320,2048,159.643,
8192,128384,2048,161.15,
8192,128448,2048,160.254,
8192,128512,2048,159.287,
8192,128576,2048,160.074,
8192,128640,2048,158.827,
8192,128704,2048,158.452,
8192,128768,2048,158.852,
8192,128832,2048,159.286,
8192,128896,2048,160.372,
8192,128960,2048,159.438,
8192,129024,2048,158.998,
8192,129088,2048,159.395,
8192,129152,2048,160.457,
8192,129216,2048,159.086,
8192,129280,2048,160.238,
8192,129344,2048,158.993,
8192,129408,2048,158.815,
8192,129472,2048,160.49,
8192,129536,2048,159.194,
8192,129600,2048,159.111,
8192,129664,2048,160.641,
8192,129728,2048,158.038,
8192,129792,2048,159.373,
8192,129856,2048,158.953,
8192,129920,2048,156.91,
8192,129984,2048,158.767,
8192,130048,2048,159.149,
8192,130112,2048,159.472,
8192,130176,2048,157.291,
8192,130240,2048,158.776,
8192,130304,2048,158.775,
8192,130368,2048,158.801,
8192,130432,2048,159.145,
8192,130496,2048,160.979,
8192,130560,2048,157.968,
8192,130624,2048,161.061,
8192,130688,2048,159.047,
8192,130752,2048,159.795,
8192,130816,2048,159.261,
8192,130880,2048,157.269,
8192,130944,2048,157.95,
8192,131008,2048,157.111,
8192,131072,2048,149.137,
8192,131136,2048,158.397,
8192,131200,2048,157.823,
8192,131264,2048,160.127,
8192,131328,2048,157.612,
8192,131392,2048,158.752,
8192,131456,2048,159.787,
8192,131520,2048,160.859,
8192,131584,2048,159.115,
8192,131648,2048,161.035,
8192,131712,2048,159.147,
8192,131776,2048,158.563,
8192,131840,2048,160.067,
8192,131904,2048,159.253,
8192,131968,2048,157.52,
8192,132032,2048,159.556,
8192,132096,2048,158.927,
8192,132160,2048,158.252,
8192,132224,2048,158.298,
8192,132288,2048,158.965,
8192,132352,2048,159.321,
8192,132416,2048,158.878,
8192,132480,2048,158.735,
8192,132544,2048,158.277,
8192,132608,2048,159.615,
8192,132672,2048,158.424,
8192,132736,2048,161.721,
8192,132800,2048,160.18,
8192,132864,2048,159.08,
8192,132928,2048,161.049,
8192,132992,2048,160.219,
8192,133056,2048,158.426,
8192,133120,2048,160.327,
8192,133184,2048,159.608,
8192,133248,2048,159.582,
8192,133312,2048,158.642,
8192,133376,2048,159.02,
8192,133440,2048,157.843,
8192,133504,2048,159.235,
8192,133568,2048,159.297,
8192,133632,2048,160.454,
8192,133696,2048,160.27,
8192,133760,2048,158.947,
8192,133824,2048,157.999,
8192,133888,2048,160.063,
8192,133952,2048,159.009,
8192,134016,2048,160.095,
8192,134080,2048,158.967,
8192,134144,2048,159.34,
8192,134208,2048,158.849,
8192,134272,2048,159.094,
8192,134336,2048,158.826,
8192,134400,2048,161.89,
8192,134464,2048,159.999,
8192,134528,2048,159.7,
8192,134592,2048,158.56,
8192,134656,2048,159.439,
8192,134720,2048,158.449,
8192,134784,2048,159.328,
8192,134848,2048,160.307,
8192,134912,2048,161.116,
8192,134976,2048,159.198,
8192,135040,2048,158.131,
8192,135104,2048,159.763,
8192,135168,2048,159.009,
8192,135232,2048,159.155,
8192,135296,2048,159.623,
8192,135360,2048,159.547,
8192,135424,2048,158.335,
8192,135488,2048,160.831,
8192,135552,2048,159.228,
8192,135616,2048,158.172,
8192,135680,2048,159.226,
8192,135744,2048,159.176,
8192,135808,2048,159.787,
8192,135872,2048,159.337,
8192,135936,2048,159.238,
8192,136000,2048,159.953,
8192,136064,2048,159.039,
8192,136128,2048,158.379,
8192,136192,2048,159.465,
8192,136256,2048,158.634,
8192,136320,2048,159.228,
8192,136384,2048,159.46,
8192,136448,2048,158.787,
8192,136512,2048,158.274,
8192,136576,2048,160.662,
8192,136640,2048,160.375,
8192,136704,2048,159.264,
8192,136768,2048,158.607,
8192,136832,2048,158.961,
8192,136896,2048,158.873,
8192,136960,2048,159.129,
8192,137024,2048,159.475,
8192,137088,2048,159.772,
8192,137152,2048,158.639,
8192,137216,2048,159.202,
8192,137280,2048,158.349,
8192,137344,2048,157.615,
8192,137408,2048,158.096,
8192,137472,2048,159.0,
8192,137536,2048,159.062,
8192,137600,2048,158.852,
8192,137664,2048,160.814,
8192,137728,2048,158.658,
8192,137792,2048,158.718,
8192,137856,2048,157.827,
8192,137920,2048,158.059,
8192,137984,2048,158.844,
8192,138048,2048,159.456,
8192,138112,2048,159.025,
8192,138176,2048,157.989,
8192,138240,2048,159.271,
8192,138304,2048,160.983,
8192,138368,2048,160.595,
8192,138432,2048,159.375,
8192,138496,2048,158.404,
8192,138560,2048,159.494,
8192,138624,2048,159.377,
8192,138688,2048,158.446,
8192,138752,2048,159.043,
8192,138816,2048,159.361,
8192,138880,2048,159.912,
8192,138944,2048,158.706,
8192,139008,2048,159.842,
8192,139072,2048,159.888,
8192,139136,2048,157.358,
8192,139200,2048,160.71,
8192,139264,2048,155.059,
8192,139328,2048,161.093,
8192,139392,2048,157.999,
8192,139456,2048,159.153,
8192,139520,2048,158.983,
8192,139584,2048,159.396,
8192,139648,2048,158.449,
8192,139712,2048,158.705,
8192,139776,2048,158.446,
8192,139840,2048,156.557,
8192,139904,2048,158.799,
8192,139968,2048,158.647,
8192,140032,2048,159.423,
8192,140096,2048,159.248,
8192,140160,2048,158.587,
8192,140224,2048,159.921,
8192,140288,2048,155.681,
8192,140352,2048,161.769,
8192,140416,2048,158.239,
8192,140480,2048,158.866,
8192,140544,2048,159.015,
8192,140608,2048,159.222,
8192,140672,2048,158.844,
8192,140736,2048,157.991,
8192,140800,2048,158.635,
8192,140864,2048,159.448,
8192,140928,2048,159.298,
8192,140992,2048,159.004,
8192,141056,2048,159.007,
8192,141120,2048,159.563,
8192,141184,2048,158.249,
8192,141248,2048,159.415,
8192,141312,2048,158.309,
8192,141376,2048,158.667,
8192,141440,2048,161.138,
8192,141504,2048,159.686,
8192,141568,2048,157.665,
8192,141632,2048,157.567,
8192,141696,2048,158.782,
8192,141760,2048,157.715,
8192,141824,2048,158.99,
8192,141888,2048,158.578,
8192,141952,2048,159.27,
8192,142016,2048,158.439,
8192,142080,2048,161.307,
8192,142144,2048,160.619,
8192,142208,2048,158.962,
8192,142272,2048,158.669,
8192,142336,2048,159.155,
8192,142400,2048,158.136,
8192,142464,2048,158.877,
8192,142528,2048,159.705,
8192,142592,2048,159.282,
8192,142656,2048,158.768,
8192,142720,2048,158.326,
8192,142784,2048,159.605,
8192,142848,2048,158.097,
8192,142912,2048,158.437,
8192,142976,2048,158.778,
8192,143040,2048,158.58,
8192,143104,2048,159.186,
8192,143168,2048,158.294,
8192,143232,2048,159.274,
8192,143296,2048,158.844,
8192,143360,2048,158.632,
8192,143424,2048,158.995,
8192,143488,2048,159.23,
8192,143552,2048,159.389,
8192,143616,2048,161.631,
8192,143680,2048,158.689,
8192,143744,2048,159.837,
8192,143808,2048,159.029,
8192,143872,2048,158.833,
8192,143936,2048,158.598,
8192,144000,2048,159.437,
8192,144064,2048,158.291,
8192,144128,2048,159.272,
8192,144192,2048,158.918,
8192,144256,2048,160.06,
8192,144320,2048,159.299,
8192,144384,2048,159.026,
8192,144448,2048,158.29,
8192,144512,2048,158.396,
8192,144576,2048,159.097,
8192,144640,2048,159.092,
8192,144704,2048,159.424,
8192,144768,2048,158.287,
8192,144832,2048,157.955,
8192,144896,2048,158.671,
8192,144960,2048,159.552,
8192,145024,2048,159.605,
8192,145088,2048,158.824,
8192,145152,2048,159.46,
8192,145216,2048,159.347,
8192,145280,2048,158.642,
8192,145344,2048,158.534,
8192,145408,2048,158.092,
8192,145472,2048,159.192,
8192,145536,2048,159.025,
8192,145600,2048,158.39,
8192,145664,2048,159.491,
8192,145728,2048,158.758,
8192,145792,2048,159.119,
8192,145856,2048,159.405,
8192,145920,2048,160.999,
8192,145984,2048,161.172,
8192,146048,2048,158.292,
8192,146112,2048,158.996,
8192,146176,2048,158.864,
8192,146240,2048,158.094,
8192,146304,2048,158.295,
8192,146368,2048,158.058,
8192,146432,2048,160.105,
8192,146496,2048,159.112,
8192,146560,2048,158.963,
8192,146624,2048,158.214,
8192,146688,2048,158.832,
8192,146752,2048,158.166,
8192,146816,2048,158.301,
2048,64,2048,44.006,4.0
1024,64,2048,44.151,8.0
512,64,2048,44.006,16.0
256,64,2048,45.421,32.0
2048,128,2048,72.16,4.0
1024,128,2048,72.257,8.0
512,128,2048,74.462,16.0
256,128,2048,72.55,32.0
2048,192,2048,94.078,4.0
1024,192,2048,93.532,8.0
512,192,2048,94.631,16.0
256,192,2048,94.188,32.0
2048,256,2048,111.038,4.0
1024,256,2048,131.104,8.0
512,256,2048,111.5,16.0
256,256,2048,138.191,32.0
2048,320,2048,152.174,4.0
1024,320,2048,124.97,8.0
512,320,2048,124.046,16.0
256,320,2048,144.01,32.0
2048,384,2048,136.146,4.0
1024,384,2048,135.459,8.0
512,384,2048,134.892,16.0
256,384,2048,160.9,32.0
2048,448,2048,142.893,4.0
1024,448,2048,168.072,8.0
512,448,2048,140.437,16.0
256,448,2048,140.227,32.0
2048,512,2048,176.602,4.0
1024,512,2048,151.445,8.0
512,512,2048,172.905,16.0
256,512,2048,151.873,32.0
2048,576,2048,153.197,4.0
1024,576,2048,152.52,8.0
512,576,2048,169.064,16.0
256,576,2048,151.563,32.0
2048,640,2048,162.099,4.0
1024,640,2048,160.644,8.0
512,640,2048,162.001,16.0
256,640,2048,163.381,32.0
2048,704,2048,170.092,4.0
1024,704,2048,189.646,8.0
512,704,2048,168.442,16.0
256,704,2048,169.311,32.0
2048,768,2048,193.7,4.0
1024,768,2048,175.544,8.0
512,768,2048,174.026,16.0
256,768,2048,175.257,32.0
2048,832,2048,180.531,4.0
1024,832,2048,180.251,8.0
512,832,2048,178.865,16.0
256,832,2048,179.972,32.0
2048,896,2048,173.905,4.0
1024,896,2048,175.694,8.0
512,896,2048,176.354,16.0
256,896,2048,175.53,32.0
2048,960,2048,185.128,4.0
1024,960,2048,204.913,8.0
512,960,2048,187.892,16.0
256,960,2048,188.508,32.0
2048,1024,2048,190.633,4.0
1024,1024,2048,191.825,8.0
512,1024,2048,188.293,16.0
256,1024,2048,209.818,32.0
2048,1088,2048,201.564,4.0
1024,1088,2048,190.937,8.0
512,1088,2048,190.3,16.0
256,1088,2048,203.905,32.0
2048,1152,2048,192.274,4.0
1024,1152,2048,179.957,8.0
512,1152,2048,181.99,16.0
256,1152,2048,192.197,32.0
2048,1216,2048,198.841,4.0
1024,1216,2048,192.9,8.0
512,1216,2048,198.3,16.0
256,1216,2048,199.074,32.0
2048,1280,2048,202.593,4.0
1024,1280,2048,202.593,8.0
512,1280,2048,202.746,16.0
256,1280,2048,217.621,32.0
2048,1344,2048,198.212,4.0
1024,1344,2048,213.69,8.0
512,1344,2048,197.448,16.0
256,1344,2048,197.587,32.0
2048,1408,2048,221.1,4.0
1024,1408,2048,206.633,8.0
512,1408,2048,207.797,16.0
256,1408,2048,204.629,32.0
2048,1472,2048,207.391,4.0
1024,1472,2048,206.973,8.0
512,1472,2048,208.511,16.0
256,1472,2048,208.3,32.0
2048,1536,2048,208.764,4.0
1024,1536,2048,208.899,8.0
512,1536,2048,208.157,16.0
256,1536,2048,220.33,32.0
2048,1600,2048,224.519,4.0
1024,1600,2048,210.968,8.0
512,1600,2048,224.67,16.0
256,1600,2048,225.652,32.0
2048,1664,2048,224.922,4.0
1024,1664,2048,209.968,8.0
512,1664,2048,212.46,16.0
256,1664,2048,212.784,32.0
2048,1728,2048,197.057,4.0
1024,1728,2048,213.735,8.0
512,1728,2048,202.113,16.0
256,1728,2048,203.417,32.0
2048,1792,2048,203.195,4.0
1024,1792,2048,202.921,8.0
512,1792,2048,203.581,16.0
256,1792,2048,211.426,32.0
2048,1856,2048,217.935,4.0
1024,1856,2048,228.355,8.0
512,1856,2048,216.0,16.0
256,1856,2048,214.926,32.0
2048,1920,2048,196.896,4.0
1024,1920,2048,195.891,8.0
512,1920,2048,195.986,16.0
256,1920,2048,196.081,32.0
2048,1984,2048,217.101,4.0
1024,1984,2048,220.145,8.0
512,1984,2048,218.126,16.0
256,1984,2048,218.469,32.0
2048,2048,2048,220.935,4.0
1024,2048,2048,221.676,8.0
512,2048,2048,231.722,16.0
256,2048,2048,220.707,32.0
2048,2112,2048,218.887,4.0
1024,2112,2048,220.084,8.0
512,2112,2048,234.163,16.0
256,2112,2048,219.702,32.0
2048,2176,2048,194.353,4.0
1024,2176,2048,200.149,8.0
512,2176,2048,198.15,16.0
256,2176,2048,198.064,32.0
2048,2240,2048,219.003,4.0
1024,2240,2048,217.684,8.0
512,2240,2048,221.847,16.0
256,2240,2048,219.669,32.0
2048,2304,2048,204.004,4.0
1024,2304,2048,203.446,8.0
512,2304,2048,204.522,16.0
256,2304,2048,205.043,32.0
2048,2368,2048,224.505,4.0
1024,2368,2048,223.495,8.0
512,2368,2048,224.151,16.0
256,2368,2048,225.32,32.0
2048,2432,2048,218.1,4.0
1024,2432,2048,217.681,8.0
512,2432,2048,216.48,16.0
256,2432,2048,215.839,32.0
2048,2496,2048,219.246,4.0
1024,2496,2048,216.212,8.0
512,2496,2048,217.832,16.0
256,2496,2048,219.062,32.0
2048,2560,2048,212.58,4.0
1024,2560,2048,213.213,8.0
512,2560,2048,217.137,16.0
256,2560,2048,218.462,32.0
2048,2624,2048,221.937,4.0
1024,2624,2048,230.779,8.0
512,2624,2048,222.116,16.0
256,2624,2048,221.847,32.0
2048,2688,2048,215.076,4.0
1024,2688,2048,215.446,8.0
512,2688,2048,214.177,16.0
256,2688,2048,214.789,32.0
2048,2752,2048,221.464,4.0
1024,2752,2048,222.747,8.0
512,2752,2048,233.233,16.0
256,2752,2048,222.876,32.0
2048,2816,2048,224.206,4.0
1024,2816,2048,224.846,8.0
512,2816,2048,219.05,16.0
256,2816,2048,223.231,32.0
2048,2880,2048,217.025,4.0
1024,2880,2048,215.438,8.0
512,2880,2048,215.938,16.0
256,2880,2048,216.209,32.0
2048,2944,2048,226.32,4.0
1024,2944,2048,224.714,8.0
512,2944,2048,233.026,16.0
256,2944,2048,232.674,32.0
2048,3008,2048,225.616,4.0
1024,3008,2048,226.142,8.0
512,3008,2048,226.874,16.0
256,3008,2048,225.98,32.0
2048,3072,2048,224.397,4.0
1024,3072,2048,225.339,8.0
512,3072,2048,227.407,16.0
256,3072,2048,226.21,32.0
2048,3136,2048,229.072,4.0
1024,3136,2048,225.77,8.0
512,3136,2048,224.651,16.0
256,3136,2048,226.43,32.0
2048,3200,2048,229.393,4.0
1024,3200,2048,229.982,8.0
512,3200,2048,231.41,16.0
256,3200,2048,230.417,32.0
2048,3264,2048,227.223,4.0
1024,3264,2048,225.874,8.0
512,3264,2048,217.962,16.0
256,3264,2048,226.734,32.0
2048,3328,2048,228.98,4.0
1024,3328,2048,230.113,8.0
512,3328,2048,230.645,16.0
256,3328,2048,229.885,32.0
2048,3392,2048,238.349,4.0
1024,3392,2048,230.809,8.0
512,3392,2048,229.506,16.0
256,3392,2048,226.438,32.0
2048,3456,2048,207.286,4.0
1024,3456,2048,221.407,8.0
512,3456,2048,215.035,16.0
256,3456,2048,219.796,32.0
2048,3520,2048,226.754,4.0
1024,3520,2048,233.201,8.0
512,3520,2048,234.386,16.0
256,3520,2048,226.824,32.0
2048,3584,2048,220.416,4.0
1024,3584,2048,216.48,8.0
512,3584,2048,221.227,16.0
256,3584,2048,220.19,32.0
2048,3648,2048,228.336,4.0
1024,3648,2048,234.891,8.0
512,3648,2048,234.603,16.0
256,3648,2048,235.144,32.0
2048,3712,2048,235.221,4.0
1024,3712,2048,235.043,8.0
512,3712,2048,235.292,16.0
256,3712,2048,235.221,32.0
2048,3776,2048,241.649,4.0
1024,3776,2048,236.949,8.0
512,3776,2048,237.091,16.0
256,3776,2048,235.12,32.0
2048,3840,2048,201.176,4.0
1024,3840,2048,199.481,8.0
512,3840,2048,205.2,16.0
256,3840,2048,204.289,32.0
2048,3904,2048,237.416,4.0
1024,3904,2048,235.911,8.0
512,3904,2048,237.726,16.0
256,3904,2048,234.693,32.0
2048,3968,2048,236.507,4.0
1024,3968,2048,234.938,8.0
512,3968,2048,237.384,16.0
256,3968,2048,237.893,32.0
2048,4032,2048,212.83,4.0
1024,4032,2048,221.093,8.0
512,4032,2048,219.886,16.0
256,4032,2048,220.258,32.0
2048,4096,2048,235.18,4.0
1024,4096,2048,238.113,8.0
512,4096,2048,232.317,16.0
256,4096,2048,239.174,32.0
2048,4160,2048,218.541,4.0
1024,4160,2048,223.267,8.0
512,4160,2048,224.156,16.0
256,4160,2048,222.896,32.0
2048,4224,2048,239.351,4.0
1024,4224,2048,239.286,8.0
512,4224,2048,239.804,16.0
256,4224,2048,233.33,32.0
2048,4288,2048,240.54,4.0
1024,4288,2048,240.283,8.0
512,4288,2048,247.253,16.0
256,4288,2048,235.47,32.0
2048,4352,2048,184.828,4.0
1024,4352,2048,185.335,8.0
512,4352,2048,182.627,16.0
256,4352,2048,178.887,32.0
2048,4416,2048,233.923,4.0
1024,4416,2048,234.634,8.0
512,4416,2048,240.546,16.0
256,4416,2048,237.006,32.0
2048,4480,2048,228.678,4.0
1024,4480,2048,232.067,8.0
512,4480,2048,223.51,16.0
256,4480,2048,233.277,32.0
2048,4544,2048,241.313,4.0
1024,4544,2048,247.776,8.0
512,4544,2048,235.179,16.0
256,4544,2048,242.418,32.0
2048,4608,2048,205.851,4.0
1024,4608,2048,218.982,8.0
512,4608,2048,212.155,16.0
256,4608,2048,218.833,32.0
2048,4672,2048,243.396,4.0
1024,4672,2048,239.09,8.0
512,4672,2048,242.133,16.0
256,4672,2048,242.133,32.0
2048,4736,2048,242.07,4.0
1024,4736,2048,244.062,8.0
512,4736,2048,243.852,16.0
256,4736,2048,242.898,32.0
2048,4800,2048,242.533,4.0
1024,4800,2048,243.855,8.0
512,4800,2048,243.914,16.0
256,4800,2048,236.188,32.0
2048,4864,2048,242.149,4.0
1024,4864,2048,245.176,8.0
512,4864,2048,243.479,16.0
256,4864,2048,243.595,32.0
2048,4928,2048,239.175,4.0
1024,4928,2048,243.515,8.0
512,4928,2048,239.258,16.0
256,4928,2048,236.927,32.0
2048,4992,2048,238.528,4.0
1024,4992,2048,244.66,8.0
512,4992,2048,245.895,16.0
256,4992,2048,232.283,32.0
2048,5056,2048,244.878,4.0
1024,5056,2048,243.752,8.0
512,5056,2048,237.261,16.0
256,5056,2048,245.53,32.0
2048,5120,2048,219.714,4.0
1024,5120,2048,233.803,8.0
512,5120,2048,230.367,16.0
256,5120,2048,233.829,32.0
2048,5184,2048,229.966,4.0
1024,5184,2048,233.072,8.0
512,5184,2048,223.397,16.0
256,5184,2048,218.131,32.0
2048,5248,2048,239.675,4.0
1024,5248,2048,245.913,8.0
512,5248,2048,247.991,16.0
256,5248,2048,246.575,32.0
2048,5312,2048,245.836,4.0
1024,5312,2048,243.579,8.0
512,5312,2048,244.675,16.0
256,5312,2048,245.782,32.0
2048,5376,2048,232.627,4.0
1024,5376,2048,224.543,8.0
512,5376,2048,232.148,16.0
256,5376,2048,232.292,32.0
2048,5440,2048,242.915,4.0
1024,5440,2048,243.85,8.0
512,5440,2048,246.724,16.0
256,5440,2048,248.011,32.0
2048,5504,2048,248.391,4.0
1024,5504,2048,247.062,8.0
512,5504,2048,245.225,16.0
256,5504,2048,246.508,32.0
2048,5568,2048,249.534,4.0
1024,5568,2048,248.234,8.0
512,5568,2048,246.349,16.0
256,5568,2048,248.657,32.0
2048,5632,2048,247.691,4.0
1024,5632,2048,246.811,8.0
512,5632,2048,240.872,16.0
256,5632,2048,248.735,32.0
2048,5696,2048,250.716,4.0
1024,5696,2048,241.345,8.0
512,5696,2048,251.8,16.0
256,5696,2048,248.216,32.0
2048,5760,2048,209.479,4.0
1024,5760,2048,216.616,8.0
512,5760,2048,212.575,16.0
256,5760,2048,215.035,32.0
2048,5824,2048,244.203,4.0
1024,5824,2048,247.619,8.0
512,5824,2048,240.358,16.0
256,5824,2048,244.252,32.0
2048,5888,2048,242.213,4.0
1024,5888,2048,242.285,8.0
512,5888,2048,246.936,16.0
256,5888,2048,249.329,32.0
2048,5952,2048,250.572,4.0
1024,5952,2048,241.459,8.0
512,5952,2048,239.951,16.0
256,5952,2048,250.597,32.0
2048,6016,2048,252.178,4.0
1024,6016,2048,243.702,8.0
512,6016,2048,250.004,16.0
256,6016,2048,249.263,32.0
2048,6080,2048,251.468,4.0
1024,6080,2048,248.697,8.0
512,6080,2048,250.874,16.0
256,6080,2048,250.357,32.0
2048,6144,2048,243.387,4.0
1024,6144,2048,245.24,8.0
512,6144,2048,243.043,16.0
256,6144,2048,245.684,32.0
2048,6208,2048,250.44,4.0
1024,6208,2048,250.56,8.0
512,6208,2048,250.488,16.0
256,6208,2048,250.778,32.0
2048,6272,2048,241.346,4.0
1024,6272,2048,240.904,8.0
512,6272,2048,244.213,16.0
256,6272,2048,234.651,32.0
2048,6336,2048,234.928,4.0
1024,6336,2048,240.151,8.0
512,6336,2048,237.83,16.0
256,6336,2048,236.792,32.0
2048,6400,2048,248.344,4.0
1024,6400,2048,251.556,8.0
512,6400,2048,249.707,16.0
256,6400,2048,256.19,32.0
2048,6464,2048,249.719,4.0
1024,6464,2048,250.921,8.0
512,6464,2048,251.526,16.0
256,6464,2048,252.745,32.0
2048,6528,2048,227.242,4.0
1024,6528,2048,236.099,8.0
512,6528,2048,238.153,16.0
256,6528,2048,229.759,32.0
2048,6592,2048,250.374,4.0
1024,6592,2048,251.88,8.0
512,6592,2048,248.977,16.0
256,6592,2048,245.768,32.0
2048,6656,2048,248.662,4.0
1024,6656,2048,253.126,8.0
512,6656,2048,251.711,16.0
256,6656,2048,252.143,32.0
2048,6720,2048,239.085,4.0
1024,6720,2048,236.259,8.0
512,6720,2048,240.021,16.0
256,6720,2048,234.783,32.0
2048,6784,2048,251.874,4.0
1024,6784,2048,246.165,8.0
512,6784,2048,251.428,16.0
256,6784,2048,251.073,32.0
2048,6848,2048,244.468,4.0
1024,6848,2048,244.198,8.0
512,6848,2048,248.251,16.0
256,6848,2048,251.533,32.0
2048,6912,2048,233.629,4.0
1024,6912,2048,233.328,8.0
512,6912,2048,228.366,16.0
256,6912,2048,227.025,32.0
2048,6976,2048,225.942,4.0
1024,6976,2048,245.837,8.0
512,6976,2048,251.176,16.0
256,6976,2048,252.324,32.0
2048,7040,2048,251.088,4.0
1024,7040,2048,245.595,8.0
512,7040,2048,252.16,16.0
256,7040,2048,245.432,32.0
2048,7104,2048,250.537,4.0
1024,7104,2048,251.573,8.0
512,7104,2048,247.972,16.0
256,7104,2048,253.306,32.0
2048,7168,2048,226.323,4.0
1024,7168,2048,229.45,8.0
512,7168,2048,229.765,16.0
256,7168,2048,225.915,32.0
2048,7232,2048,253.241,4.0
1024,7232,2048,252.777,8.0
512,7232,2048,250.708,16.0
256,7232,2048,241.718,32.0
2048,7296,2048,253.346,4.0
1024,7296,2048,252.031,8.0
512,7296,2048,247.706,16.0
256,7296,2048,252.364,32.0
2048,7360,2048,255.822,4.0
1024,7360,2048,246.724,8.0
512,7360,2048,248.491,16.0
256,7360,2048,254.305,32.0
2048,7424,2048,246.018,4.0
1024,7424,2048,254.795,8.0
512,7424,2048,251.036,16.0
256,7424,2048,248.413,32.0
2048,7488,2048,236.873,4.0
1024,7488,2048,225.269,8.0
512,7488,2048,224.143,16.0
256,7488,2048,235.223,32.0
2048,7552,2048,254.728,4.0
1024,7552,2048,254.543,8.0
512,7552,2048,251.472,16.0
256,7552,2048,248.298,32.0
2048,7616,2048,238.458,4.0
1024,7616,2048,236.481,8.0
512,7616,2048,238.227,16.0
256,7616,2048,235.435,32.0
2048,7680,2048,174.991,4.0
1024,7680,2048,172.47,8.0
512,7680,2048,171.06,16.0
256,7680,2048,174.915,32.0
2048,7744,2048,191.944,4.0
1024,7744,2048,191.694,8.0
512,7744,2048,201.094,16.0
256,7744,2048,190.682,32.0
2048,7808,2048,253.85,4.0
1024,7808,2048,256.373,8.0
512,7808,2048,256.353,16.0
256,7808,2048,256.233,32.0
2048,7872,2048,254.628,4.0
1024,7872,2048,254.745,8.0
512,7872,2048,254.314,16.0
256,7872,2048,255.06,32.0
2048,7936,2048,250.648,4.0
1024,7936,2048,255.417,8.0
512,7936,2048,256.145,16.0
256,7936,2048,256.401,32.0
2048,8000,2048,256.18,4.0
1024,8000,2048,256.317,8.0
512,8000,2048,259.268,16.0
256,8000,2048,255.167,32.0
2048,8064,2048,228.502,4.0
1024,8064,2048,230.15,8.0
512,8064,2048,226.984,16.0
256,8064,2048,226.969,32.0
2048,8128,2048,257.371,4.0
1024,8128,2048,256.924,8.0
512,8128,2048,257.468,16.0
256,8128,2048,256.191,32.0
2048,8192,2048,258.383,4.0
1024,8192,2048,258.305,8.0
512,8192,2048,239.658,16.0
256,8192,2048,257.126,32.0
2048,8256,2048,257.478,4.0
1024,8256,2048,256.258,8.0
512,8256,2048,251.366,16.0
256,8256,2048,253.649,32.0
2048,8320,2048,224.733,4.0
1024,8320,2048,218.199,8.0
512,8320,2048,225.459,16.0
256,8320,2048,223.998,32.0
2048,8384,2048,253.059,4.0
1024,8384,2048,251.071,8.0
512,8384,2048,252.495,16.0
256,8384,2048,256.885,32.0
2048,8448,2048,258.036,4.0
1024,8448,2048,249.514,8.0
512,8448,2048,260.77,16.0
256,8448,2048,256.764,32.0
2048,8512,2048,253.187,4.0
1024,8512,2048,247.758,8.0
512,8512,2048,252.918,16.0
256,8512,2048,254.287,32.0
2048,8576,2048,251.242,4.0
1024,8576,2048,250.717,8.0
512,8576,2048,257.704,16.0
256,8576,2048,251.19,32.0
2048,8640,2048,230.073,4.0
1024,8640,2048,231.306,8.0
512,8640,2048,240.534,16.0
256,8640,2048,231.573,32.0
2048,8704,2048,165.663,4.0
1024,8704,2048,161.551,8.0
512,8704,2048,161.923,16.0
256,8704,2048,168.929,32.0
2048,8768,2048,206.199,4.0
1024,8768,2048,202.498,8.0
512,8768,2048,197.167,16.0
256,8768,2048,197.676,32.0
2048,8832,2048,255.072,4.0
1024,8832,2048,249.069,8.0
512,8832,2048,255.283,16.0
256,8832,2048,249.338,32.0
2048,8896,2048,256.091,4.0
1024,8896,2048,257.275,8.0
512,8896,2048,256.585,16.0
256,8896,2048,256.62,32.0
2048,8960,2048,230.177,4.0
1024,8960,2048,224.578,8.0
512,8960,2048,226.692,16.0
256,8960,2048,231.667,32.0
2048,9024,2048,257.199,4.0
1024,9024,2048,256.676,8.0
512,9024,2048,248.486,16.0
256,9024,2048,258.217,32.0
2048,9088,2048,257.867,4.0
1024,9088,2048,257.449,8.0
512,9088,2048,257.919,16.0
256,9088,2048,249.904,32.0
2048,9152,2048,256.13,4.0
1024,9152,2048,256.902,8.0
512,9152,2048,258.302,16.0
256,9152,2048,257.47,32.0
2048,9216,2048,210.331,4.0
1024,9216,2048,207.642,8.0
512,9216,2048,214.462,16.0
256,9216,2048,205.61,32.0
2048,9280,2048,256.935,4.0
1024,9280,2048,252.682,8.0
512,9280,2048,256.935,16.0
256,9280,2048,258.797,32.0
2048,9344,2048,258.298,4.0
1024,9344,2048,249.644,8.0
512,9344,2048,255.853,16.0
256,9344,2048,258.026,32.0
2048,9408,2048,248.036,4.0
1024,9408,2048,251.29,8.0
512,9408,2048,253.03,16.0
256,9408,2048,253.534,32.0
2048,9472,2048,250.589,4.0
1024,9472,2048,257.776,8.0
512,9472,2048,256.893,16.0
256,9472,2048,256.577,32.0
2048,9536,2048,251.032,4.0
1024,9536,2048,245.817,8.0
512,9536,2048,256.604,16.0
256,9536,2048,257.314,32.0
2048,9600,2048,237.694,4.0
1024,9600,2048,233.206,8.0
512,9600,2048,239.974,16.0
256,9600,2048,226.949,32.0
2048,9664,2048,251.903,4.0
1024,9664,2048,254.737,8.0
512,9664,2048,255.234,16.0
256,9664,2048,244.666,32.0
2048,9728,2048,251.974,4.0
1024,9728,2048,257.736,8.0
512,9728,2048,250.351,16.0
256,9728,2048,253.162,32.0
2048,9792,2048,238.589,4.0
1024,9792,2048,234.837,8.0
512,9792,2048,233.329,16.0
256,9792,2048,227.286,32.0
2048,9856,2048,250.252,4.0
1024,9856,2048,251.424,8.0
512,9856,2048,250.373,16.0
256,9856,2048,251.546,32.0
2048,9920,2048,251.435,4.0
1024,9920,2048,258.769,8.0
512,9920,2048,260.144,16.0
256,9920,2048,249.117,32.0
2048,9984,2048,257.666,4.0
1024,9984,2048,256.75,8.0
512,9984,2048,256.971,16.0
256,9984,2048,249.38,32.0
2048,10048,2048,261.134,4.0
1024,10048,2048,259.143,8.0
512,10048,2048,258.095,16.0
256,10048,2048,258.253,32.0
2048,10112,2048,248.014,4.0
1024,10112,2048,255.33,8.0
512,10112,2048,251.484,16.0
256,10112,2048,257.375,32.0
2048,10176,2048,248.87,4.0
1024,10176,2048,252.238,8.0
512,10176,2048,257.83,16.0
256,10176,2048,246.314,32.0
2048,10240,2048,244.56,4.0
1024,10240,2048,237.817,8.0
512,10240,2048,243.631,16.0
256,10240,2048,231.535,32.0
2048,10304,2048,254.659,4.0
1024,10304,2048,252.501,8.0
512,10304,2048,252.531,16.0
256,10304,2048,249.326,32.0
2048,10368,2048,244.815,4.0
1024,10368,2048,241.003,8.0
512,10368,2048,237.359,16.0
256,10368,2048,236.765,32.0
2048,10432,2048,258.157,4.0
1024,10432,2048,258.89,8.0
512,10432,2048,254.923,16.0
256,10432,2048,258.141,32.0
2048,10496,2048,251.879,4.0
1024,10496,2048,257.658,8.0
512,10496,2048,251.046,16.0
256,10496,2048,254.324,32.0
2048,10560,2048,247.8,4.0
1024,10560,2048,249.447,8.0
512,10560,2048,250.505,16.0
256,10560,2048,249.461,32.0
2048,10624,2048,257.351,4.0
1024,10624,2048,249.316,8.0
512,10624,2048,257.247,16.0
256,10624,2048,249.456,32.0
2048,10688,2048,258.245,4.0
1024,10688,2048,253.8,8.0
512,10688,2048,258.156,16.0
256,10688,2048,247.974,32.0
2048,10752,2048,215.189,4.0
1024,10752,2048,212.162,8.0
512,10752,2048,215.828,16.0
256,10752,2048,205.857,32.0
2048,10816,2048,258.626,4.0
1024,10816,2048,258.331,8.0
512,10816,2048,258.42,16.0
256,10816,2048,257.95,32.0
2048,10880,2048,234.598,4.0
1024,10880,2048,238.198,8.0
512,10880,2048,236.115,16.0
256,10880,2048,237.011,32.0
2048,10944,2048,239.038,4.0
1024,10944,2048,245.717,8.0
512,10944,2048,241.376,16.0
256,10944,2048,239.375,32.0
2048,11008,2048,248.471,4.0
1024,11008,2048,251.517,8.0
512,11008,2048,250.181,16.0
256,11008,2048,256.078,32.0
2048,11072,2048,258.197,4.0
1024,11072,2048,249.432,8.0
512,11072,2048,256.259,16.0
256,11072,2048,249.218,32.0
2048,11136,2048,258.927,4.0
1024,11136,2048,255.849,8.0
512,11136,2048,248.023,16.0
256,11136,2048,256.834,32.0
2048,11200,2048,242.308,4.0
1024,11200,2048,241.176,8.0
512,11200,2048,246.957,16.0
256,11200,2048,244.821,32.0
2048,11264,2048,248.97,4.0
1024,11264,2048,246.284,8.0
512,11264,2048,258.634,16.0
256,11264,2048,257.59,32.0
2048,11328,2048,250.702,4.0
1024,11328,2048,245.533,8.0
512,11328,2048,254.857,16.0
256,11328,2048,252.286,32.0
2048,11392,2048,248.564,4.0
1024,11392,2048,252.852,8.0
512,11392,2048,252.625,16.0
256,11392,2048,250.48,32.0
2048,11456,2048,255.544,4.0
1024,11456,2048,247.987,8.0
512,11456,2048,252.323,16.0
256,11456,2048,256.089,32.0
2048,11520,2048,202.304,4.0
1024,11520,2048,189.128,8.0
512,11520,2048,188.398,16.0
256,11520,2048,190.936,32.0
2048,11584,2048,258.633,4.0
1024,11584,2048,251.719,8.0
512,11584,2048,255.68,16.0
256,11584,2048,258.125,32.0
2048,11648,2048,243.376,4.0
1024,11648,2048,241.642,8.0
512,11648,2048,250.245,16.0
256,11648,2048,250.476,32.0
2048,11712,2048,251.542,4.0
1024,11712,2048,258.955,8.0
512,11712,2048,255.307,16.0
256,11712,2048,249.422,32.0
2048,11776,2048,250.785,4.0
1024,11776,2048,248.601,8.0
512,11776,2048,252.787,16.0
256,11776,2048,250.9,32.0
2048,11840,2048,251.522,4.0
1024,11840,2048,249.25,8.0
512,11840,2048,249.613,16.0
256,11840,2048,257.83,32.0
2048,11904,2048,256.086,4.0
1024,11904,2048,257.154,8.0
512,11904,2048,250.233,16.0
256,11904,2048,246.904,32.0
2048,11968,2048,238.173,4.0
1024,11968,2048,239.035,8.0
512,11968,2048,247.278,16.0
256,11968,2048,243.393,32.0
2048,12032,2048,253.254,4.0
1024,12032,2048,246.849,8.0
512,12032,2048,252.027,16.0
256,12032,2048,251.662,32.0
2048,12096,2048,243.47,4.0
1024,12096,2048,237.054,8.0
512,12096,2048,242.33,16.0
256,12096,2048,240.151,32.0
2048,12160,2048,248.201,4.0
1024,12160,2048,254.619,8.0
512,12160,2048,248.588,16.0
256,12160,2048,257.954,32.0
2048,12224,2048,249.616,4.0
1024,12224,2048,250.739,8.0
512,12224,2048,251.736,16.0
256,12224,2048,251.206,32.0
2048,12288,2048,250.059,4.0
1024,12288,2048,253.291,8.0
512,12288,2048,250.144,16.0
256,12288,2048,252.163,32.0
2048,12352,2048,253.278,4.0
1024,12352,2048,252.944,8.0
512,12352,2048,259.118,16.0
256,12352,2048,251.166,32.0
2048,12416,2048,250.633,4.0
1024,12416,2048,258.984,8.0
512,12416,2048,253.97,16.0
256,12416,2048,258.585,32.0
2048,12480,2048,247.728,4.0
1024,12480,2048,236.309,8.0
512,12480,2048,236.78,16.0
256,12480,2048,242.461,32.0
2048,12544,2048,245.937,4.0
1024,12544,2048,242.872,8.0
512,12544,2048,237.779,16.0
256,12544,2048,244.645,32.0
2048,12608,2048,250.056,4.0
1024,12608,2048,251.938,8.0
512,12608,2048,249.961,16.0
256,12608,2048,252.407,32.0
2048,12672,2048,242.606,4.0
1024,12672,2048,237.851,8.0
512,12672,2048,238.16,16.0
256,12672,2048,236.939,32.0
2048,12736,2048,250.98,4.0
1024,12736,2048,254.799,8.0
512,12736,2048,257.154,16.0
256,12736,2048,247.4,32.0
2048,12800,2048,241.638,4.0
1024,12800,2048,247.726,8.0
512,12800,2048,235.718,16.0
256,12800,2048,229.904,32.0
2048,12864,2048,257.79,4.0
1024,12864,2048,259.078,8.0
512,12864,2048,257.139,16.0
256,12864,2048,258.817,32.0
2048,12928,2048,251.596,4.0
1024,12928,2048,255.4,8.0
512,12928,2048,250.573,16.0
256,12928,2048,258.64,32.0
2048,12992,2048,248.608,4.0
1024,12992,2048,253.335,8.0
512,12992,2048,254.032,16.0
256,12992,2048,255.293,32.0
2048,13056,2048,208.525,4.0
1024,13056,2048,196.691,8.0
512,13056,2048,212.424,16.0
256,13056,2048,211.44,32.0
2048,13120,2048,256.762,4.0
1024,13120,2048,246.713,8.0
512,13120,2048,251.931,16.0
256,13120,2048,248.316,32.0
2048,13184,2048,250.114,4.0
1024,13184,2048,253.915,8.0
512,13184,2048,248.842,16.0
256,13184,2048,249.674,32.0
2048,13248,2048,247.378,4.0
1024,13248,2048,250.49,8.0
512,13248,2048,236.915,16.0
256,13248,2048,243.583,32.0
2048,13312,2048,247.966,4.0
1024,13312,2048,251.089,8.0
512,13312,2048,245.351,16.0
256,13312,2048,249.006,32.0
2048,13376,2048,246.303,4.0
1024,13376,2048,249.07,8.0
512,13376,2048,248.783,16.0
256,13376,2048,249.28,32.0
2048,13440,2048,219.866,4.0
1024,13440,2048,220.201,8.0
512,13440,2048,222.513,16.0
256,13440,2048,206.913,32.0
2048,13504,2048,247.584,4.0
1024,13504,2048,248.977,8.0
512,13504,2048,257.255,16.0
256,13504,2048,244.57,32.0
2048,13568,2048,250.356,4.0
1024,13568,2048,253.354,8.0
512,13568,2048,252.03,16.0
256,13568,2048,256.957,32.0
2048,13632,2048,249.56,4.0
1024,13632,2048,252.035,8.0
512,13632,2048,248.995,16.0
256,13632,2048,254.47,32.0
2048,13696,2048,249.447,4.0
1024,13696,2048,244.729,8.0
512,13696,2048,251.159,16.0
256,13696,2048,248.767,32.0
2048,13760,2048,252.488,4.0
1024,13760,2048,252.08,8.0
512,13760,2048,247.645,16.0
256,13760,2048,253.486,32.0
2048,13824,2048,232.991,4.0
1024,13824,2048,235.862,8.0
512,13824,2048,237.515,16.0
256,13824,2048,228.06,32.0
2048,13888,2048,254.469,4.0
1024,13888,2048,252.768,8.0
512,13888,2048,244.657,16.0
256,13888,2048,244.227,32.0
2048,13952,2048,253.658,4.0
1024,13952,2048,246.562,8.0
512,13952,2048,249.697,16.0
256,13952,2048,250.38,32.0
2048,14016,2048,254.018,4.0
1024,14016,2048,245.88,8.0
512,14016,2048,257.084,16.0
256,14016,2048,251.164,32.0
2048,14080,2048,253.698,4.0
1024,14080,2048,250.853,8.0
512,14080,2048,250.704,16.0
256,14080,2048,251.098,32.0
2048,14144,2048,249.839,4.0
1024,14144,2048,235.488,8.0
512,14144,2048,242.071,16.0
256,14144,2048,245.7,32.0
2048,14208,2048,252.608,4.0
1024,14208,2048,255.467,8.0
512,14208,2048,250.179,16.0
256,14208,2048,255.456,32.0
2048,14272,2048,247.923,4.0
1024,14272,2048,249.307,8.0
512,14272,2048,248.5,16.0
256,14272,2048,245.272,32.0
2048,14336,2048,232.493,4.0
1024,14336,2048,222.02,8.0
512,14336,2048,214.289,16.0
256,14336,2048,226.468,32.0
2048,14400,2048,231.312,4.0
1024,14400,2048,235.516,8.0
512,14400,2048,237.404,16.0
256,14400,2048,241.65,32.0
2048,14464,2048,249.256,4.0
1024,14464,2048,251.603,8.0
512,14464,2048,250.212,16.0
256,14464,2048,252.01,32.0
2048,14528,2048,247.17,4.0
1024,14528,2048,251.06,8.0
512,14528,2048,249.938,16.0
256,14528,2048,255.599,32.0
2048,14592,2048,253.777,4.0
1024,14592,2048,248.652,8.0
512,14592,2048,245.599,16.0
256,14592,2048,248.35,32.0
2048,14656,2048,246.864,4.0
1024,14656,2048,253.418,8.0
512,14656,2048,244.284,16.0
256,14656,2048,249.419,32.0
2048,14720,2048,246.232,4.0
1024,14720,2048,248.301,8.0
512,14720,2048,250.671,16.0
256,14720,2048,253.418,32.0
2048,14784,2048,250.601,4.0
1024,14784,2048,254.624,8.0
512,14784,2048,244.484,16.0
256,14784,2048,245.637,32.0
2048,14848,2048,253.015,4.0
1024,14848,2048,256.39,8.0
512,14848,2048,246.603,16.0
256,14848,2048,239.887,32.0
2048,14912,2048,256.229,4.0
1024,14912,2048,245.026,8.0
512,14912,2048,245.835,16.0
256,14912,2048,250.985,32.0
2048,14976,2048,244.965,4.0
1024,14976,2048,239.949,8.0
512,14976,2048,240.712,16.0
256,14976,2048,253.333,32.0
2048,15040,2048,251.354,4.0
1024,15040,2048,255.022,8.0
512,15040,2048,252.41,16.0
256,15040,2048,254.837,32.0
2048,15104,2048,252.293,4.0
1024,15104,2048,252.122,8.0
512,15104,2048,255.354,16.0
256,15104,2048,252.323,32.0
2048,15168,2048,251.33,4.0
1024,15168,2048,249.556,8.0
512,15168,2048,248.522,16.0
256,15168,2048,249.556,32.0
2048,15232,2048,227.366,4.0
1024,15232,2048,232.92,8.0
512,15232,2048,224.065,16.0
256,15232,2048,222.318,32.0
2048,15296,2048,250.659,4.0
1024,15296,2048,254.386,8.0
512,15296,2048,247.497,16.0
256,15296,2048,251.504,32.0
2048,15360,2048,168.267,4.0
1024,15360,2048,168.514,8.0
512,15360,2048,167.965,16.0
256,15360,2048,168.907,32.0
2048,15424,2048,252.293,4.0
1024,15424,2048,249.471,8.0
512,15424,2048,249.25,16.0
256,15424,2048,253.082,32.0
2048,15488,2048,213.051,4.0
1024,15488,2048,212.953,8.0
512,15488,2048,220.178,16.0
256,15488,2048,218.637,32.0
2048,15552,2048,248.807,4.0
1024,15552,2048,243.75,8.0
512,15552,2048,235.972,16.0
256,15552,2048,242.499,32.0
2048,15616,2048,249.498,4.0
1024,15616,2048,245.137,8.0
512,15616,2048,251.616,16.0
256,15616,2048,246.744,32.0
2048,15680,2048,244.987,4.0
1024,15680,2048,248.786,8.0
512,15680,2048,255.008,16.0
256,15680,2048,249.523,32.0
2048,15744,2048,250.304,4.0
1024,15744,2048,246.999,8.0
512,15744,2048,252.206,16.0
256,15744,2048,246.63,32.0
2048,15808,2048,249.065,4.0
1024,15808,2048,248.198,8.0
512,15808,2048,245.487,16.0
256,15808,2048,250.334,32.0
2048,15872,2048,251.509,4.0
1024,15872,2048,247.039,8.0
512,15872,2048,250.997,16.0
256,15872,2048,254.841,32.0
2048,15936,2048,247.612,4.0
1024,15936,2048,246.244,8.0
512,15936,2048,249.321,16.0
256,15936,2048,251.924,32.0
2048,16000,2048,251.882,4.0
1024,16000,2048,250.331,8.0
512,16000,2048,248.662,16.0
256,16000,2048,249.355,32.0
2048,16064,2048,244.015,4.0
1024,16064,2048,246.469,8.0
512,16064,2048,248.533,16.0
256,16064,2048,247.365,32.0
2048,16128,2048,222.299,4.0
1024,16128,2048,204.913,8.0
512,16128,2048,219.494,16.0
256,16128,2048,225.802,32.0
2048,16192,2048,247.419,4.0
1024,16192,2048,245.31,8.0
512,16192,2048,251.758,16.0
256,16192,2048,251.73,32.0
2048,16256,2048,251.041,4.0
1024,16256,2048,257.906,8.0
512,16256,2048,240.401,16.0
256,16256,2048,254.489,32.0
2048,16320,2048,245.406,4.0
1024,16320,2048,246.511,8.0
512,16320,2048,241.996,16.0
256,16320,2048,241.689,32.0
2048,16384,2048,249.98,4.0
1024,16384,2048,253.054,8.0
512,16384,2048,249.925,16.0
256,16384,2048,259.799,32.0
2048,16448,2048,240.762,4.0
1024,16448,2048,237.219,8.0
512,16448,2048,228.475,16.0
256,16448,2048,228.656,32.0
2048,16512,2048,253.51,4.0
1024,16512,2048,245.285,8.0
512,16512,2048,253.01,16.0
256,16512,2048,246.192,32.0
2048,16576,2048,250.739,4.0
1024,16576,2048,240.887,8.0
512,16576,2048,246.071,16.0
256,16576,2048,245.471,32.0
2048,16640,2048,221.306,4.0
1024,16640,2048,223.582,8.0
512,16640,2048,213.808,16.0
256,16640,2048,210.1,32.0
2048,16704,2048,242.554,4.0
1024,16704,2048,237.997,8.0
512,16704,2048,249.837,16.0
256,16704,2048,233.726,32.0
2048,16768,2048,239.096,4.0
1024,16768,2048,255.393,8.0
512,16768,2048,249.787,16.0
256,16768,2048,250.678,32.0
2048,16832,2048,251.079,4.0
1024,16832,2048,248.237,8.0
512,16832,2048,249.456,16.0
256,16832,2048,247.28,32.0
2048,16896,2048,249.919,4.0
1024,16896,2048,240.154,8.0
512,16896,2048,246.528,16.0
256,16896,2048,245.367,32.0
2048,16960,2048,244.78,4.0
1024,16960,2048,251.932,8.0
512,16960,2048,240.201,16.0
256,16960,2048,259.41,32.0
2048,17024,2048,238.593,4.0
1024,17024,2048,247.792,8.0
512,17024,2048,242.088,16.0
256,17024,2048,244.852,32.0
2048,17088,2048,240.584,4.0
1024,17088,2048,245.411,8.0
512,17088,2048,251.676,16.0
256,17088,2048,243.858,32.0
2048,17152,2048,249.301,4.0
1024,17152,2048,243.528,8.0
512,17152,2048,245.666,16.0
256,17152,2048,243.421,32.0
2048,17216,2048,253.945,4.0
1024,17216,2048,240.273,8.0
512,17216,2048,251.162,16.0
256,17216,2048,244.173,32.0
2048,17280,2048,224.16,4.0
1024,17280,2048,221.963,8.0
512,17280,2048,222.563,16.0
256,17280,2048,221.198,32.0
2048,17344,2048,250.399,4.0
1024,17344,2048,245.714,8.0
512,17344,2048,252.441,16.0
256,17344,2048,252.013,32.0
2048,17408,2048,147.195,4.0
1024,17408,2048,142.348,8.0
512,17408,2048,144.514,16.0
256,17408,2048,149.286,32.0
2048,17472,2048,238.28,4.0
1024,17472,2048,248.173,8.0
512,17472,2048,240.256,16.0
256,17472,2048,246.794,32.0
2048,17536,2048,210.894,4.0
1024,17536,2048,223.717,8.0
512,17536,2048,223.268,16.0
256,17536,2048,217.775,32.0
2048,17600,2048,251.507,4.0
1024,17600,2048,240.181,8.0
512,17600,2048,245.362,16.0
256,17600,2048,246.058,32.0
2048,17664,2048,259.549,4.0
1024,17664,2048,248.643,8.0
512,17664,2048,241.7,16.0
256,17664,2048,248.193,32.0
2048,17728,2048,252.459,4.0
1024,17728,2048,243.68,8.0
512,17728,2048,249.043,16.0
256,17728,2048,243.361,32.0
2048,17792,2048,250.63,4.0
1024,17792,2048,250.319,8.0
512,17792,2048,243.459,16.0
256,17792,2048,243.841,32.0
2048,17856,2048,235.67,4.0
1024,17856,2048,250.179,8.0
512,17856,2048,246.872,16.0
256,17856,2048,244.646,32.0
2048,17920,2048,220.093,4.0
1024,17920,2048,226.412,8.0
512,17920,2048,212.424,16.0
256,17920,2048,226.065,32.0
2048,17984,2048,243.363,4.0
1024,17984,2048,252.436,8.0
512,17984,2048,244.808,16.0
256,17984,2048,244.467,32.0
2048,18048,2048,241.548,4.0
1024,18048,2048,254.313,8.0
512,18048,2048,246.135,16.0
256,18048,2048,240.612,32.0
2048,18112,2048,243.5,4.0
1024,18112,2048,244.716,8.0
512,18112,2048,238.254,16.0
256,18112,2048,247.458,32.0
2048,18176,2048,242.766,4.0
1024,18176,2048,245.013,8.0
512,18176,2048,249.299,16.0
256,18176,2048,251.869,32.0
2048,18240,2048,252.589,4.0
1024,18240,2048,245.19,8.0
512,18240,2048,247.058,16.0
256,18240,2048,245.268,32.0
2048,18304,2048,247.893,4.0
1024,18304,2048,246.003,8.0
512,18304,2048,254.77,16.0
256,18304,2048,238.81,32.0
2048,18368,2048,248.207,4.0
1024,18368,2048,242.817,8.0
512,18368,2048,233.337,16.0
256,18368,2048,237.502,32.0
2048,18432,2048,203.237,4.0
1024,18432,2048,198.969,8.0
512,18432,2048,216.069,16.0
256,18432,2048,207.009,32.0
2048,18496,2048,240.462,4.0
1024,18496,2048,233.788,8.0
512,18496,2048,246.013,16.0
256,18496,2048,246.177,32.0
2048,18560,2048,254.225,4.0
1024,18560,2048,245.031,8.0
512,18560,2048,243.78,16.0
256,18560,2048,247.327,32.0
2048,18624,2048,246.769,4.0
1024,18624,2048,248.425,8.0
512,18624,2048,242.374,16.0
256,18624,2048,246.341,32.0
2048,18688,2048,248.417,4.0
1024,18688,2048,249.421,8.0
512,18688,2048,243.934,16.0
256,18688,2048,240.72,32.0
2048,18752,2048,234.858,4.0
1024,18752,2048,243.104,8.0
512,18752,2048,235.696,16.0
256,18752,2048,240.827,32.0
2048,18816,2048,246.102,4.0
1024,18816,2048,238.913,8.0
512,18816,2048,251.178,16.0
256,18816,2048,245.413,32.0
2048,18880,2048,247.874,4.0
1024,18880,2048,243.455,8.0
512,18880,2048,245.744,16.0
256,18880,2048,240.38,32.0
2048,18944,2048,238.968,4.0
1024,18944,2048,246.027,8.0
512,18944,2048,233.402,16.0
256,18944,2048,257.918,32.0
2048,19008,2048,237.979,4.0
1024,19008,2048,237.993,8.0
512,19008,2048,239.078,16.0
256,19008,2048,246.652,32.0
2048,19072,2048,235.699,4.0
1024,19072,2048,247.943,8.0
512,19072,2048,245.252,16.0
256,19072,2048,242.574,32.0
2048,19136,2048,248.605,4.0
1024,19136,2048,252.587,8.0
512,19136,2048,250.467,16.0
256,19136,2048,236.211,32.0
2048,19200,2048,223.473,4.0
1024,19200,2048,229.425,8.0
512,19200,2048,215.461,16.0
256,19200,2048,214.811,32.0
2048,19264,2048,235.662,4.0
1024,19264,2048,238.564,8.0
512,19264,2048,236.427,16.0
256,19264,2048,247.926,32.0
2048,19328,2048,246.818,4.0
1024,19328,2048,239.102,8.0
512,19328,2048,239.187,16.0
256,19328,2048,248.658,32.0
2048,19392,2048,249.321,4.0
1024,19392,2048,238.585,8.0
512,19392,2048,248.21,16.0
256,19392,2048,241.747,32.0
2048,19456,2048,247.887,4.0
1024,19456,2048,243.865,8.0
512,19456,2048,236.213,16.0
256,19456,2048,245.582,32.0
2048,19520,2048,238.488,4.0
1024,19520,2048,245.857,8.0
512,19520,2048,246.635,16.0
256,19520,2048,244.418,32.0
2048,19584,2048,218.944,4.0
1024,19584,2048,206.65,8.0
512,19584,2048,214.093,16.0
256,19584,2048,220.1,32.0
2048,19648,2048,242.26,4.0
1024,19648,2048,245.486,8.0
512,19648,2048,249.454,16.0
256,19648,2048,247.054,32.0
2048,19712,2048,239.217,4.0
1024,19712,2048,247.806,8.0
512,19712,2048,245.096,16.0
256,19712,2048,241.157,32.0
2048,19776,2048,232.304,4.0
1024,19776,2048,243.996,8.0
512,19776,2048,241.545,16.0
256,19776,2048,240.327,32.0
2048,19840,2048,242.602,4.0
1024,19840,2048,239.889,8.0
512,19840,2048,250.444,16.0
256,19840,2048,239.069,32.0
2048,19904,2048,247.226,4.0
1024,19904,2048,255.951,8.0
512,19904,2048,240.178,16.0
256,19904,2048,234.418,32.0
2048,19968,2048,246.474,4.0
1024,19968,2048,240.28,8.0
512,19968,2048,236.741,16.0
256,19968,2048,247.442,32.0
2048,20032,2048,244.572,4.0
1024,20032,2048,246.423,8.0
512,20032,2048,249.156,16.0
256,20032,2048,237.185,32.0
2048,20096,2048,255.235,4.0
1024,20096,2048,245.154,8.0
512,20096,2048,237.775,16.0
256,20096,2048,248.727,32.0
2048,20160,2048,239.146,4.0
1024,20160,2048,230.163,8.0
512,20160,2048,228.564,16.0
256,20160,2048,235.103,32.0
2048,20224,2048,236.527,4.0
1024,20224,2048,240.996,8.0
512,20224,2048,239.837,16.0
256,20224,2048,239.033,32.0
2048,20288,2048,242.274,4.0
1024,20288,2048,244.938,8.0
512,20288,2048,246.571,16.0
256,20288,2048,247.345,32.0
2048,20352,2048,240.831,4.0
1024,20352,2048,242.769,8.0
512,20352,2048,243.094,16.0
256,20352,2048,239.211,32.0
2048,20416,2048,257.273,4.0
1024,20416,2048,236.949,8.0
512,20416,2048,239.299,16.0
256,20416,2048,233.951,32.0
2048,20480,2048,232.343,4.0
1024,20480,2048,231.13,8.0
512,20480,2048,233.39,16.0
256,20480,2048,215.103,32.0
2048,20544,2048,245.066,4.0
1024,20544,2048,235.142,8.0
512,20544,2048,242.167,16.0
256,20544,2048,235.656,32.0
2048,20608,2048,249.074,4.0
1024,20608,2048,250.772,8.0
512,20608,2048,240.991,16.0
256,20608,2048,232.944,32.0
2048,20672,2048,239.927,4.0
1024,20672,2048,233.901,8.0
512,20672,2048,235.176,16.0
256,20672,2048,239.728,32.0
2048,20736,2048,233.372,4.0
1024,20736,2048,236.939,8.0
512,20736,2048,238.354,16.0
256,20736,2048,238.38,32.0
2048,20800,2048,245.73,4.0
1024,20800,2048,244.271,8.0
512,20800,2048,244.545,16.0
256,20800,2048,231.385,32.0
2048,20864,2048,237.399,4.0
1024,20864,2048,233.99,8.0
512,20864,2048,247.336,16.0
256,20864,2048,240.617,32.0
2048,20928,2048,234.633,4.0
1024,20928,2048,232.618,8.0
512,20928,2048,240.009,16.0
256,20928,2048,231.752,32.0
2048,20992,2048,224.787,4.0
1024,20992,2048,242.553,8.0
512,20992,2048,239.59,16.0
256,20992,2048,234.504,32.0
2048,21056,2048,249.98,4.0
1024,21056,2048,246.56,8.0
512,21056,2048,250.917,16.0
256,21056,2048,234.613,32.0
2048,21120,2048,237.834,4.0
1024,21120,2048,232.278,8.0
512,21120,2048,241.438,16.0
256,21120,2048,233.189,32.0
2048,21184,2048,249.2,4.0
1024,21184,2048,240.121,8.0
512,21184,2048,241.256,16.0
256,21184,2048,240.909,32.0
2048,21248,2048,244.602,4.0
1024,21248,2048,245.647,8.0
512,21248,2048,237.934,16.0
256,21248,2048,228.099,32.0
2048,21312,2048,238.047,4.0
1024,21312,2048,239.887,8.0
512,21312,2048,233.984,16.0
256,21312,2048,230.628,32.0
2048,21376,2048,226.912,4.0
1024,21376,2048,243.528,8.0
512,21376,2048,241.879,16.0
256,21376,2048,241.066,32.0
2048,21440,2048,245.786,4.0
1024,21440,2048,243.043,8.0
512,21440,2048,241.03,16.0
256,21440,2048,234.322,32.0
2048,21504,2048,220.427,4.0
1024,21504,2048,210.729,8.0
512,21504,2048,210.179,16.0
256,21504,2048,229.082,32.0
2048,21568,2048,240.772,4.0
1024,21568,2048,247.959,8.0
512,21568,2048,242.983,16.0
256,21568,2048,239.929,32.0
2048,21632,2048,233.867,4.0
1024,21632,2048,236.989,8.0
512,21632,2048,234.69,16.0
256,21632,2048,235.36,32.0
2048,21696,2048,228.47,4.0
1024,21696,2048,237.133,8.0
512,21696,2048,241.956,16.0
256,21696,2048,242.226,32.0
2048,21760,2048,203.46,4.0
1024,21760,2048,193.377,8.0
512,21760,2048,211.401,16.0
256,21760,2048,205.051,32.0
2048,21824,2048,250.627,4.0
1024,21824,2048,246.013,8.0
512,21824,2048,240.639,16.0
256,21824,2048,238.265,32.0
2048,21888,2048,234.459,4.0
1024,21888,2048,230.619,8.0
512,21888,2048,242.453,16.0
256,21888,2048,225.898,32.0
2048,21952,2048,241.681,4.0
1024,21952,2048,237.578,8.0
512,21952,2048,246.383,16.0
256,21952,2048,234.063,32.0
2048,22016,2048,228.066,4.0
1024,22016,2048,237.041,8.0
512,22016,2048,216.907,16.0
256,22016,2048,235.65,32.0
2048,22080,2048,232.246,4.0
1024,22080,2048,241.525,8.0
512,22080,2048,234.646,16.0
256,22080,2048,244.174,32.0
2048,22144,2048,231.289,4.0
1024,22144,2048,244.869,8.0
512,22144,2048,241.821,16.0
256,22144,2048,237.566,32.0
2048,22208,2048,238.722,4.0
1024,22208,2048,240.665,8.0
512,22208,2048,234.752,16.0
256,22208,2048,231.37,32.0
2048,22272,2048,230.519,4.0
1024,22272,2048,228.115,8.0
512,22272,2048,235.221,16.0
256,22272,2048,243.676,32.0
2048,22336,2048,244.338,4.0
1024,22336,2048,235.428,8.0
512,22336,2048,231.753,16.0
256,22336,2048,224.737,32.0
2048,22400,2048,249.542,4.0
1024,22400,2048,255.174,8.0
512,22400,2048,224.31,16.0
256,22400,2048,233.59,32.0
2048,22464,2048,238.04,4.0
1024,22464,2048,236.338,8.0
512,22464,2048,232.466,16.0
256,22464,2048,250.181,32.0
2048,22528,2048,244.285,4.0
1024,22528,2048,231.251,8.0
512,22528,2048,245.899,16.0
256,22528,2048,237.172,32.0
2048,22592,2048,236.339,4.0
1024,22592,2048,220.05,8.0
512,22592,2048,241.292,16.0
256,22592,2048,245.48,32.0
2048,22656,2048,230.741,4.0
1024,22656,2048,228.094,8.0
512,22656,2048,249.203,16.0
256,22656,2048,228.709,32.0
2048,22720,2048,237.524,4.0
1024,22720,2048,228.251,8.0
512,22720,2048,236.869,16.0
256,22720,2048,238.899,32.0
2048,22784,2048,225.971,4.0
1024,22784,2048,244.563,8.0
512,22784,2048,240.707,16.0
256,22784,2048,238.33,32.0
2048,22848,2048,242.311,4.0
1024,22848,2048,219.118,8.0
512,22848,2048,225.874,16.0
256,22848,2048,226.391,32.0
2048,22912,2048,244.038,4.0
1024,22912,2048,242.334,8.0
512,22912,2048,231.957,16.0
256,22912,2048,219.236,32.0
2048,22976,2048,242.613,4.0
1024,22976,2048,233.112,8.0
512,22976,2048,235.165,16.0
256,22976,2048,251.431,32.0
2048,23040,2048,156.58,4.0
1024,23040,2048,154.158,8.0
512,23040,2048,156.133,16.0
256,23040,2048,149.936,32.0
2048,23104,2048,242.669,4.0
1024,23104,2048,228.539,8.0
512,23104,2048,240.191,16.0
256,23104,2048,238.009,32.0
2048,23168,2048,225.424,4.0
1024,23168,2048,246.221,8.0
512,23168,2048,225.901,16.0
256,23168,2048,240.16,32.0
2048,23232,2048,217.796,4.0
1024,23232,2048,222.04,8.0
512,23232,2048,221.344,16.0
256,23232,2048,211.435,32.0
2048,23296,2048,235.913,4.0
1024,23296,2048,229.794,8.0
512,23296,2048,234.723,16.0
256,23296,2048,226.685,32.0
2048,23360,2048,234.052,4.0
1024,23360,2048,235.396,8.0
512,23360,2048,229.298,16.0
256,23360,2048,232.563,32.0
2048,23424,2048,232.852,4.0
1024,23424,2048,229.636,8.0
512,23424,2048,231.978,16.0
256,23424,2048,234.106,32.0
2048,23488,2048,237.336,4.0
1024,23488,2048,240.717,8.0
512,23488,2048,235.921,16.0
256,23488,2048,224.768,32.0
2048,23552,2048,239.715,4.0
1024,23552,2048,235.038,8.0
512,23552,2048,236.377,16.0
256,23552,2048,231.377,32.0
2048,23616,2048,219.425,4.0
1024,23616,2048,221.031,8.0
512,23616,2048,240.355,16.0
256,23616,2048,221.922,32.0
2048,23680,2048,233.044,4.0
1024,23680,2048,250.754,8.0
512,23680,2048,243.996,16.0
256,23680,2048,228.556,32.0
2048,23744,2048,238.492,4.0
1024,23744,2048,234.477,8.0
512,23744,2048,240.927,16.0
256,23744,2048,243.674,32.0
2048,23808,2048,242.344,4.0
1024,23808,2048,236.776,8.0
512,23808,2048,228.419,16.0
256,23808,2048,233.755,32.0
2048,23872,2048,238.982,4.0
1024,23872,2048,223.014,8.0
512,23872,2048,223.876,16.0
256,23872,2048,224.665,32.0
2048,23936,2048,215.518,4.0
1024,23936,2048,207.724,8.0
512,23936,2048,228.383,16.0
256,23936,2048,204.741,32.0
2048,24000,2048,230.652,4.0
1024,24000,2048,243.583,8.0
512,24000,2048,243.701,16.0
256,24000,2048,223.985,32.0
2048,24064,2048,225.813,4.0
1024,24064,2048,254.46,8.0
512,24064,2048,229.328,16.0
256,24064,2048,239.385,32.0
2048,24128,2048,230.509,4.0
1024,24128,2048,237.732,8.0
512,24128,2048,238.533,16.0
256,24128,2048,233.956,32.0
2048,24192,2048,221.47,4.0
1024,24192,2048,238.256,8.0
512,24192,2048,220.478,16.0
256,24192,2048,207.723,32.0
2048,24256,2048,222.036,4.0
1024,24256,2048,224.026,8.0
512,24256,2048,237.837,16.0
256,24256,2048,247.909,32.0
2048,24320,2048,229.437,4.0
1024,24320,2048,226.181,8.0
512,24320,2048,225.158,16.0
256,24320,2048,235.764,32.0
2048,24384,2048,230.586,4.0
1024,24384,2048,237.003,8.0
512,24384,2048,229.612,16.0
256,24384,2048,230.924,32.0
2048,24448,2048,222.671,4.0
1024,24448,2048,234.984,8.0
512,24448,2048,235.713,16.0
256,24448,2048,230.308,32.0
2048,24512,2048,227.624,4.0
1024,24512,2048,240.414,8.0
512,24512,2048,233.725,16.0
256,24512,2048,234.252,32.0
2048,24576,2048,232.092,4.0
1024,24576,2048,224.5,8.0
512,24576,2048,234.607,16.0
256,24576,2048,246.536,32.0
2048,24640,2048,222.818,4.0
1024,24640,2048,242.208,8.0
512,24640,2048,221.396,16.0
256,24640,2048,226.664,32.0
2048,24704,2048,225.478,4.0
1024,24704,2048,225.837,8.0
512,24704,2048,241.817,16.0
256,24704,2048,227.009,32.0
2048,24768,2048,225.752,4.0
1024,24768,2048,230.445,8.0
512,24768,2048,231.999,16.0
256,24768,2048,219.666,32.0
2048,24832,2048,222.478,4.0
1024,24832,2048,231.544,8.0
512,24832,2048,231.765,16.0
256,24832,2048,230.882,32.0
2048,24896,2048,213.904,4.0
1024,24896,2048,239.911,8.0
512,24896,2048,233.042,16.0
256,24896,2048,234.734,32.0
2048,24960,2048,216.02,4.0
1024,24960,2048,211.418,8.0
512,24960,2048,206.407,16.0
256,24960,2048,200.709,32.0
2048,25024,2048,226.062,4.0
1024,25024,2048,210.578,8.0
512,25024,2048,236.031,16.0
256,25024,2048,224.294,32.0
2048,25088,2048,214.171,4.0
1024,25088,2048,225.031,8.0
512,25088,2048,230.134,16.0
256,25088,2048,225.344,32.0
2048,25152,2048,212.439,4.0
1024,25152,2048,210.384,8.0
512,25152,2048,228.696,16.0
256,25152,2048,227.473,32.0
2048,25216,2048,225.769,4.0
1024,25216,2048,219.855,8.0
512,25216,2048,229.427,16.0
256,25216,2048,230.577,32.0
2048,25280,2048,237.516,4.0
1024,25280,2048,238.36,8.0
512,25280,2048,227.083,16.0
256,25280,2048,229.135,32.0
2048,25344,2048,220.985,4.0
1024,25344,2048,221.307,8.0
512,25344,2048,218.856,16.0
256,25344,2048,211.526,32.0
2048,25408,2048,225.844,4.0
1024,25408,2048,237.21,8.0
512,25408,2048,231.194,16.0
256,25408,2048,229.087,32.0
2048,25472,2048,231.796,4.0
1024,25472,2048,238.391,8.0
512,25472,2048,222.666,16.0
256,25472,2048,231.39,32.0
2048,25536,2048,224.785,4.0
1024,25536,2048,213.396,8.0
512,25536,2048,217.544,16.0
256,25536,2048,239.081,32.0
2048,25600,2048,217.018,4.0
1024,25600,2048,216.882,8.0
512,25600,2048,222.768,16.0
256,25600,2048,233.936,32.0
2048,25664,2048,230.419,4.0
1024,25664,2048,218.324,8.0
512,25664,2048,233.275,16.0
256,25664,2048,222.251,32.0
2048,25728,2048,221.32,4.0
1024,25728,2048,231.187,8.0
512,25728,2048,226.728,16.0
256,25728,2048,237.994,32.0
2048,25792,2048,231.946,4.0
1024,25792,2048,216.126,8.0
512,25792,2048,222.688,16.0
256,25792,2048,228.811,32.0
2048,25856,2048,229.354,4.0
1024,25856,2048,214.638,8.0
512,25856,2048,216.088,16.0
256,25856,2048,221.752,32.0
2048,25920,2048,228.285,4.0
1024,25920,2048,218.988,8.0
512,25920,2048,227.507,16.0
256,25920,2048,217.746,32.0
2048,25984,2048,215.223,4.0
1024,25984,2048,219.316,8.0
512,25984,2048,221.861,16.0
256,25984,2048,217.996,32.0
2048,26048,2048,215.643,4.0
1024,26048,2048,235.968,8.0
512,26048,2048,232.389,16.0
256,26048,2048,212.944,32.0
2048,26112,2048,171.184,4.0
1024,26112,2048,169.015,8.0
512,26112,2048,170.247,16.0
256,26112,2048,177.237,32.0
2048,26176,2048,231.918,4.0
1024,26176,2048,229.932,8.0
512,26176,2048,221.883,16.0
256,26176,2048,227.908,32.0
2048,26240,2048,238.62,4.0
1024,26240,2048,219.166,8.0
512,26240,2048,221.068,16.0
256,26240,2048,226.565,32.0
2048,26304,2048,218.543,4.0
1024,26304,2048,216.361,8.0
512,26304,2048,215.706,16.0
256,26304,2048,209.425,32.0
2048,26368,2048,222.106,4.0
1024,26368,2048,223.299,8.0
512,26368,2048,227.161,16.0
256,26368,2048,213.802,32.0
2048,26432,2048,224.858,4.0
1024,26432,2048,237.676,8.0
512,26432,2048,235.735,16.0
256,26432,2048,221.409,32.0
2048,26496,2048,227.819,4.0
1024,26496,2048,224.125,8.0
512,26496,2048,223.647,16.0
256,26496,2048,215.577,32.0
2048,26560,2048,229.541,4.0
1024,26560,2048,218.437,8.0
512,26560,2048,224.589,16.0
256,26560,2048,221.248,32.0
2048,26624,2048,240.915,4.0
1024,26624,2048,224.434,8.0
512,26624,2048,226.914,16.0
256,26624,2048,221.0,32.0
2048,26688,2048,223.947,4.0
1024,26688,2048,232.767,8.0
512,26688,2048,224.643,16.0
256,26688,2048,218.509,32.0
2048,26752,2048,238.685,4.0
1024,26752,2048,222.402,8.0
512,26752,2048,212.487,16.0
256,26752,2048,215.893,32.0
2048,26816,2048,221.193,4.0
1024,26816,2048,218.13,8.0
512,26816,2048,220.266,16.0
256,26816,2048,217.818,32.0
2048,26880,2048,181.279,4.0
1024,26880,2048,183.158,8.0
512,26880,2048,182.585,16.0
256,26880,2048,177.085,32.0
2048,26944,2048,212.908,4.0
1024,26944,2048,220.08,8.0
512,26944,2048,224.603,16.0
256,26944,2048,226.272,32.0
2048,27008,2048,234.48,4.0
1024,27008,2048,217.528,8.0
512,27008,2048,215.931,16.0
256,27008,2048,229.949,32.0
2048,27072,2048,235.91,4.0
1024,27072,2048,225.361,8.0
512,27072,2048,224.408,16.0
256,27072,2048,224.741,32.0
2048,27136,2048,224.765,4.0
1024,27136,2048,233.825,8.0
512,27136,2048,221.171,16.0
256,27136,2048,222.437,32.0
2048,27200,2048,212.03,4.0
1024,27200,2048,223.206,8.0
512,27200,2048,205.012,16.0
256,27200,2048,217.301,32.0
2048,27264,2048,227.126,4.0
1024,27264,2048,224.192,8.0
512,27264,2048,237.48,16.0
256,27264,2048,224.104,32.0
2048,27328,2048,220.063,4.0
1024,27328,2048,214.632,8.0
512,27328,2048,232.282,16.0
256,27328,2048,225.376,32.0
2048,27392,2048,215.494,4.0
1024,27392,2048,222.967,8.0
512,27392,2048,229.533,16.0
256,27392,2048,215.457,32.0
2048,27456,2048,237.387,4.0
1024,27456,2048,225.819,8.0
512,27456,2048,221.946,16.0
256,27456,2048,222.796,32.0
2048,27520,2048,227.483,4.0
1024,27520,2048,227.277,8.0
512,27520,2048,218.981,16.0
256,27520,2048,221.656,32.0
2048,27584,2048,214.029,4.0
1024,27584,2048,220.57,8.0
512,27584,2048,226.003,16.0
256,27584,2048,218.294,32.0
2048,27648,2048,210.141,4.0
1024,27648,2048,215.523,8.0
512,27648,2048,205.181,16.0
256,27648,2048,206.5,32.0
2048,27712,2048,222.804,4.0
1024,27712,2048,225.918,8.0
512,27712,2048,219.992,16.0
256,27712,2048,217.03,32.0
2048,27776,2048,208.425,4.0
1024,27776,2048,210.006,8.0
512,27776,2048,218.711,16.0
256,27776,2048,214.432,32.0
2048,27840,2048,213.625,4.0
1024,27840,2048,221.511,8.0
512,27840,2048,222.74,16.0
256,27840,2048,233.124,32.0
2048,27904,2048,223.521,4.0
1024,27904,2048,227.94,8.0
512,27904,2048,220.236,16.0
256,27904,2048,221.056,32.0
2048,27968,2048,218.782,4.0
1024,27968,2048,218.839,8.0
512,27968,2048,231.766,16.0
256,27968,2048,230.6,32.0
2048,28032,2048,214.251,4.0
1024,28032,2048,218.151,8.0
512,28032,2048,212.463,16.0
256,28032,2048,215.287,32.0
2048,28096,2048,220.362,4.0
1024,28096,2048,219.064,8.0
512,28096,2048,209.588,16.0
256,28096,2048,213.403,32.0
2048,28160,2048,220.275,4.0
1024,28160,2048,215.764,8.0
512,28160,2048,212.89,16.0
256,28160,2048,209.659,32.0
2048,28224,2048,204.817,4.0
1024,28224,2048,208.068,8.0
512,28224,2048,234.105,16.0
256,28224,2048,202.817,32.0
2048,28288,2048,218.747,4.0
1024,28288,2048,213.866,8.0
512,28288,2048,216.789,16.0
256,28288,2048,220.536,32.0
2048,28352,2048,211.947,4.0
1024,28352,2048,225.717,8.0
512,28352,2048,227.753,16.0
256,28352,2048,214.396,32.0
2048,28416,2048,229.141,4.0
1024,28416,2048,221.575,8.0
512,28416,2048,216.256,16.0
256,28416,2048,228.373,32.0
2048,28480,2048,229.94,4.0
1024,28480,2048,226.071,8.0
512,28480,2048,228.187,16.0
256,28480,2048,228.126,32.0
2048,28544,2048,223.009,4.0
1024,28544,2048,213.063,8.0
512,28544,2048,214.391,16.0
256,28544,2048,208.728,32.0
2048,28608,2048,205.766,4.0
1024,28608,2048,214.925,8.0
512,28608,2048,221.332,16.0
256,28608,2048,221.663,32.0
2048,28672,2048,213.574,4.0
1024,28672,2048,205.561,8.0
512,28672,2048,211.832,16.0
256,28672,2048,201.953,32.0
2048,28736,2048,218.394,4.0
1024,28736,2048,218.43,8.0
512,28736,2048,211.307,16.0
256,28736,2048,228.506,32.0
2048,28800,2048,204.545,4.0
1024,28800,2048,200.621,8.0
512,28800,2048,216.655,16.0
256,28800,2048,209.026,32.0
2048,28864,2048,209.204,4.0
1024,28864,2048,224.505,8.0
512,28864,2048,231.614,16.0
256,28864,2048,207.054,32.0
2048,28928,2048,221.083,4.0
1024,28928,2048,221.572,8.0
512,28928,2048,219.806,16.0
256,28928,2048,229.016,32.0
2048,28992,2048,219.902,4.0
1024,28992,2048,213.801,8.0
512,28992,2048,224.863,16.0
256,28992,2048,226.61,32.0
2048,29056,2048,216.047,4.0
1024,29056,2048,225.051,8.0
512,29056,2048,204.243,16.0
256,29056,2048,227.564,32.0
2048,29120,2048,231.06,4.0
1024,29120,2048,214.266,8.0
512,29120,2048,212.097,16.0
256,29120,2048,213.297,32.0
2048,29184,2048,218.732,4.0
1024,29184,2048,216.852,8.0
512,29184,2048,217.654,16.0
256,29184,2048,211.714,32.0
2048,29248,2048,215.178,4.0
1024,29248,2048,220.877,8.0
512,29248,2048,201.126,16.0
256,29248,2048,203.347,32.0
2048,29312,2048,226.979,4.0
1024,29312,2048,214.307,8.0
512,29312,2048,224.92,16.0
256,29312,2048,209.601,32.0
2048,29376,2048,205.302,4.0
1024,29376,2048,202.02,8.0
512,29376,2048,205.131,16.0
256,29376,2048,198.646,32.0
2048,29440,2048,219.708,4.0
1024,29440,2048,231.831,8.0
512,29440,2048,215.811,16.0
256,29440,2048,205.615,32.0
2048,29504,2048,216.829,4.0
1024,29504,2048,213.334,8.0
512,29504,2048,210.114,16.0
256,29504,2048,213.283,32.0
2048,29568,2048,200.125,4.0
1024,29568,2048,210.602,8.0
512,29568,2048,212.039,16.0
256,29568,2048,218.579,32.0
2048,29632,2048,222.451,4.0
1024,29632,2048,221.066,8.0
512,29632,2048,216.01,16.0
256,29632,2048,222.626,32.0
2048,29696,2048,215.034,4.0
1024,29696,2048,209.117,8.0
512,29696,2048,209.264,16.0
256,29696,2048,219.278,32.0
2048,29760,2048,228.024,4.0
1024,29760,2048,229.234,8.0
512,29760,2048,225.899,16.0
256,29760,2048,222.945,32.0
2048,29824,2048,208.795,4.0
1024,29824,2048,217.644,8.0
512,29824,2048,224.879,16.0
256,29824,2048,216.754,32.0
2048,29888,2048,212.791,4.0
1024,29888,2048,213.924,8.0
512,29888,2048,205.895,16.0
256,29888,2048,205.389,32.0
2048,29952,2048,218.013,4.0
1024,29952,2048,215.818,8.0
512,29952,2048,210.062,16.0
256,29952,2048,216.644,32.0
2048,30016,2048,216.551,4.0
1024,30016,2048,210.522,8.0
512,30016,2048,208.97,16.0
256,30016,2048,227.245,32.0
2048,30080,2048,216.834,4.0
1024,30080,2048,209.298,8.0
512,30080,2048,211.863,16.0
256,30080,2048,216.692,32.0
2048,30144,2048,200.965,4.0
1024,30144,2048,208.185,8.0
512,30144,2048,217.444,16.0
256,30144,2048,208.371,32.0
2048,30208,2048,221.046,4.0
1024,30208,2048,228.098,8.0
512,30208,2048,210.209,16.0
256,30208,2048,216.491,32.0
2048,30272,2048,208.853,4.0
1024,30272,2048,224.032,8.0
512,30272,2048,211.37,16.0
256,30272,2048,214.883,32.0
2048,30336,2048,216.886,4.0
1024,30336,2048,203.967,8.0
512,30336,2048,218.128,16.0
256,30336,2048,213.781,32.0
2048,30400,2048,203.877,4.0
1024,30400,2048,198.522,8.0
512,30400,2048,206.81,16.0
256,30400,2048,206.589,32.0
2048,30464,2048,167.228,4.0
1024,30464,2048,175.725,8.0
512,30464,2048,165.679,16.0
256,30464,2048,165.83,32.0
2048,30528,2048,215.569,4.0
1024,30528,2048,209.287,8.0
512,30528,2048,216.513,16.0
256,30528,2048,202.498,32.0
2048,30592,2048,221.289,4.0
1024,30592,2048,214.533,8.0
512,30592,2048,221.014,16.0
256,30592,2048,214.271,32.0
2048,30656,2048,216.436,4.0
1024,30656,2048,210.982,8.0
512,30656,2048,215.623,16.0
256,30656,2048,226.95,32.0
2048,30720,2048,124.705,4.0
1024,30720,2048,124.588,8.0
512,30720,2048,124.959,16.0
256,30720,2048,125.376,32.0
2048,30784,2048,220.439,4.0
1024,30784,2048,214.47,8.0
512,30784,2048,209.253,16.0
256,30784,2048,214.452,32.0
2048,30848,2048,206.084,4.0
1024,30848,2048,202.46,8.0
512,30848,2048,212.488,16.0
256,30848,2048,194.644,32.0
2048,30912,2048,204.383,4.0
1024,30912,2048,203.638,8.0
512,30912,2048,224.071,16.0
256,30912,2048,203.414,32.0
2048,30976,2048,197.041,4.0
1024,30976,2048,198.407,8.0
512,30976,2048,190.085,16.0
256,30976,2048,197.661,32.0
2048,31040,2048,214.321,4.0
1024,31040,2048,218.475,8.0
512,31040,2048,216.304,16.0
256,31040,2048,209.264,32.0
2048,31104,2048,205.74,4.0
1024,31104,2048,215.875,8.0
512,31104,2048,220.628,16.0
256,31104,2048,200.11,32.0
2048,31168,2048,220.709,4.0
1024,31168,2048,214.389,8.0
512,31168,2048,217.145,16.0
256,31168,2048,218.887,32.0
2048,31232,2048,210.558,4.0
1024,31232,2048,206.923,8.0
512,31232,2048,202.696,16.0
256,31232,2048,205.636,32.0
2048,31296,2048,217.06,4.0
1024,31296,2048,220.07,8.0
512,31296,2048,219.14,16.0
256,31296,2048,214.356,32.0
2048,31360,2048,205.804,4.0
1024,31360,2048,216.923,8.0
512,31360,2048,213.134,16.0
256,31360,2048,216.38,32.0
2048,31424,2048,209.179,4.0
1024,31424,2048,213.113,8.0
512,31424,2048,209.519,16.0
256,31424,2048,217.779,32.0
2048,31488,2048,209.038,4.0
1024,31488,2048,201.039,8.0
512,31488,2048,203.592,16.0
256,31488,2048,208.622,32.0
2048,31552,2048,202.501,4.0
1024,31552,2048,212.35,8.0
512,31552,2048,206.482,16.0
256,31552,2048,216.945,32.0
2048,31616,2048,226.427,4.0
1024,31616,2048,210.224,8.0
512,31616,2048,205.995,16.0
256,31616,2048,232.546,32.0
2048,31680,2048,210.863,4.0
1024,31680,2048,208.09,8.0
512,31680,2048,205.128,16.0
256,31680,2048,203.816,32.0
2048,31744,2048,223.261,4.0
1024,31744,2048,208.05,8.0
512,31744,2048,202.033,16.0
256,31744,2048,200.787,32.0
2048,31808,2048,205.357,4.0
1024,31808,2048,210.28,8.0
512,31808,2048,193.584,16.0
256,31808,2048,199.355,32.0
2048,31872,2048,212.732,4.0
1024,31872,2048,208.359,8.0
512,31872,2048,213.718,16.0
256,31872,2048,209.666,32.0
2048,31936,2048,196.776,4.0
1024,31936,2048,199.534,8.0
512,31936,2048,218.711,16.0
256,31936,2048,213.915,32.0
2048,32000,2048,210.369,4.0
1024,32000,2048,219.932,8.0
512,32000,2048,215.909,16.0
256,32000,2048,207.999,32.0
2048,32064,2048,219.498,4.0
1024,32064,2048,200.435,8.0
512,32064,2048,215.938,16.0
256,32064,2048,209.359,32.0
2048,32128,2048,212.805,4.0
1024,32128,2048,194.648,8.0
512,32128,2048,199.474,16.0
256,32128,2048,193.677,32.0
2048,32192,2048,214.034,4.0
1024,32192,2048,206.922,8.0
512,32192,2048,201.338,16.0
256,32192,2048,216.584,32.0
2048,32256,2048,183.329,4.0
1024,32256,2048,198.276,8.0
512,32256,2048,202.815,16.0
256,32256,2048,187.59,32.0
2048,32320,2048,210.628,4.0
1024,32320,2048,210.409,8.0
512,32320,2048,209.301,16.0
256,32320,2048,213.074,32.0
2048,32384,2048,209.369,4.0
1024,32384,2048,194.454,8.0
512,32384,2048,211.205,16.0
256,32384,2048,214.159,32.0
2048,32448,2048,199.027,4.0
1024,32448,2048,217.765,8.0
512,32448,2048,199.091,16.0
256,32448,2048,209.977,32.0
2048,32512,2048,196.345,4.0
1024,32512,2048,203.597,8.0
512,32512,2048,206.008,16.0
256,32512,2048,217.791,32.0
2048,32576,2048,215.171,4.0
1024,32576,2048,219.372,8.0
512,32576,2048,209.989,16.0
256,32576,2048,219.351,32.0
2048,32640,2048,194.976,4.0
1024,32640,2048,193.46,8.0
512,32640,2048,192.235,16.0
256,32640,2048,188.021,32.0
2048,32704,2048,212.391,4.0
1024,32704,2048,191.662,8.0
512,32704,2048,206.523,16.0
256,32704,2048,193.744,32.0
2048,32768,2048,191.903,4.0
1024,32768,2048,185.178,8.0
512,32768,2048,181.983,16.0
256,32768,2048,192.4,32.0
2048,32832,2048,193.043,4.0
1024,32832,2048,199.784,8.0
512,32832,2048,192.036,16.0
256,32832,2048,190.939,32.0
2048,32896,2048,181.459,4.0
1024,32896,2048,184.845,8.0
512,32896,2048,181.578,16.0
256,32896,2048,179.017,32.0
2048,32960,2048,202.847,4.0
1024,32960,2048,200.305,8.0
512,32960,2048,199.013,16.0
256,32960,2048,212.399,32.0
2048,33024,2048,211.057,4.0
1024,33024,2048,210.154,8.0
512,33024,2048,215.373,16.0
256,33024,2048,203.965,32.0
2048,33088,2048,209.709,4.0
1024,33088,2048,202.399,8.0
512,33088,2048,195.629,16.0
256,33088,2048,214.552,32.0
2048,33152,2048,197.34,4.0
1024,33152,2048,219.366,8.0
512,33152,2048,205.981,16.0
256,33152,2048,203.709,32.0
2048,33216,2048,198.346,4.0
1024,33216,2048,201.228,8.0
512,33216,2048,196.53,16.0
256,33216,2048,219.174,32.0
2048,33280,2048,182.449,4.0
1024,33280,2048,183.177,8.0
512,33280,2048,186.883,16.0
256,33280,2048,185.265,32.0
2048,33344,2048,212.743,4.0
1024,33344,2048,202.105,8.0
512,33344,2048,207.648,16.0
256,33344,2048,215.656,32.0
2048,33408,2048,197.948,4.0
1024,33408,2048,204.61,8.0
512,33408,2048,193.178,16.0
256,33408,2048,206.803,32.0
2048,33472,2048,199.044,4.0
1024,33472,2048,197.41,8.0
512,33472,2048,220.419,16.0
256,33472,2048,204.536,32.0
2048,33536,2048,204.394,4.0
1024,33536,2048,191.361,8.0
512,33536,2048,210.572,16.0
256,33536,2048,201.51,32.0
2048,33600,2048,201.393,4.0
1024,33600,2048,199.882,8.0
512,33600,2048,214.582,16.0
256,33600,2048,214.334,32.0
2048,33664,2048,202.52,4.0
1024,33664,2048,201.262,8.0
512,33664,2048,198.377,16.0
256,33664,2048,199.209,32.0
2048,33728,2048,212.369,4.0
1024,33728,2048,197.109,8.0
512,33728,2048,195.819,16.0
256,33728,2048,201.696,32.0
2048,33792,2048,204.351,4.0
1024,33792,2048,204.078,8.0
512,33792,2048,195.479,16.0
256,33792,2048,216.579,32.0
2048,33856,2048,202.32,4.0
1024,33856,2048,191.838,8.0
512,33856,2048,197.184,16.0
256,33856,2048,205.932,32.0
2048,33920,2048,195.022,4.0
1024,33920,2048,197.59,8.0
512,33920,2048,208.841,16.0
256,33920,2048,217.816,32.0
2048,33984,2048,206.384,4.0
1024,33984,2048,214.18,8.0
512,33984,2048,200.401,16.0
256,33984,2048,207.092,32.0
2048,34048,2048,196.851,4.0
1024,34048,2048,217.748,8.0
512,34048,2048,217.821,16.0
256,34048,2048,219.873,32.0
2048,34112,2048,222.03,4.0
1024,34112,2048,198.631,8.0
512,34112,2048,189.698,16.0
256,34112,2048,205.667,32.0
2048,34176,2048,202.504,4.0
1024,34176,2048,202.478,8.0
512,34176,2048,218.766,16.0
256,34176,2048,206.667,32.0
2048,34240,2048,197.637,4.0
1024,34240,2048,193.21,8.0
512,34240,2048,196.329,16.0
256,34240,2048,205.676,32.0
2048,34304,2048,190.915,4.0
1024,34304,2048,209.853,8.0
512,34304,2048,206.222,16.0
256,34304,2048,200.741,32.0
2048,34368,2048,199.59,4.0
1024,34368,2048,225.898,8.0
512,34368,2048,208.852,16.0
256,34368,2048,194.146,32.0
2048,34432,2048,204.95,4.0
1024,34432,2048,197.825,8.0
512,34432,2048,194.734,16.0
256,34432,2048,207.036,32.0
2048,34496,2048,193.763,4.0
1024,34496,2048,209.003,8.0
512,34496,2048,198.888,16.0
256,34496,2048,215.857,32.0
2048,34560,2048,180.035,4.0
1024,34560,2048,170.849,8.0
512,34560,2048,179.458,16.0
256,34560,2048,164.194,32.0
2048,34624,2048,189.929,4.0
1024,34624,2048,199.667,8.0
512,34624,2048,205.868,16.0
256,34624,2048,211.047,32.0
2048,34688,2048,208.893,4.0
1024,34688,2048,198.456,8.0
512,34688,2048,210.827,16.0
256,34688,2048,206.316,32.0
2048,34752,2048,217.947,4.0
1024,34752,2048,199.102,8.0
512,34752,2048,213.634,16.0
256,34752,2048,214.13,32.0
2048,34816,2048,116.549,4.0
1024,34816,2048,118.013,8.0
512,34816,2048,116.588,16.0
256,34816,2048,117.936,32.0
2048,34880,2048,204.841,4.0
1024,34880,2048,191.096,8.0
512,34880,2048,191.213,16.0
256,34880,2048,197.728,32.0
2048,34944,2048,195.98,4.0
1024,34944,2048,201.072,8.0
512,34944,2048,202.851,16.0
256,34944,2048,188.453,32.0
2048,35008,2048,197.008,4.0
1024,35008,2048,209.133,8.0
512,35008,2048,188.646,16.0
256,35008,2048,188.336,32.0
2048,35072,2048,194.67,4.0
1024,35072,2048,195.014,8.0
512,35072,2048,185.609,16.0
256,35072,2048,185.628,32.0
2048,35136,2048,200.877,4.0
1024,35136,2048,184.294,8.0
512,35136,2048,192.745,16.0
256,35136,2048,198.975,32.0
2048,35200,2048,191.672,4.0
1024,35200,2048,193.885,8.0
512,35200,2048,194.506,16.0
256,35200,2048,193.857,32.0
2048,35264,2048,189.507,4.0
1024,35264,2048,195.988,8.0
512,35264,2048,193.782,16.0
256,35264,2048,190.935,32.0
2048,35328,2048,195.581,4.0
1024,35328,2048,218.891,8.0
512,35328,2048,190.331,16.0
256,35328,2048,196.978,32.0
2048,35392,2048,207.534,4.0
1024,35392,2048,198.472,8.0
512,35392,2048,210.518,16.0
256,35392,2048,199.22,32.0
2048,35456,2048,198.448,4.0
1024,35456,2048,218.876,8.0
512,35456,2048,213.613,16.0
256,35456,2048,191.237,32.0
2048,35520,2048,198.892,4.0
1024,35520,2048,191.068,8.0
512,35520,2048,198.006,16.0
256,35520,2048,206.32,32.0
2048,35584,2048,202.126,4.0
1024,35584,2048,188.457,8.0
512,35584,2048,198.68,16.0
256,35584,2048,196.271,32.0
2048,35648,2048,203.449,4.0
1024,35648,2048,196.782,8.0
512,35648,2048,188.843,16.0
256,35648,2048,190.511,32.0
2048,35712,2048,196.445,4.0
1024,35712,2048,202.314,8.0
512,35712,2048,203.473,16.0
256,35712,2048,190.97,32.0
2048,35776,2048,191.671,4.0
1024,35776,2048,227.698,8.0
512,35776,2048,192.846,16.0
256,35776,2048,189.895,32.0
2048,35840,2048,184.771,4.0
1024,35840,2048,207.283,8.0
512,35840,2048,188.908,16.0
256,35840,2048,200.681,32.0
2048,35904,2048,206.407,4.0
1024,35904,2048,194.994,8.0
512,35904,2048,192.156,16.0
256,35904,2048,198.941,32.0
2048,35968,2048,202.936,4.0
1024,35968,2048,189.55,8.0
512,35968,2048,197.555,16.0
256,35968,2048,206.962,32.0
2048,36032,2048,192.161,4.0
1024,36032,2048,201.818,8.0
512,36032,2048,191.468,16.0
256,36032,2048,208.612,32.0
2048,36096,2048,189.631,4.0
1024,36096,2048,210.079,8.0
512,36096,2048,186.278,16.0
256,36096,2048,206.974,32.0
2048,36160,2048,211.981,4.0
1024,36160,2048,190.864,8.0
512,36160,2048,209.521,16.0
256,36160,2048,198.654,32.0
2048,36224,2048,193.424,4.0
1024,36224,2048,195.346,8.0
512,36224,2048,198.956,16.0
256,36224,2048,196.186,32.0
2048,36288,2048,207.567,4.0
1024,36288,2048,190.335,8.0
512,36288,2048,189.467,16.0
256,36288,2048,200.243,32.0
2048,36352,2048,189.011,4.0
1024,36352,2048,195.752,8.0
512,36352,2048,189.655,16.0
256,36352,2048,192.836,32.0
2048,36416,2048,188.649,4.0
1024,36416,2048,192.205,8.0
512,36416,2048,208.425,16.0
256,36416,2048,190.169,32.0
2048,36480,2048,216.184,4.0
1024,36480,2048,184.793,8.0
512,36480,2048,191.78,16.0
256,36480,2048,205.789,32.0
2048,36544,2048,207.332,4.0
1024,36544,2048,196.285,8.0
512,36544,2048,189.812,16.0
256,36544,2048,198.759,32.0
2048,36608,2048,186.296,4.0
1024,36608,2048,189.433,8.0
512,36608,2048,189.123,16.0
256,36608,2048,193.365,32.0
2048,36672,2048,193.177,4.0
1024,36672,2048,194.972,8.0
512,36672,2048,215.585,16.0
256,36672,2048,203.255,32.0
2048,36736,2048,186.716,4.0
1024,36736,2048,198.077,8.0
512,36736,2048,228.439,16.0
256,36736,2048,192.036,32.0
2048,36800,2048,204.259,4.0
1024,36800,2048,193.039,8.0
512,36800,2048,194.575,16.0
256,36800,2048,207.575,32.0
2048,36864,2048,202.013,4.0
1024,36864,2048,182.501,8.0
512,36864,2048,177.655,16.0
256,36864,2048,178.831,32.0
2048,36928,2048,185.707,4.0
1024,36928,2048,188.176,8.0
512,36928,2048,192.972,16.0
256,36928,2048,193.832,32.0
2048,36992,2048,192.215,4.0
1024,36992,2048,180.504,8.0
512,36992,2048,182.003,16.0
256,36992,2048,188.504,32.0
2048,37056,2048,199.216,4.0
1024,37056,2048,211.2,8.0
512,37056,2048,208.084,16.0
256,37056,2048,199.264,32.0
2048,37120,2048,198.398,4.0
1024,37120,2048,185.828,8.0
512,37120,2048,187.5,16.0
256,37120,2048,190.424,32.0
2048,37184,2048,195.496,4.0
1024,37184,2048,198.872,8.0
512,37184,2048,187.713,16.0
256,37184,2048,202.757,32.0
2048,37248,2048,187.893,4.0
1024,37248,2048,196.214,8.0
512,37248,2048,213.782,16.0
256,37248,2048,196.886,32.0
2048,37312,2048,187.454,4.0
1024,37312,2048,183.165,8.0
512,37312,2048,185.977,16.0
256,37312,2048,187.53,32.0
2048,37376,2048,191.3,4.0
1024,37376,2048,197.272,8.0
512,37376,2048,195.262,16.0
256,37376,2048,189.222,32.0
2048,37440,2048,185.943,4.0
1024,37440,2048,184.758,8.0
512,37440,2048,186.971,16.0
256,37440,2048,200.325,32.0
2048,37504,2048,197.684,4.0
1024,37504,2048,185.797,8.0
512,37504,2048,183.44,16.0
256,37504,2048,191.28,32.0
2048,37568,2048,185.973,4.0
1024,37568,2048,188.523,8.0
512,37568,2048,191.903,16.0
256,37568,2048,196.133,32.0
2048,37632,2048,195.792,4.0
1024,37632,2048,187.657,8.0
512,37632,2048,190.102,16.0
256,37632,2048,184.227,32.0
2048,37696,2048,186.321,4.0
1024,37696,2048,193.908,8.0
512,37696,2048,194.32,16.0
256,37696,2048,187.873,32.0
2048,37760,2048,190.848,4.0
1024,37760,2048,182.485,8.0
512,37760,2048,186.49,16.0
256,37760,2048,187.657,32.0
2048,37824,2048,193.678,4.0
1024,37824,2048,193.23,8.0
512,37824,2048,187.429,16.0
256,37824,2048,191.079,32.0
2048,37888,2048,189.125,4.0
1024,37888,2048,187.385,8.0
512,37888,2048,182.144,16.0
256,37888,2048,185.812,32.0
2048,37952,2048,183.881,4.0
1024,37952,2048,187.87,8.0
512,37952,2048,184.647,16.0
256,37952,2048,189.747,32.0
2048,38016,2048,190.205,4.0
1024,38016,2048,187.91,8.0
512,38016,2048,186.829,16.0
256,38016,2048,190.116,32.0
2048,38080,2048,195.595,4.0
1024,38080,2048,179.858,8.0
512,38080,2048,194.211,16.0
256,38080,2048,184.276,32.0
2048,38144,2048,194.15,4.0
1024,38144,2048,183.029,8.0
512,38144,2048,185.689,16.0
256,38144,2048,190.925,32.0
2048,38208,2048,192.087,4.0
1024,38208,2048,182.807,8.0
512,38208,2048,180.12,16.0
256,38208,2048,186.479,32.0
2048,38272,2048,186.876,4.0
1024,38272,2048,187.943,8.0
512,38272,2048,199.829,16.0
256,38272,2048,208.582,32.0
2048,38336,2048,191.936,4.0
1024,38336,2048,187.45,8.0
512,38336,2048,188.961,16.0
256,38336,2048,187.741,32.0
2048,38400,2048,140.828,4.0
1024,38400,2048,141.999,8.0
512,38400,2048,140.923,16.0
256,38400,2048,140.716,32.0
2048,38464,2048,182.617,4.0
1024,38464,2048,183.383,8.0
512,38464,2048,191.954,16.0
256,38464,2048,186.826,32.0
2048,38528,2048,185.617,4.0
1024,38528,2048,183.34,8.0
512,38528,2048,188.029,16.0
256,38528,2048,188.084,32.0
2048,38592,2048,209.168,4.0
1024,38592,2048,178.894,8.0
512,38592,2048,203.857,16.0
256,38592,2048,185.482,32.0
2048,38656,2048,182.539,4.0
1024,38656,2048,193.096,8.0
512,38656,2048,176.965,16.0
256,38656,2048,198.556,32.0
2048,38720,2048,211.777,4.0
1024,38720,2048,192.874,8.0
512,38720,2048,182.01,16.0
256,38720,2048,185.736,32.0
2048,38784,2048,184.272,4.0
1024,38784,2048,189.612,8.0
512,38784,2048,186.84,16.0
256,38784,2048,176.679,32.0
2048,38848,2048,183.976,4.0
1024,38848,2048,177.851,8.0
512,38848,2048,182.209,16.0
256,38848,2048,183.028,32.0
2048,38912,2048,213.217,4.0
1024,38912,2048,183.533,8.0
512,38912,2048,180.343,16.0
256,38912,2048,176.639,32.0
2048,38976,2048,177.33,4.0
1024,38976,2048,186.114,8.0
512,38976,2048,190.28,16.0
256,38976,2048,176.839,32.0
2048,39040,2048,184.35,4.0
1024,39040,2048,182.438,8.0
512,39040,2048,192.33,16.0
256,39040,2048,178.975,32.0
2048,39104,2048,202.454,4.0
1024,39104,2048,181.526,8.0
512,39104,2048,186.611,16.0
256,39104,2048,182.711,32.0
2048,39168,2048,150.773,4.0
1024,39168,2048,150.061,8.0
512,39168,2048,149.753,16.0
256,39168,2048,151.644,32.0
2048,39232,2048,187.328,4.0
1024,39232,2048,183.94,8.0
512,39232,2048,191.329,16.0
256,39232,2048,183.86,32.0
2048,39296,2048,189.404,4.0
1024,39296,2048,185.873,8.0
512,39296,2048,192.839,16.0
256,39296,2048,192.9,32.0
2048,39360,2048,193.76,4.0
1024,39360,2048,191.399,8.0
512,39360,2048,184.075,16.0
256,39360,2048,182.534,32.0
2048,39424,2048,183.995,4.0
1024,39424,2048,179.583,8.0
512,39424,2048,183.79,16.0
256,39424,2048,177.221,32.0
2048,39488,2048,198.22,4.0
1024,39488,2048,185.472,8.0
512,39488,2048,179.003,16.0
256,39488,2048,186.87,32.0
2048,39552,2048,187.979,4.0
1024,39552,2048,180.753,8.0
512,39552,2048,197.205,16.0
256,39552,2048,190.846,32.0
2048,39616,2048,179.679,4.0
1024,39616,2048,185.745,8.0
512,39616,2048,177.753,16.0
256,39616,2048,178.766,32.0
2048,39680,2048,181.419,4.0
1024,39680,2048,197.728,8.0
512,39680,2048,177.705,16.0
256,39680,2048,181.895,32.0
2048,39744,2048,199.419,4.0
1024,39744,2048,168.824,8.0
512,39744,2048,180.374,16.0
256,39744,2048,176.865,32.0
2048,39808,2048,201.973,4.0
1024,39808,2048,183.692,8.0
512,39808,2048,181.571,16.0
256,39808,2048,182.169,32.0
2048,39872,2048,184.584,4.0
1024,39872,2048,187.437,8.0
512,39872,2048,168.749,16.0
256,39872,2048,185.691,32.0
2048,39936,2048,189.054,4.0
1024,39936,2048,211.561,8.0
512,39936,2048,207.731,16.0
256,39936,2048,176.368,32.0
2048,40000,2048,182.54,4.0
1024,40000,2048,166.622,8.0
512,40000,2048,177.58,16.0
256,40000,2048,195.318,32.0
2048,40064,2048,178.616,4.0
1024,40064,2048,184.603,8.0
512,40064,2048,178.075,16.0
256,40064,2048,183.581,32.0
2048,40128,2048,181.364,4.0
1024,40128,2048,176.089,8.0
512,40128,2048,191.917,16.0
256,40128,2048,182.52,32.0
2048,40192,2048,203.042,4.0
1024,40192,2048,181.712,8.0
512,40192,2048,176.322,16.0
256,40192,2048,181.959,32.0
2048,40256,2048,173.733,4.0
1024,40256,2048,186.042,8.0
512,40256,2048,181.274,16.0
256,40256,2048,185.87,32.0
2048,40320,2048,159.4,4.0
1024,40320,2048,157.962,8.0
512,40320,2048,157.562,16.0
256,40320,2048,159.494,32.0
2048,40384,2048,180.317,4.0
1024,40384,2048,194.749,8.0
512,40384,2048,182.195,16.0
256,40384,2048,181.845,32.0
2048,40448,2048,183.56,4.0
1024,40448,2048,193.436,8.0
512,40448,2048,176.195,16.0
256,40448,2048,187.365,32.0
2048,40512,2048,165.557,4.0
1024,40512,2048,175.426,8.0
512,40512,2048,191.179,16.0
256,40512,2048,182.782,32.0
2048,40576,2048,180.868,4.0
1024,40576,2048,190.386,8.0
512,40576,2048,187.143,16.0
256,40576,2048,171.652,32.0
2048,40640,2048,181.76,4.0
1024,40640,2048,178.779,8.0
512,40640,2048,180.459,16.0
256,40640,2048,181.656,32.0
2048,40704,2048,164.993,4.0
1024,40704,2048,184.887,8.0
512,40704,2048,169.597,16.0
256,40704,2048,190.584,32.0
2048,40768,2048,175.551,4.0
1024,40768,2048,175.78,8.0
512,40768,2048,161.225,16.0
256,40768,2048,178.592,32.0
2048,40832,2048,162.843,4.0
1024,40832,2048,174.597,8.0
512,40832,2048,177.183,16.0
256,40832,2048,194.549,32.0
2048,40896,2048,174.833,4.0
1024,40896,2048,161.316,8.0
512,40896,2048,175.224,16.0
256,40896,2048,169.262,32.0
2048,40960,2048,160.235,4.0
1024,40960,2048,158.949,8.0
512,40960,2048,160.109,16.0
256,40960,2048,159.088,32.0
2048,41024,2048,177.686,4.0
1024,41024,2048,164.025,8.0
512,41024,2048,184.572,16.0
256,41024,2048,172.564,32.0
2048,41088,2048,171.233,4.0
1024,41088,2048,175.387,8.0
512,41088,2048,162.36,16.0
256,41088,2048,170.102,32.0
2048,41152,2048,162.223,4.0
1024,41152,2048,163.308,8.0
512,41152,2048,167.829,16.0
256,41152,2048,167.948,32.0
2048,41216,2048,162.91,4.0
1024,41216,2048,161.966,8.0
512,41216,2048,167.859,16.0
256,41216,2048,163.34,32.0
2048,41280,2048,164.045,4.0
1024,41280,2048,163.237,8.0
512,41280,2048,162.707,16.0
256,41280,2048,163.795,32.0
2048,41344,2048,156.577,4.0
1024,41344,2048,155.63,8.0
512,41344,2048,155.708,16.0
256,41344,2048,157.506,32.0
2048,41408,2048,162.261,4.0
1024,41408,2048,162.232,8.0
512,41408,2048,165.113,16.0
256,41408,2048,163.401,32.0
2048,41472,2048,161.985,4.0
1024,41472,2048,161.788,8.0
512,41472,2048,161.839,16.0
256,41472,2048,161.755,32.0
2048,41536,2048,162.119,4.0
1024,41536,2048,162.265,8.0
512,41536,2048,163.095,16.0
256,41536,2048,162.535,32.0
2048,41600,2048,161.242,4.0
1024,41600,2048,161.485,8.0
512,41600,2048,161.093,16.0
256,41600,2048,160.261,32.0
2048,41664,2048,160.839,4.0
1024,41664,2048,162.92,8.0
512,41664,2048,162.602,16.0
256,41664,2048,161.497,32.0
2048,41728,2048,162.156,4.0
1024,41728,2048,162.519,8.0
512,41728,2048,161.539,16.0
256,41728,2048,162.893,32.0
2048,41792,2048,163.503,4.0
1024,41792,2048,162.513,8.0
512,41792,2048,163.395,16.0
256,41792,2048,161.096,32.0
2048,41856,2048,163.033,4.0
1024,41856,2048,161.134,8.0
512,41856,2048,163.36,16.0
256,41856,2048,163.198,32.0
2048,41920,2048,163.394,4.0
1024,41920,2048,163.599,8.0
512,41920,2048,162.88,16.0
256,41920,2048,161.579,32.0
2048,41984,2048,162.735,4.0
1024,41984,2048,162.663,8.0
512,41984,2048,161.815,16.0
256,41984,2048,162.106,32.0
2048,42048,2048,162.048,4.0
1024,42048,2048,163.248,8.0
512,42048,2048,161.968,16.0
256,42048,2048,163.149,32.0
2048,42112,2048,164.153,4.0
1024,42112,2048,163.308,8.0
512,42112,2048,163.955,16.0
256,42112,2048,162.612,32.0
2048,42176,2048,163.648,4.0
1024,42176,2048,161.844,8.0
512,42176,2048,163.044,16.0
256,42176,2048,163.047,32.0
2048,42240,2048,157.238,4.0
1024,42240,2048,154.835,8.0
512,42240,2048,156.605,16.0
256,42240,2048,156.511,32.0
2048,42304,2048,164.694,4.0
1024,42304,2048,164.912,8.0
512,42304,2048,161.941,16.0
256,42304,2048,162.146,32.0
2048,42368,2048,160.929,4.0
1024,42368,2048,161.351,8.0
512,42368,2048,161.386,16.0
256,42368,2048,161.516,32.0
2048,42432,2048,161.577,4.0
1024,42432,2048,160.889,8.0
512,42432,2048,161.551,16.0
256,42432,2048,162.104,32.0
2048,42496,2048,161.424,4.0
1024,42496,2048,162.685,8.0
512,42496,2048,161.112,16.0
256,42496,2048,163.364,32.0
2048,42560,2048,160.683,4.0
1024,42560,2048,159.357,8.0
512,42560,2048,160.452,16.0
256,42560,2048,161.584,32.0
2048,42624,2048,161.701,4.0
1024,42624,2048,162.281,8.0
512,42624,2048,162.57,16.0
256,42624,2048,161.661,32.0
2048,42688,2048,163.405,4.0
1024,42688,2048,161.939,8.0
512,42688,2048,161.329,16.0
256,42688,2048,162.077,32.0
2048,42752,2048,161.895,4.0
1024,42752,2048,161.584,8.0
512,42752,2048,161.221,16.0
256,42752,2048,162.839,32.0
2048,42816,2048,162.067,4.0
1024,42816,2048,162.488,8.0
512,42816,2048,164.428,16.0
256,42816,2048,161.128,32.0
2048,42880,2048,161.867,4.0
1024,42880,2048,161.953,8.0
512,42880,2048,161.588,16.0
256,42880,2048,162.421,32.0
2048,42944,2048,161.763,4.0
1024,42944,2048,165.248,8.0
512,42944,2048,162.251,16.0
256,42944,2048,162.472,32.0
2048,43008,2048,159.389,4.0
1024,43008,2048,161.231,8.0
512,43008,2048,161.3,16.0
256,43008,2048,161.739,32.0
2048,43072,2048,162.757,4.0
1024,43072,2048,165.05,8.0
512,43072,2048,162.46,16.0
256,43072,2048,163.282,32.0
2048,43136,2048,163.171,4.0
1024,43136,2048,161.313,8.0
512,43136,2048,162.56,16.0
256,43136,2048,163.181,32.0
2048,43200,2048,161.854,4.0
1024,43200,2048,163.782,8.0
512,43200,2048,161.393,16.0
256,43200,2048,161.866,32.0
2048,43264,2048,162.64,4.0
1024,43264,2048,162.844,8.0
512,43264,2048,163.9,16.0
256,43264,2048,162.272,32.0
2048,43328,2048,162.741,4.0
1024,43328,2048,163.583,8.0
512,43328,2048,162.313,16.0
256,43328,2048,163.965,32.0
2048,43392,2048,161.262,4.0
1024,43392,2048,163.044,8.0
512,43392,2048,162.962,16.0
256,43392,2048,161.678,32.0
2048,43456,2048,162.555,4.0
1024,43456,2048,161.533,8.0
512,43456,2048,163.444,16.0
256,43456,2048,161.649,32.0
2048,43520,2048,142.759,4.0
1024,43520,2048,142.194,8.0
512,43520,2048,141.998,16.0
256,43520,2048,143.629,32.0
2048,43584,2048,162.441,4.0
1024,43584,2048,162.535,8.0
512,43584,2048,163.458,16.0
256,43584,2048,163.202,32.0
2048,43648,2048,161.5,4.0
1024,43648,2048,165.809,8.0
512,43648,2048,161.868,16.0
256,43648,2048,162.256,32.0
2048,43712,2048,161.815,4.0
1024,43712,2048,160.472,8.0
512,43712,2048,163.182,16.0
256,43712,2048,161.678,32.0
2048,43776,2048,160.382,4.0
1024,43776,2048,160.333,8.0
512,43776,2048,161.194,16.0
256,43776,2048,160.462,32.0
2048,43840,2048,163.59,4.0
1024,43840,2048,161.617,8.0
512,43840,2048,162.235,16.0
256,43840,2048,161.349,32.0
2048,43904,2048,163.541,4.0
1024,43904,2048,161.357,8.0
512,43904,2048,162.385,16.0
256,43904,2048,161.623,32.0
2048,43968,2048,162.224,4.0
1024,43968,2048,162.529,8.0
512,43968,2048,161.541,16.0
256,43968,2048,162.143,32.0
2048,44032,2048,161.138,4.0
1024,44032,2048,163.576,8.0
512,44032,2048,163.024,16.0
256,44032,2048,161.071,32.0
2048,44096,2048,161.512,4.0
1024,44096,2048,161.628,8.0
512,44096,2048,163.715,16.0
256,44096,2048,160.919,32.0
2048,44160,2048,157.431,4.0
1024,44160,2048,156.977,8.0
512,44160,2048,157.909,16.0
256,44160,2048,156.629,32.0
2048,44224,2048,162.615,4.0
1024,44224,2048,162.671,8.0
512,44224,2048,162.437,16.0
256,44224,2048,161.027,32.0
2048,44288,2048,164.171,4.0
1024,44288,2048,161.927,8.0
512,44288,2048,161.752,16.0
256,44288,2048,161.044,32.0
2048,44352,2048,160.637,4.0
1024,44352,2048,162.737,8.0
512,44352,2048,162.389,16.0
256,44352,2048,160.848,32.0
2048,44416,2048,162.317,4.0
1024,44416,2048,162.619,8.0
512,44416,2048,161.537,16.0
256,44416,2048,161.695,32.0
2048,44480,2048,163.892,4.0
1024,44480,2048,160.855,8.0
512,44480,2048,162.599,16.0
256,44480,2048,162.333,32.0
2048,44544,2048,162.357,4.0
1024,44544,2048,164.192,8.0
512,44544,2048,162.048,16.0
256,44544,2048,163.916,32.0
2048,44608,2048,160.489,4.0
1024,44608,2048,159.634,8.0
512,44608,2048,159.778,16.0
256,44608,2048,160.219,32.0
2048,44672,2048,162.45,4.0
1024,44672,2048,163.19,8.0
512,44672,2048,164.4,16.0
256,44672,2048,162.505,32.0
2048,44736,2048,160.177,4.0
1024,44736,2048,161.515,8.0
512,44736,2048,161.538,16.0
256,44736,2048,160.064,32.0
2048,44800,2048,163.827,4.0
1024,44800,2048,161.665,8.0
512,44800,2048,162.272,16.0
256,44800,2048,160.915,32.0
2048,44864,2048,161.89,4.0
1024,44864,2048,160.017,8.0
512,44864,2048,162.197,16.0
256,44864,2048,160.165,32.0
2048,44928,2048,162.014,4.0
1024,44928,2048,160.744,8.0
512,44928,2048,162.579,16.0
256,44928,2048,161.155,32.0
2048,44992,2048,161.396,4.0
1024,44992,2048,160.393,8.0
512,44992,2048,160.987,16.0
256,44992,2048,160.712,32.0
2048,45056,2048,161.654,4.0
1024,45056,2048,161.055,8.0
512,45056,2048,161.192,16.0
256,45056,2048,163.204,32.0
2048,45120,2048,161.52,4.0
1024,45120,2048,161.519,8.0
512,45120,2048,162.536,16.0
256,45120,2048,161.468,32.0
2048,45184,2048,160.644,4.0
1024,45184,2048,160.966,8.0
512,45184,2048,160.28,16.0
256,45184,2048,163.301,32.0
2048,45248,2048,159.856,4.0
1024,45248,2048,160.558,8.0
512,45248,2048,161.223,16.0
256,45248,2048,161.776,32.0
2048,45312,2048,161.466,4.0
1024,45312,2048,161.578,8.0
512,45312,2048,160.91,16.0
256,45312,2048,161.37,32.0
2048,45376,2048,160.442,4.0
1024,45376,2048,160.512,8.0
512,45376,2048,160.239,16.0
256,45376,2048,160.819,32.0
2048,45440,2048,160.619,4.0
1024,45440,2048,160.658,8.0
512,45440,2048,161.113,16.0
256,45440,2048,160.527,32.0
2048,45504,2048,160.471,4.0
1024,45504,2048,159.858,8.0
512,45504,2048,160.503,16.0
256,45504,2048,160.175,32.0
2048,45568,2048,160.956,4.0
1024,45568,2048,160.599,8.0
512,45568,2048,162.508,16.0
256,45568,2048,160.946,32.0
2048,45632,2048,159.557,4.0
1024,45632,2048,160.702,8.0
512,45632,2048,159.888,16.0
256,45632,2048,160.535,32.0
2048,45696,2048,156.655,4.0
1024,45696,2048,156.93,8.0
512,45696,2048,156.324,16.0
256,45696,2048,157.213,32.0
2048,45760,2048,160.48,4.0
1024,45760,2048,160.686,8.0
512,45760,2048,160.612,16.0
256,45760,2048,160.437,32.0
2048,45824,2048,160.113,4.0
1024,45824,2048,160.251,8.0
512,45824,2048,160.834,16.0
256,45824,2048,160.141,32.0
2048,45888,2048,160.241,4.0
1024,45888,2048,162.907,8.0
512,45888,2048,160.726,16.0
256,45888,2048,160.189,32.0
2048,45952,2048,161.015,4.0
1024,45952,2048,160.227,8.0
512,45952,2048,160.598,16.0
256,45952,2048,160.57,32.0
2048,46016,2048,161.868,4.0
1024,46016,2048,160.953,8.0
512,46016,2048,160.47,16.0
256,46016,2048,161.124,32.0
2048,46080,2048,140.701,4.0
1024,46080,2048,141.07,8.0
512,46080,2048,140.753,16.0
256,46080,2048,141.312,32.0
2048,46144,2048,161.592,4.0
1024,46144,2048,161.066,8.0
512,46144,2048,160.533,16.0
256,46144,2048,161.5,32.0
2048,46208,2048,162.106,4.0
1024,46208,2048,160.721,8.0
512,46208,2048,160.64,16.0
256,46208,2048,159.973,32.0
2048,46272,2048,161.152,4.0
1024,46272,2048,160.782,8.0
512,46272,2048,160.167,16.0
256,46272,2048,160.074,32.0
2048,46336,2048,160.392,4.0
1024,46336,2048,160.773,8.0
512,46336,2048,159.716,16.0
256,46336,2048,160.637,32.0
2048,46400,2048,160.5,4.0
1024,46400,2048,160.451,8.0
512,46400,2048,161.138,16.0
256,46400,2048,161.148,32.0
2048,46464,2048,161.774,4.0
1024,46464,2048,161.385,8.0
512,46464,2048,161.537,16.0
256,46464,2048,160.75,32.0
2048,46528,2048,159.519,4.0
1024,46528,2048,160.222,8.0
512,46528,2048,159.96,16.0
256,46528,2048,159.604,32.0
2048,46592,2048,161.636,4.0
1024,46592,2048,159.983,8.0
512,46592,2048,159.671,16.0
256,46592,2048,160.596,32.0
2048,46656,2048,159.623,4.0
1024,46656,2048,160.463,8.0
512,46656,2048,160.135,16.0
256,46656,2048,160.958,32.0
2048,46720,2048,160.49,4.0
1024,46720,2048,160.192,8.0
512,46720,2048,160.669,16.0
256,46720,2048,161.085,32.0
2048,46784,2048,160.191,4.0
1024,46784,2048,164.035,8.0
512,46784,2048,160.611,16.0
256,46784,2048,161.823,32.0
2048,46848,2048,160.645,4.0
1024,46848,2048,160.773,8.0
512,46848,2048,160.236,16.0
256,46848,2048,161.089,32.0
2048,46912,2048,160.716,4.0
1024,46912,2048,160.619,8.0
512,46912,2048,161.275,16.0
256,46912,2048,161.659,32.0
2048,46976,2048,160.67,4.0
1024,46976,2048,160.632,8.0
512,46976,2048,160.28,16.0
256,46976,2048,161.47,32.0
2048,47040,2048,160.288,4.0
1024,47040,2048,160.862,8.0
512,47040,2048,161.236,16.0
256,47040,2048,160.885,32.0
2048,47104,2048,160.724,4.0
1024,47104,2048,160.86,8.0
512,47104,2048,160.915,16.0
256,47104,2048,161.127,32.0
2048,47168,2048,160.37,4.0
1024,47168,2048,159.919,8.0
512,47168,2048,159.983,16.0
256,47168,2048,161.029,32.0
2048,47232,2048,159.719,4.0
1024,47232,2048,160.241,8.0
512,47232,2048,159.845,16.0
256,47232,2048,159.329,32.0
2048,47296,2048,160.285,4.0
1024,47296,2048,160.746,8.0
512,47296,2048,160.375,16.0
256,47296,2048,160.195,32.0
2048,47360,2048,161.068,4.0
1024,47360,2048,161.127,8.0
512,47360,2048,160.775,16.0
256,47360,2048,160.88,32.0
2048,47424,2048,160.999,4.0
1024,47424,2048,159.359,8.0
512,47424,2048,162.019,16.0
256,47424,2048,160.54,32.0
2048,47488,2048,161.381,4.0
1024,47488,2048,160.815,8.0
512,47488,2048,160.002,16.0
256,47488,2048,159.827,32.0
2048,47552,2048,161.153,4.0
1024,47552,2048,160.141,8.0
512,47552,2048,160.928,16.0
256,47552,2048,160.538,32.0
2048,47616,2048,161.021,4.0
1024,47616,2048,161.163,8.0
512,47616,2048,160.904,16.0
256,47616,2048,160.981,32.0
2048,47680,2048,159.63,4.0
1024,47680,2048,161.36,8.0
512,47680,2048,160.365,16.0
256,47680,2048,160.398,32.0
2048,47744,2048,159.607,4.0
1024,47744,2048,160.695,8.0
512,47744,2048,160.313,16.0
256,47744,2048,159.125,32.0
2048,47808,2048,161.096,4.0
1024,47808,2048,160.186,8.0
512,47808,2048,160.851,16.0
256,47808,2048,161.311,32.0
2048,47872,2048,146.657,4.0
1024,47872,2048,145.881,8.0
512,47872,2048,145.382,16.0
256,47872,2048,146.374,32.0
2048,47936,2048,159.854,4.0
1024,47936,2048,160.968,8.0
512,47936,2048,160.54,16.0
256,47936,2048,160.643,32.0
2048,48000,2048,160.083,4.0
1024,48000,2048,161.819,8.0
512,48000,2048,161.489,16.0
256,48000,2048,160.361,32.0
2048,48064,2048,161.193,4.0
1024,48064,2048,159.906,8.0
512,48064,2048,161.027,16.0
256,48064,2048,160.085,32.0
2048,48128,2048,161.86,4.0
1024,48128,2048,160.134,8.0
512,48128,2048,160.311,16.0
256,48128,2048,161.468,32.0
2048,48192,2048,160.695,4.0
1024,48192,2048,160.051,8.0
512,48192,2048,159.931,16.0
256,48192,2048,160.338,32.0
2048,48256,2048,160.467,4.0
1024,48256,2048,160.425,8.0
512,48256,2048,160.255,16.0
256,48256,2048,161.019,32.0
2048,48320,2048,160.348,4.0
1024,48320,2048,159.515,8.0
512,48320,2048,159.627,16.0
256,48320,2048,159.867,32.0
2048,48384,2048,160.313,4.0
1024,48384,2048,160.073,8.0
512,48384,2048,159.762,16.0
256,48384,2048,160.179,32.0
2048,48448,2048,161.085,4.0
1024,48448,2048,161.19,8.0
512,48448,2048,161.109,16.0
256,48448,2048,160.598,32.0
2048,48512,2048,161.307,4.0
1024,48512,2048,160.948,8.0
512,48512,2048,162.474,16.0
256,48512,2048,160.783,32.0
2048,48576,2048,160.808,4.0
1024,48576,2048,161.684,8.0
512,48576,2048,160.388,16.0
256,48576,2048,162.497,32.0
2048,48640,2048,161.517,4.0
1024,48640,2048,161.219,8.0
512,48640,2048,162.091,16.0
256,48640,2048,160.701,32.0
2048,48704,2048,160.488,4.0
1024,48704,2048,160.937,8.0
512,48704,2048,162.438,16.0
256,48704,2048,160.399,32.0
2048,48768,2048,159.109,4.0
1024,48768,2048,159.863,8.0
512,48768,2048,158.691,16.0
256,48768,2048,159.704,32.0
2048,48832,2048,161.269,4.0
1024,48832,2048,160.074,8.0
512,48832,2048,159.852,16.0
256,48832,2048,159.958,32.0
2048,48896,2048,159.34,4.0
1024,48896,2048,160.699,8.0
512,48896,2048,160.712,16.0
256,48896,2048,160.261,32.0
2048,48960,2048,159.981,4.0
1024,48960,2048,160.588,8.0
512,48960,2048,160.149,16.0
256,48960,2048,159.643,32.0
2048,49024,2048,160.135,4.0
1024,49024,2048,160.475,8.0
512,49024,2048,161.207,16.0
256,49024,2048,160.759,32.0
2048,49088,2048,161.923,4.0
1024,49088,2048,160.596,8.0
512,49088,2048,161.55,16.0
256,49088,2048,161.039,32.0
2048,49152,2048,160.836,4.0
1024,49152,2048,160.527,8.0
512,49152,2048,160.873,16.0
256,49152,2048,161.122,32.0
2048,49216,2048,160.164,4.0
1024,49216,2048,160.537,8.0
512,49216,2048,161.308,16.0
256,49216,2048,161.092,32.0
2048,49280,2048,160.614,4.0
1024,49280,2048,160.654,8.0
512,49280,2048,160.266,16.0
256,49280,2048,159.745,32.0
2048,49344,2048,158.338,4.0
1024,49344,2048,158.799,8.0
512,49344,2048,159.694,16.0
256,49344,2048,158.504,32.0
2048,49408,2048,160.565,4.0
1024,49408,2048,160.786,8.0
512,49408,2048,161.027,16.0
256,49408,2048,160.504,32.0
2048,49472,2048,159.191,4.0
1024,49472,2048,159.33,8.0
512,49472,2048,158.932,16.0
256,49472,2048,157.528,32.0
2048,49536,2048,160.601,4.0
1024,49536,2048,159.704,8.0
512,49536,2048,160.354,16.0
256,49536,2048,160.479,32.0
2048,49600,2048,160.538,4.0
1024,49600,2048,160.896,8.0
512,49600,2048,160.785,16.0
256,49600,2048,161.277,32.0
2048,49664,2048,161.009,4.0
1024,49664,2048,160.327,8.0
512,49664,2048,161.021,16.0
256,49664,2048,160.736,32.0
2048,49728,2048,160.108,4.0
1024,49728,2048,160.099,8.0
512,49728,2048,160.341,16.0
256,49728,2048,160.672,32.0
2048,49792,2048,160.751,4.0
1024,49792,2048,160.567,8.0
512,49792,2048,162.393,16.0
256,49792,2048,160.615,32.0
2048,49856,2048,160.491,4.0
1024,49856,2048,160.181,8.0
512,49856,2048,160.366,16.0
256,49856,2048,159.745,32.0
2048,49920,2048,153.208,4.0
1024,49920,2048,154.477,8.0
512,49920,2048,152.694,16.0
256,49920,2048,153.175,32.0
2048,49984,2048,159.878,4.0
1024,49984,2048,159.273,8.0
512,49984,2048,160.756,16.0
256,49984,2048,160.258,32.0
2048,50048,2048,157.419,4.0
1024,50048,2048,157.63,8.0
512,50048,2048,157.164,16.0
256,50048,2048,157.994,32.0
2048,50112,2048,160.371,4.0
1024,50112,2048,159.681,8.0
512,50112,2048,160.08,16.0
256,50112,2048,159.514,32.0
2048,50176,2048,160.785,4.0
1024,50176,2048,161.665,8.0
512,50176,2048,160.261,16.0
256,50176,2048,161.645,32.0
2048,50240,2048,159.405,4.0
1024,50240,2048,159.692,8.0
512,50240,2048,159.169,16.0
256,50240,2048,159.322,32.0
2048,50304,2048,158.928,4.0
1024,50304,2048,160.488,8.0
512,50304,2048,159.767,16.0
256,50304,2048,160.264,32.0
2048,50368,2048,159.674,4.0
1024,50368,2048,159.796,8.0
512,50368,2048,159.536,16.0
256,50368,2048,159.121,32.0
2048,50432,2048,162.066,4.0
1024,50432,2048,160.077,8.0
512,50432,2048,160.431,16.0
256,50432,2048,160.742,32.0
2048,50496,2048,160.776,4.0
1024,50496,2048,159.595,8.0
512,50496,2048,159.211,16.0
256,50496,2048,161.269,32.0
2048,50560,2048,160.678,4.0
1024,50560,2048,160.524,8.0
512,50560,2048,159.567,16.0
256,50560,2048,160.428,32.0
2048,50624,2048,160.201,4.0
1024,50624,2048,160.136,8.0
512,50624,2048,159.949,16.0
256,50624,2048,159.805,32.0
2048,50688,2048,161.254,4.0
1024,50688,2048,160.614,8.0
512,50688,2048,159.652,16.0
256,50688,2048,161.094,32.0
2048,50752,2048,159.807,4.0
1024,50752,2048,159.982,8.0
512,50752,2048,159.875,16.0
256,50752,2048,160.028,32.0
2048,50816,2048,159.835,4.0
1024,50816,2048,160.217,8.0
512,50816,2048,160.078,16.0
256,50816,2048,161.424,32.0
2048,50880,2048,159.746,4.0
1024,50880,2048,159.526,8.0
512,50880,2048,159.2,16.0
256,50880,2048,159.283,32.0
2048,50944,2048,159.36,4.0
1024,50944,2048,160.082,8.0
512,50944,2048,160.042,16.0
256,50944,2048,160.449,32.0
2048,51008,2048,159.797,4.0
1024,51008,2048,161.092,8.0
512,51008,2048,159.33,16.0
256,51008,2048,159.972,32.0
2048,51072,2048,159.826,4.0
1024,51072,2048,160.328,8.0
512,51072,2048,159.382,16.0
256,51072,2048,160.354,32.0
2048,51136,2048,156.605,4.0
1024,51136,2048,157.366,8.0
512,51136,2048,155.817,16.0
256,51136,2048,154.887,32.0
2048,51200,2048,160.186,4.0
1024,51200,2048,160.068,8.0
512,51200,2048,161.76,16.0
256,51200,2048,159.541,32.0
2048,51264,2048,159.567,4.0
1024,51264,2048,160.496,8.0
512,51264,2048,159.927,16.0
256,51264,2048,159.382,32.0
2048,51328,2048,159.866,4.0
1024,51328,2048,161.687,8.0
512,51328,2048,160.146,16.0
256,51328,2048,159.941,32.0
2048,51392,2048,160.059,4.0
1024,51392,2048,159.55,8.0
512,51392,2048,160.585,16.0
256,51392,2048,160.835,32.0
2048,51456,2048,160.072,4.0
1024,51456,2048,159.454,8.0
512,51456,2048,160.674,16.0
256,51456,2048,159.607,32.0
2048,51520,2048,160.618,4.0
1024,51520,2048,160.123,8.0
512,51520,2048,159.635,16.0
256,51520,2048,159.69,32.0
2048,51584,2048,160.267,4.0
1024,51584,2048,161.723,8.0
512,51584,2048,159.524,16.0
256,51584,2048,161.019,32.0
2048,51648,2048,160.47,4.0
1024,51648,2048,160.136,8.0
512,51648,2048,159.71,16.0
256,51648,2048,159.985,32.0
2048,51712,2048,159.91,4.0
1024,51712,2048,161.589,8.0
512,51712,2048,159.719,16.0
256,51712,2048,160.84,32.0
2048,51776,2048,160.298,4.0
1024,51776,2048,160.494,8.0
512,51776,2048,159.803,16.0
256,51776,2048,161.175,32.0
2048,51840,2048,159.427,4.0
1024,51840,2048,159.836,8.0
512,51840,2048,159.41,16.0
256,51840,2048,159.835,32.0
2048,51904,2048,159.871,4.0
1024,51904,2048,159.875,8.0
512,51904,2048,160.051,16.0
256,51904,2048,160.631,32.0
2048,51968,2048,161.267,4.0
1024,51968,2048,160.295,8.0
512,51968,2048,160.563,16.0
256,51968,2048,159.629,32.0
2048,52032,2048,160.469,4.0
1024,52032,2048,159.382,8.0
512,52032,2048,159.601,16.0
256,52032,2048,161.198,32.0
2048,52096,2048,159.501,4.0
1024,52096,2048,159.546,8.0
512,52096,2048,160.57,16.0
256,52096,2048,159.559,32.0
2048,52160,2048,159.635,4.0
1024,52160,2048,160.065,8.0
512,52160,2048,159.654,16.0
256,52160,2048,160.715,32.0
2048,52224,2048,121.412,4.0
1024,52224,2048,120.391,8.0
512,52224,2048,121.597,16.0
256,52224,2048,121.806,32.0
2048,52288,2048,160.861,4.0
1024,52288,2048,160.007,8.0
512,52288,2048,159.994,16.0
256,52288,2048,159.783,32.0
2048,52352,2048,159.568,4.0
1024,52352,2048,159.382,8.0
512,52352,2048,159.367,16.0
256,52352,2048,160.133,32.0
2048,52416,2048,159.799,4.0
1024,52416,2048,158.085,8.0
512,52416,2048,159.155,16.0
256,52416,2048,158.711,32.0
2048,52480,2048,160.206,4.0
1024,52480,2048,160.491,8.0
512,52480,2048,160.565,16.0
256,52480,2048,159.134,32.0
2048,52544,2048,159.719,4.0
1024,52544,2048,159.685,8.0
512,52544,2048,159.436,16.0
256,52544,2048,160.223,32.0
2048,52608,2048,161.052,4.0
1024,52608,2048,160.066,8.0
512,52608,2048,160.186,16.0
256,52608,2048,161.534,32.0
2048,52672,2048,158.692,4.0
1024,52672,2048,157.977,8.0
512,52672,2048,158.354,16.0
256,52672,2048,157.158,32.0
2048,52736,2048,159.838,4.0
1024,52736,2048,159.73,8.0
512,52736,2048,159.044,16.0
256,52736,2048,159.733,32.0
2048,52800,2048,160.714,4.0
1024,52800,2048,159.924,8.0
512,52800,2048,160.265,16.0
256,52800,2048,159.965,32.0
2048,52864,2048,159.737,4.0
1024,52864,2048,160.436,8.0
512,52864,2048,159.316,16.0
256,52864,2048,159.644,32.0
2048,52928,2048,159.61,4.0
1024,52928,2048,159.816,8.0
512,52928,2048,160.351,16.0
256,52928,2048,160.01,32.0
2048,52992,2048,160.13,4.0
1024,52992,2048,159.296,8.0
512,52992,2048,158.927,16.0
256,52992,2048,159.154,32.0
2048,53056,2048,159.773,4.0
1024,53056,2048,159.49,8.0
512,53056,2048,159.515,16.0
256,53056,2048,159.696,32.0
2048,53120,2048,160.267,4.0
1024,53120,2048,161.198,8.0
512,53120,2048,160.062,16.0
256,53120,2048,160.91,32.0
2048,53184,2048,160.79,4.0
1024,53184,2048,159.25,8.0
512,53184,2048,161.132,16.0
256,53184,2048,160.302,32.0
2048,53248,2048,159.887,4.0
1024,53248,2048,160.453,8.0
512,53248,2048,160.435,16.0
256,53248,2048,160.488,32.0
2048,53312,2048,159.597,4.0
1024,53312,2048,159.782,8.0
512,53312,2048,159.137,16.0
256,53312,2048,160.534,32.0
2048,53376,2048,161.238,4.0
1024,53376,2048,160.321,8.0
512,53376,2048,159.737,16.0
256,53376,2048,159.778,32.0
2048,53440,2048,160.303,4.0
1024,53440,2048,160.697,8.0
512,53440,2048,159.398,16.0
256,53440,2048,160.224,32.0
2048,53504,2048,159.423,4.0
1024,53504,2048,160.816,8.0
512,53504,2048,159.599,16.0
256,53504,2048,159.842,32.0
2048,53568,2048,159.633,4.0
1024,53568,2048,158.852,8.0
512,53568,2048,159.881,16.0
256,53568,2048,160.46,32.0
2048,53632,2048,159.813,4.0
1024,53632,2048,159.901,8.0
512,53632,2048,160.443,16.0
256,53632,2048,158.72,32.0
2048,53696,2048,160.327,4.0
1024,53696,2048,159.193,8.0
512,53696,2048,160.056,16.0
256,53696,2048,158.786,32.0
2048,53760,2048,133.67,4.0
1024,53760,2048,133.048,8.0
512,53760,2048,133.522,16.0
256,53760,2048,132.312,32.0
2048,53824,2048,159.388,4.0
1024,53824,2048,159.774,8.0
512,53824,2048,158.802,16.0
256,53824,2048,159.621,32.0
2048,53888,2048,160.472,4.0
1024,53888,2048,159.578,8.0
512,53888,2048,160.311,16.0
256,53888,2048,161.042,32.0
2048,53952,2048,159.836,4.0
1024,53952,2048,159.266,8.0
512,53952,2048,159.858,16.0
256,53952,2048,159.907,32.0
2048,54016,2048,160.056,4.0
1024,54016,2048,160.066,8.0
512,54016,2048,160.121,16.0
256,54016,2048,159.35,32.0
2048,54080,2048,159.203,4.0
1024,54080,2048,158.997,8.0
512,54080,2048,160.034,16.0
256,54080,2048,160.6,32.0
2048,54144,2048,159.98,4.0
1024,54144,2048,160.651,8.0
512,54144,2048,158.504,16.0
256,54144,2048,159.552,32.0
2048,54208,2048,160.055,4.0
1024,54208,2048,160.332,8.0
512,54208,2048,159.746,16.0
256,54208,2048,159.222,32.0
2048,54272,2048,159.125,4.0
1024,54272,2048,159.385,8.0
512,54272,2048,158.583,16.0
256,54272,2048,160.507,32.0
2048,54336,2048,160.208,4.0
1024,54336,2048,159.94,8.0
512,54336,2048,159.4,16.0
256,54336,2048,159.439,32.0
2048,54400,2048,158.129,4.0
1024,54400,2048,158.366,8.0
512,54400,2048,158.579,16.0
256,54400,2048,158.493,32.0
2048,54464,2048,158.959,4.0
1024,54464,2048,159.363,8.0
512,54464,2048,159.279,16.0
256,54464,2048,159.378,32.0
2048,54528,2048,160.275,4.0
1024,54528,2048,159.935,8.0
512,54528,2048,159.002,16.0
256,54528,2048,159.803,32.0
2048,54592,2048,161.17,4.0
1024,54592,2048,160.308,8.0
512,54592,2048,158.946,16.0
256,54592,2048,160.729,32.0
2048,54656,2048,160.427,4.0
1024,54656,2048,159.498,8.0
512,54656,2048,160.614,16.0
256,54656,2048,161.44,32.0
2048,54720,2048,160.15,4.0
1024,54720,2048,160.102,8.0
512,54720,2048,159.637,16.0
256,54720,2048,159.453,32.0
2048,54784,2048,160.087,4.0
1024,54784,2048,162.414,8.0
512,54784,2048,159.367,16.0
256,54784,2048,160.295,32.0
2048,54848,2048,159.872,4.0
1024,54848,2048,160.089,8.0
512,54848,2048,160.617,16.0
256,54848,2048,160.079,32.0
2048,54912,2048,160.055,4.0
1024,54912,2048,159.341,8.0
512,54912,2048,160.571,16.0
256,54912,2048,159.784,32.0
2048,54976,2048,160.255,4.0
1024,54976,2048,160.342,8.0
512,54976,2048,159.816,16.0
256,54976,2048,159.56,32.0
2048,55040,2048,159.394,4.0
1024,55040,2048,160.747,8.0
512,55040,2048,159.424,16.0
256,55040,2048,159.588,32.0
2048,55104,2048,159.8,4.0
1024,55104,2048,160.505,8.0
512,55104,2048,159.781,16.0
256,55104,2048,159.298,32.0
2048,55168,2048,159.611,4.0
1024,55168,2048,160.677,8.0
512,55168,2048,161.214,16.0
256,55168,2048,160.389,32.0
2048,55232,2048,159.383,4.0
1024,55232,2048,159.526,8.0
512,55232,2048,159.256,16.0
256,55232,2048,159.793,32.0
2048,55296,2048,159.47,4.0
1024,55296,2048,158.735,8.0
512,55296,2048,159.496,16.0
256,55296,2048,159.559,32.0
2048,55360,2048,159.309,4.0
1024,55360,2048,159.167,8.0
512,55360,2048,159.844,16.0
256,55360,2048,159.819,32.0
2048,55424,2048,160.327,4.0
1024,55424,2048,159.219,8.0
512,55424,2048,160.663,16.0
256,55424,2048,160.609,32.0
2048,55488,2048,160.567,4.0
1024,55488,2048,160.586,8.0
512,55488,2048,159.774,16.0
256,55488,2048,158.842,32.0
2048,55552,2048,160.185,4.0
1024,55552,2048,159.324,8.0
512,55552,2048,159.459,16.0
256,55552,2048,160.03,32.0
2048,55616,2048,159.054,4.0
1024,55616,2048,159.144,8.0
512,55616,2048,158.844,16.0
256,55616,2048,158.334,32.0
2048,55680,2048,160.109,4.0
1024,55680,2048,159.488,8.0
512,55680,2048,159.447,16.0
256,55680,2048,161.761,32.0
2048,55744,2048,158.809,4.0
1024,55744,2048,159.141,8.0
512,55744,2048,158.865,16.0
256,55744,2048,158.822,32.0
2048,55808,2048,160.262,4.0
1024,55808,2048,159.539,8.0
512,55808,2048,159.831,16.0
256,55808,2048,160.231,32.0
2048,55872,2048,159.498,4.0
1024,55872,2048,159.672,8.0
512,55872,2048,160.12,16.0
256,55872,2048,158.956,32.0
2048,55936,2048,159.489,4.0
1024,55936,2048,158.124,8.0
512,55936,2048,159.953,16.0
256,55936,2048,159.172,32.0
2048,56000,2048,159.811,4.0
1024,56000,2048,160.449,8.0
512,56000,2048,158.806,16.0
256,56000,2048,158.681,32.0
2048,56064,2048,158.414,4.0
1024,56064,2048,158.391,8.0
512,56064,2048,158.246,16.0
256,56064,2048,158.416,32.0
2048,56128,2048,158.627,4.0
1024,56128,2048,159.545,8.0
512,56128,2048,159.664,16.0
256,56128,2048,160.792,32.0
2048,56192,2048,157.929,4.0
1024,56192,2048,159.372,8.0
512,56192,2048,159.555,16.0
256,56192,2048,159.32,32.0
2048,56256,2048,159.778,4.0
1024,56256,2048,160.536,8.0
512,56256,2048,159.815,16.0
256,56256,2048,159.704,32.0
2048,56320,2048,159.724,4.0
1024,56320,2048,160.411,8.0
512,56320,2048,161.043,16.0
256,56320,2048,161.426,32.0
2048,56384,2048,159.674,4.0
1024,56384,2048,160.106,8.0
512,56384,2048,160.408,16.0
256,56384,2048,160.182,32.0
2048,56448,2048,158.995,4.0
1024,56448,2048,159.449,8.0
512,56448,2048,159.457,16.0
256,56448,2048,158.79,32.0
2048,56512,2048,159.258,4.0
1024,56512,2048,158.854,8.0
512,56512,2048,160.334,16.0
256,56512,2048,159.415,32.0
2048,56576,2048,148.889,4.0
1024,56576,2048,148.542,8.0
512,56576,2048,148.258,16.0
256,56576,2048,147.883,32.0
2048,56640,2048,160.827,4.0
1024,56640,2048,159.262,8.0
512,56640,2048,160.265,16.0
256,56640,2048,159.701,32.0
2048,56704,2048,159.122,4.0
1024,56704,2048,159.678,8.0
512,56704,2048,159.802,16.0
256,56704,2048,158.941,32.0
2048,56768,2048,158.705,4.0
1024,56768,2048,160.967,8.0
512,56768,2048,159.385,16.0
256,56768,2048,160.902,32.0
2048,56832,2048,160.441,4.0
1024,56832,2048,160.139,8.0
512,56832,2048,159.98,16.0
256,56832,2048,160.069,32.0
2048,56896,2048,159.891,4.0
1024,56896,2048,159.046,8.0
512,56896,2048,159.796,16.0
256,56896,2048,159.789,32.0
2048,56960,2048,160.766,4.0
1024,56960,2048,160.068,8.0
512,56960,2048,160.164,16.0
256,56960,2048,161.147,32.0
2048,57024,2048,155.211,4.0
1024,57024,2048,156.406,8.0
512,57024,2048,156.389,16.0
256,57024,2048,155.991,32.0
2048,57088,2048,160.889,4.0
1024,57088,2048,160.45,8.0
512,57088,2048,159.406,16.0
256,57088,2048,159.523,32.0
2048,57152,2048,160.353,4.0
1024,57152,2048,160.315,8.0
512,57152,2048,159.806,16.0
256,57152,2048,158.552,32.0
2048,57216,2048,159.917,4.0
1024,57216,2048,161.184,8.0
512,57216,2048,160.131,16.0
256,57216,2048,160.261,32.0
2048,57280,2048,158.373,4.0
1024,57280,2048,159.285,8.0
512,57280,2048,159.035,16.0
256,57280,2048,159.841,32.0
2048,57344,2048,159.192,4.0
1024,57344,2048,158.482,8.0
512,57344,2048,158.259,16.0
256,57344,2048,158.635,32.0
2048,57408,2048,158.439,4.0
1024,57408,2048,159.801,8.0
512,57408,2048,158.495,16.0
256,57408,2048,158.722,32.0
2048,57472,2048,159.367,4.0
1024,57472,2048,159.274,8.0
512,57472,2048,159.704,16.0
256,57472,2048,158.95,32.0
2048,57536,2048,158.892,4.0
1024,57536,2048,159.526,8.0
512,57536,2048,160.656,16.0
256,57536,2048,159.594,32.0
2048,57600,2048,151.931,4.0
1024,57600,2048,151.94,8.0
512,57600,2048,151.905,16.0
256,57600,2048,151.619,32.0
2048,57664,2048,158.709,4.0
1024,57664,2048,158.673,8.0
512,57664,2048,158.753,16.0
256,57664,2048,159.942,32.0
2048,57728,2048,158.336,4.0
1024,57728,2048,159.121,8.0
512,57728,2048,159.481,16.0
256,57728,2048,160.48,32.0
2048,57792,2048,158.035,4.0
1024,57792,2048,158.642,8.0
512,57792,2048,158.223,16.0
256,57792,2048,158.96,32.0
2048,57856,2048,159.675,4.0
1024,57856,2048,159.235,8.0
512,57856,2048,161.211,16.0
256,57856,2048,159.976,32.0
2048,57920,2048,158.022,4.0
1024,57920,2048,158.013,8.0
512,57920,2048,158.703,16.0
256,57920,2048,157.547,32.0
2048,57984,2048,159.054,4.0
1024,57984,2048,161.605,8.0
512,57984,2048,158.524,16.0
256,57984,2048,159.481,32.0
2048,58048,2048,156.779,4.0
1024,58048,2048,158.157,8.0
512,58048,2048,158.31,16.0
256,58048,2048,159.023,32.0
2048,58112,2048,160.417,4.0
1024,58112,2048,160.879,8.0
512,58112,2048,160.219,16.0
256,58112,2048,159.657,32.0
2048,58176,2048,160.406,4.0
1024,58176,2048,159.815,8.0
512,58176,2048,158.728,16.0
256,58176,2048,159.395,32.0
2048,58240,2048,157.957,4.0
1024,58240,2048,157.339,8.0
512,58240,2048,156.545,16.0
256,58240,2048,157.603,32.0
2048,58304,2048,157.887,4.0
1024,58304,2048,157.553,8.0
512,58304,2048,157.926,16.0
256,58304,2048,158.226,32.0
2048,58368,2048,160.443,4.0
1024,58368,2048,159.255,8.0
512,58368,2048,160.413,16.0
256,58368,2048,158.582,32.0
2048,58432,2048,160.108,4.0
1024,58432,2048,159.302,8.0
512,58432,2048,159.376,16.0
256,58432,2048,159.216,32.0
2048,58496,2048,158.164,4.0
1024,58496,2048,160.182,8.0
512,58496,2048,159.103,16.0
256,58496,2048,159.582,32.0
2048,58560,2048,158.932,4.0
1024,58560,2048,160.438,8.0
512,58560,2048,159.087,16.0
256,58560,2048,159.447,32.0
2048,58624,2048,158.545,4.0
1024,58624,2048,158.958,8.0
512,58624,2048,159.303,16.0
256,58624,2048,159.097,32.0
2048,58688,2048,158.913,4.0
1024,58688,2048,160.317,8.0
512,58688,2048,159.884,16.0
256,58688,2048,159.248,32.0
2048,58752,2048,156.182,4.0
1024,58752,2048,160.34,8.0
512,58752,2048,157.129,16.0
256,58752,2048,156.018,32.0
2048,58816,2048,160.071,4.0
1024,58816,2048,159.664,8.0
512,58816,2048,159.974,16.0
256,58816,2048,158.827,32.0
2048,58880,2048,159.915,4.0
1024,58880,2048,159.568,8.0
512,58880,2048,161.263,16.0
256,58880,2048,158.804,32.0
2048,58944,2048,159.053,4.0
1024,58944,2048,158.104,8.0
512,58944,2048,157.987,16.0
256,58944,2048,158.491,32.0
2048,59008,2048,159.65,4.0
1024,59008,2048,157.876,8.0
512,59008,2048,159.26,16.0
256,59008,2048,158.505,32.0
2048,59072,2048,159.162,4.0
1024,59072,2048,160.104,8.0
512,59072,2048,160.113,16.0
256,59072,2048,159.36,32.0
2048,59136,2048,159.085,4.0
1024,59136,2048,158.089,8.0
512,59136,2048,159.897,16.0
256,59136,2048,158.598,32.0
2048,59200,2048,159.511,4.0
1024,59200,2048,159.763,8.0
512,59200,2048,160.053,16.0
256,59200,2048,157.959,32.0
2048,59264,2048,158.068,4.0
1024,59264,2048,160.405,8.0
512,59264,2048,159.326,16.0
256,59264,2048,158.724,32.0
2048,59328,2048,159.479,4.0
1024,59328,2048,157.959,8.0
512,59328,2048,159.186,16.0
256,59328,2048,158.128,32.0
2048,59392,2048,158.166,4.0
1024,59392,2048,159.985,8.0
512,59392,2048,158.812,16.0
256,59392,2048,160.002,32.0
2048,59456,2048,158.57,4.0
1024,59456,2048,158.762,8.0
512,59456,2048,158.269,16.0
256,59456,2048,157.604,32.0
2048,59520,2048,158.734,4.0
1024,59520,2048,159.2,8.0
512,59520,2048,157.223,16.0
256,59520,2048,157.371,32.0
2048,59584,2048,159.196,4.0
1024,59584,2048,160.498,8.0
512,59584,2048,158.985,16.0
256,59584,2048,158.798,32.0
2048,59648,2048,158.669,4.0
1024,59648,2048,158.506,8.0
512,59648,2048,159.239,16.0
256,59648,2048,158.112,32.0
2048,59712,2048,159.623,4.0
1024,59712,2048,159.312,8.0
512,59712,2048,160.847,16.0
256,59712,2048,159.097,32.0
2048,59776,2048,159.216,4.0
1024,59776,2048,159.724,8.0
512,59776,2048,159.376,16.0
256,59776,2048,159.991,32.0
2048,59840,2048,158.678,4.0
1024,59840,2048,158.798,8.0
512,59840,2048,158.926,16.0
256,59840,2048,160.087,32.0
2048,59904,2048,159.359,4.0
1024,59904,2048,159.805,8.0
512,59904,2048,159.534,16.0
256,59904,2048,158.325,32.0
2048,59968,2048,160.576,4.0
1024,59968,2048,158.761,8.0
512,59968,2048,159.149,16.0
256,59968,2048,158.706,32.0
2048,60032,2048,160.494,4.0
1024,60032,2048,159.839,8.0
512,60032,2048,159.192,16.0
256,60032,2048,158.314,32.0
2048,60096,2048,158.529,4.0
1024,60096,2048,158.748,8.0
512,60096,2048,159.727,16.0
256,60096,2048,159.572,32.0
2048,60160,2048,159.998,4.0
1024,60160,2048,160.177,8.0
512,60160,2048,159.312,16.0
256,60160,2048,159.686,32.0
2048,60224,2048,158.616,4.0
1024,60224,2048,158.808,8.0
512,60224,2048,159.138,16.0
256,60224,2048,158.448,32.0
2048,60288,2048,160.087,4.0
1024,60288,2048,160.039,8.0
512,60288,2048,159.108,16.0
256,60288,2048,157.976,32.0
2048,60352,2048,156.692,4.0
1024,60352,2048,158.936,8.0
512,60352,2048,158.628,16.0
256,60352,2048,158.496,32.0
2048,60416,2048,158.669,4.0
1024,60416,2048,160.553,8.0
512,60416,2048,159.396,16.0
256,60416,2048,158.623,32.0
2048,60480,2048,160.034,4.0
1024,60480,2048,158.907,8.0
512,60480,2048,159.037,16.0
256,60480,2048,160.483,32.0
2048,60544,2048,160.305,4.0
1024,60544,2048,159.261,8.0
512,60544,2048,158.726,16.0
256,60544,2048,159.665,32.0
2048,60608,2048,159.721,4.0
1024,60608,2048,157.812,8.0
512,60608,2048,158.148,16.0
256,60608,2048,159.377,32.0
2048,60672,2048,159.533,4.0
1024,60672,2048,159.193,8.0
512,60672,2048,159.236,16.0
256,60672,2048,158.806,32.0
2048,60736,2048,159.662,4.0
1024,60736,2048,158.837,8.0
512,60736,2048,158.056,16.0
256,60736,2048,159.753,32.0
2048,60800,2048,156.979,4.0
1024,60800,2048,156.992,8.0
512,60800,2048,156.661,16.0
256,60800,2048,157.716,32.0
2048,60864,2048,159.346,4.0
1024,60864,2048,159.068,8.0
512,60864,2048,159.376,16.0
256,60864,2048,158.907,32.0
2048,60928,2048,132.364,4.0
1024,60928,2048,130.753,8.0
512,60928,2048,130.647,16.0
256,60928,2048,130.21,32.0
2048,60992,2048,159.601,4.0
1024,60992,2048,159.058,8.0
512,60992,2048,160.992,16.0
256,60992,2048,158.778,32.0
2048,61056,2048,157.93,4.0
1024,61056,2048,158.719,8.0
512,61056,2048,159.985,16.0
256,61056,2048,158.822,32.0
2048,61120,2048,159.102,4.0
1024,61120,2048,160.259,8.0
512,61120,2048,159.561,16.0
256,61120,2048,160.054,32.0
2048,61184,2048,160.041,4.0
1024,61184,2048,159.669,8.0
512,61184,2048,159.861,16.0
256,61184,2048,159.18,32.0
2048,61248,2048,157.156,4.0
1024,61248,2048,157.428,8.0
512,61248,2048,158.904,16.0
256,61248,2048,159.32,32.0
2048,61312,2048,160.366,4.0
1024,61312,2048,160.836,8.0
512,61312,2048,159.807,16.0
256,61312,2048,160.284,32.0
2048,61376,2048,157.296,4.0
1024,61376,2048,156.241,8.0
512,61376,2048,156.663,16.0
256,61376,2048,158.54,32.0
2048,61440,2048,125.201,4.0
1024,61440,2048,125.622,8.0
512,61440,2048,127.076,16.0
256,61440,2048,126.217,32.0
2048,61504,2048,157.236,4.0
1024,61504,2048,155.169,8.0
512,61504,2048,156.924,16.0
256,61504,2048,156.353,32.0
2048,61568,2048,161.488,4.0
1024,61568,2048,160.121,8.0
512,61568,2048,159.637,16.0
256,61568,2048,159.884,32.0
2048,61632,2048,158.98,4.0
1024,61632,2048,159.992,8.0
512,61632,2048,160.058,16.0
256,61632,2048,160.061,32.0
2048,61696,2048,160.166,4.0
1024,61696,2048,160.19,8.0
512,61696,2048,157.896,16.0
256,61696,2048,159.236,32.0
2048,61760,2048,159.866,4.0
1024,61760,2048,158.399,8.0
512,61760,2048,158.943,16.0
256,61760,2048,159.747,32.0
2048,61824,2048,157.801,4.0
1024,61824,2048,159.29,8.0
512,61824,2048,159.345,16.0
256,61824,2048,159.959,32.0
2048,61888,2048,154.007,4.0
1024,61888,2048,155.291,8.0
512,61888,2048,155.234,16.0
256,61888,2048,156.101,32.0
2048,61952,2048,154.999,4.0
1024,61952,2048,154.916,8.0
512,61952,2048,155.383,16.0
256,61952,2048,155.73,32.0
2048,62016,2048,160.524,4.0
1024,62016,2048,158.284,8.0
512,62016,2048,158.434,16.0
256,62016,2048,159.918,32.0
2048,62080,2048,158.978,4.0
1024,62080,2048,159.258,8.0
512,62080,2048,159.068,16.0
256,62080,2048,157.559,32.0
2048,62144,2048,159.923,4.0
1024,62144,2048,158.723,8.0
512,62144,2048,158.404,16.0
256,62144,2048,158.371,32.0
2048,62208,2048,158.992,4.0
1024,62208,2048,158.423,8.0
512,62208,2048,158.373,16.0
256,62208,2048,159.415,32.0
2048,62272,2048,160.277,4.0
1024,62272,2048,159.729,8.0
512,62272,2048,158.369,16.0
256,62272,2048,158.719,32.0
2048,62336,2048,158.875,4.0
1024,62336,2048,160.18,8.0
512,62336,2048,158.172,16.0
256,62336,2048,159.465,32.0
2048,62400,2048,159.519,4.0
1024,62400,2048,159.016,8.0
512,62400,2048,159.51,16.0
256,62400,2048,159.542,32.0
2048,62464,2048,160.21,4.0
1024,62464,2048,159.2,8.0
512,62464,2048,159.594,16.0
256,62464,2048,158.128,32.0
2048,62528,2048,157.26,4.0
1024,62528,2048,158.76,8.0
512,62528,2048,158.344,16.0
256,62528,2048,158.157,32.0
2048,62592,2048,159.531,4.0
1024,62592,2048,160.114,8.0
512,62592,2048,159.289,16.0
256,62592,2048,159.616,32.0
2048,62656,2048,158.059,4.0
1024,62656,2048,158.108,8.0
512,62656,2048,158.201,16.0
256,62656,2048,159.195,32.0
2048,62720,2048,158.685,4.0
1024,62720,2048,158.902,8.0
512,62720,2048,159.505,16.0
256,62720,2048,159.238,32.0
2048,62784,2048,157.725,4.0
1024,62784,2048,159.518,8.0
512,62784,2048,158.75,16.0
256,62784,2048,157.729,32.0
2048,62848,2048,159.499,4.0
1024,62848,2048,160.273,8.0
512,62848,2048,160.43,16.0
256,62848,2048,158.055,32.0
2048,62912,2048,160.353,4.0
1024,62912,2048,160.25,8.0
512,62912,2048,158.863,16.0
256,62912,2048,158.255,32.0
2048,62976,2048,158.155,4.0
1024,62976,2048,158.786,8.0
512,62976,2048,157.992,16.0
256,62976,2048,158.542,32.0
2048,63040,2048,159.469,4.0
1024,63040,2048,160.332,8.0
512,63040,2048,159.575,16.0
256,63040,2048,157.763,32.0
2048,63104,2048,153.45,4.0
1024,63104,2048,152.503,8.0
512,63104,2048,153.695,16.0
256,63104,2048,153.764,32.0
2048,63168,2048,159.373,4.0
1024,63168,2048,159.366,8.0
512,63168,2048,159.129,16.0
256,63168,2048,159.616,32.0
2048,63232,2048,159.276,4.0
1024,63232,2048,158.315,8.0
512,63232,2048,160.085,16.0
256,63232,2048,159.382,32.0
2048,63296,2048,159.464,4.0
1024,63296,2048,159.134,8.0
512,63296,2048,159.523,16.0
256,63296,2048,160.26,32.0
2048,63360,2048,157.878,4.0
1024,63360,2048,160.665,8.0
512,63360,2048,160.987,16.0
256,63360,2048,158.805,32.0
2048,63424,2048,159.196,4.0
1024,63424,2048,159.761,8.0
512,63424,2048,158.043,16.0
256,63424,2048,159.458,32.0
2048,63488,2048,159.356,4.0
1024,63488,2048,159.449,8.0
512,63488,2048,159.566,16.0
256,63488,2048,159.749,32.0
2048,63552,2048,158.986,4.0
1024,63552,2048,158.415,8.0
512,63552,2048,158.356,16.0
256,63552,2048,158.654,32.0
2048,63616,2048,159.429,4.0
1024,63616,2048,159.323,8.0
512,63616,2048,159.713,16.0
256,63616,2048,159.081,32.0
2048,63680,2048,159.101,4.0
1024,63680,2048,159.772,8.0
512,63680,2048,158.997,16.0
256,63680,2048,159.216,32.0
2048,63744,2048,159.757,4.0
1024,63744,2048,158.53,8.0
512,63744,2048,159.083,16.0
256,63744,2048,159.451,32.0
2048,63808,2048,159.631,4.0
1024,63808,2048,159.317,8.0
512,63808,2048,159.146,16.0
256,63808,2048,159.968,32.0
2048,63872,2048,160.061,4.0
1024,63872,2048,160.122,8.0
512,63872,2048,159.454,16.0
256,63872,2048,158.922,32.0
2048,63936,2048,159.398,4.0
1024,63936,2048,159.318,8.0
512,63936,2048,158.897,16.0
256,63936,2048,157.211,32.0
2048,64000,2048,159.147,4.0
1024,64000,2048,159.838,8.0
512,64000,2048,159.665,16.0
256,64000,2048,158.71,32.0
2048,64064,2048,158.806,4.0
1024,64064,2048,159.182,8.0
512,64064,2048,158.524,16.0
256,64064,2048,159.28,32.0
2048,64128,2048,157.693,4.0
1024,64128,2048,159.34,8.0
512,64128,2048,157.797,16.0
256,64128,2048,158.914,32.0
2048,64192,2048,162.064,4.0
1024,64192,2048,160.448,8.0
512,64192,2048,159.844,16.0
256,64192,2048,160.546,32.0
2048,64256,2048,158.552,4.0
1024,64256,2048,157.97,8.0
512,64256,2048,158.45,16.0
256,64256,2048,159.59,32.0
2048,64320,2048,159.175,4.0
1024,64320,2048,159.121,8.0
512,64320,2048,158.63,16.0
256,64320,2048,159.019,32.0
2048,64384,2048,159.922,4.0
1024,64384,2048,159.272,8.0
512,64384,2048,158.774,16.0
256,64384,2048,160.425,32.0
2048,64448,2048,158.935,4.0
1024,64448,2048,159.293,8.0
512,64448,2048,158.986,16.0
256,64448,2048,159.722,32.0
2048,64512,2048,154.975,4.0
1024,64512,2048,153.959,8.0
512,64512,2048,155.532,16.0
256,64512,2048,155.064,32.0
2048,64576,2048,159.668,4.0
1024,64576,2048,159.787,8.0
512,64576,2048,159.503,16.0
256,64576,2048,159.18,32.0
2048,64640,2048,159.142,4.0
1024,64640,2048,159.479,8.0
512,64640,2048,158.846,16.0
256,64640,2048,158.611,32.0
2048,64704,2048,158.326,4.0
1024,64704,2048,159.608,8.0
512,64704,2048,159.608,16.0
256,64704,2048,160.261,32.0
2048,64768,2048,157.748,4.0
1024,64768,2048,159.577,8.0
512,64768,2048,158.454,16.0
256,64768,2048,158.996,32.0
2048,64832,2048,157.564,4.0
1024,64832,2048,157.855,8.0
512,64832,2048,157.781,16.0
256,64832,2048,158.269,32.0
2048,64896,2048,160.359,4.0
1024,64896,2048,159.008,8.0
512,64896,2048,158.737,16.0
256,64896,2048,159.978,32.0
2048,64960,2048,157.314,4.0
1024,64960,2048,157.752,8.0
512,64960,2048,156.182,16.0
256,64960,2048,156.152,32.0
2048,65024,2048,159.513,4.0
1024,65024,2048,158.272,8.0
512,65024,2048,159.177,16.0
256,65024,2048,159.991,32.0
2048,65088,2048,157.611,4.0
1024,65088,2048,156.971,8.0
512,65088,2048,157.442,16.0
256,65088,2048,157.578,32.0
2048,65152,2048,160.347,4.0
1024,65152,2048,158.898,8.0
512,65152,2048,158.863,16.0
256,65152,2048,159.818,32.0
2048,65216,2048,157.677,4.0
1024,65216,2048,159.031,8.0
512,65216,2048,158.427,16.0
256,65216,2048,157.692,32.0
2048,65280,2048,143.336,4.0
1024,65280,2048,143.471,8.0
512,65280,2048,143.121,16.0
256,65280,2048,142.043,32.0
2048,65344,2048,159.577,4.0
1024,65344,2048,160.312,8.0
512,65344,2048,159.126,16.0
256,65344,2048,158.922,32.0
2048,65408,2048,156.144,4.0
1024,65408,2048,156.773,8.0
512,65408,2048,156.849,16.0
256,65408,2048,155.356,32.0
2048,65472,2048,161.773,4.0
1024,65472,2048,160.02,8.0
512,65472,2048,160.556,16.0
256,65472,2048,161.739,32.0
2048,65536,2048,141.138,4.0
1024,65536,2048,139.395,8.0
512,65536,2048,140.414,16.0
256,65536,2048,139.479,32.0
2048,65600,2048,161.344,4.0
1024,65600,2048,159.004,8.0
512,65600,2048,159.021,16.0
256,65600,2048,158.857,32.0
2048,65664,2048,156.829,4.0
1024,65664,2048,156.81,8.0
512,65664,2048,155.359,16.0
256,65664,2048,157.38,32.0
2048,65728,2048,159.509,4.0
1024,65728,2048,158.908,8.0
512,65728,2048,160.159,16.0
256,65728,2048,159.008,32.0
2048,65792,2048,140.189,4.0
1024,65792,2048,141.398,8.0
512,65792,2048,140.331,16.0
256,65792,2048,140.837,32.0
2048,65856,2048,158.412,4.0
1024,65856,2048,159.766,8.0
512,65856,2048,158.544,16.0
256,65856,2048,159.432,32.0
2048,65920,2048,159.269,4.0
1024,65920,2048,159.19,8.0
512,65920,2048,159.215,16.0
256,65920,2048,158.976,32.0
2048,65984,2048,155.714,4.0
1024,65984,2048,156.617,8.0
512,65984,2048,155.036,16.0
256,65984,2048,155.584,32.0
2048,66048,2048,158.536,4.0
1024,66048,2048,160.017,8.0
512,66048,2048,158.442,16.0
256,66048,2048,159.678,32.0
2048,66112,2048,157.05,4.0
1024,66112,2048,156.904,8.0
512,66112,2048,157.058,16.0
256,66112,2048,157.136,32.0
2048,66176,2048,159.557,4.0
1024,66176,2048,159.585,8.0
512,66176,2048,159.311,16.0
256,66176,2048,159.481,32.0
2048,66240,2048,158.741,4.0
1024,66240,2048,159.653,8.0
512,66240,2048,158.246,16.0
256,66240,2048,158.739,32.0
2048,66304,2048,158.273,4.0
1024,66304,2048,157.4,8.0
512,66304,2048,159.675,16.0
256,66304,2048,159.149,32.0
2048,66368,2048,159.478,4.0
1024,66368,2048,158.95,8.0
512,66368,2048,159.395,16.0
256,66368,2048,159.97,32.0
2048,66432,2048,159.783,4.0
1024,66432,2048,159.228,8.0
512,66432,2048,159.498,16.0
256,66432,2048,158.897,32.0
2048,66496,2048,160.3,4.0
1024,66496,2048,158.769,8.0
512,66496,2048,159.17,16.0
256,66496,2048,159.73,32.0
2048,66560,2048,156.563,4.0
1024,66560,2048,154.335,8.0
512,66560,2048,154.19,16.0
256,66560,2048,155.231,32.0
2048,66624,2048,158.299,4.0
1024,66624,2048,159.161,8.0
512,66624,2048,158.305,16.0
256,66624,2048,158.709,32.0
2048,66688,2048,159.734,4.0
1024,66688,2048,158.446,8.0
512,66688,2048,159.362,16.0
256,66688,2048,159.248,32.0
2048,66752,2048,159.162,4.0
1024,66752,2048,158.874,8.0
512,66752,2048,157.572,16.0
256,66752,2048,159.478,32.0
2048,66816,2048,159.118,4.0
1024,66816,2048,158.744,8.0
512,66816,2048,157.418,16.0
256,66816,2048,157.873,32.0
2048,66880,2048,159.219,4.0
1024,66880,2048,158.352,8.0
512,66880,2048,157.782,16.0
256,66880,2048,158.669,32.0
2048,66944,2048,159.689,4.0
1024,66944,2048,158.835,8.0
512,66944,2048,159.205,16.0
256,66944,2048,159.276,32.0
2048,67008,2048,158.849,4.0
1024,67008,2048,158.986,8.0
512,67008,2048,157.36,16.0
256,67008,2048,157.188,32.0
2048,67072,2048,159.212,4.0
1024,67072,2048,158.765,8.0
512,67072,2048,158.908,16.0
256,67072,2048,158.381,32.0
2048,67136,2048,159.02,4.0
1024,67136,2048,158.494,8.0
512,67136,2048,159.537,16.0
256,67136,2048,158.565,32.0
2048,67200,2048,155.418,4.0
1024,67200,2048,156.602,8.0
512,67200,2048,155.303,16.0
256,67200,2048,155.592,32.0
2048,67264,2048,158.649,4.0
1024,67264,2048,158.369,8.0
512,67264,2048,158.181,16.0
256,67264,2048,159.095,32.0
2048,67328,2048,158.797,4.0
1024,67328,2048,159.192,8.0
512,67328,2048,158.267,16.0
256,67328,2048,159.423,32.0
2048,67392,2048,159.593,4.0
1024,67392,2048,159.003,8.0
512,67392,2048,159.093,16.0
256,67392,2048,157.621,32.0
2048,67456,2048,153.234,4.0
1024,67456,2048,153.901,8.0
512,67456,2048,153.231,16.0
256,67456,2048,154.136,32.0
2048,67520,2048,159.686,4.0
1024,67520,2048,158.377,8.0
512,67520,2048,158.911,16.0
256,67520,2048,157.122,32.0
2048,67584,2048,159.882,4.0
1024,67584,2048,158.638,8.0
512,67584,2048,158.11,16.0
256,67584,2048,159.811,32.0
2048,67648,2048,157.414,4.0
1024,67648,2048,158.569,8.0
512,67648,2048,157.938,16.0
256,67648,2048,158.49,32.0
2048,67712,2048,159.049,4.0
1024,67712,2048,158.9,8.0
512,67712,2048,159.667,16.0
256,67712,2048,159.115,32.0
2048,67776,2048,159.029,4.0
1024,67776,2048,159.144,8.0
512,67776,2048,158.228,16.0
256,67776,2048,158.917,32.0
2048,67840,2048,158.878,4.0
1024,67840,2048,159.861,8.0
512,67840,2048,159.371,16.0
256,67840,2048,158.829,32.0
2048,67904,2048,158.677,4.0
1024,67904,2048,158.812,8.0
512,67904,2048,159.988,16.0
256,67904,2048,158.517,32.0
2048,67968,2048,157.852,4.0
1024,67968,2048,159.124,8.0
512,67968,2048,157.954,16.0
256,67968,2048,158.013,32.0
2048,68032,2048,159.381,4.0
1024,68032,2048,158.736,8.0
512,68032,2048,159.0,16.0
256,68032,2048,157.914,32.0
2048,68096,2048,158.18,4.0
1024,68096,2048,159.351,8.0
512,68096,2048,157.993,16.0
256,68096,2048,159.559,32.0
2048,68160,2048,159.19,4.0
1024,68160,2048,159.082,8.0
512,68160,2048,159.0,16.0
256,68160,2048,159.686,32.0
2048,68224,2048,160.375,4.0
1024,68224,2048,159.188,8.0
512,68224,2048,158.503,16.0
256,68224,2048,159.24,32.0
2048,68288,2048,159.446,4.0
1024,68288,2048,158.545,8.0
512,68288,2048,158.161,16.0
256,68288,2048,158.736,32.0
2048,68352,2048,159.162,4.0
1024,68352,2048,158.394,8.0
512,68352,2048,159.713,16.0
256,68352,2048,160.173,32.0
2048,68416,2048,157.876,4.0
1024,68416,2048,158.341,8.0
512,68416,2048,158.586,16.0
256,68416,2048,158.682,32.0
2048,68480,2048,159.545,4.0
1024,68480,2048,157.935,8.0
512,68480,2048,159.832,16.0
256,68480,2048,159.442,32.0
2048,68544,2048,159.107,4.0
1024,68544,2048,158.408,8.0
512,68544,2048,159.516,16.0
256,68544,2048,159.099,32.0
2048,68608,2048,159.265,4.0
1024,68608,2048,159.522,8.0
512,68608,2048,157.843,16.0
256,68608,2048,159.375,32.0
2048,68672,2048,158.116,4.0
1024,68672,2048,158.466,8.0
512,68672,2048,158.001,16.0
256,68672,2048,157.487,32.0
2048,68736,2048,158.128,4.0
1024,68736,2048,159.459,8.0
512,68736,2048,159.21,16.0
256,68736,2048,158.468,32.0
2048,68800,2048,159.558,4.0
1024,68800,2048,158.167,8.0
512,68800,2048,158.645,16.0
256,68800,2048,159.117,32.0
2048,68864,2048,158.702,4.0
1024,68864,2048,159.377,8.0
512,68864,2048,159.332,16.0
256,68864,2048,158.706,32.0
2048,68928,2048,156.569,4.0
1024,68928,2048,159.484,8.0
512,68928,2048,157.939,16.0
256,68928,2048,157.995,32.0
2048,68992,2048,158.673,4.0
1024,68992,2048,159.101,8.0
512,68992,2048,159.559,16.0
256,68992,2048,159.321,32.0
2048,69056,2048,159.32,4.0
1024,69056,2048,159.13,8.0
512,69056,2048,159.284,16.0
256,69056,2048,159.433,32.0
2048,69120,2048,138.842,4.0
1024,69120,2048,137.021,8.0
512,69120,2048,138.561,16.0
256,69120,2048,135.684,32.0
2048,69184,2048,159.334,4.0
1024,69184,2048,159.45,8.0
512,69184,2048,157.69,16.0
256,69184,2048,158.993,32.0
2048,69248,2048,157.628,4.0
1024,69248,2048,156.711,8.0
512,69248,2048,157.693,16.0
256,69248,2048,157.84,32.0
2048,69312,2048,158.871,4.0
1024,69312,2048,157.978,8.0
512,69312,2048,157.113,16.0
256,69312,2048,159.264,32.0
2048,69376,2048,158.643,4.0
1024,69376,2048,157.824,8.0
512,69376,2048,158.598,16.0
256,69376,2048,159.04,32.0
2048,69440,2048,159.046,4.0
1024,69440,2048,157.722,8.0
512,69440,2048,158.057,16.0
256,69440,2048,158.682,32.0
2048,69504,2048,159.641,4.0
1024,69504,2048,160.493,8.0
512,69504,2048,159.176,16.0
256,69504,2048,158.822,32.0
2048,69568,2048,150.858,4.0
1024,69568,2048,151.057,8.0
512,69568,2048,150.945,16.0
256,69568,2048,150.658,32.0
2048,69632,2048,107.13,4.0
1024,69632,2048,107.096,8.0
512,69632,2048,106.012,16.0
256,69632,2048,106.637,32.0
2048,69696,2048,156.193,4.0
1024,69696,2048,156.102,8.0
512,69696,2048,157.35,16.0
256,69696,2048,158.521,32.0
2048,69760,2048,160.281,4.0
1024,69760,2048,157.72,8.0
512,69760,2048,159.6,16.0
256,69760,2048,159.371,32.0
2048,69824,2048,157.745,4.0
1024,69824,2048,158.145,8.0
512,69824,2048,157.205,16.0
256,69824,2048,157.808,32.0
2048,69888,2048,158.406,4.0
1024,69888,2048,160.526,8.0
512,69888,2048,158.126,16.0
256,69888,2048,159.706,32.0
2048,69952,2048,159.265,4.0
1024,69952,2048,158.631,8.0
512,69952,2048,158.198,16.0
256,69952,2048,158.771,32.0
2048,70016,2048,157.948,4.0
1024,70016,2048,158.856,8.0
512,70016,2048,158.326,16.0
256,70016,2048,158.805,32.0
2048,70080,2048,158.534,4.0
1024,70080,2048,159.452,8.0
512,70080,2048,159.49,16.0
256,70080,2048,159.231,32.0
2048,70144,2048,151.816,4.0
1024,70144,2048,151.63,8.0
512,70144,2048,151.869,16.0
256,70144,2048,150.909,32.0
2048,70208,2048,153.165,4.0
1024,70208,2048,153.097,8.0
512,70208,2048,152.127,16.0
256,70208,2048,153.289,32.0
2048,70272,2048,158.345,4.0
1024,70272,2048,159.487,8.0
512,70272,2048,158.007,16.0
256,70272,2048,158.624,32.0
2048,70336,2048,158.84,4.0
1024,70336,2048,158.436,8.0
512,70336,2048,158.782,16.0
256,70336,2048,159.016,32.0
2048,70400,2048,159.178,4.0
1024,70400,2048,159.528,8.0
512,70400,2048,158.628,16.0
256,70400,2048,158.791,32.0
2048,70464,2048,159.857,4.0
1024,70464,2048,158.465,8.0
512,70464,2048,158.907,16.0
256,70464,2048,157.535,32.0
2048,70528,2048,157.721,4.0
1024,70528,2048,157.77,8.0
512,70528,2048,158.841,16.0
256,70528,2048,158.667,32.0
2048,70592,2048,158.111,4.0
1024,70592,2048,159.037,8.0
512,70592,2048,158.418,16.0
256,70592,2048,158.99,32.0
2048,70656,2048,158.661,4.0
1024,70656,2048,159.23,8.0
512,70656,2048,158.798,16.0
256,70656,2048,159.526,32.0
2048,70720,2048,159.607,4.0
1024,70720,2048,159.761,8.0
512,70720,2048,159.898,16.0
256,70720,2048,159.052,32.0
2048,70784,2048,158.325,4.0
1024,70784,2048,159.682,8.0
512,70784,2048,158.036,16.0
256,70784,2048,158.325,32.0
2048,70848,2048,159.8,4.0
1024,70848,2048,158.709,8.0
512,70848,2048,157.767,16.0
256,70848,2048,160.059,32.0
2048,70912,2048,158.402,4.0
1024,70912,2048,157.99,8.0
512,70912,2048,158.857,16.0
256,70912,2048,158.26,32.0
2048,70976,2048,160.27,4.0
1024,70976,2048,158.389,8.0
512,70976,2048,158.89,16.0
256,70976,2048,159.128,32.0
2048,71040,2048,160.302,4.0
1024,71040,2048,161.211,8.0
512,71040,2048,157.251,16.0
256,71040,2048,159.402,32.0
2048,71104,2048,159.242,4.0
1024,71104,2048,159.808,8.0
512,71104,2048,158.728,16.0
256,71104,2048,158.949,32.0
2048,71168,2048,157.797,4.0
1024,71168,2048,159.217,8.0
512,71168,2048,158.651,16.0
256,71168,2048,158.552,32.0
2048,71232,2048,157.656,4.0
1024,71232,2048,159.101,8.0
512,71232,2048,158.479,16.0
256,71232,2048,158.427,32.0
2048,71296,2048,159.489,4.0
1024,71296,2048,157.746,8.0
512,71296,2048,159.527,16.0
256,71296,2048,159.017,32.0
2048,71360,2048,158.853,4.0
1024,71360,2048,160.017,8.0
512,71360,2048,158.452,16.0
256,71360,2048,159.129,32.0
2048,71424,2048,158.604,4.0
1024,71424,2048,159.677,8.0
512,71424,2048,157.825,16.0
256,71424,2048,157.655,32.0
2048,71488,2048,158.57,4.0
1024,71488,2048,159.31,8.0
512,71488,2048,159.686,16.0
256,71488,2048,158.809,32.0
2048,71552,2048,158.39,4.0
1024,71552,2048,158.162,8.0
512,71552,2048,158.348,16.0
256,71552,2048,158.688,32.0
2048,71616,2048,158.976,4.0
1024,71616,2048,158.988,8.0
512,71616,2048,158.859,16.0
256,71616,2048,158.491,32.0
2048,71680,2048,158.058,4.0
1024,71680,2048,158.494,8.0
512,71680,2048,157.832,16.0
256,71680,2048,157.442,32.0
2048,71744,2048,159.922,4.0
1024,71744,2048,159.024,8.0
512,71744,2048,159.312,16.0
256,71744,2048,158.685,32.0
2048,71808,2048,159.283,4.0
1024,71808,2048,159.604,8.0
512,71808,2048,159.254,16.0
256,71808,2048,159.915,32.0
2048,71872,2048,158.192,4.0
1024,71872,2048,159.115,8.0
512,71872,2048,157.416,16.0
256,71872,2048,158.012,32.0
2048,71936,2048,158.137,4.0
1024,71936,2048,158.599,8.0
512,71936,2048,157.855,16.0
256,71936,2048,157.264,32.0
2048,72000,2048,158.403,4.0
1024,72000,2048,157.463,8.0
512,72000,2048,157.465,16.0
256,72000,2048,158.5,32.0
2048,72064,2048,159.077,4.0
1024,72064,2048,159.149,8.0
512,72064,2048,159.841,16.0
256,72064,2048,158.562,32.0
2048,72128,2048,158.325,4.0
1024,72128,2048,158.121,8.0
512,72128,2048,158.513,16.0
256,72128,2048,159.045,32.0
2048,72192,2048,160.534,4.0
1024,72192,2048,158.635,8.0
512,72192,2048,159.094,16.0
256,72192,2048,158.01,32.0
2048,72256,2048,157.947,4.0
1024,72256,2048,157.645,8.0
512,72256,2048,158.245,16.0
256,72256,2048,157.141,32.0
2048,72320,2048,159.111,4.0
1024,72320,2048,158.897,8.0
512,72320,2048,158.739,16.0
256,72320,2048,159.196,32.0
2048,72384,2048,158.307,4.0
1024,72384,2048,158.737,8.0
512,72384,2048,158.619,16.0
256,72384,2048,159.519,32.0
2048,72448,2048,158.004,4.0
1024,72448,2048,158.638,8.0
512,72448,2048,158.95,16.0
256,72448,2048,158.913,32.0
2048,72512,2048,159.113,4.0
1024,72512,2048,159.738,8.0
512,72512,2048,159.664,16.0
256,72512,2048,158.349,32.0
2048,72576,2048,158.299,4.0
1024,72576,2048,156.973,8.0
512,72576,2048,158.243,16.0
256,72576,2048,157.678,32.0
2048,72640,2048,157.969,4.0
1024,72640,2048,158.699,8.0
512,72640,2048,158.711,16.0
256,72640,2048,158.624,32.0
2048,72704,2048,159.367,4.0
1024,72704,2048,158.987,8.0
512,72704,2048,159.141,16.0
256,72704,2048,158.607,32.0
2048,72768,2048,158.025,4.0
1024,72768,2048,158.432,8.0
512,72768,2048,160.0,16.0
256,72768,2048,158.665,32.0
2048,72832,2048,159.108,4.0
1024,72832,2048,159.079,8.0
512,72832,2048,157.285,16.0
256,72832,2048,158.875,32.0
2048,72896,2048,159.265,4.0
1024,72896,2048,158.742,8.0
512,72896,2048,157.413,16.0
256,72896,2048,158.863,32.0
2048,72960,2048,153.16,4.0
1024,72960,2048,153.045,8.0
512,72960,2048,153.656,16.0
256,72960,2048,152.718,32.0
2048,73024,2048,159.811,4.0
1024,73024,2048,158.577,8.0
512,73024,2048,159.316,16.0
256,73024,2048,157.884,32.0
2048,73088,2048,159.338,4.0
1024,73088,2048,159.561,8.0
512,73088,2048,158.682,16.0
256,73088,2048,159.335,32.0
2048,73152,2048,159.361,4.0
1024,73152,2048,158.691,8.0
512,73152,2048,156.94,16.0
256,73152,2048,159.263,32.0
2048,73216,2048,158.591,4.0
1024,73216,2048,159.225,8.0
512,73216,2048,159.338,16.0
256,73216,2048,159.027,32.0
2048,73280,2048,158.334,4.0
1024,73280,2048,157.988,8.0
512,73280,2048,158.246,16.0
256,73280,2048,157.024,32.0
2048,73344,2048,158.071,4.0
1024,73344,2048,158.213,8.0
512,73344,2048,159.288,16.0
256,73344,2048,159.124,32.0
2048,73408,2048,157.51,4.0
1024,73408,2048,158.395,8.0
512,73408,2048,159.016,16.0
256,73408,2048,158.782,32.0
2048,73472,2048,158.677,4.0
1024,73472,2048,158.694,8.0
512,73472,2048,159.374,16.0
256,73472,2048,159.0,32.0
2048,73536,2048,154.883,4.0
1024,73536,2048,155.744,8.0
512,73536,2048,154.103,16.0
256,73536,2048,155.492,32.0
2048,73600,2048,157.802,4.0
1024,73600,2048,159.274,8.0
512,73600,2048,158.69,16.0
256,73600,2048,159.124,32.0
2048,73664,2048,158.624,4.0
1024,73664,2048,157.73,8.0
512,73664,2048,158.357,16.0
256,73664,2048,158.824,32.0
2048,73728,2048,157.003,4.0
1024,73728,2048,156.911,8.0
512,73728,2048,155.458,16.0
256,73728,2048,156.876,32.0
2048,73792,2048,158.805,4.0
1024,73792,2048,158.938,8.0
512,73792,2048,158.88,16.0
256,73792,2048,157.92,32.0
2048,73856,2048,157.419,4.0
1024,73856,2048,158.794,8.0
512,73856,2048,158.427,16.0
256,73856,2048,158.083,32.0
2048,73920,2048,159.424,4.0
1024,73920,2048,159.179,8.0
512,73920,2048,159.253,16.0
256,73920,2048,159.026,32.0
2048,73984,2048,153.63,4.0
1024,73984,2048,152.293,8.0
512,73984,2048,152.172,16.0
256,73984,2048,151.35,32.0
2048,74048,2048,158.932,4.0
1024,74048,2048,158.512,8.0
512,74048,2048,159.06,16.0
256,74048,2048,158.478,32.0
2048,74112,2048,157.802,4.0
1024,74112,2048,158.35,8.0
512,74112,2048,158.341,16.0
256,74112,2048,158.171,32.0
2048,74176,2048,156.841,4.0
1024,74176,2048,161.225,8.0
512,74176,2048,158.357,16.0
256,74176,2048,157.161,32.0
2048,74240,2048,158.447,4.0
1024,74240,2048,158.769,8.0
512,74240,2048,159.996,16.0
256,74240,2048,159.002,32.0
2048,74304,2048,155.521,4.0
1024,74304,2048,156.156,8.0
512,74304,2048,156.842,16.0
256,74304,2048,156.359,32.0
2048,74368,2048,157.723,4.0
1024,74368,2048,157.708,8.0
512,74368,2048,157.923,16.0
256,74368,2048,158.484,32.0
2048,74432,2048,158.677,4.0
1024,74432,2048,158.855,8.0
512,74432,2048,158.675,16.0
256,74432,2048,158.463,32.0
2048,74496,2048,159.161,4.0
1024,74496,2048,158.414,8.0
512,74496,2048,157.764,16.0
256,74496,2048,157.682,32.0
2048,74560,2048,157.789,4.0
1024,74560,2048,158.493,8.0
512,74560,2048,159.648,16.0
256,74560,2048,159.732,32.0
2048,74624,2048,157.893,4.0
1024,74624,2048,158.583,8.0
512,74624,2048,156.969,16.0
256,74624,2048,158.138,32.0
2048,74688,2048,159.056,4.0
1024,74688,2048,158.921,8.0
512,74688,2048,158.767,16.0
256,74688,2048,158.754,32.0
2048,74752,2048,160.107,4.0
1024,74752,2048,159.117,8.0
512,74752,2048,159.17,16.0
256,74752,2048,158.082,32.0
2048,74816,2048,154.437,4.0
1024,74816,2048,153.207,8.0
512,74816,2048,153.44,16.0
256,74816,2048,152.799,32.0
2048,74880,2048,148.386,4.0
1024,74880,2048,148.224,8.0
512,74880,2048,148.714,16.0
256,74880,2048,148.679,32.0
2048,74944,2048,152.311,4.0
1024,74944,2048,152.481,8.0
512,74944,2048,151.845,16.0
256,74944,2048,151.729,32.0
2048,75008,2048,156.467,4.0
1024,75008,2048,156.959,8.0
512,75008,2048,156.904,16.0
256,75008,2048,157.021,32.0
2048,75072,2048,156.412,4.0
1024,75072,2048,156.536,8.0
512,75072,2048,158.224,16.0
256,75072,2048,155.214,32.0
2048,75136,2048,159.618,4.0
1024,75136,2048,158.821,8.0
512,75136,2048,158.631,16.0
256,75136,2048,158.33,32.0
2048,75200,2048,158.93,4.0
1024,75200,2048,158.435,8.0
512,75200,2048,158.268,16.0
256,75200,2048,157.105,32.0
2048,75264,2048,158.491,4.0
1024,75264,2048,158.872,8.0
512,75264,2048,157.723,16.0
256,75264,2048,158.694,32.0
2048,75328,2048,157.019,4.0
1024,75328,2048,159.243,8.0
512,75328,2048,157.894,16.0
256,75328,2048,156.88,32.0
2048,75392,2048,159.209,4.0
1024,75392,2048,158.983,8.0
512,75392,2048,159.372,16.0
256,75392,2048,159.214,32.0
2048,75456,2048,157.777,4.0
1024,75456,2048,157.284,8.0
512,75456,2048,158.134,16.0
256,75456,2048,158.017,32.0
2048,75520,2048,157.73,4.0
1024,75520,2048,158.473,8.0
512,75520,2048,157.897,16.0
256,75520,2048,157.139,32.0
2048,75584,2048,157.951,4.0
1024,75584,2048,159.19,8.0
512,75584,2048,159.2,16.0
256,75584,2048,158.606,32.0
2048,75648,2048,158.161,4.0
1024,75648,2048,158.082,8.0
512,75648,2048,159.136,16.0
256,75648,2048,158.281,32.0
2048,75712,2048,158.191,4.0
1024,75712,2048,158.903,8.0
512,75712,2048,158.423,16.0
256,75712,2048,158.38,32.0
2048,75776,2048,156.713,4.0
1024,75776,2048,157.701,8.0
512,75776,2048,158.937,16.0
256,75776,2048,158.718,32.0
2048,75840,2048,157.485,4.0
1024,75840,2048,157.266,8.0
512,75840,2048,157.388,16.0
256,75840,2048,158.911,32.0
2048,75904,2048,157.974,4.0
1024,75904,2048,159.44,8.0
512,75904,2048,159.073,16.0
256,75904,2048,159.235,32.0
2048,75968,2048,157.304,4.0
1024,75968,2048,158.588,8.0
512,75968,2048,158.743,16.0
256,75968,2048,158.499,32.0
2048,76032,2048,156.531,4.0
1024,76032,2048,157.623,8.0
512,76032,2048,159.939,16.0
256,76032,2048,160.24,32.0
2048,76096,2048,156.912,4.0
1024,76096,2048,156.944,8.0
512,76096,2048,158.23,16.0
256,76096,2048,157.831,32.0
2048,76160,2048,157.354,4.0
1024,76160,2048,153.798,8.0
512,76160,2048,155.14,16.0
256,76160,2048,155.558,32.0
2048,76224,2048,158.641,4.0
1024,76224,2048,158.621,8.0
512,76224,2048,157.971,16.0
256,76224,2048,158.382,32.0
2048,76288,2048,158.284,4.0
1024,76288,2048,158.026,8.0
512,76288,2048,158.907,16.0
256,76288,2048,158.419,32.0
2048,76352,2048,159.454,4.0
1024,76352,2048,158.926,8.0
512,76352,2048,158.524,16.0
256,76352,2048,158.254,32.0
2048,76416,2048,158.184,4.0
1024,76416,2048,159.486,8.0
512,76416,2048,158.491,16.0
256,76416,2048,158.101,32.0
2048,76480,2048,158.684,4.0
1024,76480,2048,158.447,8.0
512,76480,2048,158.867,16.0
256,76480,2048,158.811,32.0
2048,76544,2048,158.655,4.0
1024,76544,2048,158.59,8.0
512,76544,2048,158.414,16.0
256,76544,2048,158.532,32.0
2048,76608,2048,157.89,4.0
1024,76608,2048,157.914,8.0
512,76608,2048,157.645,16.0
256,76608,2048,158.33,32.0
2048,76672,2048,157.952,4.0
1024,76672,2048,158.249,8.0
512,76672,2048,157.796,16.0
256,76672,2048,157.899,32.0
2048,76736,2048,158.267,4.0
1024,76736,2048,158.08,8.0
512,76736,2048,157.782,16.0
256,76736,2048,158.256,32.0
2048,76800,2048,137.513,4.0
1024,76800,2048,137.506,8.0
512,76800,2048,137.339,16.0
256,76800,2048,139.022,32.0
2048,76864,2048,159.113,4.0
1024,76864,2048,158.552,8.0
512,76864,2048,158.424,16.0
256,76864,2048,157.746,32.0
2048,76928,2048,158.42,4.0
1024,76928,2048,158.42,8.0
512,76928,2048,159.061,16.0
256,76928,2048,158.894,32.0
2048,76992,2048,159.862,4.0
1024,76992,2048,157.817,8.0
512,76992,2048,158.164,16.0
256,76992,2048,157.73,32.0
2048,77056,2048,158.349,4.0
1024,77056,2048,157.79,8.0
512,77056,2048,157.795,16.0
256,77056,2048,158.078,32.0
2048,77120,2048,157.854,4.0
1024,77120,2048,158.242,8.0
512,77120,2048,156.981,16.0
256,77120,2048,157.909,32.0
2048,77184,2048,157.907,4.0
1024,77184,2048,157.713,8.0
512,77184,2048,157.347,16.0
256,77184,2048,157.643,32.0
2048,77248,2048,162.915,4.0
1024,77248,2048,160.379,8.0
512,77248,2048,162.26,16.0
256,77248,2048,161.441,32.0
2048,77312,2048,158.653,4.0
1024,77312,2048,158.241,8.0
512,77312,2048,157.796,16.0
256,77312,2048,157.687,32.0
2048,77376,2048,154.007,4.0
1024,77376,2048,153.208,8.0
512,77376,2048,152.724,16.0
256,77376,2048,153.636,32.0
2048,77440,2048,159.438,4.0
1024,77440,2048,159.77,8.0
512,77440,2048,160.508,16.0
256,77440,2048,158.598,32.0
2048,77504,2048,158.228,4.0
1024,77504,2048,158.294,8.0
512,77504,2048,158.41,16.0
256,77504,2048,158.184,32.0
2048,77568,2048,157.137,4.0
1024,77568,2048,157.354,8.0
512,77568,2048,158.364,16.0
256,77568,2048,157.136,32.0
2048,77632,2048,157.564,4.0
1024,77632,2048,157.299,8.0
512,77632,2048,158.293,16.0
256,77632,2048,158.039,32.0
2048,77696,2048,158.66,4.0
1024,77696,2048,159.008,8.0
512,77696,2048,158.863,16.0
256,77696,2048,159.033,32.0
2048,77760,2048,157.359,4.0
1024,77760,2048,158.046,8.0
512,77760,2048,158.197,16.0
256,77760,2048,157.907,32.0
2048,77824,2048,158.267,4.0
1024,77824,2048,158.851,8.0
512,77824,2048,158.816,16.0
256,77824,2048,158.276,32.0
2048,77888,2048,157.96,4.0
1024,77888,2048,157.287,8.0
512,77888,2048,158.522,16.0
256,77888,2048,158.903,32.0
2048,77952,2048,158.852,4.0
1024,77952,2048,159.21,8.0
512,77952,2048,157.405,16.0
256,77952,2048,157.728,32.0
2048,78016,2048,158.626,4.0
1024,78016,2048,158.103,8.0
512,78016,2048,157.702,16.0
256,78016,2048,158.57,32.0
2048,78080,2048,158.732,4.0
1024,78080,2048,159.493,8.0
512,78080,2048,159.415,16.0
256,78080,2048,158.616,32.0
2048,78144,2048,158.06,4.0
1024,78144,2048,157.946,8.0
512,78144,2048,157.915,16.0
256,78144,2048,158.989,32.0
2048,78208,2048,158.712,4.0
1024,78208,2048,158.58,8.0
512,78208,2048,158.446,16.0
256,78208,2048,159.29,32.0
2048,78272,2048,159.169,4.0
1024,78272,2048,157.64,8.0
512,78272,2048,158.382,16.0
256,78272,2048,159.068,32.0
2048,78336,2048,131.94,4.0
1024,78336,2048,132.37,8.0
512,78336,2048,131.023,16.0
256,78336,2048,132.953,32.0
2048,78400,2048,158.953,4.0
1024,78400,2048,158.479,8.0
512,78400,2048,158.61,16.0
256,78400,2048,157.723,32.0
2048,78464,2048,158.954,4.0
1024,78464,2048,158.04,8.0
512,78464,2048,158.249,16.0
256,78464,2048,158.12,32.0
2048,78528,2048,158.18,4.0
1024,78528,2048,159.018,8.0
512,78528,2048,159.322,16.0
256,78528,2048,158.809,32.0
2048,78592,2048,158.301,4.0
1024,78592,2048,157.154,8.0
512,78592,2048,157.933,16.0
256,78592,2048,157.488,32.0
2048,78656,2048,158.146,4.0
1024,78656,2048,157.681,8.0
512,78656,2048,158.45,16.0
256,78656,2048,158.275,32.0
2048,78720,2048,161.472,4.0
1024,78720,2048,160.569,8.0
512,78720,2048,159.712,16.0
256,78720,2048,161.533,32.0
2048,78784,2048,152.529,4.0
1024,78784,2048,153.36,8.0
512,78784,2048,152.552,16.0
256,78784,2048,152.857,32.0
2048,78848,2048,157.309,4.0
1024,78848,2048,157.773,8.0
512,78848,2048,158.429,16.0
256,78848,2048,157.817,32.0
2048,78912,2048,158.663,4.0
1024,78912,2048,156.685,8.0
512,78912,2048,158.207,16.0
256,78912,2048,158.022,32.0
2048,78976,2048,159.086,4.0
1024,78976,2048,156.364,8.0
512,78976,2048,156.765,16.0
256,78976,2048,157.36,32.0
2048,79040,2048,158.348,4.0
1024,79040,2048,157.995,8.0
512,79040,2048,158.927,16.0
256,79040,2048,158.721,32.0
2048,79104,2048,158.108,4.0
1024,79104,2048,158.046,8.0
512,79104,2048,157.092,16.0
256,79104,2048,157.674,32.0
2048,79168,2048,158.344,4.0
1024,79168,2048,158.77,8.0
512,79168,2048,158.451,16.0
256,79168,2048,157.676,32.0
2048,79232,2048,157.635,4.0
1024,79232,2048,157.752,8.0
512,79232,2048,157.698,16.0
256,79232,2048,158.788,32.0
2048,79296,2048,158.737,4.0
1024,79296,2048,157.327,8.0
512,79296,2048,158.848,16.0
256,79296,2048,157.369,32.0
2048,79360,2048,158.635,4.0
1024,79360,2048,157.779,8.0
512,79360,2048,159.327,16.0
256,79360,2048,158.957,32.0
2048,79424,2048,159.314,4.0
1024,79424,2048,158.181,8.0
512,79424,2048,158.173,16.0
256,79424,2048,158.494,32.0
2048,79488,2048,158.08,4.0
1024,79488,2048,157.96,8.0
512,79488,2048,158.018,16.0
256,79488,2048,158.262,32.0
2048,79552,2048,159.077,4.0
1024,79552,2048,157.671,8.0
512,79552,2048,158.445,16.0
256,79552,2048,158.903,32.0
2048,79616,2048,159.225,4.0
1024,79616,2048,159.702,8.0
512,79616,2048,158.862,16.0
256,79616,2048,160.268,32.0
2048,79680,2048,158.502,4.0
1024,79680,2048,157.927,8.0
512,79680,2048,158.007,16.0
256,79680,2048,157.928,32.0
2048,79744,2048,158.622,4.0
1024,79744,2048,157.66,8.0
512,79744,2048,157.405,16.0
256,79744,2048,158.242,32.0
2048,79808,2048,158.523,4.0
1024,79808,2048,158.202,8.0
512,79808,2048,159.302,16.0
256,79808,2048,158.355,32.0
2048,79872,2048,159.059,4.0
1024,79872,2048,158.636,8.0
512,79872,2048,158.563,16.0
256,79872,2048,158.73,32.0
2048,79936,2048,158.103,4.0
1024,79936,2048,158.952,8.0
512,79936,2048,158.791,16.0
256,79936,2048,157.103,32.0
2048,80000,2048,158.285,4.0
1024,80000,2048,158.353,8.0
512,80000,2048,158.555,16.0
256,80000,2048,158.517,32.0
2048,80064,2048,158.314,4.0
1024,80064,2048,158.645,8.0
512,80064,2048,158.798,16.0
256,80064,2048,158.027,32.0
2048,80128,2048,157.629,4.0
1024,80128,2048,159.232,8.0
512,80128,2048,157.986,16.0
256,80128,2048,158.023,32.0
2048,80192,2048,158.336,4.0
1024,80192,2048,158.256,8.0
512,80192,2048,157.368,16.0
256,80192,2048,157.175,32.0
2048,80256,2048,158.93,4.0
1024,80256,2048,158.229,8.0
512,80256,2048,158.582,16.0
256,80256,2048,158.521,32.0
2048,80320,2048,158.117,4.0
1024,80320,2048,157.332,8.0
512,80320,2048,158.06,16.0
256,80320,2048,158.085,32.0
2048,80384,2048,158.209,4.0
1024,80384,2048,157.8,8.0
512,80384,2048,158.644,16.0
256,80384,2048,157.144,32.0
2048,80448,2048,158.279,4.0
1024,80448,2048,157.901,8.0
512,80448,2048,157.707,16.0
256,80448,2048,157.33,32.0
2048,80512,2048,152.074,4.0
1024,80512,2048,152.928,8.0
512,80512,2048,152.273,16.0
256,80512,2048,151.67,32.0
2048,80576,2048,158.732,4.0
1024,80576,2048,158.787,8.0
512,80576,2048,158.999,16.0
256,80576,2048,159.685,32.0
2048,80640,2048,146.487,4.0
1024,80640,2048,146.603,8.0
512,80640,2048,146.728,16.0
256,80640,2048,146.556,32.0
2048,80704,2048,157.677,4.0
1024,80704,2048,157.696,8.0
512,80704,2048,157.741,16.0
256,80704,2048,157.904,32.0
2048,80768,2048,158.117,4.0
1024,80768,2048,158.608,8.0
512,80768,2048,159.122,16.0
256,80768,2048,157.347,32.0
2048,80832,2048,154.613,4.0
1024,80832,2048,155.492,8.0
512,80832,2048,155.924,16.0
256,80832,2048,156.069,32.0
2048,80896,2048,157.954,4.0
1024,80896,2048,157.782,8.0
512,80896,2048,158.002,16.0
256,80896,2048,158.0,32.0
2048,80960,2048,157.961,4.0
1024,80960,2048,157.707,8.0
512,80960,2048,158.193,16.0
256,80960,2048,158.097,32.0
2048,81024,2048,158.846,4.0
1024,81024,2048,157.958,8.0
512,81024,2048,158.782,16.0
256,81024,2048,159.178,32.0
2048,81088,2048,158.343,4.0
1024,81088,2048,158.151,8.0
512,81088,2048,158.214,16.0
256,81088,2048,158.921,32.0
2048,81152,2048,159.768,4.0
1024,81152,2048,159.725,8.0
512,81152,2048,158.893,16.0
256,81152,2048,160.449,32.0
2048,81216,2048,158.188,4.0
1024,81216,2048,158.442,8.0
512,81216,2048,159.16,16.0
256,81216,2048,158.443,32.0
2048,81280,2048,158.571,4.0
1024,81280,2048,158.441,8.0
512,81280,2048,158.597,16.0
256,81280,2048,158.718,32.0
2048,81344,2048,158.34,4.0
1024,81344,2048,158.692,8.0
512,81344,2048,157.998,16.0
256,81344,2048,158.616,32.0
2048,81408,2048,157.714,4.0
1024,81408,2048,157.924,8.0
512,81408,2048,158.003,16.0
256,81408,2048,157.645,32.0
2048,81472,2048,158.294,4.0
1024,81472,2048,158.193,8.0
512,81472,2048,158.379,16.0
256,81472,2048,158.335,32.0
2048,81536,2048,157.694,4.0
1024,81536,2048,158.652,8.0
512,81536,2048,158.905,16.0
256,81536,2048,159.912,32.0
2048,81600,2048,160.051,4.0
1024,81600,2048,159.796,8.0
512,81600,2048,160.295,16.0
256,81600,2048,158.869,32.0
2048,81664,2048,156.628,4.0
1024,81664,2048,158.761,8.0
512,81664,2048,157.907,16.0
256,81664,2048,158.186,32.0
2048,81728,2048,158.838,4.0
1024,81728,2048,158.456,8.0
512,81728,2048,158.624,16.0
256,81728,2048,157.85,32.0
2048,81792,2048,157.676,4.0
1024,81792,2048,158.078,8.0
512,81792,2048,156.947,16.0
256,81792,2048,157.06,32.0
2048,81856,2048,158.229,4.0
1024,81856,2048,157.547,8.0
512,81856,2048,157.58,16.0
256,81856,2048,158.446,32.0
2048,81920,2048,155.911,4.0
1024,81920,2048,156.678,8.0
512,81920,2048,157.367,16.0
256,81920,2048,155.511,32.0
2048,81984,2048,157.276,4.0
1024,81984,2048,158.112,8.0
512,81984,2048,157.748,16.0
256,81984,2048,159.205,32.0
2048,82048,2048,158.77,4.0
1024,82048,2048,158.125,8.0
512,82048,2048,158.159,16.0
256,82048,2048,158.287,32.0
2048,82112,2048,159.005,4.0
1024,82112,2048,159.03,8.0
512,82112,2048,158.125,16.0
256,82112,2048,158.097,32.0
2048,82176,2048,158.001,4.0
1024,82176,2048,158.129,8.0
512,82176,2048,159.055,16.0
256,82176,2048,158.2,32.0
2048,82240,2048,154.808,4.0
1024,82240,2048,154.102,8.0
512,82240,2048,154.624,16.0
256,82240,2048,154.529,32.0
2048,82304,2048,158.114,4.0
1024,82304,2048,157.228,8.0
512,82304,2048,159.094,16.0
256,82304,2048,158.645,32.0
2048,82368,2048,158.133,4.0
1024,82368,2048,158.148,8.0
512,82368,2048,158.229,16.0
256,82368,2048,157.747,32.0
2048,82432,2048,158.024,4.0
1024,82432,2048,159.205,8.0
512,82432,2048,158.78,16.0
256,82432,2048,158.835,32.0
2048,82496,2048,158.474,4.0
1024,82496,2048,158.274,8.0
512,82496,2048,158.612,16.0
256,82496,2048,158.152,32.0
2048,82560,2048,162.23,4.0
1024,82560,2048,160.238,8.0
512,82560,2048,161.219,16.0
256,82560,2048,159.086,32.0
2048,82624,2048,151.056,4.0
1024,82624,2048,152.309,8.0
512,82624,2048,150.733,16.0
256,82624,2048,152.053,32.0
2048,82688,2048,145.261,4.0
1024,82688,2048,144.261,8.0
512,82688,2048,144.839,16.0
256,82688,2048,145.956,32.0
2048,82752,2048,158.198,4.0
1024,82752,2048,158.193,8.0
512,82752,2048,158.018,16.0
256,82752,2048,158.301,32.0
2048,82816,2048,157.268,4.0
1024,82816,2048,158.09,8.0
512,82816,2048,157.605,16.0
256,82816,2048,157.355,32.0
2048,82880,2048,157.847,4.0
1024,82880,2048,156.79,8.0
512,82880,2048,158.359,16.0
256,82880,2048,158.39,32.0
2048,82944,2048,157.311,4.0
1024,82944,2048,158.439,8.0
512,82944,2048,157.764,16.0
256,82944,2048,158.184,32.0
2048,83008,2048,157.769,4.0
1024,83008,2048,157.451,8.0
512,83008,2048,157.574,16.0
256,83008,2048,158.133,32.0
2048,83072,2048,157.478,4.0
1024,83072,2048,157.24,8.0
512,83072,2048,158.777,16.0
256,83072,2048,158.087,32.0
2048,83136,2048,159.139,4.0
1024,83136,2048,158.554,8.0
512,83136,2048,158.796,16.0
256,83136,2048,158.515,32.0
2048,83200,2048,158.568,4.0
1024,83200,2048,158.569,8.0
512,83200,2048,158.919,16.0
256,83200,2048,157.912,32.0
2048,83264,2048,157.848,4.0
1024,83264,2048,158.623,8.0
512,83264,2048,157.296,16.0
256,83264,2048,158.149,32.0
2048,83328,2048,158.327,4.0
1024,83328,2048,158.005,8.0
512,83328,2048,158.428,16.0
256,83328,2048,158.598,32.0
2048,83392,2048,158.708,4.0
1024,83392,2048,158.223,8.0
512,83392,2048,158.551,16.0
256,83392,2048,158.046,32.0
2048,83456,2048,157.779,4.0
1024,83456,2048,158.166,8.0
512,83456,2048,158.054,16.0
256,83456,2048,158.892,32.0
2048,83520,2048,158.925,4.0
1024,83520,2048,157.332,8.0
512,83520,2048,158.063,16.0
256,83520,2048,157.94,32.0
2048,83584,2048,157.932,4.0
1024,83584,2048,157.319,8.0
512,83584,2048,158.315,16.0
256,83584,2048,158.365,32.0
2048,83648,2048,158.741,4.0
1024,83648,2048,157.641,8.0
512,83648,2048,157.386,16.0
256,83648,2048,157.997,32.0
2048,83712,2048,158.238,4.0
1024,83712,2048,158.077,8.0
512,83712,2048,158.055,16.0
256,83712,2048,158.454,32.0
2048,83776,2048,158.23,4.0
1024,83776,2048,158.104,8.0
512,83776,2048,158.39,16.0
256,83776,2048,158.053,32.0
2048,83840,2048,158.393,4.0
1024,83840,2048,158.725,8.0
512,83840,2048,157.796,16.0
256,83840,2048,158.91,32.0
2048,83904,2048,157.859,4.0
1024,83904,2048,158.2,8.0
512,83904,2048,158.421,16.0
256,83904,2048,157.913,32.0
2048,83968,2048,158.041,4.0
1024,83968,2048,158.03,8.0
512,83968,2048,158.034,16.0
256,83968,2048,158.117,32.0
2048,84032,2048,157.704,4.0
1024,84032,2048,157.583,8.0
512,84032,2048,157.111,16.0
256,84032,2048,158.154,32.0
2048,84096,2048,158.146,4.0
1024,84096,2048,158.142,8.0
512,84096,2048,158.397,16.0
256,84096,2048,157.703,32.0
2048,84160,2048,158.512,4.0
1024,84160,2048,158.232,8.0
512,84160,2048,158.469,16.0
256,84160,2048,158.363,32.0
2048,84224,2048,157.493,4.0
1024,84224,2048,157.726,8.0
512,84224,2048,157.5,16.0
256,84224,2048,157.939,32.0
2048,84288,2048,157.534,4.0
1024,84288,2048,157.535,8.0
512,84288,2048,157.375,16.0
256,84288,2048,157.58,32.0
2048,84352,2048,158.051,4.0
1024,84352,2048,157.583,8.0
512,84352,2048,157.903,16.0
256,84352,2048,157.922,32.0
2048,84416,2048,157.987,4.0
1024,84416,2048,158.387,8.0
512,84416,2048,158.095,16.0
256,84416,2048,157.264,32.0
2048,84480,2048,139.587,4.0
1024,84480,2048,143.412,8.0
512,84480,2048,140.309,16.0
256,84480,2048,143.204,32.0
2048,84544,2048,158.911,4.0
1024,84544,2048,158.641,8.0
512,84544,2048,157.44,16.0
256,84544,2048,157.905,32.0
2048,84608,2048,158.058,4.0
1024,84608,2048,158.627,8.0
512,84608,2048,159.046,16.0
256,84608,2048,156.894,32.0
2048,84672,2048,157.48,4.0
1024,84672,2048,157.814,8.0
512,84672,2048,157.561,16.0
256,84672,2048,157.333,32.0
2048,84736,2048,157.843,4.0
1024,84736,2048,158.226,8.0
512,84736,2048,158.189,16.0
256,84736,2048,158.308,32.0
2048,84800,2048,158.25,4.0
1024,84800,2048,158.875,8.0
512,84800,2048,158.297,16.0
256,84800,2048,158.708,32.0
2048,84864,2048,157.594,4.0
1024,84864,2048,157.43,8.0
512,84864,2048,158.907,16.0
256,84864,2048,159.484,32.0
2048,84928,2048,152.474,4.0
1024,84928,2048,150.309,8.0
512,84928,2048,151.365,16.0
256,84928,2048,150.877,32.0
2048,84992,2048,157.918,4.0
1024,84992,2048,158.022,8.0
512,84992,2048,157.607,16.0
256,84992,2048,158.06,32.0
2048,85056,2048,158.249,4.0
1024,85056,2048,157.855,8.0
512,85056,2048,157.948,16.0
256,85056,2048,157.856,32.0
2048,85120,2048,158.427,4.0
1024,85120,2048,157.96,8.0
512,85120,2048,158.881,16.0
256,85120,2048,157.951,32.0
2048,85184,2048,158.756,4.0
1024,85184,2048,158.849,8.0
512,85184,2048,158.768,16.0
256,85184,2048,159.039,32.0
2048,85248,2048,158.016,4.0
1024,85248,2048,157.339,8.0
512,85248,2048,157.58,16.0
256,85248,2048,157.589,32.0
2048,85312,2048,158.299,4.0
1024,85312,2048,158.553,8.0
512,85312,2048,158.911,16.0
256,85312,2048,159.49,32.0
2048,85376,2048,158.845,4.0
1024,85376,2048,158.138,8.0
512,85376,2048,157.752,16.0
256,85376,2048,158.991,32.0
2048,85440,2048,157.956,4.0
1024,85440,2048,156.694,8.0
512,85440,2048,157.884,16.0
256,85440,2048,157.54,32.0
2048,85504,2048,158.024,4.0
1024,85504,2048,157.588,8.0
512,85504,2048,158.814,16.0
256,85504,2048,158.233,32.0
2048,85568,2048,157.676,4.0
1024,85568,2048,156.902,8.0
512,85568,2048,157.495,16.0
256,85568,2048,157.651,32.0
2048,85632,2048,157.954,4.0
1024,85632,2048,159.018,8.0
512,85632,2048,158.591,16.0
256,85632,2048,156.702,32.0
2048,85696,2048,157.912,4.0
1024,85696,2048,158.814,8.0
512,85696,2048,159.186,16.0
256,85696,2048,158.194,32.0
2048,85760,2048,158.276,4.0
1024,85760,2048,158.866,8.0
512,85760,2048,158.257,16.0
256,85760,2048,158.869,32.0
2048,85824,2048,157.858,4.0
1024,85824,2048,157.227,8.0
512,85824,2048,157.83,16.0
256,85824,2048,158.086,32.0
2048,85888,2048,157.141,4.0
1024,85888,2048,158.118,8.0
512,85888,2048,157.89,16.0
256,85888,2048,158.875,32.0
2048,85952,2048,156.881,4.0
1024,85952,2048,158.405,8.0
512,85952,2048,157.575,16.0
256,85952,2048,157.784,32.0
2048,86016,2048,157.027,4.0
1024,86016,2048,157.294,8.0
512,86016,2048,155.994,16.0
256,86016,2048,157.112,32.0
2048,86080,2048,157.672,4.0
1024,86080,2048,158.812,8.0
512,86080,2048,158.722,16.0
256,86080,2048,158.197,32.0
2048,86144,2048,158.479,4.0
1024,86144,2048,158.458,8.0
512,86144,2048,159.722,16.0
256,86144,2048,158.048,32.0
2048,86208,2048,157.295,4.0
1024,86208,2048,158.173,8.0
512,86208,2048,158.276,16.0
256,86208,2048,157.679,32.0
2048,86272,2048,158.703,4.0
1024,86272,2048,158.514,8.0
512,86272,2048,159.095,16.0
256,86272,2048,158.084,32.0
2048,86336,2048,158.415,4.0
1024,86336,2048,158.229,8.0
512,86336,2048,157.184,16.0
256,86336,2048,157.203,32.0
2048,86400,2048,153.327,4.0
1024,86400,2048,153.041,8.0
512,86400,2048,152.982,16.0
256,86400,2048,153.085,32.0
2048,86464,2048,157.718,4.0
1024,86464,2048,158.081,8.0
512,86464,2048,157.863,16.0
256,86464,2048,157.883,32.0
2048,86528,2048,158.325,4.0
1024,86528,2048,158.005,8.0
512,86528,2048,158.609,16.0
256,86528,2048,158.518,32.0
2048,86592,2048,157.089,4.0
1024,86592,2048,156.781,8.0
512,86592,2048,157.693,16.0
256,86592,2048,157.123,32.0
2048,86656,2048,157.629,4.0
1024,86656,2048,158.022,8.0
512,86656,2048,158.14,16.0
256,86656,2048,158.02,32.0
2048,86720,2048,158.216,4.0
1024,86720,2048,157.812,8.0
512,86720,2048,158.044,16.0
256,86720,2048,157.942,32.0
2048,86784,2048,157.536,4.0
1024,86784,2048,157.981,8.0
512,86784,2048,158.227,16.0
256,86784,2048,157.723,32.0
2048,86848,2048,159.053,4.0
1024,86848,2048,159.169,8.0
512,86848,2048,158.531,16.0
256,86848,2048,158.41,32.0
2048,86912,2048,158.343,4.0
1024,86912,2048,157.837,8.0
512,86912,2048,159.949,16.0
256,86912,2048,158.732,32.0
2048,86976,2048,157.615,4.0
1024,86976,2048,158.286,8.0
512,86976,2048,157.524,16.0
256,86976,2048,159.437,32.0
2048,87040,2048,131.271,4.0
1024,87040,2048,131.365,8.0
512,87040,2048,130.341,16.0
256,87040,2048,131.166,32.0
2048,87104,2048,158.981,4.0
1024,87104,2048,158.912,8.0
512,87104,2048,158.898,16.0
256,87104,2048,158.571,32.0
2048,87168,2048,158.352,4.0
1024,87168,2048,157.634,8.0
512,87168,2048,157.496,16.0
256,87168,2048,157.864,32.0
2048,87232,2048,154.922,4.0
1024,87232,2048,154.906,8.0
512,87232,2048,154.875,16.0
256,87232,2048,155.896,32.0
2048,87296,2048,150.277,4.0
1024,87296,2048,150.573,8.0
512,87296,2048,149.819,16.0
256,87296,2048,152.234,32.0
2048,87360,2048,145.079,4.0
1024,87360,2048,145.374,8.0
512,87360,2048,145.146,16.0
256,87360,2048,145.077,32.0
2048,87424,2048,147.852,4.0
1024,87424,2048,147.37,8.0
512,87424,2048,147.369,16.0
256,87424,2048,147.963,32.0
2048,87488,2048,151.483,4.0
1024,87488,2048,150.998,8.0
512,87488,2048,151.232,16.0
256,87488,2048,151.469,32.0
2048,87552,2048,157.985,4.0
1024,87552,2048,157.541,8.0
512,87552,2048,157.592,16.0
256,87552,2048,157.479,32.0
2048,87616,2048,158.9,4.0
1024,87616,2048,157.86,8.0
512,87616,2048,159.126,16.0
256,87616,2048,158.79,32.0
2048,87680,2048,160.888,4.0
1024,87680,2048,160.036,8.0
512,87680,2048,160.581,16.0
256,87680,2048,160.321,32.0
2048,87744,2048,157.71,4.0
1024,87744,2048,157.583,8.0
512,87744,2048,157.813,16.0
256,87744,2048,158.37,32.0
2048,87808,2048,158.085,4.0
1024,87808,2048,157.757,8.0
512,87808,2048,157.924,16.0
256,87808,2048,158.069,32.0
2048,87872,2048,156.988,4.0
1024,87872,2048,158.257,8.0
512,87872,2048,157.657,16.0
256,87872,2048,157.422,32.0
2048,87936,2048,157.152,4.0
1024,87936,2048,158.007,8.0
512,87936,2048,157.971,16.0
256,87936,2048,158.011,32.0
2048,88000,2048,158.62,4.0
1024,88000,2048,158.006,8.0
512,88000,2048,159.03,16.0
256,88000,2048,159.346,32.0
2048,88064,2048,158.09,4.0
1024,88064,2048,157.566,8.0
512,88064,2048,158.681,16.0
256,88064,2048,158.315,32.0
2048,88128,2048,159.865,4.0
1024,88128,2048,160.228,8.0
512,88128,2048,160.436,16.0
256,88128,2048,159.792,32.0
2048,88192,2048,157.764,4.0
1024,88192,2048,159.089,8.0
512,88192,2048,157.946,16.0
256,88192,2048,158.462,32.0
2048,88256,2048,157.962,4.0
1024,88256,2048,158.175,8.0
512,88256,2048,157.481,16.0
256,88256,2048,157.889,32.0
2048,88320,2048,151.39,4.0
1024,88320,2048,152.029,8.0
512,88320,2048,151.07,16.0
256,88320,2048,152.025,32.0
2048,88384,2048,158.063,4.0
1024,88384,2048,158.023,8.0
512,88384,2048,158.587,16.0
256,88384,2048,157.27,32.0
2048,88448,2048,158.343,4.0
1024,88448,2048,157.893,8.0
512,88448,2048,157.516,16.0
256,88448,2048,157.979,32.0
2048,88512,2048,158.372,4.0
1024,88512,2048,158.725,8.0
512,88512,2048,158.229,16.0
256,88512,2048,159.204,32.0
2048,88576,2048,157.998,4.0
1024,88576,2048,158.266,8.0
512,88576,2048,158.252,16.0
256,88576,2048,158.367,32.0
2048,88640,2048,158.226,4.0
1024,88640,2048,157.261,8.0
512,88640,2048,157.763,16.0
256,88640,2048,157.647,32.0
2048,88704,2048,157.332,4.0
1024,88704,2048,156.605,8.0
512,88704,2048,157.241,16.0
256,88704,2048,157.147,32.0
2048,88768,2048,157.701,4.0
1024,88768,2048,157.617,8.0
512,88768,2048,157.714,16.0
256,88768,2048,157.289,32.0
2048,88832,2048,158.239,4.0
1024,88832,2048,158.513,8.0
512,88832,2048,157.926,16.0
256,88832,2048,157.64,32.0
2048,88896,2048,157.663,4.0
1024,88896,2048,157.849,8.0
512,88896,2048,158.097,16.0
256,88896,2048,157.756,32.0
2048,88960,2048,158.467,4.0
1024,88960,2048,158.505,8.0
512,88960,2048,158.772,16.0
256,88960,2048,158.224,32.0
2048,89024,2048,157.879,4.0
1024,89024,2048,158.032,8.0
512,89024,2048,157.691,16.0
256,89024,2048,157.79,32.0
2048,89088,2048,157.539,4.0
1024,89088,2048,157.524,8.0
512,89088,2048,158.793,16.0
256,89088,2048,157.914,32.0
2048,89152,2048,157.421,4.0
1024,89152,2048,157.565,8.0
512,89152,2048,157.939,16.0
256,89152,2048,157.588,32.0
2048,89216,2048,155.268,4.0
1024,89216,2048,154.241,8.0
512,89216,2048,155.096,16.0
256,89216,2048,154.598,32.0
2048,89280,2048,158.318,4.0
1024,89280,2048,159.986,8.0
512,89280,2048,157.426,16.0
256,89280,2048,158.181,32.0
2048,89344,2048,157.747,4.0
1024,89344,2048,157.343,8.0
512,89344,2048,157.095,16.0
256,89344,2048,157.496,32.0
2048,89408,2048,158.154,4.0
1024,89408,2048,157.912,8.0
512,89408,2048,158.742,16.0
256,89408,2048,157.672,32.0
2048,89472,2048,157.597,4.0
1024,89472,2048,157.61,8.0
512,89472,2048,158.471,16.0
256,89472,2048,158.014,32.0
2048,89536,2048,158.713,4.0
1024,89536,2048,158.583,8.0
512,89536,2048,158.827,16.0
256,89536,2048,158.647,32.0
2048,89600,2048,159.2,4.0
1024,89600,2048,158.334,8.0
512,89600,2048,159.302,16.0
256,89600,2048,157.284,32.0
2048,89664,2048,157.446,4.0
1024,89664,2048,158.452,8.0
512,89664,2048,158.373,16.0
256,89664,2048,157.891,32.0
2048,89728,2048,159.151,4.0
1024,89728,2048,158.601,8.0
512,89728,2048,158.74,16.0
256,89728,2048,158.38,32.0
2048,89792,2048,157.436,4.0
1024,89792,2048,157.848,8.0
512,89792,2048,157.998,16.0
256,89792,2048,157.643,32.0
2048,89856,2048,158.444,4.0
1024,89856,2048,158.149,8.0
512,89856,2048,157.585,16.0
256,89856,2048,158.277,32.0
2048,89920,2048,157.001,4.0
1024,89920,2048,156.136,8.0
512,89920,2048,155.139,16.0
256,89920,2048,156.225,32.0
2048,89984,2048,158.561,4.0
1024,89984,2048,158.185,8.0
512,89984,2048,158.725,16.0
256,89984,2048,158.921,32.0
2048,90048,2048,157.353,4.0
1024,90048,2048,157.75,8.0
512,90048,2048,157.523,16.0
256,90048,2048,157.563,32.0
2048,90112,2048,158.729,4.0
1024,90112,2048,158.352,8.0
512,90112,2048,158.711,16.0
256,90112,2048,157.615,32.0
2048,90176,2048,157.783,4.0
1024,90176,2048,158.216,8.0
512,90176,2048,157.91,16.0
256,90176,2048,157.851,32.0
2048,90240,2048,160.926,4.0
1024,90240,2048,161.304,8.0
512,90240,2048,160.451,16.0
256,90240,2048,159.864,32.0
2048,90304,2048,159.654,4.0
1024,90304,2048,161.342,8.0
512,90304,2048,159.494,16.0
256,90304,2048,158.562,32.0
2048,90368,2048,157.417,4.0
1024,90368,2048,158.531,8.0
512,90368,2048,157.751,16.0
256,90368,2048,157.945,32.0
2048,90432,2048,156.999,4.0
1024,90432,2048,158.77,8.0
512,90432,2048,158.264,16.0
256,90432,2048,157.499,32.0
2048,90496,2048,158.725,4.0
1024,90496,2048,157.018,8.0
512,90496,2048,157.553,16.0
256,90496,2048,158.408,32.0
2048,90560,2048,158.147,4.0
1024,90560,2048,158.661,8.0
512,90560,2048,158.601,16.0
256,90560,2048,158.846,32.0
2048,90624,2048,161.361,4.0
1024,90624,2048,162.593,8.0
512,90624,2048,161.268,16.0
256,90624,2048,162.172,32.0
2048,90688,2048,157.676,4.0
1024,90688,2048,157.269,8.0
512,90688,2048,157.039,16.0
256,90688,2048,157.454,32.0
2048,90752,2048,158.349,4.0
1024,90752,2048,157.718,8.0
512,90752,2048,158.351,16.0
256,90752,2048,157.307,32.0
2048,90816,2048,157.07,4.0
1024,90816,2048,157.768,8.0
512,90816,2048,157.42,16.0
256,90816,2048,156.622,32.0
2048,90880,2048,158.238,4.0
1024,90880,2048,158.112,8.0
512,90880,2048,158.389,16.0
256,90880,2048,157.895,32.0
2048,90944,2048,156.611,4.0
1024,90944,2048,156.65,8.0
512,90944,2048,156.943,16.0
256,90944,2048,156.995,32.0
2048,91008,2048,158.769,4.0
1024,91008,2048,159.61,8.0
512,91008,2048,159.905,16.0
256,91008,2048,159.636,32.0
2048,91072,2048,156.893,4.0
1024,91072,2048,158.277,8.0
512,91072,2048,159.076,16.0
256,91072,2048,157.696,32.0
2048,91136,2048,158.223,4.0
1024,91136,2048,158.694,8.0
512,91136,2048,158.244,16.0
256,91136,2048,157.574,32.0
2048,91200,2048,156.357,4.0
1024,91200,2048,154.445,8.0
512,91200,2048,156.054,16.0
256,91200,2048,155.273,32.0
2048,91264,2048,158.452,4.0
1024,91264,2048,157.709,8.0
512,91264,2048,157.985,16.0
256,91264,2048,157.943,32.0
2048,91328,2048,152.005,4.0
1024,91328,2048,151.142,8.0
512,91328,2048,151.759,16.0
256,91328,2048,151.822,32.0
2048,91392,2048,141.798,4.0
1024,91392,2048,141.787,8.0
512,91392,2048,141.566,16.0
256,91392,2048,142.886,32.0
2048,91456,2048,158.064,4.0
1024,91456,2048,157.349,8.0
512,91456,2048,158.368,16.0
256,91456,2048,157.106,32.0
2048,91520,2048,157.356,4.0
1024,91520,2048,157.439,8.0
512,91520,2048,158.147,16.0
256,91520,2048,158.156,32.0
2048,91584,2048,157.699,4.0
1024,91584,2048,158.12,8.0
512,91584,2048,157.965,16.0
256,91584,2048,157.911,32.0
2048,91648,2048,158.047,4.0
1024,91648,2048,157.967,8.0
512,91648,2048,157.453,16.0
256,91648,2048,157.532,32.0
2048,91712,2048,157.959,4.0
1024,91712,2048,157.858,8.0
512,91712,2048,158.042,16.0
256,91712,2048,157.6,32.0
2048,91776,2048,159.608,4.0
1024,91776,2048,157.895,8.0
512,91776,2048,158.719,16.0
256,91776,2048,158.608,32.0
2048,91840,2048,157.467,4.0
1024,91840,2048,157.402,8.0
512,91840,2048,158.341,16.0
256,91840,2048,157.982,32.0
2048,91904,2048,158.197,4.0
1024,91904,2048,157.779,8.0
512,91904,2048,157.734,16.0
256,91904,2048,158.357,32.0
2048,91968,2048,158.331,4.0
1024,91968,2048,157.186,8.0
512,91968,2048,159.071,16.0
256,91968,2048,158.139,32.0
2048,92032,2048,158.071,4.0
1024,92032,2048,157.039,8.0
512,92032,2048,158.09,16.0
256,92032,2048,157.701,32.0
2048,92096,2048,158.13,4.0
1024,92096,2048,158.704,8.0
512,92096,2048,157.978,16.0
256,92096,2048,158.188,32.0
2048,92160,2048,126.704,4.0
1024,92160,2048,126.824,8.0
512,92160,2048,126.437,16.0
256,92160,2048,126.586,32.0
2048,92224,2048,157.562,4.0
1024,92224,2048,158.178,8.0
512,92224,2048,158.27,16.0
256,92224,2048,158.385,32.0
2048,92288,2048,157.479,4.0
1024,92288,2048,157.851,8.0
512,92288,2048,157.83,16.0
256,92288,2048,158.178,32.0
2048,92352,2048,160.625,4.0
1024,92352,2048,161.378,8.0
512,92352,2048,161.546,16.0
256,92352,2048,161.256,32.0
2048,92416,2048,158.978,4.0
1024,92416,2048,158.45,8.0
512,92416,2048,158.427,16.0
256,92416,2048,158.686,32.0
2048,92480,2048,157.856,4.0
1024,92480,2048,158.128,8.0
512,92480,2048,157.961,16.0
256,92480,2048,157.756,32.0
2048,92544,2048,158.257,4.0
1024,92544,2048,158.741,8.0
512,92544,2048,158.364,16.0
256,92544,2048,158.81,32.0
2048,92608,2048,156.908,4.0
1024,92608,2048,157.448,8.0
512,92608,2048,157.059,16.0
256,92608,2048,157.727,32.0
2048,92672,2048,157.654,4.0
1024,92672,2048,157.858,8.0
512,92672,2048,158.2,16.0
256,92672,2048,156.93,32.0
2048,92736,2048,158.459,4.0
1024,92736,2048,157.459,8.0
512,92736,2048,157.638,16.0
256,92736,2048,157.391,32.0
2048,92800,2048,160.014,4.0
1024,92800,2048,160.586,8.0
512,92800,2048,161.165,16.0
256,92800,2048,160.082,32.0
2048,92864,2048,157.207,4.0
1024,92864,2048,155.526,8.0
512,92864,2048,156.104,16.0
256,92864,2048,156.015,32.0
2048,92928,2048,157.236,4.0
1024,92928,2048,157.529,8.0
512,92928,2048,158.171,16.0
256,92928,2048,157.466,32.0
2048,92992,2048,158.746,4.0
1024,92992,2048,158.191,8.0
512,92992,2048,158.639,16.0
256,92992,2048,158.466,32.0
2048,93056,2048,157.035,4.0
1024,93056,2048,157.151,8.0
512,93056,2048,157.567,16.0
256,93056,2048,157.213,32.0
2048,93120,2048,157.371,4.0
1024,93120,2048,158.609,8.0
512,93120,2048,157.463,16.0
256,93120,2048,158.522,32.0
2048,93184,2048,158.918,4.0
1024,93184,2048,158.109,8.0
512,93184,2048,158.377,16.0
256,93184,2048,157.655,32.0
2048,93248,2048,156.603,4.0
1024,93248,2048,158.477,8.0
512,93248,2048,156.352,16.0
256,93248,2048,158.111,32.0
2048,93312,2048,157.196,4.0
1024,93312,2048,157.776,8.0
512,93312,2048,158.24,16.0
256,93312,2048,157.982,32.0
2048,93376,2048,157.818,4.0
1024,93376,2048,158.157,8.0
512,93376,2048,157.685,16.0
256,93376,2048,158.299,32.0
2048,93440,2048,159.266,4.0
1024,93440,2048,158.663,8.0
512,93440,2048,158.512,16.0
256,93440,2048,158.202,32.0
2048,93504,2048,154.87,4.0
1024,93504,2048,156.173,8.0
512,93504,2048,156.917,16.0
256,93504,2048,155.986,32.0
2048,93568,2048,155.97,4.0
1024,93568,2048,157.887,8.0
512,93568,2048,157.665,16.0
256,93568,2048,159.131,32.0
2048,93632,2048,157.911,4.0
1024,93632,2048,158.018,8.0
512,93632,2048,157.34,16.0
256,93632,2048,158.001,32.0
2048,93696,2048,158.106,4.0
1024,93696,2048,158.322,8.0
512,93696,2048,158.273,16.0
256,93696,2048,158.477,32.0
2048,93760,2048,157.744,4.0
1024,93760,2048,158.076,8.0
512,93760,2048,159.153,16.0
256,93760,2048,158.237,32.0
2048,93824,2048,158.557,4.0
1024,93824,2048,157.809,8.0
512,93824,2048,158.266,16.0
256,93824,2048,158.37,32.0
2048,93888,2048,157.299,4.0
1024,93888,2048,158.379,8.0
512,93888,2048,157.92,16.0
256,93888,2048,159.092,32.0
2048,93952,2048,157.93,4.0
1024,93952,2048,157.574,8.0
512,93952,2048,157.384,16.0
256,93952,2048,158.208,32.0
2048,94016,2048,158.621,4.0
1024,94016,2048,158.017,8.0
512,94016,2048,157.844,16.0
256,94016,2048,156.811,32.0
2048,94080,2048,154.933,4.0
1024,94080,2048,154.2,8.0
512,94080,2048,155.074,16.0
256,94080,2048,154.203,32.0
2048,94144,2048,159.468,4.0
1024,94144,2048,158.448,8.0
512,94144,2048,158.142,16.0
256,94144,2048,157.964,32.0
2048,94208,2048,157.426,4.0
1024,94208,2048,157.641,8.0
512,94208,2048,157.948,16.0
256,94208,2048,158.474,32.0
2048,94272,2048,157.792,4.0
1024,94272,2048,158.029,8.0
512,94272,2048,157.434,16.0
256,94272,2048,158.082,32.0
2048,94336,2048,158.229,4.0
1024,94336,2048,158.01,8.0
512,94336,2048,158.028,16.0
256,94336,2048,158.144,32.0
2048,94400,2048,158.724,4.0
1024,94400,2048,158.132,8.0
512,94400,2048,158.926,16.0
256,94400,2048,159.621,32.0
2048,94464,2048,156.204,4.0
1024,94464,2048,157.033,8.0
512,94464,2048,157.191,16.0
256,94464,2048,156.883,32.0
2048,94528,2048,157.631,4.0
1024,94528,2048,156.624,8.0
512,94528,2048,157.308,16.0
256,94528,2048,157.312,32.0
2048,94592,2048,157.594,4.0
1024,94592,2048,158.065,8.0
512,94592,2048,157.967,16.0
256,94592,2048,158.387,32.0
2048,94656,2048,159.225,4.0
1024,94656,2048,157.194,8.0
512,94656,2048,158.987,16.0
256,94656,2048,160.201,32.0
2048,94720,2048,158.269,4.0
1024,94720,2048,158.995,8.0
512,94720,2048,158.126,16.0
256,94720,2048,158.689,32.0
2048,94784,2048,157.73,4.0
1024,94784,2048,158.386,8.0
512,94784,2048,158.161,16.0
256,94784,2048,159.242,32.0
2048,94848,2048,158.608,4.0
1024,94848,2048,157.994,8.0
512,94848,2048,158.087,16.0
256,94848,2048,158.849,32.0
2048,94912,2048,155.185,4.0
1024,94912,2048,156.503,8.0
512,94912,2048,155.458,16.0
256,94912,2048,155.518,32.0
2048,94976,2048,158.138,4.0
1024,94976,2048,157.482,8.0
512,94976,2048,157.864,16.0
256,94976,2048,158.05,32.0
2048,95040,2048,158.92,4.0
1024,95040,2048,158.454,8.0
512,95040,2048,158.398,16.0
256,95040,2048,158.661,32.0
2048,95104,2048,157.761,4.0
1024,95104,2048,158.11,8.0
512,95104,2048,159.018,16.0
256,95104,2048,157.893,32.0
2048,95168,2048,157.417,4.0
1024,95168,2048,157.145,8.0
512,95168,2048,157.778,16.0
256,95168,2048,157.563,32.0
2048,95232,2048,159.614,4.0
1024,95232,2048,160.427,8.0
512,95232,2048,159.152,16.0
256,95232,2048,160.436,32.0
2048,95296,2048,152.621,4.0
1024,95296,2048,153.077,8.0
512,95296,2048,153.551,16.0
256,95296,2048,152.554,32.0
2048,95360,2048,154.032,4.0
1024,95360,2048,154.488,8.0
512,95360,2048,154.408,16.0
256,95360,2048,153.455,32.0
2048,95424,2048,158.541,4.0
1024,95424,2048,157.136,8.0
512,95424,2048,157.641,16.0
256,95424,2048,157.717,32.0
2048,95488,2048,160.291,4.0
1024,95488,2048,159.818,8.0
512,95488,2048,158.51,16.0
256,95488,2048,159.021,32.0
2048,95552,2048,156.567,4.0
1024,95552,2048,157.862,8.0
512,95552,2048,158.269,16.0
256,95552,2048,158.195,32.0
2048,95616,2048,157.219,4.0
1024,95616,2048,157.484,8.0
512,95616,2048,156.961,16.0
256,95616,2048,157.399,32.0
2048,95680,2048,158.95,4.0
1024,95680,2048,159.445,8.0
512,95680,2048,158.855,16.0
256,95680,2048,159.124,32.0
2048,95744,2048,131.183,4.0
1024,95744,2048,132.125,8.0
512,95744,2048,131.896,16.0
256,95744,2048,130.704,32.0
2048,95808,2048,157.81,4.0
1024,95808,2048,157.683,8.0
512,95808,2048,158.067,16.0
256,95808,2048,157.783,32.0
2048,95872,2048,157.915,4.0
1024,95872,2048,157.989,8.0
512,95872,2048,157.43,16.0
256,95872,2048,157.402,32.0
2048,95936,2048,158.939,4.0
1024,95936,2048,158.874,8.0
512,95936,2048,157.063,16.0
256,95936,2048,159.867,32.0
2048,96000,2048,151.629,4.0
1024,96000,2048,151.446,8.0
512,96000,2048,149.389,16.0
256,96000,2048,149.712,32.0
2048,96064,2048,157.527,4.0
1024,96064,2048,158.025,8.0
512,96064,2048,157.347,16.0
256,96064,2048,157.894,32.0
2048,96128,2048,158.255,4.0
1024,96128,2048,158.071,8.0
512,96128,2048,158.313,16.0
256,96128,2048,159.168,32.0
2048,96192,2048,157.636,4.0
1024,96192,2048,157.603,8.0
512,96192,2048,157.472,16.0
256,96192,2048,158.443,32.0
2048,96256,2048,157.036,4.0
1024,96256,2048,157.796,8.0
512,96256,2048,158.337,16.0
256,96256,2048,158.015,32.0
2048,96320,2048,157.386,4.0
1024,96320,2048,157.402,8.0
512,96320,2048,157.166,16.0
256,96320,2048,157.593,32.0
2048,96384,2048,155.299,4.0
1024,96384,2048,155.639,8.0
512,96384,2048,155.159,16.0
256,96384,2048,154.573,32.0
2048,96448,2048,157.426,4.0
1024,96448,2048,158.252,8.0
512,96448,2048,157.181,16.0
256,96448,2048,159.345,32.0
2048,96512,2048,159.666,4.0
1024,96512,2048,158.824,8.0
512,96512,2048,161.352,16.0
256,96512,2048,159.219,32.0
2048,96576,2048,158.223,4.0
1024,96576,2048,158.808,8.0
512,96576,2048,158.532,16.0
256,96576,2048,157.76,32.0
2048,96640,2048,157.682,4.0
1024,96640,2048,157.147,8.0
512,96640,2048,157.864,16.0
256,96640,2048,158.054,32.0
2048,96704,2048,153.54,4.0
1024,96704,2048,155.867,8.0
512,96704,2048,155.938,16.0
256,96704,2048,154.136,32.0
2048,96768,2048,156.333,4.0
1024,96768,2048,157.38,8.0
512,96768,2048,157.383,16.0
256,96768,2048,156.909,32.0
2048,96832,2048,160.348,4.0
1024,96832,2048,159.015,8.0
512,96832,2048,158.041,16.0
256,96832,2048,159.426,32.0
2048,96896,2048,157.971,4.0
1024,96896,2048,158.421,8.0
512,96896,2048,158.309,16.0
256,96896,2048,159.005,32.0
2048,96960,2048,159.084,4.0
1024,96960,2048,158.672,8.0
512,96960,2048,158.781,16.0
256,96960,2048,158.74,32.0
2048,97024,2048,157.717,4.0
1024,97024,2048,158.078,8.0
512,97024,2048,158.329,16.0
256,97024,2048,158.562,32.0
2048,97088,2048,154.987,4.0
1024,97088,2048,154.873,8.0
512,97088,2048,154.926,16.0
256,97088,2048,154.981,32.0
2048,97152,2048,157.805,4.0
1024,97152,2048,157.626,8.0
512,97152,2048,157.28,16.0
256,97152,2048,157.256,32.0
2048,97216,2048,156.587,4.0
1024,97216,2048,157.457,8.0
512,97216,2048,156.981,16.0
256,97216,2048,157.018,32.0
2048,97280,2048,158.783,4.0
1024,97280,2048,159.461,8.0
512,97280,2048,159.836,16.0
256,97280,2048,158.854,32.0
2048,97344,2048,157.552,4.0
1024,97344,2048,157.548,8.0
512,97344,2048,157.678,16.0
256,97344,2048,156.956,32.0
2048,97408,2048,157.94,4.0
1024,97408,2048,157.887,8.0
512,97408,2048,157.4,16.0
256,97408,2048,157.719,32.0
2048,97472,2048,158.314,4.0
1024,97472,2048,156.747,8.0
512,97472,2048,158.772,16.0
256,97472,2048,157.929,32.0
2048,97536,2048,157.436,4.0
1024,97536,2048,156.648,8.0
512,97536,2048,156.822,16.0
256,97536,2048,157.399,32.0
2048,97600,2048,157.205,4.0
1024,97600,2048,157.247,8.0
512,97600,2048,159.114,16.0
256,97600,2048,158.754,32.0
2048,97664,2048,157.865,4.0
1024,97664,2048,158.101,8.0
512,97664,2048,158.063,16.0
256,97664,2048,157.331,32.0
2048,97728,2048,158.257,4.0
1024,97728,2048,158.674,8.0
512,97728,2048,157.998,16.0
256,97728,2048,158.699,32.0
2048,97792,2048,156.621,4.0
1024,97792,2048,157.145,8.0
512,97792,2048,157.611,16.0
256,97792,2048,158.097,32.0
2048,97856,2048,157.684,4.0
1024,97856,2048,157.895,8.0
512,97856,2048,157.479,16.0
256,97856,2048,158.205,32.0
2048,97920,2048,151.194,4.0
1024,97920,2048,150.435,8.0
512,97920,2048,150.816,16.0
256,97920,2048,150.205,32.0
2048,97984,2048,157.517,4.0
1024,97984,2048,157.346,8.0
512,97984,2048,157.46,16.0
256,97984,2048,157.372,32.0
2048,98048,2048,157.94,4.0
1024,98048,2048,156.83,8.0
512,98048,2048,158.743,16.0
256,98048,2048,157.903,32.0
2048,98112,2048,156.803,4.0
1024,98112,2048,157.197,8.0
512,98112,2048,156.382,16.0
256,98112,2048,156.916,32.0
2048,98176,2048,157.959,4.0
1024,98176,2048,158.228,8.0
512,98176,2048,157.599,16.0
256,98176,2048,158.275,32.0
2048,98240,2048,158.405,4.0
1024,98240,2048,158.367,8.0
512,98240,2048,157.534,16.0
256,98240,2048,158.649,32.0
2048,98304,2048,129.477,4.0
1024,98304,2048,129.271,8.0
512,98304,2048,128.949,16.0
256,98304,2048,129.184,32.0
2048,98368,2048,158.411,4.0
1024,98368,2048,158.89,8.0
512,98368,2048,158.402,16.0
256,98368,2048,158.717,32.0
2048,98432,2048,157.687,4.0
1024,98432,2048,158.257,8.0
512,98432,2048,158.723,16.0
256,98432,2048,159.537,32.0
2048,98496,2048,156.709,4.0
1024,98496,2048,157.001,8.0
512,98496,2048,157.219,16.0
256,98496,2048,157.46,32.0
2048,98560,2048,157.558,4.0
1024,98560,2048,158.176,8.0
512,98560,2048,157.892,16.0
256,98560,2048,156.3,32.0
2048,98624,2048,157.515,4.0
1024,98624,2048,156.432,8.0
512,98624,2048,157.959,16.0
256,98624,2048,158.2,32.0
2048,98688,2048,149.513,4.0
1024,98688,2048,150.014,8.0
512,98688,2048,150.9,16.0
256,98688,2048,148.681,32.0
2048,98752,2048,158.286,4.0
1024,98752,2048,158.161,8.0
512,98752,2048,157.743,16.0
256,98752,2048,157.833,32.0
2048,98816,2048,158.061,4.0
1024,98816,2048,157.575,8.0
512,98816,2048,157.96,16.0
256,98816,2048,157.654,32.0
2048,98880,2048,158.719,4.0
1024,98880,2048,157.927,8.0
512,98880,2048,158.193,16.0
256,98880,2048,158.113,32.0
2048,98944,2048,157.237,4.0
1024,98944,2048,157.515,8.0
512,98944,2048,157.195,16.0
256,98944,2048,157.499,32.0
2048,99008,2048,152.64,4.0
1024,99008,2048,152.933,8.0
512,99008,2048,153.043,16.0
256,99008,2048,153.107,32.0
2048,99072,2048,158.962,4.0
1024,99072,2048,158.872,8.0
512,99072,2048,159.544,16.0
256,99072,2048,158.754,32.0
2048,99136,2048,157.834,4.0
1024,99136,2048,156.238,8.0
512,99136,2048,157.99,16.0
256,99136,2048,159.067,32.0
2048,99200,2048,157.487,4.0
1024,99200,2048,157.973,8.0
512,99200,2048,157.742,16.0
256,99200,2048,158.503,32.0
2048,99264,2048,157.079,4.0
1024,99264,2048,156.857,8.0
512,99264,2048,156.495,16.0
256,99264,2048,156.075,32.0
2048,99328,2048,158.831,4.0
1024,99328,2048,160.155,8.0
512,99328,2048,159.352,16.0
256,99328,2048,159.428,32.0
2048,99392,2048,157.604,4.0
1024,99392,2048,157.175,8.0
512,99392,2048,156.877,16.0
256,99392,2048,157.774,32.0
2048,99456,2048,157.929,4.0
1024,99456,2048,157.443,8.0
512,99456,2048,158.322,16.0
256,99456,2048,157.838,32.0
2048,99520,2048,157.294,4.0
1024,99520,2048,158.16,8.0
512,99520,2048,157.378,16.0
256,99520,2048,157.172,32.0
2048,99584,2048,158.838,4.0
1024,99584,2048,158.245,8.0
512,99584,2048,157.884,16.0
256,99584,2048,157.879,32.0
2048,99648,2048,152.668,4.0
1024,99648,2048,153.37,8.0
512,99648,2048,153.413,16.0
256,99648,2048,152.588,32.0
2048,99712,2048,156.781,4.0
1024,99712,2048,158.045,8.0
512,99712,2048,157.773,16.0
256,99712,2048,157.794,32.0
2048,99776,2048,157.755,4.0
1024,99776,2048,157.245,8.0
512,99776,2048,157.897,16.0
256,99776,2048,157.653,32.0
2048,99840,2048,138.806,4.0
1024,99840,2048,140.53,8.0
512,99840,2048,137.999,16.0
256,99840,2048,138.191,32.0
2048,99904,2048,158.059,4.0
1024,99904,2048,157.543,8.0
512,99904,2048,158.26,16.0
256,99904,2048,157.768,32.0
2048,99968,2048,159.372,4.0
1024,99968,2048,160.332,8.0
512,99968,2048,158.208,16.0
256,99968,2048,159.129,32.0
2048,100032,2048,158.409,4.0
1024,100032,2048,157.583,8.0
512,100032,2048,157.49,16.0
256,100032,2048,158.144,32.0
2048,100096,2048,150.054,4.0
1024,100096,2048,150.219,8.0
512,100096,2048,149.535,16.0
256,100096,2048,149.408,32.0
2048,100160,2048,159.141,4.0
1024,100160,2048,158.815,8.0
512,100160,2048,158.776,16.0
256,100160,2048,157.872,32.0
2048,100224,2048,157.159,4.0
1024,100224,2048,157.252,8.0
512,100224,2048,157.492,16.0
256,100224,2048,157.621,32.0
2048,100288,2048,157.55,4.0
1024,100288,2048,157.85,8.0
512,100288,2048,156.859,16.0
256,100288,2048,157.529,32.0
2048,100352,2048,157.807,4.0
1024,100352,2048,157.749,8.0
512,100352,2048,157.177,16.0
256,100352,2048,158.311,32.0
2048,100416,2048,157.64,4.0
1024,100416,2048,156.713,8.0
512,100416,2048,158.054,16.0
256,100416,2048,157.791,32.0
2048,100480,2048,157.481,4.0
1024,100480,2048,158.758,8.0
512,100480,2048,158.436,16.0
256,100480,2048,158.102,32.0
2048,100544,2048,157.948,4.0
1024,100544,2048,158.072,8.0
512,100544,2048,159.312,16.0
256,100544,2048,157.966,32.0
2048,100608,2048,158.332,4.0
1024,100608,2048,158.259,8.0
512,100608,2048,158.024,16.0
256,100608,2048,158.388,32.0
2048,100672,2048,146.393,4.0
1024,100672,2048,147.073,8.0
512,100672,2048,145.971,16.0
256,100672,2048,146.756,32.0
2048,100736,2048,142.103,4.0
1024,100736,2048,141.462,8.0
512,100736,2048,142.03,16.0
256,100736,2048,141.302,32.0
2048,100800,2048,156.919,4.0
1024,100800,2048,157.893,8.0
512,100800,2048,156.803,16.0
256,100800,2048,157.189,32.0
2048,100864,2048,158.634,4.0
1024,100864,2048,157.445,8.0
512,100864,2048,159.787,16.0
256,100864,2048,158.932,32.0
2048,100928,2048,156.787,4.0
1024,100928,2048,156.621,8.0
512,100928,2048,156.812,16.0
256,100928,2048,157.445,32.0
2048,100992,2048,157.051,4.0
1024,100992,2048,157.625,8.0
512,100992,2048,157.526,16.0
256,100992,2048,158.032,32.0
2048,101056,2048,157.411,4.0
1024,101056,2048,157.888,8.0
512,101056,2048,158.236,16.0
256,101056,2048,157.864,32.0
2048,101120,2048,157.889,4.0
1024,101120,2048,158.213,8.0
512,101120,2048,157.65,16.0
256,101120,2048,157.664,32.0
2048,101184,2048,157.605,4.0
1024,101184,2048,157.606,8.0
512,101184,2048,157.617,16.0
256,101184,2048,158.183,32.0
2048,101248,2048,157.454,4.0
1024,101248,2048,156.813,8.0
512,101248,2048,157.555,16.0
256,101248,2048,157.205,32.0
2048,101312,2048,158.817,4.0
1024,101312,2048,159.006,8.0
512,101312,2048,158.599,16.0
256,101312,2048,159.336,32.0
2048,101376,2048,157.759,4.0
1024,101376,2048,157.758,8.0
512,101376,2048,157.85,16.0
256,101376,2048,158.058,32.0
2048,101440,2048,159.016,4.0
1024,101440,2048,159.19,8.0
512,101440,2048,158.124,16.0
256,101440,2048,159.173,32.0
2048,101504,2048,159.211,4.0
1024,101504,2048,158.774,8.0
512,101504,2048,159.334,16.0
256,101504,2048,159.836,32.0
2048,101568,2048,157.803,4.0
1024,101568,2048,158.031,8.0
512,101568,2048,157.192,16.0
256,101568,2048,158.148,32.0
2048,101632,2048,157.538,4.0
1024,101632,2048,157.439,8.0
512,101632,2048,157.822,16.0
256,101632,2048,157.309,32.0
2048,101696,2048,154.816,4.0
1024,101696,2048,155.235,8.0
512,101696,2048,155.276,16.0
256,101696,2048,155.335,32.0
2048,101760,2048,151.52,4.0
1024,101760,2048,151.927,8.0
512,101760,2048,152.378,16.0
256,101760,2048,151.691,32.0
2048,101824,2048,157.291,4.0
1024,101824,2048,157.648,8.0
512,101824,2048,157.356,16.0
256,101824,2048,157.725,32.0
2048,101888,2048,157.55,4.0
1024,101888,2048,157.866,8.0
512,101888,2048,157.025,16.0
256,101888,2048,157.857,32.0
2048,101952,2048,158.081,4.0
1024,101952,2048,157.002,8.0
512,101952,2048,157.424,16.0
256,101952,2048,157.806,32.0
2048,102016,2048,157.748,4.0
1024,102016,2048,157.668,8.0
512,102016,2048,156.401,16.0
256,102016,2048,158.053,32.0
2048,102080,2048,156.875,4.0
1024,102080,2048,156.22,8.0
512,102080,2048,156.733,16.0
256,102080,2048,157.053,32.0
2048,102144,2048,157.711,4.0
1024,102144,2048,156.582,8.0
512,102144,2048,157.157,16.0
256,102144,2048,156.113,32.0
2048,102208,2048,155.62,4.0
1024,102208,2048,155.42,8.0
512,102208,2048,154.744,16.0
256,102208,2048,154.584,32.0
2048,102272,2048,152.738,4.0
1024,102272,2048,150.883,8.0
512,102272,2048,150.644,16.0
256,102272,2048,151.669,32.0
2048,102336,2048,157.803,4.0
1024,102336,2048,157.503,8.0
512,102336,2048,157.769,16.0
256,102336,2048,157.252,32.0
2048,102400,2048,158.996,4.0
1024,102400,2048,161.097,8.0
512,102400,2048,160.964,16.0
256,102400,2048,159.185,32.0
2048,102464,2048,157.8,4.0
1024,102464,2048,157.314,8.0
512,102464,2048,157.42,16.0
256,102464,2048,157.756,32.0
2048,102528,2048,158.047,4.0
1024,102528,2048,158.199,8.0
512,102528,2048,158.04,16.0
256,102528,2048,157.41,32.0
2048,102592,2048,156.722,4.0
1024,102592,2048,156.84,8.0
512,102592,2048,157.541,16.0
256,102592,2048,157.221,32.0
2048,102656,2048,157.44,4.0
1024,102656,2048,157.767,8.0
512,102656,2048,157.046,16.0
256,102656,2048,156.859,32.0
2048,102720,2048,157.892,4.0
1024,102720,2048,157.993,8.0
512,102720,2048,159.179,16.0
256,102720,2048,157.804,32.0
2048,102784,2048,158.082,4.0
1024,102784,2048,159.186,8.0
512,102784,2048,158.676,16.0
256,102784,2048,158.452,32.0
2048,102848,2048,156.081,4.0
1024,102848,2048,157.815,8.0
512,102848,2048,157.109,16.0
256,102848,2048,156.268,32.0
2048,102912,2048,157.087,4.0
1024,102912,2048,157.72,8.0
512,102912,2048,157.805,16.0
256,102912,2048,157.938,32.0
2048,102976,2048,158.711,4.0
1024,102976,2048,157.534,8.0
512,102976,2048,158.053,16.0
256,102976,2048,157.917,32.0
2048,103040,2048,160.268,4.0
1024,103040,2048,159.094,8.0
512,103040,2048,158.218,16.0
256,103040,2048,158.481,32.0
2048,103104,2048,157.298,4.0
1024,103104,2048,157.42,8.0
512,103104,2048,157.419,16.0
256,103104,2048,156.069,32.0
2048,103168,2048,157.09,4.0
1024,103168,2048,154.386,8.0
512,103168,2048,156.005,16.0
256,103168,2048,156.071,32.0
2048,103232,2048,157.419,4.0
1024,103232,2048,158.676,8.0
512,103232,2048,157.259,16.0
256,103232,2048,157.817,32.0
2048,103296,2048,158.44,4.0
1024,103296,2048,157.646,8.0
512,103296,2048,158.227,16.0
256,103296,2048,158.478,32.0
2048,103360,2048,156.92,4.0
1024,103360,2048,159.088,8.0
512,103360,2048,158.582,16.0
256,103360,2048,157.999,32.0
2048,103424,2048,157.48,4.0
1024,103424,2048,156.332,8.0
512,103424,2048,157.633,16.0
256,103424,2048,157.345,32.0
2048,103488,2048,157.643,4.0
1024,103488,2048,157.475,8.0
512,103488,2048,157.912,16.0
256,103488,2048,157.405,32.0
2048,103552,2048,158.592,4.0
1024,103552,2048,156.951,8.0
512,103552,2048,157.761,16.0
256,103552,2048,157.586,32.0
2048,103616,2048,157.021,4.0
1024,103616,2048,158.21,8.0
512,103616,2048,157.978,16.0
256,103616,2048,158.128,32.0
2048,103680,2048,149.477,4.0
1024,103680,2048,149.637,8.0
512,103680,2048,149.962,16.0
256,103680,2048,150.776,32.0
2048,103744,2048,157.086,4.0
1024,103744,2048,157.972,8.0
512,103744,2048,157.557,16.0
256,103744,2048,157.961,32.0
2048,103808,2048,158.279,4.0
1024,103808,2048,157.827,8.0
512,103808,2048,158.114,16.0
256,103808,2048,157.802,32.0
2048,103872,2048,157.13,4.0
1024,103872,2048,157.105,8.0
512,103872,2048,157.214,16.0
256,103872,2048,156.934,32.0
2048,103936,2048,157.185,4.0
1024,103936,2048,157.492,8.0
512,103936,2048,157.491,16.0
256,103936,2048,157.34,32.0
2048,104000,2048,158.992,4.0
1024,104000,2048,158.654,8.0
512,104000,2048,159.69,16.0
256,104000,2048,159.665,32.0
2048,104064,2048,156.629,4.0
1024,104064,2048,156.112,8.0
512,104064,2048,156.825,16.0
256,104064,2048,155.465,32.0
2048,104128,2048,158.237,4.0
1024,104128,2048,157.414,8.0
512,104128,2048,157.487,16.0
256,104128,2048,157.979,32.0
2048,104192,2048,157.884,4.0
1024,104192,2048,157.748,8.0
512,104192,2048,159.37,16.0
256,104192,2048,156.892,32.0
2048,104256,2048,155.974,4.0
1024,104256,2048,157.013,8.0
512,104256,2048,156.964,16.0
256,104256,2048,157.482,32.0
2048,104320,2048,158.178,4.0
1024,104320,2048,157.703,8.0
512,104320,2048,158.147,16.0
256,104320,2048,158.295,32.0
2048,104384,2048,154.904,4.0
1024,104384,2048,155.02,8.0
512,104384,2048,154.421,16.0
256,104384,2048,154.897,32.0
2048,104448,2048,129.241,4.0
1024,104448,2048,127.804,8.0
512,104448,2048,127.168,16.0
256,104448,2048,128.629,32.0
2048,104512,2048,158.641,4.0
1024,104512,2048,159.491,8.0
512,104512,2048,158.038,16.0
256,104512,2048,157.917,32.0
2048,104576,2048,158.907,4.0
1024,104576,2048,157.737,8.0
512,104576,2048,158.259,16.0
256,104576,2048,158.346,32.0
2048,104640,2048,153.823,4.0
1024,104640,2048,153.966,8.0
512,104640,2048,154.544,16.0
256,104640,2048,153.449,32.0
2048,104704,2048,149.864,4.0
1024,104704,2048,149.797,8.0
512,104704,2048,150.248,16.0
256,104704,2048,149.836,32.0
2048,104768,2048,146.939,4.0
1024,104768,2048,146.725,8.0
512,104768,2048,147.168,16.0
256,104768,2048,146.875,32.0
2048,104832,2048,141.479,4.0
1024,104832,2048,141.661,8.0
512,104832,2048,141.373,16.0
256,104832,2048,141.092,32.0
2048,104896,2048,142.745,4.0
1024,104896,2048,142.639,8.0
512,104896,2048,143.018,16.0
256,104896,2048,142.507,32.0
2048,104960,2048,146.258,4.0
1024,104960,2048,145.502,8.0
512,104960,2048,145.499,16.0
256,104960,2048,145.671,32.0
2048,105024,2048,151.164,4.0
1024,105024,2048,150.997,8.0
512,105024,2048,150.837,16.0
256,105024,2048,152.04,32.0
2048,105088,2048,154.56,4.0
1024,105088,2048,155.258,8.0
512,105088,2048,155.741,16.0
256,105088,2048,155.383,32.0
2048,105152,2048,157.56,4.0
1024,105152,2048,157.598,8.0
512,105152,2048,157.539,16.0
256,105152,2048,157.354,32.0
2048,105216,2048,157.205,4.0
1024,105216,2048,158.764,8.0
512,105216,2048,156.469,16.0
256,105216,2048,157.805,32.0
2048,105280,2048,150.282,4.0
1024,105280,2048,152.132,8.0
512,105280,2048,151.518,16.0
256,105280,2048,150.364,32.0
2048,105344,2048,157.048,4.0
1024,105344,2048,157.811,8.0
512,105344,2048,157.469,16.0
256,105344,2048,157.096,32.0
2048,105408,2048,157.521,4.0
1024,105408,2048,157.654,8.0
512,105408,2048,157.379,16.0
256,105408,2048,156.723,32.0
2048,105472,2048,157.38,4.0
1024,105472,2048,156.79,8.0
512,105472,2048,156.74,16.0
256,105472,2048,156.631,32.0
2048,105536,2048,158.618,4.0
1024,105536,2048,157.782,8.0
512,105536,2048,158.323,16.0
256,105536,2048,158.928,32.0
2048,105600,2048,154.171,4.0
1024,105600,2048,155.4,8.0
512,105600,2048,154.25,16.0
256,105600,2048,154.345,32.0
2048,105664,2048,156.71,4.0
1024,105664,2048,156.255,8.0
512,105664,2048,156.234,16.0
256,105664,2048,156.457,32.0
2048,105728,2048,157.344,4.0
1024,105728,2048,157.068,8.0
512,105728,2048,156.538,16.0
256,105728,2048,157.129,32.0
2048,105792,2048,155.738,4.0
1024,105792,2048,154.831,8.0
512,105792,2048,155.187,16.0
256,105792,2048,155.014,32.0
2048,105856,2048,157.174,4.0
1024,105856,2048,157.449,8.0
512,105856,2048,156.899,16.0
256,105856,2048,159.182,32.0
2048,105920,2048,157.718,4.0
1024,105920,2048,157.566,8.0
512,105920,2048,159.019,16.0
256,105920,2048,156.861,32.0
2048,105984,2048,150.259,4.0
1024,105984,2048,149.561,8.0
512,105984,2048,151.087,16.0
256,105984,2048,149.788,32.0
2048,106048,2048,157.36,4.0
1024,106048,2048,157.419,8.0
512,106048,2048,157.021,16.0
256,106048,2048,157.663,32.0
2048,106112,2048,157.789,4.0
1024,106112,2048,158.011,8.0
512,106112,2048,157.233,16.0
256,106112,2048,159.119,32.0
2048,106176,2048,157.844,4.0
1024,106176,2048,156.881,8.0
512,106176,2048,157.593,16.0
256,106176,2048,157.53,32.0
2048,106240,2048,157.664,4.0
1024,106240,2048,157.559,8.0
512,106240,2048,157.079,16.0
256,106240,2048,157.181,32.0
2048,106304,2048,156.976,4.0
1024,106304,2048,156.62,8.0
512,106304,2048,157.467,16.0
256,106304,2048,157.346,32.0
2048,106368,2048,157.274,4.0
1024,106368,2048,157.643,8.0
512,106368,2048,158.469,16.0
256,106368,2048,157.521,32.0
2048,106432,2048,155.244,4.0
1024,106432,2048,153.771,8.0
512,106432,2048,155.074,16.0
256,106432,2048,154.677,32.0
2048,106496,2048,157.364,4.0
1024,106496,2048,157.638,8.0
512,106496,2048,157.551,16.0
256,106496,2048,158.274,32.0
2048,106560,2048,157.635,4.0
1024,106560,2048,158.093,8.0
512,106560,2048,157.932,16.0
256,106560,2048,157.39,32.0
2048,106624,2048,151.92,4.0
1024,106624,2048,150.822,8.0
512,106624,2048,151.503,16.0
256,106624,2048,151.311,32.0
2048,106688,2048,157.641,4.0
1024,106688,2048,158.845,8.0
512,106688,2048,157.971,16.0
256,106688,2048,158.861,32.0
2048,106752,2048,157.424,4.0
1024,106752,2048,157.325,8.0
512,106752,2048,157.414,16.0
256,106752,2048,157.43,32.0
2048,106816,2048,158.166,4.0
1024,106816,2048,158.295,8.0
512,106816,2048,157.676,16.0
256,106816,2048,157.882,32.0
2048,106880,2048,158.025,4.0
1024,106880,2048,159.05,8.0
512,106880,2048,157.716,16.0
256,106880,2048,158.225,32.0
2048,106944,2048,157.764,4.0
1024,106944,2048,157.453,8.0
512,106944,2048,157.539,16.0
256,106944,2048,157.566,32.0
2048,107008,2048,157.362,4.0
1024,107008,2048,157.343,8.0
512,107008,2048,157.358,16.0
256,107008,2048,157.658,32.0
2048,107072,2048,156.664,4.0
1024,107072,2048,158.467,8.0
512,107072,2048,158.054,16.0
256,107072,2048,159.333,32.0
2048,107136,2048,160.754,4.0
1024,107136,2048,158.627,8.0
512,107136,2048,159.757,16.0
256,107136,2048,158.312,32.0
2048,107200,2048,156.814,4.0
1024,107200,2048,157.952,8.0
512,107200,2048,158.062,16.0
256,107200,2048,157.63,32.0
2048,107264,2048,156.853,4.0
1024,107264,2048,157.505,8.0
512,107264,2048,157.607,16.0
256,107264,2048,157.919,32.0
2048,107328,2048,158.494,4.0
1024,107328,2048,158.082,8.0
512,107328,2048,159.297,16.0
256,107328,2048,159.214,32.0
2048,107392,2048,157.609,4.0
1024,107392,2048,157.428,8.0
512,107392,2048,157.394,16.0
256,107392,2048,157.657,32.0
2048,107456,2048,158.837,4.0
1024,107456,2048,158.579,8.0
512,107456,2048,159.539,16.0
256,107456,2048,157.335,32.0
2048,107520,2048,128.596,4.0
1024,107520,2048,127.735,8.0
512,107520,2048,128.129,16.0
256,107520,2048,128.253,32.0
2048,107584,2048,161.163,4.0
1024,107584,2048,159.935,8.0
512,107584,2048,159.94,16.0
256,107584,2048,160.082,32.0
2048,107648,2048,158.56,4.0
1024,107648,2048,158.019,8.0
512,107648,2048,157.019,16.0
256,107648,2048,157.471,32.0
2048,107712,2048,157.791,4.0
1024,107712,2048,157.466,8.0
512,107712,2048,157.536,16.0
256,107712,2048,157.764,32.0
2048,107776,2048,153.193,4.0
1024,107776,2048,153.004,8.0
512,107776,2048,153.067,16.0
256,107776,2048,152.743,32.0
2048,107840,2048,157.658,4.0
1024,107840,2048,157.196,8.0
512,107840,2048,156.89,16.0
256,107840,2048,157.548,32.0
2048,107904,2048,157.186,4.0
1024,107904,2048,158.224,8.0
512,107904,2048,157.989,16.0
256,107904,2048,157.969,32.0
2048,107968,2048,156.691,4.0
1024,107968,2048,158.956,8.0
512,107968,2048,157.504,16.0
256,107968,2048,157.415,32.0
2048,108032,2048,157.431,4.0
1024,108032,2048,157.262,8.0
512,108032,2048,157.65,16.0
256,108032,2048,158.435,32.0
2048,108096,2048,157.084,4.0
1024,108096,2048,157.068,8.0
512,108096,2048,157.176,16.0
256,108096,2048,157.708,32.0
2048,108160,2048,157.469,4.0
1024,108160,2048,156.907,8.0
512,108160,2048,157.317,16.0
256,108160,2048,156.819,32.0
2048,108224,2048,158.081,4.0
1024,108224,2048,159.662,8.0
512,108224,2048,158.395,16.0
256,108224,2048,157.901,32.0
2048,108288,2048,156.968,4.0
1024,108288,2048,156.672,8.0
512,108288,2048,157.944,16.0
256,108288,2048,157.151,32.0
2048,108352,2048,160.29,4.0
1024,108352,2048,160.607,8.0
512,108352,2048,160.785,16.0
256,108352,2048,159.986,32.0
2048,108416,2048,156.551,4.0
1024,108416,2048,158.763,8.0
512,108416,2048,157.949,16.0
256,108416,2048,156.82,32.0
2048,108480,2048,158.896,4.0
1024,108480,2048,158.919,8.0
512,108480,2048,158.396,16.0
256,108480,2048,158.405,32.0
2048,108544,2048,158.059,4.0
1024,108544,2048,157.921,8.0
512,108544,2048,158.075,16.0
256,108544,2048,157.685,32.0
2048,108608,2048,158.068,4.0
1024,108608,2048,158.709,8.0
512,108608,2048,158.696,16.0
256,108608,2048,157.454,32.0
2048,108672,2048,157.914,4.0
1024,108672,2048,157.217,8.0
512,108672,2048,157.887,16.0
256,108672,2048,158.539,32.0
2048,108736,2048,158.868,4.0
1024,108736,2048,158.597,8.0
512,108736,2048,158.01,16.0
256,108736,2048,156.961,32.0
2048,108800,2048,149.393,4.0
1024,108800,2048,150.07,8.0
512,108800,2048,150.87,16.0
256,108800,2048,150.367,32.0
2048,108864,2048,157.092,4.0
1024,108864,2048,156.94,8.0
512,108864,2048,157.085,16.0
256,108864,2048,157.101,32.0
2048,108928,2048,158.641,4.0
1024,108928,2048,157.923,8.0
512,108928,2048,157.841,16.0
256,108928,2048,159.33,32.0
2048,108992,2048,154.268,4.0
1024,108992,2048,154.723,8.0
512,108992,2048,153.745,16.0
256,108992,2048,154.245,32.0
2048,109056,2048,157.583,4.0
1024,109056,2048,157.186,8.0
512,109056,2048,157.538,16.0
256,109056,2048,157.543,32.0
2048,109120,2048,159.148,4.0
1024,109120,2048,157.175,8.0
512,109120,2048,158.43,16.0
256,109120,2048,158.2,32.0
2048,109184,2048,158.262,4.0
1024,109184,2048,157.612,8.0
512,109184,2048,157.535,16.0
256,109184,2048,157.799,32.0
2048,109248,2048,159.035,4.0
1024,109248,2048,158.883,8.0
512,109248,2048,158.134,16.0
256,109248,2048,158.184,32.0
2048,109312,2048,157.41,4.0
1024,109312,2048,157.039,8.0
512,109312,2048,156.364,16.0
256,109312,2048,157.174,32.0
2048,109376,2048,157.937,4.0
1024,109376,2048,158.288,8.0
512,109376,2048,157.159,16.0
256,109376,2048,158.899,32.0
2048,109440,2048,158.476,4.0
1024,109440,2048,158.479,8.0
512,109440,2048,158.692,16.0
256,109440,2048,158.079,32.0
2048,109504,2048,157.182,4.0
1024,109504,2048,157.083,8.0
512,109504,2048,157.188,16.0
256,109504,2048,157.809,32.0
2048,109568,2048,157.521,4.0
1024,109568,2048,157.635,8.0
512,109568,2048,157.664,16.0
256,109568,2048,157.851,32.0
2048,109632,2048,155.3,4.0
1024,109632,2048,155.491,8.0
512,109632,2048,154.777,16.0
256,109632,2048,155.19,32.0
2048,109696,2048,159.205,4.0
1024,109696,2048,158.924,8.0
512,109696,2048,158.093,16.0
256,109696,2048,159.112,32.0
2048,109760,2048,156.556,4.0
1024,109760,2048,157.369,8.0
512,109760,2048,158.565,16.0
256,109760,2048,157.72,32.0
2048,109824,2048,159.931,4.0
1024,109824,2048,159.166,8.0
512,109824,2048,159.15,16.0
256,109824,2048,159.957,32.0
2048,109888,2048,157.575,4.0
1024,109888,2048,156.978,8.0
512,109888,2048,156.648,16.0
256,109888,2048,156.987,32.0
2048,109952,2048,157.906,4.0
1024,109952,2048,157.245,8.0
512,109952,2048,157.474,16.0
256,109952,2048,157.942,32.0
2048,110016,2048,157.431,4.0
1024,110016,2048,156.895,8.0
512,110016,2048,156.91,16.0
256,110016,2048,158.094,32.0
2048,110080,2048,158.122,4.0
1024,110080,2048,157.922,8.0
512,110080,2048,158.157,16.0
256,110080,2048,157.837,32.0
2048,110144,2048,158.498,4.0
1024,110144,2048,159.198,8.0
512,110144,2048,158.497,16.0
256,110144,2048,158.672,32.0
2048,110208,2048,156.831,4.0
1024,110208,2048,157.134,8.0
512,110208,2048,158.374,16.0
256,110208,2048,158.0,32.0
2048,110272,2048,157.699,4.0
1024,110272,2048,158.28,8.0
512,110272,2048,158.238,16.0
256,110272,2048,157.956,32.0
2048,110336,2048,159.359,4.0
1024,110336,2048,157.178,8.0
512,110336,2048,158.587,16.0
256,110336,2048,158.892,32.0
2048,110400,2048,155.686,4.0
1024,110400,2048,157.359,8.0
512,110400,2048,156.177,16.0
256,110400,2048,156.173,32.0
2048,110464,2048,157.44,4.0
1024,110464,2048,157.871,8.0
512,110464,2048,157.431,16.0
256,110464,2048,157.787,32.0
2048,110528,2048,157.032,4.0
1024,110528,2048,157.465,8.0
512,110528,2048,157.301,16.0
256,110528,2048,156.75,32.0
2048,110592,2048,159.381,4.0
1024,110592,2048,159.314,8.0
512,110592,2048,159.596,16.0
256,110592,2048,158.68,32.0
2048,110656,2048,157.166,4.0
1024,110656,2048,157.097,8.0
512,110656,2048,156.897,16.0
256,110656,2048,156.985,32.0
2048,110720,2048,158.885,4.0
1024,110720,2048,157.839,8.0
512,110720,2048,158.626,16.0
256,110720,2048,158.024,32.0
2048,110784,2048,157.446,4.0
1024,110784,2048,157.377,8.0
512,110784,2048,157.089,16.0
256,110784,2048,157.337,32.0
2048,110848,2048,158.22,4.0
1024,110848,2048,157.822,8.0
512,110848,2048,157.922,16.0
256,110848,2048,157.481,32.0
2048,110912,2048,158.104,4.0
1024,110912,2048,157.275,8.0
512,110912,2048,157.746,16.0
256,110912,2048,158.33,32.0
2048,110976,2048,154.528,4.0
1024,110976,2048,154.171,8.0
512,110976,2048,153.483,16.0
256,110976,2048,153.804,32.0
2048,111040,2048,156.953,4.0
1024,111040,2048,156.861,8.0
512,111040,2048,157.304,16.0
256,111040,2048,157.643,32.0
2048,111104,2048,156.996,4.0
1024,111104,2048,157.68,8.0
512,111104,2048,156.607,16.0
256,111104,2048,156.905,32.0
2048,111168,2048,157.619,4.0
1024,111168,2048,157.987,8.0
512,111168,2048,157.982,16.0
256,111168,2048,157.456,32.0
2048,111232,2048,157.232,4.0
1024,111232,2048,157.521,8.0
512,111232,2048,157.416,16.0
256,111232,2048,156.562,32.0
2048,111296,2048,157.409,4.0
1024,111296,2048,157.744,8.0
512,111296,2048,158.228,16.0
256,111296,2048,157.614,32.0
2048,111360,2048,153.059,4.0
1024,111360,2048,152.847,8.0
512,111360,2048,153.651,16.0
256,111360,2048,153.542,32.0
2048,111424,2048,152.616,4.0
1024,111424,2048,153.152,8.0
512,111424,2048,153.158,16.0
256,111424,2048,153.35,32.0
2048,111488,2048,157.086,4.0
1024,111488,2048,157.322,8.0
512,111488,2048,156.858,16.0
256,111488,2048,156.771,32.0
2048,111552,2048,152.844,4.0
1024,111552,2048,152.72,8.0
512,111552,2048,152.742,16.0
256,111552,2048,152.911,32.0
2048,111616,2048,157.492,4.0
1024,111616,2048,157.046,8.0
512,111616,2048,156.791,16.0
256,111616,2048,158.196,32.0
2048,111680,2048,157.436,4.0
1024,111680,2048,157.796,8.0
512,111680,2048,157.399,16.0
256,111680,2048,158.226,32.0
2048,111744,2048,158.011,4.0
1024,111744,2048,158.681,8.0
512,111744,2048,158.273,16.0
256,111744,2048,158.124,32.0
2048,111808,2048,157.138,4.0
1024,111808,2048,157.065,8.0
512,111808,2048,157.098,16.0
256,111808,2048,157.039,32.0
2048,111872,2048,155.905,4.0
1024,111872,2048,155.584,8.0
512,111872,2048,156.072,16.0
256,111872,2048,155.905,32.0
2048,111936,2048,157.314,4.0
1024,111936,2048,156.96,8.0
512,111936,2048,157.297,16.0
256,111936,2048,156.529,32.0
2048,112000,2048,157.607,4.0
1024,112000,2048,157.855,8.0
512,112000,2048,157.996,16.0
256,112000,2048,157.931,32.0
2048,112064,2048,159.692,4.0
1024,112064,2048,160.488,8.0
512,112064,2048,160.796,16.0
256,112064,2048,159.306,32.0
2048,112128,2048,157.037,4.0
1024,112128,2048,157.043,8.0
512,112128,2048,157.401,16.0
256,112128,2048,157.931,32.0
2048,112192,2048,161.822,4.0
1024,112192,2048,161.819,8.0
512,112192,2048,161.354,16.0
256,112192,2048,160.846,32.0
2048,112256,2048,157.472,4.0
1024,112256,2048,158.606,8.0
512,112256,2048,157.531,16.0
256,112256,2048,157.992,32.0
2048,112320,2048,158.065,4.0
1024,112320,2048,158.123,8.0
512,112320,2048,157.114,16.0
256,112320,2048,157.65,32.0
2048,112384,2048,156.572,4.0
1024,112384,2048,156.488,8.0
512,112384,2048,156.885,16.0
256,112384,2048,156.606,32.0
2048,112448,2048,155.645,4.0
1024,112448,2048,155.315,8.0
512,112448,2048,155.288,16.0
256,112448,2048,155.474,32.0
2048,112512,2048,158.729,4.0
1024,112512,2048,158.96,8.0
512,112512,2048,158.999,16.0
256,112512,2048,159.244,32.0
2048,112576,2048,157.911,4.0
1024,112576,2048,157.444,8.0
512,112576,2048,159.148,16.0
256,112576,2048,158.8,32.0
2048,112640,2048,160.906,4.0
1024,112640,2048,162.012,8.0
512,112640,2048,161.322,16.0
256,112640,2048,159.998,32.0
2048,112704,2048,158.436,4.0
1024,112704,2048,159.933,8.0
512,112704,2048,159.402,16.0
256,112704,2048,158.604,32.0
2048,112768,2048,158.997,4.0
1024,112768,2048,157.552,8.0
512,112768,2048,157.15,16.0
256,112768,2048,158.304,32.0
2048,112832,2048,158.06,4.0
1024,112832,2048,158.527,8.0
512,112832,2048,158.419,16.0
256,112832,2048,160.266,32.0
2048,112896,2048,156.426,4.0
1024,112896,2048,155.945,8.0
512,112896,2048,156.523,16.0
256,112896,2048,155.969,32.0
2048,112960,2048,157.559,4.0
1024,112960,2048,158.225,8.0
512,112960,2048,158.137,16.0
256,112960,2048,158.354,32.0
2048,113024,2048,157.687,4.0
1024,113024,2048,157.966,8.0
512,113024,2048,158.079,16.0
256,113024,2048,158.081,32.0
2048,113088,2048,149.307,4.0
1024,113088,2048,149.496,8.0
512,113088,2048,148.523,16.0
256,113088,2048,150.131,32.0
2048,113152,2048,136.402,4.0
1024,113152,2048,135.7,8.0
512,113152,2048,135.594,16.0
256,113152,2048,136.721,32.0
2048,113216,2048,159.208,4.0
1024,113216,2048,159.809,8.0
512,113216,2048,160.622,16.0
256,113216,2048,159.667,32.0
2048,113280,2048,158.38,4.0
1024,113280,2048,159.423,8.0
512,113280,2048,158.987,16.0
256,113280,2048,160.077,32.0
2048,113344,2048,156.614,4.0
1024,113344,2048,156.484,8.0
512,113344,2048,157.909,16.0
256,113344,2048,157.451,32.0
2048,113408,2048,158.817,4.0
1024,113408,2048,158.406,8.0
512,113408,2048,160.017,16.0
256,113408,2048,158.48,32.0
2048,113472,2048,158.211,4.0
1024,113472,2048,157.853,8.0
512,113472,2048,158.101,16.0
256,113472,2048,157.569,32.0
2048,113536,2048,156.711,4.0
1024,113536,2048,157.096,8.0
512,113536,2048,157.974,16.0
256,113536,2048,157.42,32.0
2048,113600,2048,158.64,4.0
1024,113600,2048,158.084,8.0
512,113600,2048,158.208,16.0
256,113600,2048,158.362,32.0
2048,113664,2048,157.823,4.0
1024,113664,2048,157.325,8.0
512,113664,2048,157.25,16.0
256,113664,2048,156.668,32.0
2048,113728,2048,154.054,4.0
1024,113728,2048,154.246,8.0
512,113728,2048,154.253,16.0
256,113728,2048,154.304,32.0
2048,113792,2048,158.499,4.0
1024,113792,2048,158.236,8.0
512,113792,2048,158.909,16.0
256,113792,2048,158.077,32.0
2048,113856,2048,158.484,4.0
1024,113856,2048,157.516,8.0
512,113856,2048,158.697,16.0
256,113856,2048,158.708,32.0
2048,113920,2048,158.14,4.0
1024,113920,2048,158.665,8.0
512,113920,2048,158.908,16.0
256,113920,2048,158.398,32.0
2048,113984,2048,155.853,4.0
1024,113984,2048,155.864,8.0
512,113984,2048,155.964,16.0
256,113984,2048,156.724,32.0
2048,114048,2048,151.878,4.0
1024,114048,2048,150.224,8.0
512,114048,2048,150.507,16.0
256,114048,2048,154.403,32.0
2048,114112,2048,153.885,4.0
1024,114112,2048,152.7,8.0
512,114112,2048,153.109,16.0
256,114112,2048,153.31,32.0
2048,114176,2048,158.825,4.0
1024,114176,2048,156.728,8.0
512,114176,2048,157.403,16.0
256,114176,2048,155.939,32.0
2048,114240,2048,157.128,4.0
1024,114240,2048,157.154,8.0
512,114240,2048,157.111,16.0
256,114240,2048,157.59,32.0
2048,114304,2048,154.287,4.0
1024,114304,2048,154.225,8.0
512,114304,2048,154.634,16.0
256,114304,2048,154.188,32.0
2048,114368,2048,153.134,4.0
1024,114368,2048,153.795,8.0
512,114368,2048,153.602,16.0
256,114368,2048,154.219,32.0
2048,114432,2048,157.62,4.0
1024,114432,2048,157.41,8.0
512,114432,2048,157.426,16.0
256,114432,2048,157.162,32.0
2048,114496,2048,158.902,4.0
1024,114496,2048,158.232,8.0
512,114496,2048,159.148,16.0
256,114496,2048,158.384,32.0
2048,114560,2048,157.714,4.0
1024,114560,2048,156.828,8.0
512,114560,2048,156.786,16.0
256,114560,2048,158.059,32.0
2048,114624,2048,157.367,4.0
1024,114624,2048,157.441,8.0
512,114624,2048,157.963,16.0
256,114624,2048,157.657,32.0
2048,114688,2048,155.849,4.0
1024,114688,2048,155.673,8.0
512,114688,2048,155.694,16.0
256,114688,2048,155.79,32.0
2048,114752,2048,156.222,4.0
1024,114752,2048,158.167,8.0
512,114752,2048,157.152,16.0
256,114752,2048,157.044,32.0
2048,114816,2048,157.284,4.0
1024,114816,2048,158.358,8.0
512,114816,2048,157.978,16.0
256,114816,2048,158.104,32.0
2048,114880,2048,158.615,4.0
1024,114880,2048,157.645,8.0
512,114880,2048,159.331,16.0
256,114880,2048,159.69,32.0
2048,114944,2048,157.765,4.0
1024,114944,2048,157.715,8.0
512,114944,2048,158.147,16.0
256,114944,2048,159.455,32.0
2048,115008,2048,158.157,4.0
1024,115008,2048,158.339,8.0
512,115008,2048,159.049,16.0
256,115008,2048,157.997,32.0
2048,115072,2048,158.405,4.0
1024,115072,2048,158.613,8.0
512,115072,2048,158.023,16.0
256,115072,2048,158.946,32.0
2048,115136,2048,156.02,4.0
1024,115136,2048,156.276,8.0
512,115136,2048,156.384,16.0
256,115136,2048,155.973,32.0
2048,115200,2048,143.884,4.0
1024,115200,2048,143.765,8.0
512,115200,2048,144.035,16.0
256,115200,2048,143.98,32.0
2048,115264,2048,150.702,4.0
1024,115264,2048,150.637,8.0
512,115264,2048,150.993,16.0
256,115264,2048,150.679,32.0
2048,115328,2048,152.229,4.0
1024,115328,2048,153.005,8.0
512,115328,2048,152.604,16.0
256,115328,2048,152.229,32.0
2048,115392,2048,159.447,4.0
1024,115392,2048,159.066,8.0
512,115392,2048,157.035,16.0
256,115392,2048,158.82,32.0
2048,115456,2048,156.418,4.0
1024,115456,2048,156.884,8.0
512,115456,2048,157.29,16.0
256,115456,2048,157.557,32.0
2048,115520,2048,153.082,4.0
1024,115520,2048,153.565,8.0
512,115520,2048,153.125,16.0
256,115520,2048,154.119,32.0
2048,115584,2048,150.497,4.0
1024,115584,2048,150.478,8.0
512,115584,2048,150.117,16.0
256,115584,2048,149.997,32.0
2048,115648,2048,157.831,4.0
1024,115648,2048,158.86,8.0
512,115648,2048,158.263,16.0
256,115648,2048,158.569,32.0
2048,115712,2048,157.458,4.0
1024,115712,2048,157.906,8.0
512,115712,2048,157.159,16.0
256,115712,2048,156.91,32.0
2048,115776,2048,154.046,4.0
1024,115776,2048,154.212,8.0
512,115776,2048,153.793,16.0
256,115776,2048,153.835,32.0
2048,115840,2048,157.733,4.0
1024,115840,2048,157.673,8.0
512,115840,2048,156.925,16.0
256,115840,2048,157.394,32.0
2048,115904,2048,156.98,4.0
1024,115904,2048,157.452,8.0
512,115904,2048,157.472,16.0
256,115904,2048,157.619,32.0
2048,115968,2048,158.944,4.0
1024,115968,2048,158.575,8.0
512,115968,2048,157.97,16.0
256,115968,2048,157.613,32.0
2048,116032,2048,158.12,4.0
1024,116032,2048,158.649,8.0
512,116032,2048,158.512,16.0
256,116032,2048,157.477,32.0
2048,116096,2048,153.858,4.0
1024,116096,2048,153.101,8.0
512,116096,2048,152.994,16.0
256,116096,2048,152.338,32.0
2048,116160,2048,159.673,4.0
1024,116160,2048,161.128,8.0
512,116160,2048,160.003,16.0
256,116160,2048,159.403,32.0
2048,116224,2048,157.875,4.0
1024,116224,2048,157.726,8.0
512,116224,2048,157.942,16.0
256,116224,2048,157.603,32.0
2048,116288,2048,156.951,4.0
1024,116288,2048,156.42,8.0
512,116288,2048,157.091,16.0
256,116288,2048,158.004,32.0
2048,116352,2048,158.813,4.0
1024,116352,2048,158.15,8.0
512,116352,2048,158.413,16.0
256,116352,2048,158.263,32.0
2048,116416,2048,151.948,4.0
1024,116416,2048,151.977,8.0
512,116416,2048,152.35,16.0
256,116416,2048,151.875,32.0
2048,116480,2048,147.488,4.0
1024,116480,2048,147.106,8.0
512,116480,2048,146.844,16.0
256,116480,2048,146.609,32.0
2048,116544,2048,147.195,4.0
1024,116544,2048,147.575,8.0
512,116544,2048,147.59,16.0
256,116544,2048,147.775,32.0
2048,116608,2048,152.434,4.0
1024,116608,2048,152.512,8.0
512,116608,2048,152.782,16.0
256,116608,2048,152.882,32.0
2048,116672,2048,158.068,4.0
1024,116672,2048,158.104,8.0
512,116672,2048,158.914,16.0
256,116672,2048,159.37,32.0
2048,116736,2048,158.163,4.0
1024,116736,2048,158.089,8.0
512,116736,2048,159.326,16.0
256,116736,2048,157.725,32.0
2048,116800,2048,158.639,4.0
1024,116800,2048,157.596,8.0
512,116800,2048,158.211,16.0
256,116800,2048,159.239,32.0
2048,116864,2048,158.746,4.0
1024,116864,2048,158.344,8.0
512,116864,2048,157.885,16.0
256,116864,2048,158.865,32.0
2048,116928,2048,154.364,4.0
1024,116928,2048,153.626,8.0
512,116928,2048,153.526,16.0
256,116928,2048,153.697,32.0
2048,116992,2048,157.267,4.0
1024,116992,2048,157.943,8.0
512,116992,2048,157.49,16.0
256,116992,2048,157.583,32.0
2048,117056,2048,157.8,4.0
1024,117056,2048,157.729,8.0
512,117056,2048,158.148,16.0
256,117056,2048,157.355,32.0
2048,117120,2048,159.093,4.0
1024,117120,2048,159.709,8.0
512,117120,2048,159.128,16.0
256,117120,2048,159.178,32.0
2048,117184,2048,158.534,4.0
1024,117184,2048,158.674,8.0
512,117184,2048,159.375,16.0
256,117184,2048,159.13,32.0
2048,117248,2048,157.685,4.0
1024,117248,2048,157.495,8.0
512,117248,2048,157.505,16.0
256,117248,2048,157.903,32.0
2048,117312,2048,158.421,4.0
1024,117312,2048,158.344,8.0
512,117312,2048,157.837,16.0
256,117312,2048,157.797,32.0
2048,117376,2048,154.153,4.0
1024,117376,2048,154.542,8.0
512,117376,2048,155.011,16.0
256,117376,2048,154.867,32.0
2048,117440,2048,150.089,4.0
1024,117440,2048,150.1,8.0
512,117440,2048,150.448,16.0
256,117440,2048,150.705,32.0
2048,117504,2048,148.31,4.0
1024,117504,2048,148.685,8.0
512,117504,2048,149.022,16.0
256,117504,2048,149.016,32.0
2048,117568,2048,154.32,4.0
1024,117568,2048,154.059,8.0
512,117568,2048,153.918,16.0
256,117568,2048,153.548,32.0
2048,117632,2048,157.807,4.0
1024,117632,2048,157.839,8.0
512,117632,2048,157.034,16.0
256,117632,2048,158.7,32.0
2048,117696,2048,154.184,4.0
1024,117696,2048,153.334,8.0
512,117696,2048,154.085,16.0
256,117696,2048,153.217,32.0
2048,117760,2048,158.206,4.0
1024,117760,2048,158.106,8.0
512,117760,2048,158.604,16.0
256,117760,2048,158.081,32.0
2048,117824,2048,156.835,4.0
1024,117824,2048,158.404,8.0
512,117824,2048,157.03,16.0
256,117824,2048,156.834,32.0
2048,117888,2048,159.144,4.0
1024,117888,2048,158.707,8.0
512,117888,2048,159.829,16.0
256,117888,2048,158.991,32.0
2048,117952,2048,158.084,4.0
1024,117952,2048,157.735,8.0
512,117952,2048,157.443,16.0
256,117952,2048,157.637,32.0
2048,118016,2048,157.242,4.0
1024,118016,2048,157.02,8.0
512,118016,2048,157.992,16.0
256,118016,2048,157.252,32.0
2048,118080,2048,159.399,4.0
1024,118080,2048,157.957,8.0
512,118080,2048,157.678,16.0
256,118080,2048,158.67,32.0
2048,118144,2048,158.471,4.0
1024,118144,2048,158.418,8.0
512,118144,2048,157.554,16.0
256,118144,2048,158.168,32.0
2048,118208,2048,157.218,4.0
1024,118208,2048,157.008,8.0
512,118208,2048,157.267,16.0
256,118208,2048,157.174,32.0
2048,118272,2048,158.287,4.0
1024,118272,2048,158.67,8.0
512,118272,2048,159.189,16.0
256,118272,2048,160.147,32.0
2048,118336,2048,157.879,4.0
1024,118336,2048,158.099,8.0
512,118336,2048,157.501,16.0
256,118336,2048,159.524,32.0
2048,118400,2048,158.104,4.0
1024,118400,2048,157.461,8.0
512,118400,2048,158.286,16.0
256,118400,2048,157.075,32.0
2048,118464,2048,157.797,4.0
1024,118464,2048,157.887,8.0
512,118464,2048,156.472,16.0
256,118464,2048,157.317,32.0
2048,118528,2048,158.973,4.0
1024,118528,2048,158.979,8.0
512,118528,2048,157.873,16.0
256,118528,2048,158.078,32.0
2048,118592,2048,157.268,4.0
1024,118592,2048,158.648,8.0
512,118592,2048,158.297,16.0
256,118592,2048,158.242,32.0
2048,118656,2048,158.079,4.0
1024,118656,2048,159.09,8.0
512,118656,2048,158.011,16.0
256,118656,2048,158.165,32.0
2048,118720,2048,156.648,4.0
1024,118720,2048,156.759,8.0
512,118720,2048,156.967,16.0
256,118720,2048,156.887,32.0
2048,118784,2048,157.491,4.0
1024,118784,2048,156.677,8.0
512,118784,2048,156.908,16.0
256,118784,2048,157.969,32.0
2048,118848,2048,158.315,4.0
1024,118848,2048,157.491,8.0
512,118848,2048,157.837,16.0
256,118848,2048,157.176,32.0
2048,118912,2048,158.178,4.0
1024,118912,2048,159.336,8.0
512,118912,2048,158.331,16.0
256,118912,2048,158.573,32.0
2048,118976,2048,158.541,4.0
1024,118976,2048,157.297,8.0
512,118976,2048,157.296,16.0
256,118976,2048,158.411,32.0
2048,119040,2048,149.698,4.0
1024,119040,2048,150.413,8.0
512,119040,2048,149.155,16.0
256,119040,2048,150.185,32.0
2048,119104,2048,154.978,4.0
1024,119104,2048,154.524,8.0
512,119104,2048,155.237,16.0
256,119104,2048,154.738,32.0
2048,119168,2048,155.231,4.0
1024,119168,2048,155.652,8.0
512,119168,2048,156.4,16.0
256,119168,2048,156.34,32.0
2048,119232,2048,159.119,4.0
1024,119232,2048,159.212,8.0
512,119232,2048,157.14,16.0
256,119232,2048,157.91,32.0
2048,119296,2048,156.355,4.0
1024,119296,2048,157.179,8.0
512,119296,2048,156.38,16.0
256,119296,2048,157.058,32.0
2048,119360,2048,152.703,4.0
1024,119360,2048,153.18,8.0
512,119360,2048,153.118,16.0
256,119360,2048,153.027,32.0
2048,119424,2048,159.35,4.0
1024,119424,2048,158.184,8.0
512,119424,2048,158.137,16.0
256,119424,2048,158.963,32.0
2048,119488,2048,156.0,4.0
1024,119488,2048,157.55,8.0
512,119488,2048,156.103,16.0
256,119488,2048,155.571,32.0
2048,119552,2048,158.766,4.0
1024,119552,2048,158.29,8.0
512,119552,2048,158.426,16.0
256,119552,2048,157.859,32.0
2048,119616,2048,154.645,4.0
1024,119616,2048,155.643,8.0
512,119616,2048,154.729,16.0
256,119616,2048,154.924,32.0
2048,119680,2048,152.763,4.0
1024,119680,2048,152.847,8.0
512,119680,2048,153.249,16.0
256,119680,2048,153.353,32.0
2048,119744,2048,158.765,4.0
1024,119744,2048,158.861,8.0
512,119744,2048,156.955,16.0
256,119744,2048,158.781,32.0
2048,119808,2048,159.304,4.0
1024,119808,2048,159.056,8.0
512,119808,2048,160.609,16.0
256,119808,2048,158.846,32.0
2048,119872,2048,150.748,4.0
1024,119872,2048,150.943,8.0
512,119872,2048,151.116,16.0
256,119872,2048,151.163,32.0
2048,119936,2048,157.163,4.0
1024,119936,2048,157.287,8.0
512,119936,2048,156.876,16.0
256,119936,2048,157.012,32.0
2048,120000,2048,158.698,4.0
1024,120000,2048,158.457,8.0
512,120000,2048,157.793,16.0
256,120000,2048,158.506,32.0
2048,120064,2048,160.123,4.0
1024,120064,2048,158.661,8.0
512,120064,2048,157.89,16.0
256,120064,2048,157.537,32.0
2048,120128,2048,154.839,4.0
1024,120128,2048,154.902,8.0
512,120128,2048,154.412,16.0
256,120128,2048,155.476,32.0
2048,120192,2048,158.118,4.0
1024,120192,2048,157.155,8.0
512,120192,2048,157.026,16.0
256,120192,2048,157.259,32.0
2048,120256,2048,156.812,4.0
1024,120256,2048,157.142,8.0
512,120256,2048,157.67,16.0
256,120256,2048,157.322,32.0
2048,120320,2048,159.106,4.0
1024,120320,2048,158.915,8.0
512,120320,2048,158.689,16.0
256,120320,2048,158.97,32.0
2048,120384,2048,151.532,4.0
1024,120384,2048,150.883,8.0
512,120384,2048,151.738,16.0
256,120384,2048,151.055,32.0
2048,120448,2048,158.507,4.0
1024,120448,2048,158.665,8.0
512,120448,2048,159.194,16.0
256,120448,2048,158.056,32.0
2048,120512,2048,158.871,4.0
1024,120512,2048,157.338,8.0
512,120512,2048,158.291,16.0
256,120512,2048,158.595,32.0
2048,120576,2048,156.682,4.0
1024,120576,2048,156.405,8.0
512,120576,2048,156.636,16.0
256,120576,2048,156.054,32.0
2048,120640,2048,157.736,4.0
1024,120640,2048,157.057,8.0
512,120640,2048,159.77,16.0
256,120640,2048,157.715,32.0
2048,120704,2048,149.103,4.0
1024,120704,2048,150.311,8.0
512,120704,2048,149.67,16.0
256,120704,2048,149.699,32.0
2048,120768,2048,158.785,4.0
1024,120768,2048,158.016,8.0
512,120768,2048,158.146,16.0
256,120768,2048,158.445,32.0
2048,120832,2048,157.251,4.0
1024,120832,2048,157.066,8.0
512,120832,2048,157.611,16.0
256,120832,2048,157.643,32.0
2048,120896,2048,155.296,4.0
1024,120896,2048,156.13,8.0
512,120896,2048,155.727,16.0
256,120896,2048,155.998,32.0
2048,120960,2048,153.857,4.0
1024,120960,2048,153.337,8.0
512,120960,2048,152.784,16.0
256,120960,2048,153.069,32.0
2048,121024,2048,158.421,4.0
1024,121024,2048,158.886,8.0
512,121024,2048,158.451,16.0
256,121024,2048,157.015,32.0
2048,121088,2048,158.066,4.0
1024,121088,2048,158.931,8.0
512,121088,2048,157.894,16.0
256,121088,2048,158.424,32.0
2048,121152,2048,157.863,4.0
1024,121152,2048,157.608,8.0
512,121152,2048,157.795,16.0
256,121152,2048,158.037,32.0
2048,121216,2048,158.188,4.0
1024,121216,2048,159.346,8.0
512,121216,2048,159.013,16.0
256,121216,2048,160.068,32.0
2048,121280,2048,157.885,4.0
1024,121280,2048,158.156,8.0
512,121280,2048,158.452,16.0
256,121280,2048,157.709,32.0
2048,121344,2048,157.384,4.0
1024,121344,2048,158.734,8.0
512,121344,2048,157.806,16.0
256,121344,2048,157.534,32.0
2048,121408,2048,157.605,4.0
1024,121408,2048,157.647,8.0
512,121408,2048,157.424,16.0
256,121408,2048,157.876,32.0
2048,121472,2048,158.711,4.0
1024,121472,2048,158.231,8.0
512,121472,2048,157.706,16.0
256,121472,2048,158.144,32.0
2048,121536,2048,158.313,4.0
1024,121536,2048,158.445,8.0
512,121536,2048,157.529,16.0
256,121536,2048,157.785,32.0
2048,121600,2048,153.238,4.0
1024,121600,2048,152.776,8.0
512,121600,2048,152.913,16.0
256,121600,2048,153.984,32.0
2048,121664,2048,157.984,4.0
1024,121664,2048,157.643,8.0
512,121664,2048,157.681,16.0
256,121664,2048,157.466,32.0
2048,121728,2048,156.093,4.0
1024,121728,2048,155.325,8.0
512,121728,2048,154.599,16.0
256,121728,2048,155.212,32.0
2048,121792,2048,141.668,4.0
1024,121792,2048,142.595,8.0
512,121792,2048,142.103,16.0
256,121792,2048,141.255,32.0
2048,121856,2048,123.298,4.0
1024,121856,2048,122.75,8.0
512,121856,2048,123.069,16.0
256,121856,2048,123.994,32.0
2048,121920,2048,158.132,4.0
1024,121920,2048,158.849,8.0
512,121920,2048,160.485,16.0
256,121920,2048,158.025,32.0
2048,121984,2048,159.754,4.0
1024,121984,2048,159.214,8.0
512,121984,2048,158.845,16.0
256,121984,2048,158.357,32.0
2048,122048,2048,158.442,4.0
1024,122048,2048,158.881,8.0
512,122048,2048,158.429,16.0
256,122048,2048,158.761,32.0
2048,122112,2048,157.056,4.0
1024,122112,2048,157.874,8.0
512,122112,2048,157.564,16.0
256,122112,2048,156.768,32.0
2048,122176,2048,155.899,4.0
1024,122176,2048,156.793,8.0
512,122176,2048,156.352,16.0
256,122176,2048,156.106,32.0
2048,122240,2048,158.174,4.0
1024,122240,2048,158.221,8.0
512,122240,2048,158.29,16.0
256,122240,2048,159.041,32.0
2048,122304,2048,157.55,4.0
1024,122304,2048,158.518,8.0
512,122304,2048,158.107,16.0
256,122304,2048,157.146,32.0
2048,122368,2048,155.661,4.0
1024,122368,2048,155.218,8.0
512,122368,2048,155.147,16.0
256,122368,2048,156.14,32.0
2048,122432,2048,157.253,4.0
1024,122432,2048,156.402,8.0
512,122432,2048,156.741,16.0
256,122432,2048,156.157,32.0
2048,122496,2048,155.89,4.0
1024,122496,2048,156.018,8.0
512,122496,2048,155.382,16.0
256,122496,2048,156.051,32.0
2048,122560,2048,153.084,4.0
1024,122560,2048,152.997,8.0
512,122560,2048,153.122,16.0
256,122560,2048,153.004,32.0
2048,122624,2048,157.072,4.0
1024,122624,2048,157.092,8.0
512,122624,2048,157.16,16.0
256,122624,2048,157.494,32.0
2048,122688,2048,158.492,4.0
1024,122688,2048,159.882,8.0
512,122688,2048,159.159,16.0
256,122688,2048,160.038,32.0
2048,122752,2048,149.931,4.0
1024,122752,2048,151.339,8.0
512,122752,2048,149.191,16.0
256,122752,2048,151.17,32.0
2048,122816,2048,136.319,4.0
1024,122816,2048,135.424,8.0
512,122816,2048,136.004,16.0
256,122816,2048,135.373,32.0
2048,122880,2048,122.265,4.0
1024,122880,2048,121.112,8.0
512,122880,2048,121.72,16.0
256,122880,2048,120.323,32.0
2048,122944,2048,144.946,4.0
1024,122944,2048,145.683,8.0
512,122944,2048,145.382,16.0
256,122944,2048,145.082,32.0
2048,123008,2048,154.34,4.0
1024,123008,2048,155.229,8.0
512,123008,2048,155.089,16.0
256,123008,2048,153.752,32.0
2048,123072,2048,155.984,4.0
1024,123072,2048,155.437,8.0
512,123072,2048,156.225,16.0
256,123072,2048,155.711,32.0
2048,123136,2048,158.551,4.0
1024,123136,2048,158.293,8.0
512,123136,2048,158.937,16.0
256,123136,2048,158.694,32.0
2048,123200,2048,157.879,4.0
1024,123200,2048,159.449,8.0
512,123200,2048,157.955,16.0
256,123200,2048,158.017,32.0
2048,123264,2048,157.828,4.0
1024,123264,2048,158.608,8.0
512,123264,2048,158.953,16.0
256,123264,2048,158.198,32.0
2048,123328,2048,153.217,4.0
1024,123328,2048,153.632,8.0
512,123328,2048,153.836,16.0
256,123328,2048,153.157,32.0
2048,123392,2048,158.58,4.0
1024,123392,2048,159.473,8.0
512,123392,2048,158.068,16.0
256,123392,2048,158.33,32.0
2048,123456,2048,158.23,4.0
1024,123456,2048,158.199,8.0
512,123456,2048,158.396,16.0
256,123456,2048,157.314,32.0
2048,123520,2048,157.541,4.0
1024,123520,2048,157.758,8.0
512,123520,2048,157.712,16.0
256,123520,2048,157.44,32.0
2048,123584,2048,154.725,4.0
1024,123584,2048,154.583,8.0
512,123584,2048,154.552,16.0
256,123584,2048,154.857,32.0
2048,123648,2048,156.762,4.0
1024,123648,2048,156.525,8.0
512,123648,2048,156.979,16.0
256,123648,2048,156.575,32.0
2048,123712,2048,158.858,4.0
1024,123712,2048,159.33,8.0
512,123712,2048,158.413,16.0
256,123712,2048,158.543,32.0
2048,123776,2048,154.13,4.0
1024,123776,2048,155.185,8.0
512,123776,2048,155.909,16.0
256,123776,2048,155.753,32.0
2048,123840,2048,148.238,4.0
1024,123840,2048,148.301,8.0
512,123840,2048,147.948,16.0
256,123840,2048,147.63,32.0
2048,123904,2048,133.385,4.0
1024,123904,2048,133.74,8.0
512,123904,2048,134.645,16.0
256,123904,2048,133.496,32.0
2048,123968,2048,152.234,4.0
1024,123968,2048,151.98,8.0
512,123968,2048,151.74,16.0
256,123968,2048,152.089,32.0
2048,124032,2048,156.124,4.0
1024,124032,2048,154.937,8.0
512,124032,2048,155.098,16.0
256,124032,2048,155.704,32.0
2048,124096,2048,158.322,4.0
1024,124096,2048,157.867,8.0
512,124096,2048,158.025,16.0
256,124096,2048,158.241,32.0
2048,124160,2048,154.989,4.0
1024,124160,2048,155.55,8.0
512,124160,2048,155.025,16.0
256,124160,2048,155.202,32.0
2048,124224,2048,158.358,4.0
1024,124224,2048,158.976,8.0
512,124224,2048,157.654,16.0
256,124224,2048,158.394,32.0
2048,124288,2048,158.225,4.0
1024,124288,2048,159.638,8.0
512,124288,2048,157.868,16.0
256,124288,2048,157.719,32.0
2048,124352,2048,155.681,4.0
1024,124352,2048,155.529,8.0
512,124352,2048,155.218,16.0
256,124352,2048,155.631,32.0
2048,124416,2048,158.008,4.0
1024,124416,2048,158.645,8.0
512,124416,2048,157.994,16.0
256,124416,2048,157.74,32.0
2048,124480,2048,157.469,4.0
1024,124480,2048,156.824,8.0
512,124480,2048,158.623,16.0
256,124480,2048,157.122,32.0
2048,124544,2048,157.929,4.0
1024,124544,2048,158.063,8.0
512,124544,2048,157.395,16.0
256,124544,2048,157.948,32.0
2048,124608,2048,158.629,4.0
1024,124608,2048,157.802,8.0
512,124608,2048,159.85,16.0
256,124608,2048,159.071,32.0
2048,124672,2048,153.689,4.0
1024,124672,2048,152.754,8.0
512,124672,2048,153.368,16.0
256,124672,2048,153.223,32.0
2048,124736,2048,157.675,4.0
1024,124736,2048,157.922,8.0
512,124736,2048,157.812,16.0
256,124736,2048,157.552,32.0
2048,124800,2048,152.616,4.0
1024,124800,2048,152.207,8.0
512,124800,2048,152.493,16.0
256,124800,2048,152.885,32.0
2048,124864,2048,157.538,4.0
1024,124864,2048,157.486,8.0
512,124864,2048,157.064,16.0
256,124864,2048,157.147,32.0
2048,124928,2048,156.39,4.0
1024,124928,2048,156.431,8.0
512,124928,2048,157.476,16.0
256,124928,2048,157.178,32.0
2048,124992,2048,158.279,4.0
1024,124992,2048,157.644,8.0
512,124992,2048,157.529,16.0
256,124992,2048,156.939,32.0
2048,125056,2048,157.946,4.0
1024,125056,2048,158.253,8.0
512,125056,2048,156.567,16.0
256,125056,2048,157.048,32.0
2048,125120,2048,159.367,4.0
1024,125120,2048,158.513,8.0
512,125120,2048,158.83,16.0
256,125120,2048,157.895,32.0
2048,125184,2048,158.6,4.0
1024,125184,2048,158.582,8.0
512,125184,2048,159.501,16.0
256,125184,2048,158.341,32.0
2048,125248,2048,158.334,4.0
1024,125248,2048,158.086,8.0
512,125248,2048,157.411,16.0
256,125248,2048,158.594,32.0
2048,125312,2048,156.887,4.0
1024,125312,2048,157.763,8.0
512,125312,2048,157.629,16.0
256,125312,2048,157.05,32.0
2048,125376,2048,157.972,4.0
1024,125376,2048,157.886,8.0
512,125376,2048,157.826,16.0
256,125376,2048,157.951,32.0
2048,125440,2048,158.587,4.0
1024,125440,2048,158.292,8.0
512,125440,2048,158.482,16.0
256,125440,2048,158.299,32.0
2048,125504,2048,159.075,4.0
1024,125504,2048,158.731,8.0
512,125504,2048,157.322,16.0
256,125504,2048,157.625,32.0
2048,125568,2048,157.635,4.0
1024,125568,2048,157.561,8.0
512,125568,2048,158.495,16.0
256,125568,2048,158.103,32.0
2048,125632,2048,157.681,4.0
1024,125632,2048,157.444,8.0
512,125632,2048,157.967,16.0
256,125632,2048,157.056,32.0
2048,125696,2048,159.624,4.0
1024,125696,2048,159.151,8.0
512,125696,2048,158.902,16.0
256,125696,2048,158.256,32.0
2048,125760,2048,157.552,4.0
1024,125760,2048,157.349,8.0
512,125760,2048,157.65,16.0
256,125760,2048,156.56,32.0
2048,125824,2048,154.739,4.0
1024,125824,2048,154.952,8.0
512,125824,2048,154.477,16.0
256,125824,2048,153.955,32.0
2048,125888,2048,157.331,4.0
1024,125888,2048,157.205,8.0
512,125888,2048,157.788,16.0
256,125888,2048,157.874,32.0
2048,125952,2048,157.749,4.0
1024,125952,2048,157.873,8.0
512,125952,2048,156.756,16.0
256,125952,2048,158.198,32.0
2048,126016,2048,159.117,4.0
1024,126016,2048,158.948,8.0
512,126016,2048,158.859,16.0
256,126016,2048,157.941,32.0
2048,126080,2048,157.662,4.0
1024,126080,2048,158.153,8.0
512,126080,2048,157.956,16.0
256,126080,2048,157.006,32.0
2048,126144,2048,144.361,4.0
1024,126144,2048,144.415,8.0
512,126144,2048,144.818,16.0
256,126144,2048,144.4,32.0
2048,126208,2048,144.07,4.0
1024,126208,2048,144.482,8.0
512,126208,2048,143.812,16.0
256,126208,2048,144.291,32.0
2048,126272,2048,157.428,4.0
1024,126272,2048,158.241,8.0
512,126272,2048,158.802,16.0
256,126272,2048,158.092,32.0
2048,126336,2048,157.505,4.0
1024,126336,2048,158.489,8.0
512,126336,2048,158.755,16.0
256,126336,2048,158.681,32.0
2048,126400,2048,158.714,4.0
1024,126400,2048,159.141,8.0
512,126400,2048,157.948,16.0
256,126400,2048,160.391,32.0
2048,126464,2048,157.414,4.0
1024,126464,2048,157.057,8.0
512,126464,2048,156.984,16.0
256,126464,2048,157.001,32.0
2048,126528,2048,157.344,4.0
1024,126528,2048,157.986,8.0
512,126528,2048,158.264,16.0
256,126528,2048,157.6,32.0
2048,126592,2048,152.544,4.0
1024,126592,2048,151.751,8.0
512,126592,2048,152.734,16.0
256,126592,2048,152.499,32.0
2048,126656,2048,158.355,4.0
1024,126656,2048,158.792,8.0
512,126656,2048,158.187,16.0
256,126656,2048,158.722,32.0
2048,126720,2048,149.125,4.0
1024,126720,2048,148.879,8.0
512,126720,2048,148.964,16.0
256,126720,2048,149.419,32.0
2048,126784,2048,155.372,4.0
1024,126784,2048,154.404,8.0
512,126784,2048,152.226,16.0
256,126784,2048,153.387,32.0
2048,126848,2048,158.71,4.0
1024,126848,2048,159.508,8.0
512,126848,2048,159.169,16.0
256,126848,2048,159.72,32.0
2048,126912,2048,157.308,4.0
1024,126912,2048,156.796,8.0
512,126912,2048,157.691,16.0
256,126912,2048,158.213,32.0
2048,126976,2048,157.707,4.0
1024,126976,2048,156.687,8.0
512,126976,2048,156.714,16.0
256,126976,2048,157.437,32.0
2048,127040,2048,157.633,4.0
1024,127040,2048,157.723,8.0
512,127040,2048,157.865,16.0
256,127040,2048,157.139,32.0
2048,127104,2048,159.139,4.0
1024,127104,2048,159.299,8.0
512,127104,2048,159.711,16.0
256,127104,2048,159.454,32.0
2048,127168,2048,152.705,4.0
1024,127168,2048,152.291,8.0
512,127168,2048,152.982,16.0
256,127168,2048,152.418,32.0
2048,127232,2048,159.682,4.0
1024,127232,2048,158.661,8.0
512,127232,2048,159.576,16.0
256,127232,2048,160.036,32.0
2048,127296,2048,154.419,4.0
1024,127296,2048,154.199,8.0
512,127296,2048,154.311,16.0
256,127296,2048,154.666,32.0
2048,127360,2048,157.421,4.0
1024,127360,2048,157.464,8.0
512,127360,2048,156.952,16.0
256,127360,2048,157.47,32.0
2048,127424,2048,158.247,4.0
1024,127424,2048,158.531,8.0
512,127424,2048,157.976,16.0
256,127424,2048,157.814,32.0
2048,127488,2048,157.944,4.0
1024,127488,2048,158.492,8.0
512,127488,2048,157.884,16.0
256,127488,2048,157.384,32.0
2048,127552,2048,157.742,4.0
1024,127552,2048,158.581,8.0
512,127552,2048,157.961,16.0
256,127552,2048,158.718,32.0
2048,127616,2048,155.862,4.0
1024,127616,2048,154.843,8.0
512,127616,2048,155.284,16.0
256,127616,2048,154.616,32.0
2048,127680,2048,152.71,4.0
1024,127680,2048,151.776,8.0
512,127680,2048,152.283,16.0
256,127680,2048,151.783,32.0
2048,127744,2048,155.278,4.0
1024,127744,2048,154.991,8.0
512,127744,2048,155.364,16.0
256,127744,2048,154.814,32.0
2048,127808,2048,157.436,4.0
1024,127808,2048,157.896,8.0
512,127808,2048,158.897,16.0
256,127808,2048,157.165,32.0
2048,127872,2048,157.267,4.0
1024,127872,2048,156.988,8.0
512,127872,2048,157.14,16.0
256,127872,2048,157.374,32.0
2048,127936,2048,158.629,4.0
1024,127936,2048,158.548,8.0
512,127936,2048,158.05,16.0
256,127936,2048,158.399,32.0
2048,128000,2048,157.417,4.0
1024,128000,2048,157.766,8.0
512,128000,2048,157.456,16.0
256,128000,2048,157.353,32.0
2048,128064,2048,158.38,4.0
1024,128064,2048,158.715,8.0
512,128064,2048,158.132,16.0
256,128064,2048,157.85,32.0
2048,128128,2048,157.973,4.0
1024,128128,2048,157.775,8.0
512,128128,2048,158.157,16.0
256,128128,2048,158.146,32.0
2048,128192,2048,158.712,4.0
1024,128192,2048,159.679,8.0
512,128192,2048,158.784,16.0
256,128192,2048,158.979,32.0
2048,128256,2048,157.591,4.0
1024,128256,2048,157.876,8.0
512,128256,2048,157.459,16.0
256,128256,2048,158.053,32.0
2048,128320,2048,155.701,4.0
1024,128320,2048,157.103,8.0
512,128320,2048,156.227,16.0
256,128320,2048,154.063,32.0
2048,128384,2048,151.605,4.0
1024,128384,2048,151.817,8.0
512,128384,2048,151.764,16.0
256,128384,2048,151.621,32.0
2048,128448,2048,157.325,4.0
1024,128448,2048,156.913,8.0
512,128448,2048,156.836,16.0
256,128448,2048,157.263,32.0
2048,128512,2048,151.672,4.0
1024,128512,2048,152.223,8.0
512,128512,2048,152.01,16.0
256,128512,2048,151.185,32.0
2048,128576,2048,155.022,4.0
1024,128576,2048,155.836,8.0
512,128576,2048,155.462,16.0
256,128576,2048,155.124,32.0
2048,128640,2048,153.36,4.0
1024,128640,2048,152.54,8.0
512,128640,2048,153.062,16.0
256,128640,2048,153.605,32.0
2048,128704,2048,157.104,4.0
1024,128704,2048,156.626,8.0
512,128704,2048,156.304,16.0
256,128704,2048,157.365,32.0
2048,128768,2048,157.151,4.0
1024,128768,2048,157.515,8.0
512,128768,2048,157.643,16.0
256,128768,2048,157.271,32.0
2048,128832,2048,152.155,4.0
1024,128832,2048,152.488,8.0
512,128832,2048,152.3,16.0
256,128832,2048,151.737,32.0
2048,128896,2048,157.282,4.0
1024,128896,2048,157.731,8.0
512,128896,2048,158.047,16.0
256,128896,2048,157.181,32.0
2048,128960,2048,154.924,4.0
1024,128960,2048,155.73,8.0
512,128960,2048,155.204,16.0
256,128960,2048,154.595,32.0
2048,129024,2048,151.457,4.0
1024,129024,2048,150.686,8.0
512,129024,2048,150.473,16.0
256,129024,2048,151.879,32.0
2048,129088,2048,151.261,4.0
1024,129088,2048,151.796,8.0
512,129088,2048,151.448,16.0
256,129088,2048,150.94,32.0
2048,129152,2048,159.838,4.0
1024,129152,2048,157.846,8.0
512,129152,2048,158.619,16.0
256,129152,2048,158.637,32.0
2048,129216,2048,157.523,4.0
1024,129216,2048,157.852,8.0
512,129216,2048,157.466,16.0
256,129216,2048,157.908,32.0
2048,129280,2048,158.185,4.0
1024,129280,2048,158.301,8.0
512,129280,2048,158.417,16.0
256,129280,2048,157.559,32.0
2048,129344,2048,154.44,4.0
1024,129344,2048,154.374,8.0
512,129344,2048,154.404,16.0
256,129344,2048,154.856,32.0
2048,129408,2048,154.925,4.0
1024,129408,2048,154.437,8.0
512,129408,2048,153.806,16.0
256,129408,2048,153.814,32.0
2048,129472,2048,157.971,4.0
1024,129472,2048,157.905,8.0
512,129472,2048,158.628,16.0
256,129472,2048,157.663,32.0
2048,129536,2048,157.756,4.0
1024,129536,2048,157.722,8.0
512,129536,2048,156.983,16.0
256,129536,2048,157.608,32.0
2048,129600,2048,153.142,4.0
1024,129600,2048,153.848,8.0
512,129600,2048,154.345,16.0
256,129600,2048,153.363,32.0
2048,129664,2048,150.346,4.0
1024,129664,2048,150.389,8.0
512,129664,2048,150.265,16.0
256,129664,2048,150.09,32.0
2048,129728,2048,158.647,4.0
1024,129728,2048,159.806,8.0
512,129728,2048,158.648,16.0
256,129728,2048,158.901,32.0
2048,129792,2048,157.288,4.0
1024,129792,2048,156.674,8.0
512,129792,2048,156.31,16.0
256,129792,2048,156.895,32.0
2048,129856,2048,155.003,4.0
1024,129856,2048,154.58,8.0
512,129856,2048,154.693,16.0
256,129856,2048,155.563,32.0
2048,129920,2048,154.107,4.0
1024,129920,2048,154.446,8.0
512,129920,2048,155.691,16.0
256,129920,2048,154.6,32.0
2048,129984,2048,158.366,4.0
1024,129984,2048,158.855,8.0
512,129984,2048,158.19,16.0
256,129984,2048,157.782,32.0
2048,130048,2048,158.238,4.0
1024,130048,2048,157.426,8.0
512,130048,2048,157.852,16.0
256,130048,2048,157.51,32.0
2048,130112,2048,158.753,4.0
1024,130112,2048,159.32,8.0
512,130112,2048,159.383,16.0
256,130112,2048,159.42,32.0
2048,130176,2048,148.322,4.0
1024,130176,2048,148.791,8.0
512,130176,2048,148.498,16.0
256,130176,2048,148.678,32.0
2048,130240,2048,157.849,4.0
1024,130240,2048,158.129,8.0
512,130240,2048,157.371,16.0
256,130240,2048,158.987,32.0
2048,130304,2048,159.379,4.0
1024,130304,2048,159.129,8.0
512,130304,2048,159.925,16.0
256,130304,2048,159.139,32.0
2048,130368,2048,151.222,4.0
1024,130368,2048,150.757,8.0
512,130368,2048,150.32,16.0
256,130368,2048,150.973,32.0
2048,130432,2048,155.78,4.0
1024,130432,2048,156.192,8.0
512,130432,2048,155.949,16.0
256,130432,2048,155.871,32.0
2048,130496,2048,133.415,4.0
1024,130496,2048,133.09,8.0
512,130496,2048,132.539,16.0
256,130496,2048,132.152,32.0
2048,130560,2048,127.003,4.0
1024,130560,2048,127.315,8.0
512,130560,2048,126.799,16.0
256,130560,2048,128.221,32.0
2048,130624,2048,139.835,4.0
1024,130624,2048,138.798,8.0
512,130624,2048,138.91,16.0
256,130624,2048,137.529,32.0
2048,130688,2048,159.213,4.0
1024,130688,2048,159.657,8.0
512,130688,2048,159.808,16.0
256,130688,2048,159.799,32.0
2048,130752,2048,154.064,4.0
1024,130752,2048,153.862,8.0
512,130752,2048,154.456,16.0
256,130752,2048,153.373,32.0
2048,130816,2048,157.079,4.0
1024,130816,2048,157.42,8.0
512,130816,2048,156.866,16.0
256,130816,2048,157.208,32.0
2048,130880,2048,147.328,4.0
1024,130880,2048,147.165,8.0
512,130880,2048,147.39,16.0
256,130880,2048,146.861,32.0
2048,130944,2048,144.816,4.0
1024,130944,2048,144.852,8.0
512,130944,2048,145.613,16.0
256,130944,2048,144.762,32.0
2048,131008,2048,142.168,4.0
1024,131008,2048,142.556,8.0
512,131008,2048,141.651,16.0
256,131008,2048,142.389,32.0
2048,131072,2048,122.515,4.0
1024,131072,2048,123.544,8.0
512,131072,2048,122.198,16.0
256,131072,2048,121.736,32.0
2048,131136,2048,142.539,4.0
1024,131136,2048,142.377,8.0
512,131136,2048,142.571,16.0
256,131136,2048,142.15,32.0
2048,131200,2048,144.638,4.0
1024,131200,2048,145.09,8.0
512,131200,2048,144.68,16.0
256,131200,2048,145.148,32.0
2048,131264,2048,147.053,4.0
1024,131264,2048,146.139,8.0
512,131264,2048,146.79,16.0
256,131264,2048,145.92,32.0
2048,131328,2048,156.608,4.0
1024,131328,2048,155.823,8.0
512,131328,2048,156.521,16.0
256,131328,2048,155.044,32.0
2048,131392,2048,154.178,4.0
1024,131392,2048,154.094,8.0
512,131392,2048,153.533,16.0
256,131392,2048,153.847,32.0
2048,131456,2048,160.169,4.0
1024,131456,2048,161.101,8.0
512,131456,2048,160.452,16.0
256,131456,2048,160.26,32.0
2048,131520,2048,139.838,4.0
1024,131520,2048,140.609,8.0
512,131520,2048,140.456,16.0
256,131520,2048,140.49,32.0
2048,131584,2048,128.431,4.0
1024,131584,2048,128.326,8.0
512,131584,2048,128.692,16.0
256,131584,2048,128.448,32.0
2048,131648,2048,142.132,4.0
1024,131648,2048,141.67,8.0
512,131648,2048,142.424,16.0
256,131648,2048,142.026,32.0
2048,131712,2048,158.053,4.0
1024,131712,2048,158.14,8.0
512,131712,2048,159.307,16.0
256,131712,2048,158.065,32.0
2048,131776,2048,152.294,4.0
1024,131776,2048,152.273,8.0
512,131776,2048,152.126,16.0
256,131776,2048,152.493,32.0
2048,131840,2048,159.192,4.0
1024,131840,2048,158.276,8.0
512,131840,2048,158.428,16.0
256,131840,2048,158.549,32.0
2048,131904,2048,154.745,4.0
1024,131904,2048,154.126,8.0
512,131904,2048,154.737,16.0
256,131904,2048,153.778,32.0
2048,131968,2048,150.559,4.0
1024,131968,2048,150.209,8.0
512,131968,2048,152.197,16.0
256,131968,2048,152.078,32.0
2048,132032,2048,159.358,4.0
1024,132032,2048,157.799,8.0
512,132032,2048,158.701,16.0
256,132032,2048,158.576,32.0
2048,132096,2048,157.521,4.0
1024,132096,2048,156.72,8.0
512,132096,2048,157.703,16.0
256,132096,2048,156.701,32.0
2048,132160,2048,159.437,4.0
1024,132160,2048,157.169,8.0
512,132160,2048,158.296,16.0
256,132160,2048,158.425,32.0
2048,132224,2048,157.017,4.0
1024,132224,2048,156.776,8.0
512,132224,2048,156.399,16.0
256,132224,2048,156.334,32.0
2048,132288,2048,152.956,4.0
1024,132288,2048,153.333,8.0
512,132288,2048,153.687,16.0
256,132288,2048,153.719,32.0
2048,132352,2048,158.791,4.0
1024,132352,2048,158.485,8.0
512,132352,2048,157.997,16.0
256,132352,2048,157.577,32.0
2048,132416,2048,159.862,4.0
1024,132416,2048,158.051,8.0
512,132416,2048,158.975,16.0
256,132416,2048,158.6,32.0
2048,132480,2048,153.227,4.0
1024,132480,2048,153.126,8.0
512,132480,2048,153.037,16.0
256,132480,2048,153.12,32.0
2048,132544,2048,151.786,4.0
1024,132544,2048,151.688,8.0
512,132544,2048,151.913,16.0
256,132544,2048,151.646,32.0
2048,132608,2048,154.844,4.0
1024,132608,2048,155.162,8.0
512,132608,2048,154.668,16.0
256,132608,2048,155.383,32.0
2048,132672,2048,152.382,4.0
1024,132672,2048,153.115,8.0
512,132672,2048,154.035,16.0
256,132672,2048,153.022,32.0
2048,132736,2048,151.154,4.0
1024,132736,2048,150.881,8.0
512,132736,2048,150.374,16.0
256,132736,2048,151.387,32.0
2048,132800,2048,158.695,4.0
1024,132800,2048,158.833,8.0
512,132800,2048,158.432,16.0
256,132800,2048,158.404,32.0
2048,132864,2048,158.836,4.0
1024,132864,2048,158.464,8.0
512,132864,2048,158.338,16.0
256,132864,2048,158.411,32.0
2048,132928,2048,160.621,4.0
1024,132928,2048,158.364,8.0
512,132928,2048,159.036,16.0
256,132928,2048,159.669,32.0
2048,132992,2048,158.778,4.0
1024,132992,2048,158.218,8.0
512,132992,2048,158.132,16.0
256,132992,2048,158.197,32.0
2048,133056,2048,154.767,4.0
1024,133056,2048,154.564,8.0
512,133056,2048,154.917,16.0
256,133056,2048,154.457,32.0
2048,133120,2048,149.645,4.0
1024,133120,2048,149.221,8.0
512,133120,2048,149.429,16.0
256,133120,2048,150.211,32.0
2048,133184,2048,150.151,4.0
1024,133184,2048,150.736,8.0
512,133184,2048,150.411,16.0
256,133184,2048,150.472,32.0
2048,133248,2048,157.764,4.0
1024,133248,2048,158.743,8.0
512,133248,2048,158.152,16.0
256,133248,2048,157.579,32.0
2048,133312,2048,152.045,4.0
1024,133312,2048,152.738,8.0
512,133312,2048,151.214,16.0
256,133312,2048,152.976,32.0
2048,133376,2048,157.064,4.0
1024,133376,2048,156.742,8.0
512,133376,2048,157.088,16.0
256,133376,2048,157.401,32.0
2048,133440,2048,157.888,4.0
1024,133440,2048,158.514,8.0
512,133440,2048,158.098,16.0
256,133440,2048,157.576,32.0
2048,133504,2048,154.396,4.0
1024,133504,2048,154.498,8.0
512,133504,2048,154.16,16.0
256,133504,2048,153.861,32.0
2048,133568,2048,157.503,4.0
1024,133568,2048,157.54,8.0
512,133568,2048,156.306,16.0
256,133568,2048,156.186,32.0
2048,133632,2048,156.875,4.0
1024,133632,2048,156.224,8.0
512,133632,2048,156.409,16.0
256,133632,2048,156.815,32.0
2048,133696,2048,158.22,4.0
1024,133696,2048,158.333,8.0
512,133696,2048,157.944,16.0
256,133696,2048,157.648,32.0
2048,133760,2048,153.706,4.0
1024,133760,2048,154.141,8.0
512,133760,2048,153.673,16.0
256,133760,2048,154.02,32.0
2048,133824,2048,158.229,4.0
1024,133824,2048,158.208,8.0
512,133824,2048,158.279,16.0
256,133824,2048,158.699,32.0
2048,133888,2048,158.734,4.0
1024,133888,2048,158.188,8.0
512,133888,2048,158.742,16.0
256,133888,2048,157.842,32.0
2048,133952,2048,157.219,4.0
1024,133952,2048,157.553,8.0
512,133952,2048,157.799,16.0
256,133952,2048,158.766,32.0
2048,134016,2048,157.805,4.0
1024,134016,2048,158.951,8.0
512,134016,2048,158.991,16.0
256,134016,2048,157.702,32.0
2048,134080,2048,158.864,4.0
1024,134080,2048,157.909,8.0
512,134080,2048,158.374,16.0
256,134080,2048,158.251,32.0
2048,134144,2048,155.761,4.0
1024,134144,2048,155.192,8.0
512,134144,2048,155.223,16.0
256,134144,2048,154.828,32.0
2048,134208,2048,158.54,4.0
1024,134208,2048,157.676,8.0
512,134208,2048,157.817,16.0
256,134208,2048,157.61,32.0
2048,134272,2048,158.898,4.0
1024,134272,2048,157.405,8.0
512,134272,2048,157.546,16.0
256,134272,2048,157.332,32.0
2048,134336,2048,155.169,4.0
1024,134336,2048,154.788,8.0
512,134336,2048,154.949,16.0
256,134336,2048,155.161,32.0
2048,134400,2048,148.112,4.0
1024,134400,2048,147.763,8.0
512,134400,2048,148.174,16.0
256,134400,2048,148.078,32.0
2048,134464,2048,144.717,4.0
1024,134464,2048,144.143,8.0
512,134464,2048,143.578,16.0
256,134464,2048,144.729,32.0
2048,134528,2048,158.236,4.0
1024,134528,2048,157.908,8.0
512,134528,2048,157.414,16.0
256,134528,2048,158.308,32.0
2048,134592,2048,157.263,4.0
1024,134592,2048,157.073,8.0
512,134592,2048,158.084,16.0
256,134592,2048,158.485,32.0
2048,134656,2048,158.03,4.0
1024,134656,2048,157.438,8.0
512,134656,2048,156.777,16.0
256,134656,2048,157.748,32.0
2048,134720,2048,151.18,4.0
1024,134720,2048,152.268,8.0
512,134720,2048,152.653,16.0
256,134720,2048,152.492,32.0
2048,134784,2048,152.874,4.0
1024,134784,2048,152.685,8.0
512,134784,2048,152.459,16.0
256,134784,2048,153.334,32.0
2048,134848,2048,147.668,4.0
1024,134848,2048,147.988,8.0
512,134848,2048,148.576,16.0
256,134848,2048,146.705,32.0
2048,134912,2048,143.931,4.0
1024,134912,2048,144.678,8.0
512,134912,2048,144.527,16.0
256,134912,2048,144.388,32.0
2048,134976,2048,151.935,4.0
1024,134976,2048,151.606,8.0
512,134976,2048,152.128,16.0
256,134976,2048,151.425,32.0
2048,135040,2048,157.417,4.0
1024,135040,2048,158.211,8.0
512,135040,2048,157.685,16.0
256,135040,2048,157.687,32.0
2048,135104,2048,158.981,4.0
1024,135104,2048,158.009,8.0
512,135104,2048,157.591,16.0
256,135104,2048,158.183,32.0
2048,135168,2048,157.883,4.0
1024,135168,2048,157.111,8.0
512,135168,2048,157.19,16.0
256,135168,2048,158.027,32.0
2048,135232,2048,158.662,4.0
1024,135232,2048,158.73,8.0
512,135232,2048,158.492,16.0
256,135232,2048,158.715,32.0
2048,135296,2048,158.363,4.0
1024,135296,2048,158.024,8.0
512,135296,2048,157.965,16.0
256,135296,2048,157.415,32.0
2048,135360,2048,160.005,4.0
1024,135360,2048,157.177,8.0
512,135360,2048,158.048,16.0
256,135360,2048,159.257,32.0
2048,135424,2048,153.178,4.0
1024,135424,2048,155.226,8.0
512,135424,2048,154.961,16.0
256,135424,2048,154.41,32.0
2048,135488,2048,157.805,4.0
1024,135488,2048,157.51,8.0
512,135488,2048,157.121,16.0
256,135488,2048,157.105,32.0
2048,135552,2048,152.692,4.0
1024,135552,2048,153.825,8.0
512,135552,2048,153.741,16.0
256,135552,2048,153.259,32.0
2048,135616,2048,158.708,4.0
1024,135616,2048,159.026,8.0
512,135616,2048,157.978,16.0
256,135616,2048,158.437,32.0
2048,135680,2048,158.488,4.0
1024,135680,2048,158.019,8.0
512,135680,2048,158.855,16.0
256,135680,2048,158.212,32.0
2048,135744,2048,153.429,4.0
1024,135744,2048,153.056,8.0
512,135744,2048,153.358,16.0
256,135744,2048,153.55,32.0
2048,135808,2048,158.924,4.0
1024,135808,2048,159.646,8.0
512,135808,2048,158.303,16.0
256,135808,2048,158.238,32.0
2048,135872,2048,157.578,4.0
1024,135872,2048,157.445,8.0
512,135872,2048,156.999,16.0
256,135872,2048,157.142,32.0
2048,135936,2048,153.752,4.0
1024,135936,2048,153.869,8.0
512,135936,2048,153.721,16.0
256,135936,2048,153.859,32.0
2048,136000,2048,153.718,4.0
1024,136000,2048,152.779,8.0
512,136000,2048,153.386,16.0
256,136000,2048,153.544,32.0
2048,136064,2048,158.074,4.0
1024,136064,2048,157.682,8.0
512,136064,2048,157.692,16.0
256,136064,2048,157.329,32.0
2048,136128,2048,158.258,4.0
1024,136128,2048,157.737,8.0
512,136128,2048,157.52,16.0
256,136128,2048,158.516,32.0
2048,136192,2048,157.643,4.0
1024,136192,2048,157.576,8.0
512,136192,2048,158.564,16.0
256,136192,2048,158.613,32.0
2048,136256,2048,153.28,4.0
1024,136256,2048,152.859,8.0
512,136256,2048,154.006,16.0
256,136256,2048,153.176,32.0
2048,136320,2048,153.928,4.0
1024,136320,2048,153.853,8.0
512,136320,2048,154.28,16.0
256,136320,2048,154.187,32.0
2048,136384,2048,150.537,4.0
1024,136384,2048,150.682,8.0
512,136384,2048,150.764,16.0
256,136384,2048,150.453,32.0
2048,136448,2048,157.757,4.0
1024,136448,2048,158.949,8.0
512,136448,2048,157.537,16.0
256,136448,2048,157.788,32.0
2048,136512,2048,157.446,4.0
1024,136512,2048,157.605,8.0
512,136512,2048,158.172,16.0
256,136512,2048,158.393,32.0
2048,136576,2048,154.673,4.0
1024,136576,2048,155.55,8.0
512,136576,2048,154.248,16.0
256,136576,2048,157.152,32.0
2048,136640,2048,157.902,4.0
1024,136640,2048,157.991,8.0
512,136640,2048,158.288,16.0
256,136640,2048,157.908,32.0
2048,136704,2048,157.578,4.0
1024,136704,2048,156.073,8.0
512,136704,2048,157.242,16.0
256,136704,2048,156.69,32.0
2048,136768,2048,152.229,4.0
1024,136768,2048,151.956,8.0
512,136768,2048,152.422,16.0
256,136768,2048,152.302,32.0
2048,136832,2048,157.84,4.0
1024,136832,2048,156.899,8.0
512,136832,2048,158.103,16.0
256,136832,2048,157.204,32.0
2048,136896,2048,158.609,4.0
1024,136896,2048,157.621,8.0
512,136896,2048,158.346,16.0
256,136896,2048,158.136,32.0
2048,136960,2048,159.573,4.0
1024,136960,2048,158.066,8.0
512,136960,2048,159.125,16.0
256,136960,2048,158.306,32.0
2048,137024,2048,156.455,4.0
1024,137024,2048,155.864,8.0
512,137024,2048,157.655,16.0
256,137024,2048,156.217,32.0
2048,137088,2048,149.605,4.0
1024,137088,2048,149.73,8.0
512,137088,2048,149.89,16.0
256,137088,2048,150.068,32.0
2048,137152,2048,156.883,4.0
1024,137152,2048,154.787,8.0
512,137152,2048,155.653,16.0
256,137152,2048,155.619,32.0
2048,137216,2048,156.967,4.0
1024,137216,2048,157.422,8.0
512,137216,2048,156.822,16.0
256,137216,2048,156.439,32.0
2048,137280,2048,157.255,4.0
1024,137280,2048,156.453,8.0
512,137280,2048,157.997,16.0
256,137280,2048,158.289,32.0
2048,137344,2048,148.159,4.0
1024,137344,2048,148.868,8.0
512,137344,2048,148.422,16.0
256,137344,2048,148.971,32.0
2048,137408,2048,157.987,4.0
1024,137408,2048,158.083,8.0
512,137408,2048,158.379,16.0
256,137408,2048,157.692,32.0
2048,137472,2048,152.86,4.0
1024,137472,2048,152.575,8.0
512,137472,2048,152.504,16.0
256,137472,2048,152.278,32.0
2048,137536,2048,157.207,4.0
1024,137536,2048,158.282,8.0
512,137536,2048,157.625,16.0
256,137536,2048,157.93,32.0
2048,137600,2048,158.546,4.0
1024,137600,2048,158.341,8.0
512,137600,2048,158.741,16.0
256,137600,2048,158.409,32.0
2048,137664,2048,158.559,4.0
1024,137664,2048,157.358,8.0
512,137664,2048,158.306,16.0
256,137664,2048,157.996,32.0
2048,137728,2048,157.769,4.0
1024,137728,2048,156.853,8.0
512,137728,2048,157.461,16.0
256,137728,2048,157.051,32.0
2048,137792,2048,154.358,4.0
1024,137792,2048,154.193,8.0
512,137792,2048,154.221,16.0
256,137792,2048,154.195,32.0
2048,137856,2048,155.722,4.0
1024,137856,2048,155.802,8.0
512,137856,2048,156.667,16.0
256,137856,2048,155.544,32.0
2048,137920,2048,152.815,4.0
1024,137920,2048,152.346,8.0
512,137920,2048,152.813,16.0
256,137920,2048,153.103,32.0
2048,137984,2048,157.931,4.0
1024,137984,2048,158.298,8.0
512,137984,2048,156.848,16.0
256,137984,2048,158.26,32.0
2048,138048,2048,158.321,4.0
1024,138048,2048,157.238,8.0
512,138048,2048,157.674,16.0
256,138048,2048,157.544,32.0
2048,138112,2048,158.701,4.0
1024,138112,2048,158.104,8.0
512,138112,2048,156.345,16.0
256,138112,2048,160.133,32.0
2048,138176,2048,152.443,4.0
1024,138176,2048,152.02,8.0
512,138176,2048,152.696,16.0
256,138176,2048,152.855,32.0
2048,138240,2048,131.831,4.0
1024,138240,2048,132.779,8.0
512,138240,2048,132.015,16.0
256,138240,2048,131.86,32.0
2048,138304,2048,142.457,4.0
1024,138304,2048,142.622,8.0
512,138304,2048,142.421,16.0
256,138304,2048,145.097,32.0
2048,138368,2048,152.452,4.0
1024,138368,2048,152.775,8.0
512,138368,2048,152.59,16.0
256,138368,2048,153.013,32.0
2048,138432,2048,157.97,4.0
1024,138432,2048,157.401,8.0
512,138432,2048,158.028,16.0
256,138432,2048,158.399,32.0
2048,138496,2048,158.147,4.0
1024,138496,2048,158.458,8.0
512,138496,2048,157.947,16.0
256,138496,2048,157.724,32.0
2048,138560,2048,153.15,4.0
1024,138560,2048,152.543,8.0
512,138560,2048,153.329,16.0
256,138560,2048,152.714,32.0
2048,138624,2048,157.701,4.0
1024,138624,2048,157.885,8.0
512,138624,2048,157.799,16.0
256,138624,2048,157.551,32.0
2048,138688,2048,157.314,4.0
1024,138688,2048,157.252,8.0
512,138688,2048,157.166,16.0
256,138688,2048,156.861,32.0
2048,138752,2048,153.005,4.0
1024,138752,2048,153.317,8.0
512,138752,2048,152.615,16.0
256,138752,2048,152.557,32.0
2048,138816,2048,156.196,4.0
1024,138816,2048,156.14,8.0
512,138816,2048,155.931,16.0
256,138816,2048,157.376,32.0
2048,138880,2048,158.38,4.0
1024,138880,2048,158.47,8.0
512,138880,2048,158.076,16.0
256,138880,2048,159.039,32.0
2048,138944,2048,155.383,4.0
1024,138944,2048,156.185,8.0
512,138944,2048,156.851,16.0
256,138944,2048,156.155,32.0
2048,139008,2048,159.246,4.0
1024,139008,2048,158.137,8.0
512,139008,2048,158.402,16.0
256,139008,2048,159.136,32.0
2048,139072,2048,153.995,4.0
1024,139072,2048,154.434,8.0
512,139072,2048,154.058,16.0
256,139072,2048,154.263,32.0
2048,139136,2048,146.374,4.0
1024,139136,2048,146.647,8.0
512,139136,2048,146.702,16.0
256,139136,2048,146.884,32.0
2048,139200,2048,139.545,4.0
1024,139200,2048,139.486,8.0
512,139200,2048,140.223,16.0
256,139200,2048,139.87,32.0
2048,139264,2048,115.77,4.0
1024,139264,2048,115.934,8.0
512,139264,2048,115.641,16.0
256,139264,2048,115.543,32.0
2048,139328,2048,138.282,4.0
1024,139328,2048,137.545,8.0
512,139328,2048,137.337,16.0
256,139328,2048,138.483,32.0
2048,139392,2048,148.157,4.0
1024,139392,2048,147.95,8.0
512,139392,2048,148.528,16.0
256,139392,2048,148.14,32.0
2048,139456,2048,154.484,4.0
1024,139456,2048,155.02,8.0
512,139456,2048,154.763,16.0
256,139456,2048,154.784,32.0
2048,139520,2048,157.861,4.0
1024,139520,2048,158.158,8.0
512,139520,2048,157.77,16.0
256,139520,2048,158.042,32.0
2048,139584,2048,152.342,4.0
1024,139584,2048,152.573,8.0
512,139584,2048,152.137,16.0
256,139584,2048,152.034,32.0
2048,139648,2048,154.249,4.0
1024,139648,2048,155.08,8.0
512,139648,2048,154.348,16.0
256,139648,2048,154.76,32.0
2048,139712,2048,158.555,4.0
1024,139712,2048,158.746,8.0
512,139712,2048,159.027,16.0
256,139712,2048,158.051,32.0
2048,139776,2048,156.749,4.0
1024,139776,2048,156.995,8.0
512,139776,2048,157.994,16.0
256,139776,2048,157.225,32.0
2048,139840,2048,153.283,4.0
1024,139840,2048,153.421,8.0
512,139840,2048,152.696,16.0
256,139840,2048,152.512,32.0
2048,139904,2048,158.21,4.0
1024,139904,2048,158.658,8.0
512,139904,2048,157.747,16.0
256,139904,2048,158.734,32.0
2048,139968,2048,158.002,4.0
1024,139968,2048,157.697,8.0
512,139968,2048,158.262,16.0
256,139968,2048,158.032,32.0
2048,140032,2048,155.954,4.0
1024,140032,2048,155.337,8.0
512,140032,2048,155.062,16.0
256,140032,2048,155.797,32.0
2048,140096,2048,157.527,4.0
1024,140096,2048,157.785,8.0
512,140096,2048,157.776,16.0
256,140096,2048,157.935,32.0
2048,140160,2048,152.856,4.0
1024,140160,2048,154.014,8.0
512,140160,2048,153.888,16.0
256,140160,2048,153.214,32.0
2048,140224,2048,151.588,4.0
1024,140224,2048,151.138,8.0
512,140224,2048,150.747,16.0
256,140224,2048,151.138,32.0
2048,140288,2048,132.337,4.0
1024,140288,2048,132.152,8.0
512,140288,2048,132.034,16.0
256,140288,2048,132.495,32.0
2048,140352,2048,141.998,4.0
1024,140352,2048,142.016,8.0
512,140352,2048,141.183,16.0
256,140352,2048,142.025,32.0
2048,140416,2048,151.371,4.0
1024,140416,2048,151.159,8.0
512,140416,2048,151.685,16.0
256,140416,2048,151.315,32.0
2048,140480,2048,157.094,4.0
1024,140480,2048,157.728,8.0
512,140480,2048,157.012,16.0
256,140480,2048,157.208,32.0
2048,140544,2048,153.973,4.0
1024,140544,2048,153.264,8.0
512,140544,2048,153.466,16.0
256,140544,2048,154.142,32.0
2048,140608,2048,158.715,4.0
1024,140608,2048,159.39,8.0
512,140608,2048,158.033,16.0
256,140608,2048,158.436,32.0
2048,140672,2048,157.364,4.0
1024,140672,2048,157.261,8.0
512,140672,2048,157.197,16.0
256,140672,2048,158.053,32.0
2048,140736,2048,152.896,4.0
1024,140736,2048,152.701,8.0
512,140736,2048,152.541,16.0
256,140736,2048,151.926,32.0
2048,140800,2048,156.663,4.0
1024,140800,2048,159.509,8.0
512,140800,2048,157.829,16.0
256,140800,2048,157.243,32.0
2048,140864,2048,159.113,4.0
1024,140864,2048,158.484,8.0
512,140864,2048,159.24,16.0
256,140864,2048,158.111,32.0
2048,140928,2048,154.865,4.0
1024,140928,2048,154.938,8.0
512,140928,2048,156.675,16.0
256,140928,2048,155.092,32.0
2048,140992,2048,158.766,4.0
1024,140992,2048,157.918,8.0
512,140992,2048,157.989,16.0
256,140992,2048,158.101,32.0
2048,141056,2048,157.716,4.0
1024,141056,2048,158.744,8.0
512,141056,2048,158.427,16.0
256,141056,2048,158.186,32.0
2048,141120,2048,152.013,4.0
1024,141120,2048,152.889,8.0
512,141120,2048,153.333,16.0
256,141120,2048,151.789,32.0
2048,141184,2048,151.082,4.0
1024,141184,2048,151.518,8.0
512,141184,2048,151.422,16.0
256,141184,2048,151.75,32.0
2048,141248,2048,156.934,4.0
1024,141248,2048,157.649,8.0
512,141248,2048,158.205,16.0
256,141248,2048,157.563,32.0
2048,141312,2048,157.356,4.0
1024,141312,2048,157.305,8.0
512,141312,2048,157.201,16.0
256,141312,2048,157.073,32.0
2048,141376,2048,157.866,4.0
1024,141376,2048,157.962,8.0
512,141376,2048,158.901,16.0
256,141376,2048,158.398,32.0
2048,141440,2048,148.475,4.0
1024,141440,2048,148.072,8.0
512,141440,2048,148.127,16.0
256,141440,2048,146.943,32.0
2048,141504,2048,158.073,4.0
1024,141504,2048,158.513,8.0
512,141504,2048,157.66,16.0
256,141504,2048,157.134,32.0
2048,141568,2048,153.923,4.0
1024,141568,2048,153.341,8.0
512,141568,2048,154.174,16.0
256,141568,2048,154.256,32.0
2048,141632,2048,157.587,4.0
1024,141632,2048,156.719,8.0
512,141632,2048,156.256,16.0
256,141632,2048,156.54,32.0
2048,141696,2048,154.374,4.0
1024,141696,2048,154.873,8.0
512,141696,2048,154.674,16.0
256,141696,2048,154.831,32.0
2048,141760,2048,151.725,4.0
1024,141760,2048,151.63,8.0
512,141760,2048,151.401,16.0
256,141760,2048,151.353,32.0
2048,141824,2048,158.27,4.0
1024,141824,2048,158.173,8.0
512,141824,2048,159.874,16.0
256,141824,2048,158.498,32.0
2048,141888,2048,157.293,4.0
1024,141888,2048,158.145,8.0
512,141888,2048,159.476,16.0
256,141888,2048,158.079,32.0
2048,141952,2048,158.005,4.0
1024,141952,2048,160.012,8.0
512,141952,2048,158.386,16.0
256,141952,2048,158.888,32.0
2048,142016,2048,152.971,4.0
1024,142016,2048,152.931,8.0
512,142016,2048,152.82,16.0
256,142016,2048,152.673,32.0
2048,142080,2048,148.02,4.0
1024,142080,2048,147.295,8.0
512,142080,2048,147.283,16.0
256,142080,2048,147.393,32.0
2048,142144,2048,148.188,4.0
1024,142144,2048,148.151,8.0
512,142144,2048,148.164,16.0
256,142144,2048,147.466,32.0
2048,142208,2048,157.547,4.0
1024,142208,2048,157.542,8.0
512,142208,2048,156.764,16.0
256,142208,2048,156.738,32.0
2048,142272,2048,158.147,4.0
1024,142272,2048,158.794,8.0
512,142272,2048,158.005,16.0
256,142272,2048,157.916,32.0
2048,142336,2048,156.435,4.0
1024,142336,2048,157.233,8.0
512,142336,2048,156.792,16.0
256,142336,2048,156.386,32.0
2048,142400,2048,152.748,4.0
1024,142400,2048,153.491,8.0
512,142400,2048,153.206,16.0
256,142400,2048,153.153,32.0
2048,142464,2048,158.769,4.0
1024,142464,2048,157.558,8.0
512,142464,2048,158.316,16.0
256,142464,2048,158.07,32.0
2048,142528,2048,155.055,4.0
1024,142528,2048,155.273,8.0
512,142528,2048,155.182,16.0
256,142528,2048,155.302,32.0
2048,142592,2048,158.219,4.0
1024,142592,2048,158.338,8.0
512,142592,2048,158.241,16.0
256,142592,2048,158.603,32.0
2048,142656,2048,154.125,4.0
1024,142656,2048,154.441,8.0
512,142656,2048,154.407,16.0
256,142656,2048,153.933,32.0
2048,142720,2048,158.265,4.0
1024,142720,2048,157.94,8.0
512,142720,2048,158.357,16.0
256,142720,2048,157.842,32.0
2048,142784,2048,152.46,4.0
1024,142784,2048,152.056,8.0
512,142784,2048,152.108,16.0
256,142784,2048,151.607,32.0
2048,142848,2048,160.675,4.0
1024,142848,2048,158.471,8.0
512,142848,2048,158.698,16.0
256,142848,2048,158.44,32.0
2048,142912,2048,152.746,4.0
1024,142912,2048,152.799,8.0
512,142912,2048,153.344,16.0
256,142912,2048,153.043,32.0
2048,142976,2048,150.174,4.0
1024,142976,2048,150.528,8.0
512,142976,2048,149.774,16.0
256,142976,2048,149.184,32.0
2048,143040,2048,150.679,4.0
1024,143040,2048,150.399,8.0
512,143040,2048,150.394,16.0
256,143040,2048,151.06,32.0
2048,143104,2048,157.92,4.0
1024,143104,2048,155.664,8.0
512,143104,2048,157.316,16.0
256,143104,2048,158.163,32.0
2048,143168,2048,154.805,4.0
1024,143168,2048,154.554,8.0
512,143168,2048,154.078,16.0
256,143168,2048,155.747,32.0
2048,143232,2048,156.982,4.0
1024,143232,2048,157.51,8.0
512,143232,2048,157.496,16.0
256,143232,2048,158.641,32.0
2048,143296,2048,158.146,4.0
1024,143296,2048,158.745,8.0
512,143296,2048,157.88,16.0
256,143296,2048,157.421,32.0
2048,143360,2048,148.467,4.0
1024,143360,2048,148.665,8.0
512,143360,2048,149.008,16.0
256,143360,2048,147.967,32.0
2048,143424,2048,156.776,4.0
1024,143424,2048,157.332,8.0
512,143424,2048,157.444,16.0
256,143424,2048,157.91,32.0
2048,143488,2048,154.214,4.0
1024,143488,2048,155.077,8.0
512,143488,2048,154.899,16.0
256,143488,2048,154.278,32.0
2048,143552,2048,154.976,4.0
1024,143552,2048,155.11,8.0
512,143552,2048,154.892,16.0
256,143552,2048,154.782,32.0
2048,143616,2048,142.79,4.0
1024,143616,2048,142.8,8.0
512,143616,2048,143.003,16.0
256,143616,2048,143.338,32.0
2048,143680,2048,153.527,4.0
1024,143680,2048,152.573,8.0
512,143680,2048,153.403,16.0
256,143680,2048,153.791,32.0
2048,143744,2048,157.077,4.0
1024,143744,2048,158.645,8.0
512,143744,2048,157.945,16.0
256,143744,2048,158.332,32.0
2048,143808,2048,157.12,4.0
1024,143808,2048,157.19,8.0
512,143808,2048,158.417,16.0
256,143808,2048,157.428,32.0
2048,143872,2048,158.02,4.0
1024,143872,2048,157.501,8.0
512,143872,2048,157.155,16.0
256,143872,2048,157.975,32.0
2048,143936,2048,157.193,4.0
1024,143936,2048,158.108,8.0
512,143936,2048,158.129,16.0
256,143936,2048,158.468,32.0
2048,144000,2048,156.188,4.0
1024,144000,2048,155.916,8.0
512,144000,2048,155.167,16.0
256,144000,2048,156.946,32.0
2048,144064,2048,155.738,4.0
1024,144064,2048,155.627,8.0
512,144064,2048,155.43,16.0
256,144064,2048,154.337,32.0
2048,144128,2048,159.144,4.0
1024,144128,2048,158.646,8.0
512,144128,2048,158.764,16.0
256,144128,2048,158.27,32.0
2048,144192,2048,154.648,4.0
1024,144192,2048,156.702,8.0
512,144192,2048,154.76,16.0
256,144192,2048,155.93,32.0
2048,144256,2048,153.956,4.0
1024,144256,2048,154.212,8.0
512,144256,2048,154.177,16.0
256,144256,2048,154.087,32.0
2048,144320,2048,144.067,4.0
1024,144320,2048,143.997,8.0
512,144320,2048,144.32,16.0
256,144320,2048,144.451,32.0
2048,144384,2048,158.468,4.0
1024,144384,2048,158.619,8.0
512,144384,2048,157.871,16.0
256,144384,2048,157.843,32.0
2048,144448,2048,154.562,4.0
1024,144448,2048,156.059,8.0
512,144448,2048,153.694,16.0
256,144448,2048,154.553,32.0
2048,144512,2048,155.469,4.0
1024,144512,2048,155.815,8.0
512,144512,2048,155.364,16.0
256,144512,2048,155.758,32.0
2048,144576,2048,157.688,4.0
1024,144576,2048,157.804,8.0
512,144576,2048,157.716,16.0
256,144576,2048,158.132,32.0
2048,144640,2048,154.89,4.0
1024,144640,2048,154.435,8.0
512,144640,2048,154.137,16.0
256,144640,2048,154.449,32.0
2048,144704,2048,155.038,4.0
1024,144704,2048,155.143,8.0
512,144704,2048,154.914,16.0
256,144704,2048,154.942,32.0
2048,144768,2048,155.526,4.0
1024,144768,2048,155.881,8.0
512,144768,2048,155.739,16.0
256,144768,2048,156.005,32.0
2048,144832,2048,157.706,4.0
1024,144832,2048,156.036,8.0
512,144832,2048,156.0,16.0
256,144832,2048,156.333,32.0
2048,144896,2048,159.013,4.0
1024,144896,2048,158.326,8.0
512,144896,2048,159.092,16.0
256,144896,2048,158.103,32.0
2048,144960,2048,155.172,4.0
1024,144960,2048,154.174,8.0
512,144960,2048,155.161,16.0
256,144960,2048,155.132,32.0
2048,145024,2048,158.205,4.0
1024,145024,2048,158.404,8.0
512,145024,2048,158.44,16.0
256,145024,2048,157.582,32.0
2048,145088,2048,156.169,4.0
1024,145088,2048,156.495,8.0
512,145088,2048,157.137,16.0
256,145088,2048,156.708,32.0
2048,145152,2048,157.465,4.0
1024,145152,2048,156.875,8.0
512,145152,2048,157.54,16.0
256,145152,2048,156.402,32.0
2048,145216,2048,152.903,4.0
1024,145216,2048,152.383,8.0
512,145216,2048,151.263,16.0
256,145216,2048,152.254,32.0
2048,145280,2048,158.364,4.0
1024,145280,2048,158.255,8.0
512,145280,2048,160.217,16.0
256,145280,2048,158.715,32.0
2048,145344,2048,158.528,4.0
1024,145344,2048,158.562,8.0
512,145344,2048,158.826,16.0
256,145344,2048,158.045,32.0
2048,145408,2048,157.676,4.0
1024,145408,2048,158.555,8.0
512,145408,2048,158.469,16.0
256,145408,2048,158.985,32.0
2048,145472,2048,155.795,4.0
1024,145472,2048,155.429,8.0
512,145472,2048,155.238,16.0
256,145472,2048,155.333,32.0
2048,145536,2048,155.028,4.0
1024,145536,2048,155.739,8.0
512,145536,2048,155.997,16.0
256,145536,2048,156.213,32.0
2048,145600,2048,156.973,4.0
1024,145600,2048,158.195,8.0
512,145600,2048,157.208,16.0
256,145600,2048,157.415,32.0
2048,145664,2048,157.327,4.0
1024,145664,2048,157.671,8.0
512,145664,2048,157.749,16.0
256,145664,2048,157.359,32.0
2048,145728,2048,157.698,4.0
1024,145728,2048,158.004,8.0
512,145728,2048,157.932,16.0
256,145728,2048,157.404,32.0
2048,145792,2048,149.735,4.0
1024,145792,2048,149.815,8.0
512,145792,2048,149.936,16.0
256,145792,2048,149.969,32.0
2048,145856,2048,156.547,4.0
1024,145856,2048,155.454,8.0
512,145856,2048,156.633,16.0
256,145856,2048,156.379,32.0
2048,145920,2048,132.31,4.0
1024,145920,2048,131.749,8.0
512,145920,2048,132.087,16.0
256,145920,2048,133.204,32.0
2048,145984,2048,144.985,4.0
1024,145984,2048,144.854,8.0
512,145984,2048,145.247,16.0
256,145984,2048,145.01,32.0
2048,146048,2048,156.096,4.0
1024,146048,2048,155.177,8.0
512,146048,2048,155.23,16.0
256,146048,2048,154.989,32.0
2048,146112,2048,150.946,4.0
1024,146112,2048,151.8,8.0
512,146112,2048,151.501,16.0
256,146112,2048,151.72,32.0
2048,146176,2048,155.369,4.0
1024,146176,2048,155.837,8.0
512,146176,2048,155.786,16.0
256,146176,2048,155.823,32.0
2048,146240,2048,156.018,4.0
1024,146240,2048,155.262,8.0
512,146240,2048,156.707,16.0
256,146240,2048,156.604,32.0
2048,146304,2048,157.744,4.0
1024,146304,2048,157.129,8.0
512,146304,2048,159.074,16.0
256,146304,2048,159.157,32.0
2048,146368,2048,155.56,4.0
1024,146368,2048,154.443,8.0
512,146368,2048,154.727,16.0
256,146368,2048,155.332,32.0
2048,146432,2048,157.462,4.0
1024,146432,2048,158.036,8.0
512,146432,2048,157.138,16.0
256,146432,2048,158.735,32.0
2048,146496,2048,157.773,4.0
1024,146496,2048,158.094,8.0
512,146496,2048,157.599,16.0
256,146496,2048,157.606,32.0
2048,146560,2048,158.685,4.0
1024,146560,2048,158.542,8.0
512,146560,2048,158.465,16.0
256,146560,2048,158.471,32.0
2048,146624,2048,153.271,4.0
1024,146624,2048,153.135,8.0
512,146624,2048,152.761,16.0
256,146624,2048,152.978,32.0
2048,146688,2048,153.192,4.0
1024,146688,2048,153.854,8.0
512,146688,2048,152.144,16.0
256,146688,2048,153.005,32.0
2048,146752,2048,155.121,4.0
1024,146752,2048,155.165,8.0
512,146752,2048,155.235,16.0
256,146752,2048,155.256,32.0
2048,146816,2048,155.935,4.0
1024,146816,2048,155.902,8.0
512,146816,2048,155.054,16.0
256,146816,2048,155.762,32.0
