num_attention_heads,hidden_size,train_micro_batch_size_per_gpu,seq_length,vocab_size,train_batch_size,tensor_mp_size,pipeline_mp_size,dp_size,attention_qkv_transform,attention_score,attention_over_value,attention_linear_projection,mlp_h_to_4h,transformer_layer_norm,logit_block,estimated_attention_duration,estimated_attention_throughput,estimated_mlp_duration,estimated_mlp_throughput,estimated_duration,estimated_throughput
16,16,4,2048,51200,256,1,1,1,0.279,0.979,0.916,0.091,0.364,0.0,14.081,0.0022,0.501,0.0,0.728,0.0023,0.489
16,32,4,2048,51200,256,1,1,1,1.183,2.31,1.812,0.367,1.501,0.0,24.382,0.0022,0.986,0.0,3.001,0.0024,0.992
16,48,4,2048,51200,256,1,1,1,2.646,2.878,2.551,0.812,3.26,0.0,33.73,0.0025,1.363,0.0,6.52,0.0026,1.416
16,64,4,2048,51200,256,1,1,1,4.462,4.571,3.582,1.412,5.918,0.0,44.346,0.0024,1.923,0.0,11.836,0.0025,2.046
16,80,4,2048,51200,256,1,1,1,7.336,4.725,4.245,2.304,9.329,0.0,60.942,0.0024,2.422,0.0,18.658,0.0025,2.639
16,96,4,2048,51200,256,1,1,1,9.469,6.655,5.312,3.352,13.292,0.0,72.067,0.0023,3.063,0.0,26.584,0.0024,3.409
16,112,4,2048,51200,256,1,1,1,13.545,6.58,5.84,4.523,18.925,0.0,82.699,0.0024,3.415,0.0,37.849,0.0026,3.899
16,128,4,2048,51200,256,1,1,1,17.976,8.856,7.088,5.736,27.06,0.0,95.001,0.0023,4.178,0.0,54.12,0.0024,4.862
16,144,4,2048,51200,256,1,1,1,22.75,8.372,7.446,7.322,29.44,0.0,95.548,0.0026,4.27,0.0,58.88,0.0027,5.081
16,160,4,2048,51200,256,1,1,1,58.689,10.847,8.772,9.745,37.992,0.0001,104.55,0.0025,5.057,0.0,75.984,0.0026,6.066
16,176,4,2048,51200,256,1,1,1,34.353,10.234,9.022,11.472,59.289,0.0,114.279,0.0026,5.299,0.0,118.577,0.0027,6.583
16,192,4,2048,51200,256,1,1,1,53.292,13.035,10.613,13.245,68.947,0.0,124.46,0.0025,6.182,0.0,137.895,0.0026,7.781
16,208,4,2048,51200,256,1,1,1,49.5,12.07,10.724,15.71,58.485,0.0,132.152,0.0026,6.368,0.0,116.97,0.0028,8.124
16,224,4,2048,51200,256,1,1,1,55.05,14.894,12.095,17.965,67.384,0.0,142.275,0.0025,7.22,0.0,134.768,0.0027,9.274
16,240,4,2048,51200,256,1,1,1,57.08,13.72,12.181,21.566,75.497,0.0,150.432,0.0027,7.419,0.0,150.995,0.0028,9.792
16,256,4,2048,51200,256,1,1,1,66.775,16.555,14.184,31.433,82.342,0.0,161.261,0.0025,8.459,0.0001,164.684,0.0027,11.282
16,272,4,2048,51200,256,1,1,1,67.643,16.867,10.639,28.111,77.109,0.0,135.037,0.0032,7.252,0.0001,154.218,0.0033,9.836
16,288,4,2048,51200,256,1,1,1,105.948,18.538,12.358,31.226,88.937,0.0,140.768,0.0031,7.984,0.0001,177.874,0.0033,10.958
16,304,4,2048,51200,256,1,1,1,98.749,18.831,11.875,34.412,86.325,0.0,148.381,0.0032,8.244,0.0001,172.65,0.0034,11.45
16,320,4,2048,51200,256,1,1,1,96.941,19.06,13.54,36.987,88.023,0.0001,149.144,0.0033,8.663,0.0001,176.046,0.0034,12.125
16,336,4,2048,51200,256,1,1,1,79.82,20.187,13.119,40.635,98.075,0.0,153.283,0.0034,8.882,0.0001,196.149,0.0035,12.66
16,352,4,2048,51200,256,1,1,1,94.45,22.359,14.873,48.612,102.839,0.0,166.824,0.0032,9.924,0.0001,205.678,0.0034,14.26
16,368,4,2048,51200,256,1,1,1,93.07,22.49,14.272,52.528,110.497,0.0,166.656,0.0034,9.931,0.0001,220.995,0.0036,14.43
16,384,4,2048,51200,256,1,1,1,116.001,22.933,16.302,54.609,115.594,0.0,175.54,0.0033,10.757,0.0001,231.188,0.0035,15.774
16,400,4,2048,51200,256,1,1,1,123.497,24.378,14.449,43.866,121.027,0.0,177.492,0.0035,10.686,0.0001,242.054,0.0037,15.876
16,416,4,2048,51200,256,1,1,1,113.839,26.073,17.447,66.998,129.114,0.0,182.965,0.0034,11.685,0.0001,258.229,0.0035,17.504
16,432,4,2048,51200,256,1,1,1,103.86,26.226,15.593,83.634,151.669,0.0,185.718,0.0036,11.584,0.0001,303.338,0.0037,17.602
16,448,4,2048,51200,256,1,1,1,118.002,26.171,18.627,73.532,144.352,0.0,194.995,0.0034,12.574,0.0001,288.704,0.0036,19.218
16,464,4,2048,51200,256,1,1,1,119.277,27.794,16.648,77.491,126.612,0.0,191.755,0.0037,12.365,0.0001,253.224,0.0039,19.015
16,480,4,2048,51200,256,1,1,1,130.108,29.791,20.015,83.515,136.969,0.0001,200.572,0.0035,13.575,0.0001,273.939,0.0037,20.945
16,496,4,2048,51200,256,1,1,1,121.799,29.618,17.763,84.537,149.841,0.0,201.767,0.0037,13.325,0.0001,299.682,0.0039,20.9
16,512,4,2048,51200,256,1,1,1,128.643,32.327,21.511,91.93,149.338,0.0001,217.198,0.0035,14.92,0.0001,298.676,0.0037,23.263
16,528,4,2048,51200,256,1,1,1,145.774,29.698,20.609,69.798,126.177,0.0001,124.097,0.0052,10.358,0.0001,252.353,0.0055,16.493
16,544,4,2048,51200,256,1,1,1,146.632,32.624,23.378,77.603,138.216,0.0001,133.452,0.0049,11.359,0.0001,276.432,0.0052,18.185
16,560,4,2048,51200,256,1,1,1,134.644,31.647,21.805,77.849,129.421,0.0001,136.343,0.0051,11.44,0.0002,258.842,0.0054,18.435
16,576,4,2048,51200,256,1,1,1,158.633,36.037,24.075,86.01,140.824,0.0001,138.381,0.005,12.087,0.0002,281.649,0.0053,19.604
16,592,4,2048,51200,256,1,1,1,144.417,33.037,22.799,75.394,142.481,0.0001,142.405,0.0052,12.162,0.0002,284.963,0.0055,19.88
16,608,4,2048,51200,256,1,1,1,143.566,35.968,26.252,99.223,158.135,0.0001,150.11,0.0049,13.191,0.0002,316.27,0.0052,21.653
16,624,4,2048,51200,256,1,1,1,130.728,34.939,24.261,86.303,150.39,0.0001,151.457,0.0051,13.115,0.0002,300.78,0.0055,21.713
16,640,4,2048,51200,256,1,1,1,163.627,39.47,26.657,97.656,182.758,0.0001,152.84,0.0051,13.809,0.0001,365.517,0.0053,23.131
16,656,4,2048,51200,256,1,1,1,149.125,36.511,24.626,81.303,144.067,0.0001,154.545,0.0053,13.664,0.0002,288.133,0.0056,22.855
16,672,4,2048,51200,256,1,1,1,155.698,39.957,29.13,134.425,158.499,0.0001,158.618,0.0051,14.675,0.0002,316.999,0.0054,24.683
16,688,4,2048,51200,256,1,1,1,136.408,37.984,25.758,97.92,147.607,0.0001,162.04,0.0053,14.522,0.0002,295.214,0.0057,24.532
16,704,4,2048,51200,256,1,1,1,148.034,42.431,29.0,107.866,166.602,0.0001,168.066,0.0051,15.556,0.0002,333.204,0.0055,26.458
16,720,4,2048,51200,256,1,1,1,147.73,39.762,26.927,103.883,154.764,0.0001,166.415,0.0054,15.272,0.0002,309.529,0.0058,26.102
16,736,4,2048,51200,256,1,1,1,154.943,43.546,32.089,116.289,169.567,0.0001,170.508,0.0052,16.307,0.0002,339.134,0.0056,28.013
16,752,4,2048,51200,256,1,1,1,140.212,41.48,27.78,126.16,157.358,0.0001,179.484,0.0053,16.505,0.0002,314.715,0.0057,28.5
16,768,4,2048,51200,256,1,1,1,162.579,45.052,32.007,114.716,177.968,0.0001,181.033,0.0052,17.35,0.0002,355.937,0.0056,30.111
16,784,4,2048,51200,256,1,1,1,153.389,35.954,27.698,108.988,154.693,0.0001,173.776,0.0058,16.141,0.0003,309.386,0.0062,28.124
16,800,4,2048,51200,256,1,1,1,173.299,44.955,34.387,119.373,175.171,0.0001,176.706,0.0054,17.563,0.0002,350.343,0.0059,30.624
16,816,4,2048,51200,256,1,1,1,157.529,37.668,28.543,130.871,163.559,0.0001,177.081,0.0058,16.841,0.0003,327.118,0.0063,29.656
16,832,4,2048,51200,256,1,1,1,144.073,47.693,34.317,139.261,182.631,0.0001,180.677,0.0056,18.138,0.0002,365.262,0.006,32.12
16,848,4,2048,51200,256,1,1,1,156.119,38.422,29.571,121.013,166.081,0.0001,187.1,0.0058,17.849,0.0003,332.162,0.0063,31.66
16,864,4,2048,51200,256,1,1,1,172.229,48.344,37.421,120.475,192.305,0.0001,178.615,0.0057,18.603,0.0003,384.61,0.0062,33.273
16,880,4,2048,51200,256,1,1,1,150.71,38.799,30.692,122.944,171.549,0.0001,192.255,0.0059,18.553,0.0003,343.098,0.0064,33.19
16,896,4,2048,51200,256,1,1,1,169.502,50.329,37.413,144.861,201.368,0.0001,188.944,0.0057,19.771,0.0003,402.735,0.0061,35.69
16,912,4,2048,51200,256,1,1,1,156.038,39.833,30.497,135.73,171.628,0.0001,197.575,0.006,19.265,0.0003,343.257,0.0065,34.752
16,928,4,2048,51200,256,1,1,1,178.693,51.67,39.933,140.534,202.144,0.0001,198.179,0.0056,21.02,0.0003,404.288,0.0061,38.122
16,944,4,2048,51200,256,1,1,1,159.858,41.634,31.456,138.261,189.911,0.0001,198.015,0.0061,19.808,0.0003,379.822,0.0066,36.124
16,960,4,2048,51200,256,1,1,1,188.367,53.816,39.745,148.383,203.717,0.0001,197.856,0.0058,21.442,0.0003,407.434,0.0063,39.182
16,976,4,2048,51200,256,1,1,1,168.518,42.964,32.3,141.368,166.777,0.0001,192.164,0.0064,19.911,0.0004,333.554,0.007,36.359
16,992,4,2048,51200,256,1,1,1,167.761,54.61,42.28,155.506,179.183,0.0001,202.576,0.0059,22.227,0.0004,358.366,0.0064,40.58
16,1008,4,2048,51200,256,1,1,1,173.794,44.169,33.356,149.275,174.719,0.0001,207.065,0.0063,21.436,0.0004,349.437,0.0068,39.36
16,1024,4,2048,51200,256,1,1,1,201.516,60.213,43.192,147.189,193.772,0.0001,205.607,0.0059,23.23,0.0004,387.545,0.0065,42.394
16,1040,4,2048,51200,256,1,1,1,163.317,42.301,36.185,134.006,190.22,0.0001,150.331,0.0081,17.475,0.0004,380.441,0.0087,32.592
16,1056,4,2048,51200,256,1,1,1,182.655,55.476,44.866,153.172,207.996,0.0001,150.287,0.0077,18.593,0.0004,415.992,0.0083,34.782
16,1072,4,2048,51200,256,1,1,1,169.035,43.999,36.657,136.913,195.395,0.0001,156.589,0.008,18.376,0.0004,390.789,0.0086,34.461
16,1088,4,2048,51200,256,1,1,1,186.773,60.539,48.78,152.472,204.929,0.0001,148.93,0.0079,19.018,0.0004,409.858,0.0085,35.786
16,1104,4,2048,51200,256,1,1,1,174.555,44.413,37.668,156.008,174.708,0.0001,150.024,0.0085,18.195,0.0005,349.415,0.0092,34.22
16,1120,4,2048,51200,256,1,1,1,200.391,58.515,47.803,155.792,202.524,0.0001,159.451,0.0078,20.279,0.0004,405.047,0.0084,38.245
16,1136,4,2048,51200,256,1,1,1,125.894,44.315,38.832,145.536,178.456,0.0001,167.2,0.0082,19.634,0.0005,356.912,0.0089,37.019
16,1152,4,2048,51200,256,1,1,1,193.859,60.908,51.49,158.294,200.104,0.0001,157.033,0.008,20.502,0.0004,400.207,0.0087,38.947
16,1168,4,2048,51200,256,1,1,1,182.729,45.135,39.321,145.064,186.262,0.0001,160.157,0.0085,19.731,0.0005,372.524,0.0092,37.518
16,1184,4,2048,51200,256,1,1,1,210.433,61.083,49.88,176.135,209.945,0.0001,174.375,0.0076,22.542,0.0004,419.89,0.0083,42.826
16,1200,4,2048,51200,256,1,1,1,187.325,45.615,40.249,150.159,188.352,0.0001,178.818,0.008,21.734,0.0005,376.704,0.0088,41.312
16,1216,4,2048,51200,256,1,1,1,202.021,63.036,53.128,171.672,215.421,0.0001,172.682,0.0078,22.818,0.0004,430.843,0.0085,43.681
16,1232,4,2048,51200,256,1,1,1,193.878,48.091,41.342,155.192,188.28,0.0001,168.745,0.0085,21.356,0.0005,376.56,0.0093,40.934
16,1248,4,2048,51200,256,1,1,1,213.077,64.345,52.09,178.299,207.296,0.0001,173.883,0.008,23.293,0.0005,414.592,0.0087,44.711
16,1264,4,2048,51200,256,1,1,1,176.329,48.621,42.46,157.919,185.993,0.0001,178.212,0.0084,22.478,0.0006,371.986,0.0092,43.142
16,1280,4,2048,51200,256,1,1,1,217.368,67.933,56.698,182.958,212.101,0.0001,177.982,0.0079,24.342,0.0005,424.203,0.0087,46.969
16,1296,4,2048,51200,256,1,1,1,175.443,46.893,42.174,149.885,191.475,0.0001,169.908,0.009,21.867,0.0006,382.951,0.0098,42.41
16,1312,4,2048,51200,256,1,1,1,193.168,64.482,53.51,176.442,217.948,0.0001,182.933,0.0081,24.737,0.0005,435.896,0.0089,47.984
16,1328,4,2048,51200,256,1,1,1,177.079,49.345,42.86,154.351,193.249,0.0001,178.253,0.0089,23.08,0.0006,386.498,0.0097,44.841
16,1344,4,2048,51200,256,1,1,1,194.875,68.779,57.918,166.115,215.143,0.0001,196.781,0.0078,26.749,0.0006,430.285,0.0086,51.782
16,1360,4,2048,51200,256,1,1,1,179.383,50.954,43.855,157.439,191.143,0.0001,196.2,0.0085,25.145,0.0006,382.286,0.0093,48.73
16,1376,4,2048,51200,256,1,1,1,211.854,67.297,56.405,171.881,203.577,0.0001,170.076,0.0089,24.287,0.0006,407.154,0.0098,47.608
16,1392,4,2048,51200,256,1,1,1,194.845,50.92,44.64,169.153,194.646,0.0001,191.926,0.0087,25.263,0.0007,389.291,0.0096,49.275
16,1408,4,2048,51200,256,1,1,1,217.156,71.083,60.813,177.762,212.403,0.0001,173.41,0.0089,25.26,0.0006,424.806,0.0097,49.725
16,1424,4,2048,51200,256,1,1,1,201.694,51.329,43.574,154.039,193.969,0.0001,191.371,0.009,25.443,0.0007,387.939,0.0099,49.834
16,1440,4,2048,51200,256,1,1,1,221.492,68.046,58.053,179.566,218.819,0.0001,173.989,0.0091,25.457,0.0006,437.638,0.01,50.382
16,1456,4,2048,51200,256,1,1,1,174.643,52.56,45.206,169.001,200.421,0.0001,184.773,0.0094,25.114,0.0007,400.843,0.0104,49.612
16,1472,4,2048,51200,256,1,1,1,205.665,73.422,62.617,180.096,228.711,0.0001,200.133,0.0083,28.849,0.0006,457.423,0.0092,56.924
16,1488,4,2048,51200,256,1,1,1,167.657,54.205,45.407,174.005,196.472,0.0001,198.025,0.0092,26.68,0.0007,392.943,0.0102,52.589
16,1504,4,2048,51200,256,1,1,1,209.431,72.692,60.767,191.509,216.882,0.0001,198.822,0.0086,28.992,0.0007,433.765,0.0095,57.244
16,1520,4,2048,51200,256,1,1,1,196.255,53.987,46.185,177.217,197.052,0.0001,208.353,0.009,28.28,0.0008,394.103,0.01,55.706
16,1536,4,2048,51200,256,1,1,1,208.629,81.109,68.398,190.005,227.836,0.0001,209.835,0.0083,31.09,0.0007,455.673,0.0092,61.53
16,1552,4,2048,51200,256,1,1,1,200.394,50.05,50.341,161.58,192.602,0.0001,186.104,0.0099,26.451,0.0008,385.205,0.011,52.642
16,1568,4,2048,51200,256,1,1,1,220.684,72.51,62.534,181.582,219.067,0.0001,206.918,0.0087,30.639,0.0007,438.135,0.0097,60.776
16,1584,4,2048,51200,256,1,1,1,202.385,52.421,50.937,168.698,199.516,0.0001,201.388,0.0095,28.473,0.0008,399.033,0.0106,56.602
16,1600,4,2048,51200,256,1,1,1,227.194,79.381,60.355,188.661,212.219,0.0001,176.057,0.01,27.61,0.0008,424.439,0.011,55.424
16,1616,4,2048,51200,256,1,1,1,205.808,51.887,51.501,170.926,201.897,0.0001,201.748,0.0097,28.85,0.0008,403.795,0.0108,57.56
16,1632,4,2048,51200,256,1,1,1,208.46,74.696,65.26,197.134,221.443,0.0001,171.266,0.0104,27.275,0.0008,442.886,0.0115,55.224
16,1648,4,2048,51200,256,1,1,1,190.725,52.433,52.632,175.131,199.593,0.0001,176.348,0.0109,26.479,0.0009,399.187,0.0121,53.477
16,1664,4,2048,51200,256,1,1,1,192.119,73.738,68.87,199.602,220.607,0.0001,170.007,0.0107,27.359,0.0008,441.214,0.0118,55.645
16,1680,4,2048,51200,256,1,1,1,195.148,52.929,53.338,174.157,193.806,0.0001,192.38,0.0104,28.561,0.001,387.613,0.0116,57.357
16,1696,4,2048,51200,256,1,1,1,219.4,77.405,67.109,208.601,216.557,0.0001,211.556,0.0092,32.939,0.0009,433.115,0.0103,65.885
16,1712,4,2048,51200,256,1,1,1,119.075,55.266,54.189,178.065,198.827,0.0001,201.303,0.0107,28.654,0.001,397.653,0.0119,57.867
16,1728,4,2048,51200,256,1,1,1,209.763,82.756,71.036,196.192,206.72,0.0001,188.277,0.0102,30.66,0.0009,413.44,0.0114,61.825
16,1744,4,2048,51200,256,1,1,1,199.351,55.664,55.194,179.409,199.219,0.0001,187.89,0.0109,28.957,0.001,398.437,0.0122,58.649
16,1760,4,2048,51200,256,1,1,1,219.208,80.256,70.018,221.814,231.044,0.0001,195.369,0.0101,31.921,0.0009,462.088,0.0112,64.915
16,1776,4,2048,51200,256,1,1,1,195.355,53.33,52.469,184.881,209.869,0.0001,192.375,0.0111,29.438,0.001,419.737,0.0123,60.019
16,1792,4,2048,51200,256,1,1,1,204.096,79.452,74.307,199.96,222.806,0.0001,212.195,0.0097,34.141,0.0009,445.611,0.0109,69.037
16,1808,4,2048,51200,256,1,1,1,189.328,52.155,56.185,164.004,194.895,0.0001,156.175,0.0131,25.558,0.0011,389.789,0.0145,52.659
16,1824,4,2048,51200,256,1,1,1,220.578,79.543,72.806,192.53,222.486,0.0001,175.949,0.0113,30.046,0.001,444.973,0.0126,61.735
16,1840,4,2048,51200,256,1,1,1,194.512,53.335,56.994,165.997,207.767,0.0001,177.142,0.0121,28.439,0.0011,415.534,0.0135,58.545
16,1856,4,2048,51200,256,1,1,1,222.854,86.785,74.437,188.581,195.343,0.0001,162.366,0.0122,28.709,0.0012,390.686,0.0136,58.92
16,1872,4,2048,51200,256,1,1,1,201.243,56.366,58.282,168.395,204.327,0.0001,195.175,0.0114,31.071,0.0011,408.654,0.0128,63.51
16,1888,4,2048,51200,256,1,1,1,223.316,82.24,72.757,190.954,226.679,0.0001,165.1,0.0123,29.236,0.001,453.357,0.0136,60.767
16,1904,4,2048,51200,256,1,1,1,203.391,55.125,58.292,175.312,217.073,0.0001,180.72,0.0123,29.685,0.0011,434.146,0.0137,61.476
16,1920,4,2048,51200,256,1,1,1,128.107,89.538,78.079,186.829,220.527,0.0001,176.939,0.0124,29.911,0.0011,441.054,0.0137,62.118
16,1936,4,2048,51200,256,1,1,1,186.6,56.516,57.844,172.924,185.975,0.0001,160.525,0.0137,27.349,0.0013,371.949,0.0153,56.636
16,1952,4,2048,51200,256,1,1,1,233.591,83.289,76.725,199.731,215.775,0.0001,199.474,0.011,34.726,0.0012,431.55,0.0124,71.035
16,1968,4,2048,51200,256,1,1,1,193.541,58.596,58.779,177.092,205.093,0.0001,185.182,0.0125,30.854,0.0012,410.185,0.014,63.767
16,1984,4,2048,51200,256,1,1,1,217.936,89.71,75.809,194.957,225.985,0.0001,179.862,0.0121,32.345,0.0011,451.97,0.0135,67.178
16,2000,4,2048,51200,256,1,1,1,194.538,59.116,59.33,183.102,205.313,0.0001,182.784,0.0128,30.933,0.0013,410.627,0.0144,64.11
16,2016,4,2048,51200,256,1,1,1,223.592,84.778,77.518,201.931,224.114,0.0001,166.899,0.013,30.833,0.0012,448.228,0.0145,64.506
16,2032,4,2048,51200,256,1,1,1,204.917,58.308,60.566,189.305,216.244,0.0001,184.97,0.0129,31.65,0.0013,432.489,0.0144,65.93
16,2048,4,2048,51200,256,1,1,1,230.458,97.292,86.82,211.055,234.971,0.0002,202.356,0.0112,36.788,0.0012,469.941,0.0128,75.174
16,2064,4,2048,51200,256,1,1,1,205.432,56.368,52.343,177.295,186.534,0.0002,166.797,0.0143,29.118,0.0015,373.069,0.0163,59.794
16,2080,4,2048,51200,256,1,1,1,221.309,85.758,69.676,192.452,222.359,0.0002,200.467,0.0118,35.711,0.0013,444.719,0.0136,72.738
16,2096,4,2048,51200,256,1,1,1,204.5,59.768,53.313,172.527,209.276,0.0002,170.627,0.0143,30.025,0.0014,418.552,0.0161,62.242
16,2112,4,2048,51200,256,1,1,1,229.201,98.056,89.442,193.665,226.877,0.0002,176.883,0.0129,33.74,0.0013,453.754,0.0146,69.586
16,2128,4,2048,51200,256,1,1,1,125.507,60.185,54.15,173.738,207.174,0.0002,183.761,0.0144,30.485,0.0014,414.347,0.0163,63.233
16,2144,4,2048,51200,256,1,1,1,225.722,87.392,71.093,196.907,231.135,0.0002,168.227,0.0139,32.002,0.0013,462.269,0.0157,66.713
16,2160,4,2048,51200,256,1,1,1,201.331,58.963,54.971,184.284,204.137,0.0002,209.386,0.0128,35.336,0.0015,408.274,0.0147,72.062
16,2176,4,2048,51200,256,1,1,1,198.565,97.529,92.79,190.067,204.077,0.0002,173.689,0.0136,33.493,0.0015,408.154,0.0156,68.965
16,2192,4,2048,51200,256,1,1,1,184.139,59.989,55.499,170.072,184.882,0.0002,169.296,0.0152,30.478,0.0017,369.765,0.0173,62.962
16,2208,4,2048,51200,256,1,1,1,207.134,85.104,75.403,198.697,233.284,0.0002,175.02,0.014,33.418,0.0014,466.567,0.0159,69.792
16,2224,4,2048,51200,256,1,1,1,195.908,61.808,56.265,180.277,194.878,0.0002,177.155,0.0148,32.084,0.0017,389.756,0.0169,66.328
16,2240,4,2048,51200,256,1,1,1,222.089,97.806,94.949,202.364,224.92,0.0002,177.565,0.0137,35.08,0.0015,449.841,0.0156,72.814
16,2256,4,2048,51200,256,1,1,1,207.101,62.827,56.944,178.666,195.533,0.0003,179.039,0.0148,32.813,0.0017,391.066,0.017,67.786
16,2272,4,2048,51200,256,1,1,1,225.058,92.376,74.31,206.318,203.606,0.0002,176.098,0.0142,34.533,0.0017,407.212,0.0164,71.328
16,2288,4,2048,51200,256,1,1,1,200.921,58.965,57.578,183.582,200.79,0.0002,214.064,0.0133,37.202,0.0017,401.579,0.0156,76.061
16,2304,4,2048,51200,256,1,1,1,208.03,97.731,99.646,199.37,215.536,0.0002,176.693,0.0142,35.399,0.0016,431.072,0.0163,73.581
16,2320,4,2048,51200,256,1,1,1,211.023,56.244,57.98,171.7,192.511,0.0002,187.158,0.0149,34.14,0.0018,385.021,0.0172,70.506
16,2336,4,2048,51200,256,1,1,1,143.181,92.042,75.706,206.805,226.93,0.0002,177.177,0.0153,33.725,0.0016,453.86,0.0173,70.989
16,2352,4,2048,51200,256,1,1,1,217.287,60.333,58.65,180.203,182.4,0.0002,162.58,0.0165,31.455,0.002,364.801,0.019,65.508
16,2368,4,2048,51200,256,1,1,1,237.322,99.66,98.886,212.47,229.279,0.0002,197.75,0.0132,39.759,0.0016,458.558,0.0153,82.244
16,2384,4,2048,51200,256,1,1,1,211.811,56.862,59.265,183.824,196.584,0.0002,163.615,0.0168,31.685,0.0019,393.167,0.0192,66.548
16,2400,4,2048,51200,256,1,1,1,224.995,95.082,79.494,208.161,228.891,0.0002,160.295,0.0161,33.385,0.0016,457.782,0.0183,70.783
16,2416,4,2048,51200,256,1,1,1,123.648,58.389,60.018,181.318,203.252,0.0002,177.857,0.017,32.074,0.0019,406.505,0.0194,67.648
16,2432,4,2048,51200,256,1,1,1,232.305,105.859,101.853,214.886,235.447,0.0002,164.333,0.0157,35.109,0.0016,470.894,0.0178,74.412
16,2448,4,2048,51200,256,1,1,1,210.395,58.888,57.993,187.891,193.482,0.0002,201.632,0.0149,37.338,0.002,386.964,0.0174,77.035
16,2464,4,2048,51200,256,1,1,1,235.508,97.682,80.464,215.345,233.349,0.0002,170.003,0.0158,35.736,0.0017,466.698,0.018,75.667
16,2480,4,2048,51200,256,1,1,1,204.791,61.754,58.721,184.991,201.843,0.0002,167.268,0.0172,33.067,0.002,403.686,0.0197,69.77
16,2496,4,2048,51200,256,1,1,1,142.252,105.279,103.684,219.681,225.904,0.0002,196.893,0.0149,38.762,0.0018,451.809,0.0172,81.139
16,2512,4,2048,51200,256,1,1,1,202.378,62.962,58.966,191.115,190.187,0.0003,165.847,0.0175,33.174,0.0022,380.373,0.0202,69.678
16,2528,4,2048,51200,256,1,1,1,231.72,99.337,82.812,220.565,234.579,0.0002,203.872,0.0141,41.705,0.0018,469.158,0.0164,86.984
16,2544,4,2048,51200,256,1,1,1,217.086,61.026,59.431,190.74,198.793,0.0002,167.666,0.0176,33.829,0.0021,397.586,0.0202,71.388
16,2560,4,2048,51200,256,1,1,1,219.489,108.536,106.438,213.62,230.17,0.0002,187.433,0.015,40.017,0.0019,460.339,0.0174,84.06
16,2576,4,2048,51200,256,1,1,1,183.22,59.115,63.181,183.973,192.87,0.0002,160.707,0.0186,32.592,0.0023,385.739,0.0214,69.036
16,2592,4,2048,51200,256,1,1,1,230.566,95.432,83.423,203.843,213.44,0.0003,163.118,0.0173,35.596,0.0021,426.88,0.0198,75.42
16,2608,4,2048,51200,256,1,1,1,204.12,62.163,64.244,192.294,193.665,0.0002,196.519,0.0161,38.51,0.0023,387.329,0.0189,79.991
16,2624,4,2048,51200,256,1,1,1,228.941,107.679,106.481,198.023,223.227,0.0003,164.629,0.0171,36.766,0.002,446.454,0.0196,78.012
16,2640,4,2048,51200,256,1,1,1,204.945,62.965,65.017,189.257,193.562,0.0003,162.981,0.0186,34.023,0.0024,387.124,0.0215,71.968
16,2656,4,2048,51200,256,1,1,1,228.62,98.716,87.946,211.002,235.653,0.0003,202.335,0.015,42.726,0.002,471.305,0.0175,89.645
16,2672,4,2048,51200,256,1,1,1,197.477,60.889,65.505,184.853,203.739,0.0002,166.11,0.0187,34.528,0.0023,407.479,0.0215,73.534
16,2688,4,2048,51200,256,1,1,1,204.866,107.038,111.804,205.721,226.374,0.0002,170.259,0.0172,38.014,0.0021,452.748,0.0198,80.917
16,2704,4,2048,51200,256,1,1,1,190.301,61.288,66.495,195.818,187.142,0.0003,168.725,0.0188,35.161,0.0026,374.285,0.0219,74.09
16,2720,4,2048,51200,256,1,1,1,228.501,100.853,88.824,216.302,224.191,0.0003,180.507,0.0167,39.905,0.0022,448.381,0.0194,84.434
16,2736,4,2048,51200,256,1,1,1,194.742,65.515,66.723,195.545,202.292,0.0003,181.949,0.0179,37.648,0.0024,404.584,0.0208,79.446
16,2752,4,2048,51200,256,1,1,1,232.066,111.707,111.363,204.517,217.684,0.0003,174.002,0.0171,39.747,0.0023,435.368,0.0199,84.03
16,2768,4,2048,51200,256,1,1,1,195.996,64.125,67.515,200.273,193.685,0.0003,197.501,0.0171,40.159,0.0026,387.371,0.0202,83.68
16,2784,4,2048,51200,256,1,1,1,240.457,107.612,92.344,220.28,220.708,0.0003,169.963,0.0178,39.074,0.0023,441.417,0.0206,83.09
16,2800,4,2048,51200,256,1,1,1,198.43,62.88,68.506,198.031,192.597,0.0003,185.247,0.0181,38.692,0.0027,385.194,0.0213,81.162
16,2816,4,2048,51200,256,1,1,1,231.729,114.483,116.723,221.349,228.335,0.0002,188.339,0.0164,43.09,0.0023,456.671,0.0192,90.985
16,2832,4,2048,51200,256,1,1,1,196.531,60.152,68.816,186.103,189.309,0.0003,142.645,0.0223,32.054,0.0028,378.619,0.0256,69.005
16,2848,4,2048,51200,256,1,1,1,220.585,100.95,94.986,209.954,232.744,0.0003,148.425,0.0205,35.272,0.0023,465.489,0.0233,76.659
16,2864,4,2048,51200,256,1,1,1,186.604,62.254,69.296,183.733,191.963,0.0003,195.902,0.0181,40.349,0.0028,383.927,0.0214,84.359
16,2880,4,2048,51200,256,1,1,1,213.305,114.771,116.105,207.487,209.663,0.0003,176.873,0.0179,41.166,0.0026,419.327,0.021,86.867
16,2896,4,2048,51200,256,1,1,1,193.513,65.057,70.074,190.91,187.846,0.0003,156.42,0.0213,34.993,0.0029,375.693,0.0247,74.643
16,2912,4,2048,51200,256,1,1,1,225.705,106.736,94.498,214.879,230.478,0.0003,176.891,0.0183,41.154,0.0024,460.956,0.0212,87.969
16,2928,4,2048,51200,256,1,1,1,199.099,63.294,70.869,193.625,197.152,0.0003,169.968,0.0202,37.484,0.0028,394.304,0.0236,79.789
16,2944,4,2048,51200,256,1,1,1,235.249,114.705,119.259,212.91,235.002,0.0002,155.318,0.0201,38.15,0.0024,470.004,0.023,82.752
16,2960,4,2048,51200,256,1,1,1,119.069,63.841,69.088,198.011,197.108,0.0003,163.385,0.0225,34.299,0.0029,394.217,0.026,74.033
16,2976,4,2048,51200,256,1,1,1,237.713,105.576,89.306,200.889,222.514,0.0003,163.054,0.0199,39.148,0.0026,445.029,0.0231,84.15
16,2992,4,2048,51200,256,1,1,1,186.572,67.321,69.607,199.606,190.062,0.0003,179.787,0.02,39.399,0.0031,380.123,0.0236,83.139
16,3008,4,2048,51200,256,1,1,1,222.401,122.099,118.956,209.265,230.902,0.0003,149.034,0.0213,37.291,0.0026,461.803,0.0244,81.214
16,3024,4,2048,51200,256,1,1,1,190.262,66.136,70.156,198.517,194.466,0.0003,169.816,0.021,38.137,0.0031,388.933,0.0246,81.246
16,3040,4,2048,51200,256,1,1,1,222.485,110.024,98.651,224.677,224.511,0.0003,149.05,0.0218,37.165,0.0027,449.021,0.025,80.862
16,3056,4,2048,51200,256,1,1,1,199.915,64.508,70.331,206.595,199.401,0.0003,192.291,0.0194,42.085,0.0031,398.802,0.023,88.765
16,3072,4,2048,51200,256,1,1,1,233.507,123.977,130.006,222.026,232.607,0.0002,177.578,0.0188,43.819,0.0027,465.215,0.022,93.819
16,3088,4,2048,51200,256,1,1,1,191.044,60.868,74.113,187.546,201.244,0.0003,146.667,0.024,34.603,0.0031,402.488,0.0277,75.245
16,3104,4,2048,51200,256,1,1,1,142.9,111.227,101.895,216.456,230.065,0.0003,187.977,0.0199,42.296,0.0027,460.13,0.0231,90.971
16,3120,4,2048,51200,256,1,1,1,196.208,66.313,74.976,197.055,197.631,0.0002,147.078,0.024,35.279,0.0032,395.262,0.0277,76.528
16,3136,4,2048,51200,256,1,1,1,221.176,120.452,127.085,215.458,230.836,0.0003,196.961,0.018,47.521,0.0028,461.673,0.0213,100.668
16,3152,4,2048,51200,256,1,1,1,196.287,65.354,75.858,198.064,190.829,0.0003,183.482,0.0207,41.607,0.0034,381.657,0.0247,87.774
16,3168,4,2048,51200,256,1,1,1,226.285,115.887,99.109,204.682,217.286,0.0003,159.729,0.0216,40.273,0.003,434.572,0.0252,86.892
16,3184,4,2048,51200,256,1,1,1,115.025,62.507,75.035,201.283,194.054,0.0003,149.213,0.0262,33.526,0.0034,388.108,0.0301,73.242
16,3200,4,2048,51200,256,1,1,1,215.313,119.051,128.144,224.174,222.203,0.0002,150.064,0.0227,39.0,0.003,444.406,0.0262,84.96
16,3216,4,2048,51200,256,1,1,1,197.481,63.183,76.359,206.551,180.186,0.0003,179.912,0.0215,41.544,0.0038,360.372,0.0258,87.212
16,3232,4,2048,51200,256,1,1,1,232.373,115.735,99.377,227.489,220.048,0.0003,196.94,0.0188,48.061,0.0031,440.096,0.0224,101.439
16,3248,4,2048,51200,256,1,1,1,194.579,67.162,74.435,199.588,189.243,0.0003,170.718,0.0226,40.276,0.0037,378.486,0.0268,85.674
16,3264,4,2048,51200,256,1,1,1,138.5,123.681,127.791,212.452,237.807,0.0003,173.83,0.0221,41.511,0.0029,475.614,0.0255,90.556
16,3280,4,2048,51200,256,1,1,1,190.962,67.887,77.95,212.164,177.612,0.0003,151.165,0.0248,37.253,0.004,355.224,0.0293,79.64
16,3296,4,2048,51200,256,1,1,1,235.021,119.207,107.474,228.238,225.104,0.0003,185.541,0.0199,46.867,0.0032,450.207,0.0236,99.903
16,3312,4,2048,51200,256,1,1,1,203.668,64.612,79.032,209.955,191.071,0.0003,202.694,0.0203,46.279,0.0038,382.143,0.0246,96.635
16,3328,4,2048,51200,256,1,1,1,240.879,127.232,134.944,227.602,221.188,0.0003,178.34,0.0204,46.491,0.0033,442.375,0.0242,99.183
16,3344,4,2048,51200,256,1,1,1,116.665,62.259,79.291,202.578,190.377,0.0003,150.244,0.0275,34.805,0.0038,380.754,0.0319,76.006
16,3360,4,2048,51200,256,1,1,1,233.201,113.278,105.367,215.36,216.606,0.0003,150.519,0.024,40.174,0.0034,433.213,0.028,87.402
16,3376,4,2048,51200,256,1,1,1,210.445,66.613,79.855,196.861,187.971,0.0003,190.78,0.0216,45.124,0.004,375.943,0.0261,94.631
16,3392,4,2048,51200,256,1,1,1,229.434,124.515,133.575,223.14,216.597,0.0003,152.569,0.0237,41.375,0.0035,433.194,0.0277,89.778
16,3408,4,2048,51200,256,1,1,1,196.107,67.505,80.817,194.62,193.72,0.0003,197.038,0.0215,46.026,0.0039,387.44,0.026,96.768
16,3424,4,2048,51200,256,1,1,1,229.58,110.438,108.831,227.975,217.509,0.0003,199.292,0.0199,50.255,0.0035,435.018,0.0239,105.969
16,3440,4,2048,51200,256,1,1,1,186.885,63.321,81.136,185.355,174.734,0.0003,152.421,0.0263,38.213,0.0044,349.469,0.0313,81.707
16,3456,4,2048,51200,256,1,1,1,198.888,127.209,135.005,213.114,223.937,0.0003,188.329,0.021,48.239,0.0035,447.874,0.025,103.028
16,3472,4,2048,51200,256,1,1,1,194.825,64.246,80.107,206.199,182.642,0.0003,203.513,0.0216,47.41,0.0043,365.284,0.0264,98.498
16,3488,4,2048,51200,256,1,1,1,228.457,118.106,112.114,230.877,217.861,0.0003,162.871,0.0235,43.926,0.0037,435.723,0.0277,94.931
16,3504,4,2048,51200,256,1,1,1,197.013,67.136,80.456,200.282,191.281,0.0003,172.301,0.0243,42.72,0.0042,382.563,0.0291,91.115
16,3520,4,2048,51200,256,1,1,1,232.611,130.805,137.39,234.092,230.55,0.0003,151.609,0.0247,42.397,0.0035,461.101,0.0288,92.869
16,3536,4,2048,51200,256,1,1,1,201.85,67.892,81.022,214.229,197.9,0.0003,185.048,0.0232,45.465,0.0041,395.8,0.0279,96.559
16,3552,4,2048,51200,256,1,1,1,230.397,120.976,107.88,236.426,222.357,0.0003,167.192,0.0235,45.372,0.0037,444.714,0.0277,98.086
16,3568,4,2048,51200,256,1,1,1,191.925,61.616,80.872,191.991,174.657,0.0003,168.882,0.0255,42.12,0.0048,349.313,0.0308,89.045
16,3584,4,2048,51200,256,1,1,1,219.643,135.757,146.13,207.384,201.218,0.0003,182.936,0.022,49.124,0.0042,402.435,0.0267,103.472
16,3600,4,2048,51200,256,1,1,1,182.738,58.662,82.156,204.863,120.232,0.0003,146.171,0.0287,37.996,0.0071,240.464,0.0363,76.847
16,3616,4,2048,51200,256,1,1,1,217.229,122.618,114.517,223.006,229.918,0.0003,178.735,0.0229,47.934,0.0037,459.836,0.0272,103.451
16,3632,4,2048,51200,256,1,1,1,186.437,67.483,85.544,212.725,186.292,0.0003,146.724,0.0285,38.9,0.0046,372.584,0.0337,84.268
16,3648,4,2048,51200,256,1,1,1,219.588,133.912,145.875,217.324,231.314,0.0003,178.244,0.0229,48.768,0.0038,462.628,0.0272,105.157
16,3664,4,2048,51200,256,1,1,1,199.017,67.471,86.08,211.104,180.835,0.0003,180.362,0.0246,45.669,0.0049,361.67,0.03,96.022
16,3680,4,2048,51200,256,1,1,1,227.186,123.629,101.26,202.77,228.139,0.0003,183.694,0.023,49.223,0.0039,456.278,0.0275,105.96
16,3696,4,2048,51200,256,1,1,1,113.021,60.581,85.046,211.591,180.45,0.0003,181.468,0.0276,41.44,0.005,360.9,0.0331,88.679
16,3712,4,2048,51200,256,1,1,1,223.036,127.533,140.898,237.316,193.974,0.0003,148.415,0.0268,42.943,0.0047,387.947,0.032,92.428
16,3728,4,2048,51200,256,1,1,1,186.974,65.307,87.169,205.11,194.026,0.0003,187.998,0.0247,46.911,0.0047,388.051,0.03,99.511
16,3744,4,2048,51200,256,1,1,1,220.643,121.921,115.876,239.014,208.599,0.0003,195.209,0.0223,52.493,0.0044,417.198,0.0272,110.461
16,3760,4,2048,51200,256,1,1,1,185.498,70.439,85.733,210.42,180.381,0.0003,176.501,0.026,45.376,0.0051,360.761,0.0316,95.804
16,3776,4,2048,51200,256,1,1,1,232.805,130.556,144.018,239.037,213.07,0.0003,163.351,0.0252,47.082,0.0044,426.14,0.0301,101.385
16,3792,4,2048,51200,256,1,1,1,189.057,69.52,88.247,213.119,187.934,0.0003,150.072,0.0293,40.831,0.005,375.867,0.0349,88.392
16,3808,4,2048,51200,256,1,1,1,145.556,124.382,118.574,236.109,212.895,0.0003,179.536,0.0258,46.739,0.0045,425.79,0.0308,100.864
16,3824,4,2048,51200,256,1,1,1,185.954,67.05,87.216,211.243,187.555,0.0003,150.234,0.0297,40.858,0.0051,375.11,0.0354,88.553
16,3840,4,2048,51200,256,1,1,1,178.904,136.25,148.979,178.418,183.706,0.0003,185.737,0.0246,49.842,0.0053,367.412,0.0303,104.035
16,3856,4,2048,51200,256,1,1,1,192.761,64.778,89.128,196.13,174.924,0.0003,182.583,0.0262,47.072,0.0056,349.848,0.0323,98.512
16,3872,4,2048,51200,256,1,1,1,202.047,119.749,118.751,180.816,210.593,0.0003,154.678,0.0282,44.082,0.0047,421.185,0.0334,96.079
16,3888,4,2048,51200,256,1,1,1,199.69,68.863,89.131,201.725,176.476,0.0003,157.758,0.029,43.187,0.0056,352.951,0.0351,92.032
16,3904,4,2048,51200,256,1,1,1,225.937,133.517,150.474,212.949,211.03,0.0003,148.495,0.0284,44.405,0.0047,422.06,0.0337,96.802
16,3920,4,2048,51200,256,1,1,1,171.913,69.097,90.047,207.465,169.531,0.0003,200.273,0.0254,50.023,0.0059,339.061,0.0319,103.056
16,3936,4,2048,51200,256,1,1,1,227.706,111.954,118.013,227.864,214.077,0.0003,148.846,0.0289,44.211,0.0047,428.154,0.0342,96.732
16,3952,4,2048,51200,256,1,1,1,183.058,65.585,91.051,206.39,185.35,0.0003,185.261,0.0268,48.077,0.0055,370.7,0.0329,101.499
16,3968,4,2048,51200,256,1,1,1,217.387,135.518,154.545,227.741,222.858,0.0003,184.324,0.0246,52.781,0.0046,445.715,0.0298,113.003
16,3984,4,2048,51200,256,1,1,1,185.804,66.537,89.584,211.575,175.793,0.0003,170.787,0.0285,45.883,0.0059,351.587,0.0349,96.944
16,4000,4,2048,51200,256,1,1,1,224.546,114.247,117.958,236.849,218.895,0.0003,167.706,0.0269,48.906,0.0048,437.79,0.0322,105.876
16,4016,4,2048,51200,256,1,1,1,175.17,70.039,90.8,201.714,193.433,0.0003,171.266,0.0289,45.877,0.0055,386.867,0.0349,98.545
16,4032,4,2048,51200,256,1,1,1,127.702,133.931,150.672,220.39,209.828,0.0003,172.485,0.029,46.096,0.0051,419.655,0.0346,100.22
16,4048,4,2048,51200,256,1,1,1,194.531,70.773,91.224,210.297,176.578,0.0003,151.892,0.0312,43.153,0.0061,353.157,0.0378,92.4
16,4064,4,2048,51200,256,1,1,1,236.389,116.257,119.879,240.388,219.932,0.0003,177.725,0.0261,52.016,0.0049,439.864,0.0315,111.714
16,4080,4,2048,51200,256,1,1,1,180.849,67.757,91.151,216.842,177.057,0.0003,177.903,0.0285,47.814,0.0062,354.113,0.0352,100.634
16,4096,4,2048,51200,256,1,1,1,222.782,149.144,167.527,226.483,224.54,0.0004,188.41,0.0249,55.21,0.0049,449.081,0.0307,116.496
16,4112,4,2048,51200,256,1,1,1,193.169,66.078,34.491,207.06,163.337,0.0005,175.778,0.0314,44.146,0.0068,326.674,0.0391,92.004
16,4128,4,2048,51200,256,1,1,1,224.294,113.617,87.423,215.212,223.138,0.0005,165.121,0.0288,48.384,0.005,446.275,0.0348,104.17
16,4144,4,2048,51200,256,1,1,1,196.541,70.949,34.737,200.569,159.71,0.0005,182.639,0.0307,45.727,0.007,319.42,0.0388,94.3
16,4160,4,2048,51200,256,1,1,1,207.907,143.078,100.851,214.916,214.069,0.0005,150.645,0.0309,45.686,0.0053,428.139,0.0372,98.855
16,4176,4,2048,51200,256,1,1,1,114.839,70.507,34.613,209.325,164.669,0.0005,152.77,0.0378,37.654,0.0069,329.338,0.0457,81.075
16,4192,4,2048,51200,256,1,1,1,222.43,115.553,93.024,239.242,142.067,0.0005,148.03,0.0316,45.388,0.0081,284.135,0.0407,91.824
16,4208,4,2048,51200,256,1,1,1,176.596,67.514,34.727,204.711,189.067,0.0005,196.009,0.0305,47.288,0.0061,378.134,0.0377,99.931
16,4224,4,2048,51200,256,1,1,1,216.111,136.978,124.547,232.152,239.376,0.0005,172.834,0.028,51.901,0.0049,478.752,0.0339,112.0
16,4240,4,2048,51200,256,1,1,1,177.645,67.725,34.855,212.123,164.141,0.0005,171.485,0.0333,43.944,0.0072,328.283,0.0415,92.098
16,4256,4,2048,51200,256,1,1,1,215.419,117.526,91.916,240.356,193.7,0.0005,187.967,0.0271,54.283,0.0061,387.401,0.0343,112.236
16,4272,4,2048,51200,256,1,1,1,179.903,70.988,34.763,218.267,170.778,0.0005,161.33,0.0347,42.715,0.007,341.555,0.0427,90.677
16,4288,4,2048,51200,256,1,1,1,217.475,139.032,114.032,241.837,205.708,0.0005,160.852,0.0301,49.659,0.0059,411.417,0.0369,105.664
16,4304,4,2048,51200,256,1,1,1,178.199,69.582,34.982,205.994,191.071,0.0005,175.622,0.0333,45.07,0.0064,382.141,0.0407,96.542
16,4320,4,2048,51200,256,1,1,1,230.212,121.918,94.757,226.024,211.529,0.0005,187.646,0.0274,55.282,0.0058,423.057,0.0342,115.866
16,4336,4,2048,51200,256,1,1,1,183.316,66.879,35.401,199.163,200.105,0.0005,175.022,0.0337,45.257,0.0062,400.21,0.0408,97.646
16,4352,4,2048,51200,256,1,1,1,115.373,145.112,130.383,170.358,177.593,0.0005,189.56,0.0313,49.026,0.007,355.186,0.0392,102.33
16,4368,4,2048,51200,256,1,1,1,188.827,66.384,34.655,202.659,114.158,0.0005,169.302,0.0346,44.625,0.011,228.317,0.0466,86.863
16,4384,4,2048,51200,256,1,1,1,129.756,117.81,85.231,194.157,196.827,0.0005,182.425,0.032,48.501,0.0064,393.654,0.0395,103.223
16,4400,4,2048,51200,256,1,1,1,191.185,70.641,34.821,196.624,197.336,0.0005,147.856,0.0379,41.286,0.0064,394.672,0.0453,90.509
16,4416,4,2048,51200,256,1,1,1,141.533,137.874,130.805,209.484,211.716,0.0005,162.364,0.0333,47.249,0.006,423.433,0.0404,102.287
16,4432,4,2048,51200,256,1,1,1,190.597,71.53,34.852,201.564,114.057,0.0005,148.861,0.038,41.721,0.0113,228.113,0.0503,82.717
16,4448,4,2048,51200,256,1,1,1,141.081,115.347,97.032,220.933,223.353,0.0005,185.763,0.0313,50.997,0.0058,446.707,0.0381,109.909
16,4464,4,2048,51200,256,1,1,1,183.007,67.772,34.75,203.628,114.187,0.0005,149.871,0.0385,41.743,0.0114,228.375,0.0509,82.817
16,4480,4,2048,51200,256,1,1,1,199.881,141.484,126.204,223.162,182.933,0.0005,179.661,0.0296,54.63,0.0072,365.866,0.0378,112.468
16,4496,4,2048,51200,256,1,1,1,184.4,67.997,34.102,200.001,168.737,0.0005,149.41,0.0389,41.78,0.0079,337.474,0.0478,89.449
16,4512,4,2048,51200,256,1,1,1,218.001,114.869,92.185,206.454,193.874,0.0005,189.622,0.0291,56.203,0.0069,387.747,0.037,116.262
16,4528,4,2048,51200,256,1,1,1,182.186,72.281,33.958,208.437,180.943,0.0005,156.311,0.038,43.334,0.0074,361.887,0.0465,93.29
16,4544,4,2048,51200,256,1,1,1,226.295,139.851,120.124,234.29,199.865,0.0005,184.82,0.0289,57.35,0.0068,399.73,0.0367,118.907
16,4560,4,2048,51200,256,1,1,1,197.853,71.093,34.466,194.427,157.178,0.0005,166.651,0.0365,45.766,0.0087,314.355,0.0462,95.206
16,4576,4,2048,51200,256,1,1,1,207.711,120.311,88.537,229.452,226.212,0.0005,151.275,0.0348,48.209,0.0061,452.424,0.0419,105.514
16,4592,4,2048,51200,256,1,1,1,112.74,62.772,34.705,196.278,156.463,0.0005,158.833,0.0421,40.145,0.0088,312.927,0.052,85.712
16,4608,4,2048,51200,256,1,1,1,206.299,155.74,134.143,219.851,123.463,0.0005,168.566,0.0317,53.622,0.0113,246.927,0.044,101.886
16,4624,4,2048,51200,256,1,1,1,185.796,61.73,35.779,192.26,161.913,0.0005,169.959,0.0372,46.07,0.0087,323.827,0.0468,96.38
16,4640,4,2048,51200,256,1,1,1,201.094,127.491,90.62,220.584,204.319,0.0005,149.934,0.0358,48.163,0.0069,408.639,0.0437,103.991
16,4656,4,2048,51200,256,1,1,1,185.817,69.703,36.358,192.813,157.847,0.0005,184.163,0.0353,49.067,0.009,315.694,0.0454,100.862
16,4672,4,2048,51200,256,1,1,1,216.447,148.656,120.375,223.481,187.424,0.0005,175.908,0.0312,55.91,0.0076,374.847,0.0399,115.528
16,4688,4,2048,51200,256,1,1,1,178.65,71.09,36.266,182.1,192.957,0.0005,175.096,0.037,47.387,0.0075,385.914,0.0455,101.803
16,4704,4,2048,51200,256,1,1,1,144.639,127.926,96.15,234.683,185.664,0.0005,176.954,0.0342,51.573,0.0078,371.328,0.0431,108.308
16,4720,4,2048,51200,256,1,1,1,185.096,66.422,36.87,201.966,116.16,0.0005,148.15,0.0411,43.2,0.0126,232.32,0.0547,85.816
16,4736,4,2048,51200,256,1,1,1,141.702,136.524,132.411,224.396,222.195,0.0005,182.752,0.0335,53.333,0.0066,444.39,0.0411,114.906
16,4752,4,2048,51200,256,1,1,1,176.221,62.399,37.184,194.013,111.739,0.0005,148.617,0.0419,42.96,0.0132,223.477,0.0561,84.768
16,4768,4,2048,51200,256,1,1,1,232.326,120.88,96.29,232.853,220.46,0.0005,181.248,0.0315,57.526,0.0068,440.919,0.0392,122.03
16,4784,4,2048,51200,256,1,1,1,166.034,65.879,37.165,198.795,180.995,0.0005,149.307,0.0423,43.053,0.0083,361.99,0.0516,93.394
16,4800,4,2048,51200,256,1,1,1,199.729,144.083,137.162,237.068,208.522,0.0005,190.523,0.0307,59.699,0.0072,417.044,0.039,124.552
16,4816,4,2048,51200,256,1,1,1,172.003,70.53,37.466,212.447,171.646,0.0005,149.57,0.042,43.854,0.0089,343.293,0.0519,94.057
16,4832,4,2048,51200,256,1,1,1,223.413,126.62,101.056,240.469,212.167,0.0005,176.385,0.0326,56.897,0.0072,424.334,0.0408,120.35
16,4848,4,2048,51200,256,1,1,1,176.947,67.771,37.682,206.585,167.666,0.0005,165.168,0.0397,46.955,0.0092,335.332,0.05,99.018
16,4864,4,2048,51200,256,1,1,1,217.794,145.504,139.954,240.352,189.394,0.0005,181.457,0.0317,59.16,0.0082,378.787,0.0409,121.672
16,4880,4,2048,51200,256,1,1,1,179.806,66.326,38.047,199.615,158.842,0.0005,148.68,0.0428,44.147,0.0098,317.683,0.0536,93.444
16,4896,4,2048,51200,256,1,1,1,212.717,128.547,98.429,226.649,198.929,0.0005,180.951,0.0329,57.708,0.0079,397.858,0.0418,120.473
16,4912,4,2048,51200,256,1,1,1,174.348,70.884,38.088,193.12,159.161,0.0005,171.379,0.0395,48.322,0.0099,318.323,0.0505,100.425
16,4928,4,2048,51200,256,1,1,1,213.882,146.957,126.211,216.3,203.832,0.0005,181.207,0.0327,58.841,0.0078,407.664,0.0415,122.961
16,4944,4,2048,51200,256,1,1,1,195.286,71.686,38.23,204.283,151.205,0.0005,164.969,0.0399,48.456,0.0106,302.411,0.0515,99.685
16,4960,4,2048,51200,256,1,1,1,201.735,129.659,96.309,219.951,224.091,0.0005,175.004,0.0346,56.196,0.0072,448.182,0.0428,120.662
16,4976,4,2048,51200,256,1,1,1,196.432,68.438,38.474,202.831,159.955,0.0005,177.597,0.0385,50.85,0.0101,319.91,0.0497,104.753
16,4992,4,2048,51200,256,1,1,1,217.89,150.709,125.573,223.922,181.245,0.0005,155.048,0.0369,53.34,0.009,362.49,0.0469,111.568
16,5008,4,2048,51200,256,1,1,1,115.636,68.675,37.713,184.226,159.169,0.0005,156.911,0.0466,42.514,0.0103,318.339,0.0579,90.947
16,5024,4,2048,51200,256,1,1,1,214.879,124.909,94.039,216.043,223.449,0.0005,150.866,0.0388,51.369,0.0074,446.898,0.0472,112.267
16,5040,4,2048,51200,256,1,1,1,115.455,73.265,38.118,203.245,156.581,0.0005,175.443,0.0437,45.829,0.0106,313.162,0.0554,96.306
16,5056,4,2048,51200,256,1,1,1,221.786,150.774,122.517,238.034,140.189,0.0005,151.017,0.038,52.989,0.012,280.378,0.051,105.209
16,5072,4,2048,51200,256,1,1,1,183.043,72.899,38.425,198.535,158.933,0.0005,168.728,0.041,49.409,0.0106,317.866,0.0526,102.532
16,5088,4,2048,51200,256,1,1,1,228.622,123.549,102.368,234.936,139.786,0.0005,154.219,0.0381,53.497,0.0121,279.572,0.0513,105.933
16,5104,4,2048,51200,256,1,1,1,198.288,69.18,38.87,193.93,159.61,0.0005,173.21,0.0403,50.915,0.0107,319.22,0.052,105.1
16,5120,4,2048,51200,256,1,1,1,201.644,154.963,135.198,229.874,227.823,0.0005,152.514,0.0388,53.135,0.0075,455.646,0.0473,116.116
16,5136,4,2048,51200,256,1,1,1,112.866,67.568,39.87,203.846,159.326,0.0005,156.078,0.0481,43.12,0.0109,318.653,0.06,92.21
16,5152,4,2048,51200,256,1,1,1,220.505,121.249,100.634,230.947,227.04,0.0005,153.017,0.0392,53.213,0.0077,454.081,0.0479,116.171
16,5168,4,2048,51200,256,1,1,1,112.273,73.332,40.288,195.254,156.309,0.0005,171.496,0.0459,45.708,0.0112,312.618,0.0581,96.307
16,5184,4,2048,51200,256,1,1,1,223.603,156.213,138.184,220.725,131.208,0.0005,153.293,0.0386,54.579,0.0134,262.415,0.0531,106.032
16,5200,4,2048,51200,256,1,1,1,167.864,73.458,40.518,204.55,158.818,0.0005,158.075,0.0444,47.815,0.0112,317.636,0.0566,100.149
16,5216,4,2048,51200,256,1,1,1,219.858,128.896,100.098,233.047,167.164,0.0005,150.888,0.0401,53.194,0.0107,334.329,0.0518,109.974
16,5232,4,2048,51200,256,1,1,1,171.559,70.158,41.072,197.018,177.311,0.0005,169.955,0.0427,50.213,0.0101,354.621,0.0539,106.388
16,5248,4,2048,51200,256,1,1,1,224.638,143.558,144.197,221.023,202.344,0.0005,167.916,0.0367,58.725,0.0089,404.689,0.0467,123.57
16,5264,4,2048,51200,256,1,1,1,192.182,69.634,41.135,181.204,196.014,0.0005,156.35,0.0447,48.566,0.0093,392.028,0.055,105.532
16,5280,4,2048,51200,256,1,1,1,142.896,133.498,105.749,228.179,185.089,0.0005,176.25,0.0397,54.914,0.0099,370.179,0.0506,115.232
16,5296,4,2048,51200,256,1,1,1,191.836,74.605,41.449,204.077,191.276,0.0005,153.979,0.045,48.789,0.0096,382.551,0.0556,105.541
16,5312,4,2048,51200,256,1,1,1,141.543,149.021,144.498,237.542,205.769,0.0005,172.323,0.04,55.098,0.009,411.537,0.0501,117.932
16,5328,4,2048,51200,256,1,1,1,154.585,74.595,41.898,208.066,113.664,0.0005,158.403,0.0461,48.069,0.0164,227.327,0.0636,93.441
16,5344,4,2048,51200,256,1,1,1,214.496,120.572,109.264,237.166,187.776,0.0005,178.099,0.0368,60.578,0.01,375.552,0.0478,124.885
16,5360,4,2048,51200,256,1,1,1,163.406,69.669,42.174,207.133,167.573,0.0005,156.754,0.0464,48.285,0.0112,335.146,0.0587,102.305
16,5376,4,2048,51200,256,1,1,1,178.712,142.523,151.353,211.219,194.474,0.0005,185.739,0.0369,61.061,0.0097,388.947,0.0477,126.726
16,5392,4,2048,51200,256,1,1,1,157.802,66.396,42.749,188.218,156.32,0.0005,165.303,0.0459,49.388,0.0122,312.641,0.0591,102.756
16,5408,4,2048,51200,256,1,1,1,195.72,126.755,104.49,228.022,181.316,0.0005,155.089,0.0419,54.451,0.0106,362.632,0.0535,114.275
16,5424,4,2048,51200,256,1,1,1,163.3,73.165,42.844,190.08,163.699,0.0005,164.683,0.0458,50.094,0.0118,327.397,0.0586,104.94
16,5440,4,2048,51200,256,1,1,1,203.45,159.548,138.193,219.689,193.799,0.0005,170.01,0.0387,59.604,0.01,387.598,0.0497,124.386
16,5456,4,2048,51200,256,1,1,1,193.849,74.602,43.087,193.244,160.146,0.0005,160.448,0.0453,51.148,0.0122,320.292,0.0585,106.239
16,5472,4,2048,51200,256,1,1,1,208.003,135.501,102.718,224.387,213.501,0.0005,151.587,0.0427,54.574,0.0092,427.002,0.0529,118.143
16,5488,4,2048,51200,256,1,1,1,195.19,69.473,43.06,192.449,156.458,0.0005,165.517,0.0449,52.175,0.0126,312.916,0.0585,107.435
16,5504,4,2048,51200,256,1,1,1,197.423,152.389,151.192,233.057,190.556,0.0005,167.835,0.0396,59.44,0.0104,381.112,0.0511,123.868
16,5520,4,2048,51200,256,1,1,1,181.593,68.558,42.324,196.188,160.118,0.0005,162.022,0.0464,50.966,0.0125,320.237,0.06,106.079
16,5536,4,2048,51200,256,1,1,1,189.925,132.517,107.31,217.498,177.615,0.0005,155.625,0.0432,55.076,0.0113,355.23,0.0556,115.12
16,5552,4,2048,51200,256,1,1,1,181.956,71.857,42.604,195.579,160.204,0.0005,157.586,0.0474,50.449,0.0126,320.407,0.0611,105.302
16,5568,4,2048,51200,256,1,1,1,201.831,152.262,146.585,230.851,214.7,0.0005,152.254,0.0429,56.032,0.0095,429.401,0.0534,121.049
16,5584,4,2048,51200,256,1,1,1,195.305,74.058,42.829,199.105,147.334,0.0005,156.091,0.0473,51.096,0.0139,294.667,0.0623,104.5
16,5600,4,2048,51200,256,1,1,1,214.349,129.955,108.36,216.641,199.855,0.0005,152.951,0.0435,55.942,0.0103,399.709,0.0548,119.377
16,5616,4,2048,51200,256,1,1,1,113.464,69.049,43.176,200.182,159.586,0.0005,161.341,0.0525,46.517,0.013,319.172,0.0666,98.806
16,5632,4,2048,51200,256,1,1,1,141.239,171.127,156.522,232.403,179.861,0.0005,169.807,0.0434,56.595,0.0116,359.722,0.056,118.115
16,5648,4,2048,51200,256,1,1,1,159.372,68.134,44.09,197.997,161.418,0.0005,148.487,0.0515,47.986,0.013,322.835,0.0655,101.591
16,5664,4,2048,51200,256,1,1,1,138.504,127.442,114.977,219.261,185.224,0.0005,178.127,0.0436,56.939,0.0114,370.448,0.056,119.382
16,5680,4,2048,51200,256,1,1,1,157.55,73.27,44.328,193.531,190.309,0.0005,148.731,0.0517,48.239,0.0111,380.618,0.0639,105.253
16,5696,4,2048,51200,256,1,1,1,139.827,158.469,154.253,225.585,212.628,0.0005,166.835,0.0448,55.936,0.01,425.255,0.0559,120.93
16,5712,4,2048,51200,256,1,1,1,158.2,73.531,44.648,192.221,113.257,0.0005,150.215,0.0517,48.758,0.0189,226.513,0.0717,94.863
16,5728,4,2048,51200,256,1,1,1,139.091,126.868,114.628,224.912,174.535,0.0005,179.841,0.0439,57.744,0.0123,349.071,0.0573,119.33
16,5744,4,2048,51200,256,1,1,1,172.234,68.728,44.797,190.846,189.409,0.0005,150.322,0.0514,49.558,0.0114,378.818,0.0639,107.557
16,5760,4,2048,51200,256,1,1,1,202.521,154.52,151.658,215.297,174.538,0.0005,171.768,0.0412,62.108,0.0125,349.076,0.0547,126.241
16,5776,4,2048,51200,256,1,1,1,160.446,69.325,45.22,187.93,117.433,0.0005,150.102,0.0525,49.038,0.0186,234.867,0.0722,96.252
16,5792,4,2048,51200,256,1,1,1,207.676,120.701,113.712,227.274,181.951,0.0005,186.609,0.0397,65.147,0.0121,363.903,0.0529,132.117
16,5808,4,2048,51200,256,1,1,1,164.523,74.247,44.913,193.841,116.236,0.0005,150.818,0.0522,49.82,0.019,232.472,0.0723,97.144
16,5824,4,2048,51200,256,1,1,1,192.477,156.829,146.037,221.49,174.043,0.0005,180.685,0.0408,64.072,0.0128,348.085,0.0546,129.222
16,5840,4,2048,51200,256,1,1,1,157.766,74.353,45.484,200.305,151.729,0.0005,153.294,0.0523,50.214,0.0147,303.459,0.0681,104.195
16,5856,4,2048,51200,256,1,1,1,197.62,127.634,114.167,210.337,189.696,0.0005,181.651,0.0415,63.618,0.0118,379.391,0.0544,131.113
16,5872,4,2048,51200,256,1,1,1,157.746,69.672,46.056,206.274,149.006,0.0005,157.002,0.052,51.071,0.0152,298.012,0.0682,105.173
16,5888,4,2048,51200,256,1,1,1,182.558,155.644,157.742,220.898,184.074,0.0005,155.943,0.0461,57.855,0.0123,368.149,0.0595,121.22
16,5904,4,2048,51200,256,1,1,1,173.117,68.787,45.946,195.47,138.096,0.0005,177.4,0.0479,55.93,0.0165,276.192,0.0655,110.604
16,5920,4,2048,51200,256,1,1,1,180.692,137.931,111.969,213.147,163.784,0.0005,151.401,0.0482,55.845,0.014,327.568,0.0633,115.057
16,5936,4,2048,51200,256,1,1,1,194.035,73.926,46.334,185.025,139.119,0.0005,152.834,0.0516,52.452,0.0166,278.238,0.0693,105.723
16,5952,4,2048,51200,256,1,1,1,194.051,152.371,150.389,224.685,228.782,0.0005,152.422,0.047,57.955,0.0101,457.564,0.0582,126.608
16,5968,4,2048,51200,256,1,1,1,113.458,73.779,46.493,193.834,138.355,0.0005,172.576,0.0545,50.204,0.0169,276.711,0.0724,102.22
16,5984,4,2048,51200,256,1,1,1,218.329,131.084,114.81,238.566,212.176,0.0005,148.769,0.0475,57.807,0.0111,424.351,0.0597,124.676
16,6000,4,2048,51200,256,1,1,1,111.902,70.661,46.497,191.646,138.944,0.0005,149.531,0.0597,46.241,0.017,277.887,0.0778,96.163
16,6016,4,2048,51200,256,1,1,1,197.475,159.45,156.067,229.792,138.773,0.0005,148.832,0.0481,57.758,0.0171,277.546,0.0662,113.576
16,6032,4,2048,51200,256,1,1,1,111.58,70.256,46.23,190.794,159.895,0.0005,182.693,0.0541,51.551,0.0149,319.789,0.0701,107.84
16,6048,4,2048,51200,256,1,1,1,192.277,130.961,112.738,229.37,136.013,0.0005,149.965,0.0491,57.038,0.0176,272.025,0.0678,111.991
16,6064,4,2048,51200,256,1,1,1,178.416,74.387,46.186,190.117,160.808,0.0005,169.874,0.0504,55.906,0.015,321.616,0.0664,114.94
16,6080,4,2048,51200,256,1,1,1,200.946,159.016,156.633,231.932,183.775,0.0005,173.587,0.0436,64.893,0.0132,367.551,0.0579,132.627
16,6096,4,2048,51200,256,1,1,1,156.552,75.45,46.706,195.379,156.315,0.0005,180.052,0.0503,56.578,0.0156,312.63,0.0669,115.288
16,6112,4,2048,51200,256,1,1,1,185.917,134.889,106.846,229.748,187.382,0.0005,175.575,0.0452,63.264,0.0131,374.764,0.0593,130.734
16,6128,4,2048,51200,256,1,1,1,165.06,71.035,47.141,200.891,150.234,0.0005,153.797,0.0549,52.294,0.0164,300.469,0.0724,107.677
16,6144,4,2048,51200,256,1,1,1,187.015,180.499,155.044,222.364,161.381,0.0005,161.745,0.047,61.358,0.0153,322.761,0.0634,123.519
16,6160,4,2048,51200,256,1,1,1,158.784,68.697,47.559,173.854,157.714,0.0005,153.929,0.0562,51.562,0.0158,315.429,0.0731,107.713
16,6176,4,2048,51200,256,1,1,1,190.482,138.428,117.388,227.295,161.702,0.0005,157.77,0.0487,59.85,0.0155,323.405,0.0652,121.296
16,6192,4,2048,51200,256,1,1,1,191.188,73.74,48.163,184.177,174.263,0.0005,158.674,0.0531,55.11,0.0144,348.526,0.0687,115.854
16,6208,4,2048,51200,256,1,1,1,212.659,165.008,150.25,228.626,164.361,0.0005,173.752,0.0443,66.433,0.0154,328.721,0.0608,131.582
16,6224,4,2048,51200,256,1,1,1,165.824,74.383,48.163,200.49,168.997,0.0006,155.789,0.0553,53.456,0.015,337.995,0.0714,112.47
16,6240,4,2048,51200,256,1,1,1,137.919,134.19,121.118,223.398,206.271,0.0006,159.701,0.0528,56.263,0.0124,412.541,0.0663,121.833
16,6256,4,2048,51200,256,1,1,1,158.52,70.69,48.16,190.774,113.813,0.0006,154.548,0.0568,52.566,0.0225,227.625,0.0804,100.903
16,6272,4,2048,51200,256,1,1,1,135.726,156.373,162.307,217.207,184.276,0.0005,180.648,0.049,61.228,0.014,368.552,0.064,127.355
16,6288,4,2048,51200,256,1,1,1,159.596,70.323,48.641,190.54,162.48,0.0005,156.627,0.0566,53.244,0.0159,324.961,0.0736,111.297
16,6304,4,2048,51200,256,1,1,1,200.999,142.947,118.161,225.191,177.418,0.0006,175.486,0.046,65.795,0.0147,354.836,0.0618,133.281
16,6320,4,2048,51200,256,1,1,1,161.218,74.555,48.691,186.571,138.153,0.0006,173.31,0.0535,56.882,0.0189,276.307,0.0735,112.571
16,6336,4,2048,51200,256,1,1,1,165.487,156.297,152.581,216.793,167.609,0.0005,166.793,0.0496,61.644,0.0157,335.218,0.0664,125.343
16,6352,4,2048,51200,256,1,1,1,157.089,74.791,49.195,195.673,150.182,0.0006,159.384,0.0566,54.233,0.0176,300.363,0.0753,110.961
16,6368,4,2048,51200,256,1,1,1,182.685,144.523,117.187,232.755,175.509,0.0006,172.696,0.048,64.271,0.0151,351.019,0.0643,130.737
16,6384,4,2048,51200,256,1,1,1,158.457,70.242,49.614,192.445,148.965,0.0006,176.174,0.0539,57.527,0.0179,297.931,0.0729,115.76
16,6400,4,2048,51200,256,1,1,1,180.706,167.846,166.08,223.738,157.344,0.0005,155.942,0.0511,60.888,0.0171,314.688,0.0693,122.43
16,6416,4,2048,51200,256,1,1,1,188.11,69.354,49.539,190.251,138.06,0.0006,153.983,0.0567,55.17,0.0195,276.12,0.0773,110.205
16,6432,4,2048,51200,256,1,1,1,181.336,142.528,113.96,207.552,185.324,0.0006,148.047,0.0543,57.846,0.0146,370.649,0.0701,122.23
16,6448,4,2048,51200,256,1,1,1,160.65,73.259,49.891,194.205,137.731,0.0006,175.375,0.0544,58.084,0.0198,275.462,0.0753,114.372
16,6464,4,2048,51200,256,1,1,1,185.239,163.315,163.838,231.658,163.43,0.0006,147.542,0.0534,59.352,0.0168,326.861,0.0713,121.274
16,6480,4,2048,51200,256,1,1,1,166.416,75.004,49.647,191.567,137.358,0.0006,160.292,0.0572,55.728,0.02,274.717,0.0783,110.936
16,6496,4,2048,51200,256,1,1,1,220.587,141.679,124.191,222.65,206.411,0.0006,164.259,0.049,65.367,0.0134,412.821,0.0635,137.535
16,6512,4,2048,51200,256,1,1,1,195.399,71.4,49.894,194.49,137.85,0.0006,175.129,0.0529,60.829,0.0202,275.7,0.0742,118.331
16,6528,4,2048,51200,256,1,1,1,178.888,163.729,166.436,220.141,176.37,0.0005,148.276,0.0545,59.319,0.0158,352.741,0.0714,123.485
16,6544,4,2048,51200,256,1,1,1,112.818,71.704,49.773,181.999,137.818,0.0006,148.941,0.0668,48.556,0.0204,275.635,0.0883,100.301
16,6560,4,2048,51200,256,1,1,1,167.97,142.202,121.301,235.303,194.62,0.0006,149.401,0.0558,58.447,0.0145,389.241,0.0714,124.68
16,6576,4,2048,51200,256,1,1,1,114.704,75.78,49.707,193.869,174.917,0.0006,171.74,0.0617,53.122,0.0162,349.835,0.079,113.248
16,6592,4,2048,51200,256,1,1,1,218.716,162.592,166.811,228.532,184.922,0.0006,150.904,0.0522,63.017,0.0154,369.844,0.0687,130.73
16,6608,4,2048,51200,256,1,1,1,181.066,76.193,50.301,193.06,165.634,0.0006,166.397,0.0562,58.82,0.0173,331.269,0.0746,121.042
16,6624,4,2048,51200,256,1,1,1,185.136,145.484,116.554,238.44,136.964,0.0006,168.014,0.0512,64.882,0.021,273.927,0.0733,123.774
16,6640,4,2048,51200,256,1,1,1,150.298,72.284,50.212,185.104,138.991,0.0006,167.637,0.0591,56.462,0.0208,277.982,0.081,112.547
16,6656,4,2048,51200,256,1,1,1,188.641,179.903,185.571,222.577,155.942,0.0005,155.131,0.0532,62.922,0.0186,311.883,0.073,125.507
16,6672,4,2048,51200,256,1,1,1,187.44,71.621,51.238,163.184,168.467,0.0006,165.186,0.0575,58.503,0.0173,336.934,0.076,121.115
16,6688,4,2048,51200,256,1,1,1,191.274,138.993,130.764,222.021,156.151,0.0006,164.936,0.0521,64.829,0.0188,312.302,0.072,128.31
16,6704,4,2048,51200,256,1,1,1,159.465,74.793,51.155,162.631,157.581,0.0006,162.824,0.0603,56.284,0.0187,315.163,0.0801,115.875
16,6720,4,2048,51200,256,1,1,1,221.355,152.951,162.089,216.84,154.159,0.0006,151.136,0.0536,63.624,0.0192,308.317,0.0739,126.207
16,6736,4,2048,51200,256,1,1,1,147.351,76.504,51.501,193.643,153.356,0.0006,150.865,0.0638,53.717,0.0194,306.712,0.0843,111.198
16,6752,4,2048,51200,256,1,1,1,139.406,135.69,131.849,230.298,164.626,0.0006,179.936,0.0542,63.504,0.0181,329.252,0.0735,128.178
16,6768,4,2048,51200,256,1,1,1,159.386,72.812,51.843,188.867,187.987,0.0006,149.736,0.0635,54.414,0.016,375.974,0.0806,117.343
16,6784,4,2048,51200,256,1,1,1,138.618,162.04,168.998,241.914,192.771,0.0006,172.443,0.0552,62.9,0.0156,385.542,0.0719,132.089
16,6800,4,2048,51200,256,1,1,1,149.169,73.301,51.882,188.882,113.216,0.0006,167.33,0.0608,57.302,0.0268,226.433,0.0887,107.58
16,6816,4,2048,51200,256,1,1,1,191.063,125.135,125.102,218.932,165.882,0.0006,170.303,0.0527,66.506,0.0184,331.764,0.0721,132.947
16,6832,4,2048,51200,256,1,1,1,143.678,77.17,51.97,197.03,113.024,0.0006,153.608,0.0645,54.5,0.0271,226.048,0.0927,103.892
16,6848,4,2048,51200,256,1,1,1,178.273,156.535,168.937,233.166,163.064,0.0006,182.4,0.0505,69.893,0.0188,326.127,0.0705,137.239
16,6864,4,2048,51200,256,1,1,1,137.585,76.355,52.35,197.536,150.227,0.0006,170.86,0.0619,57.365,0.0206,300.454,0.0836,116.381
16,6880,4,2048,51200,256,1,1,1,174.157,139.844,127.662,246.926,169.224,0.0006,154.817,0.0572,62.264,0.0183,338.448,0.0767,127.341
16,6896,4,2048,51200,256,1,1,1,156.831,70.948,52.772,190.398,152.567,0.0006,154.024,0.0642,55.753,0.0204,305.134,0.0858,114.394
16,6912,4,2048,51200,256,1,1,1,171.848,165.568,176.023,204.906,156.408,0.0006,152.184,0.0583,61.658,0.02,312.817,0.0794,124.074
16,6928,4,2048,51200,256,1,1,1,164.647,69.525,53.154,194.75,158.059,0.0006,181.568,0.0581,62.151,0.0199,316.118,0.0791,125.121
16,6944,4,2048,51200,256,1,1,1,168.704,139.076,117.336,183.921,157.62,0.0006,152.617,0.0602,60.261,0.02,315.24,0.0814,122.242
16,6960,4,2048,51200,256,1,1,1,189.286,75.157,52.674,192.982,138.357,0.0006,164.516,0.0597,60.979,0.0229,276.714,0.0838,119.197
16,6976,4,2048,51200,256,1,1,1,179.126,163.644,164.638,218.554,196.142,0.0006,152.322,0.0583,62.765,0.0163,392.284,0.0757,132.621
16,6992,4,2048,51200,256,1,1,1,155.032,75.723,52.585,190.674,137.969,0.0006,173.207,0.0611,60.094,0.0232,275.938,0.0855,117.911
16,7008,4,2048,51200,256,1,1,1,174.255,132.859,131.964,204.081,167.588,0.0006,151.844,0.0601,61.417,0.0192,335.175,0.0804,125.945
16,7024,4,2048,51200,256,1,1,1,191.732,71.417,52.71,195.858,139.241,0.0006,157.409,0.062,59.774,0.0232,278.482,0.0863,117.795
16,7040,4,2048,51200,256,1,1,1,202.892,166.985,172.174,224.284,185.286,0.0006,151.824,0.0573,64.918,0.0175,370.573,0.076,134.473
16,7056,4,2048,51200,256,1,1,1,183.827,71.683,52.559,193.561,138.823,0.0006,173.284,0.0595,62.805,0.0235,277.647,0.0841,121.963
16,7072,4,2048,51200,256,1,1,1,196.141,142.792,132.178,208.984,216.959,0.0006,151.976,0.0589,63.656,0.0151,433.918,0.0752,137.096
16,7088,4,2048,51200,256,1,1,1,113.311,75.419,52.595,194.464,138.308,0.0006,155.457,0.0719,52.373,0.0238,276.617,0.0969,106.843
16,7104,4,2048,51200,256,1,1,1,172.772,164.221,166.033,232.407,182.003,0.0006,152.12,0.06,63.093,0.0182,364.007,0.0793,131.151
16,7120,4,2048,51200,256,1,1,1,112.864,73.682,53.15,190.07,159.322,0.0006,170.315,0.0693,54.873,0.0209,318.644,0.0913,114.451
16,7136,4,2048,51200,256,1,1,1,182.398,143.387,127.985,233.294,175.954,0.0006,158.832,0.0585,65.202,0.019,351.908,0.0786,133.398
16,7152,4,2048,51200,256,1,1,1,137.165,68.416,53.116,202.352,141.586,0.0006,182.38,0.0634,60.452,0.0237,283.171,0.0882,119.436
16,7168,4,2048,51200,256,1,1,1,173.141,169.532,173.324,217.029,148.247,0.0006,176.267,0.0554,69.484,0.0227,296.495,0.0792,133.574
16,7184,4,2048,51200,256,1,1,1,137.594,67.169,53.833,193.199,136.37,0.0006,151.795,0.0706,54.752,0.0248,272.741,0.0965,110.121
16,7200,4,2048,51200,256,1,1,1,216.996,139.256,133.6,219.148,154.327,0.0006,164.163,0.056,69.355,0.022,308.654,0.0791,134.92
16,7216,4,2048,51200,256,1,1,1,137.557,73.867,53.823,167.02,145.541,0.0006,149.466,0.072,54.13,0.0234,291.082,0.0966,111.003
16,7232,4,2048,51200,256,1,1,1,163.338,174.67,177.689,217.606,157.088,0.0006,165.48,0.0591,66.218,0.0218,314.176,0.0821,131.216
16,7248,4,2048,51200,256,1,1,1,139.281,75.368,53.933,167.746,139.827,0.0006,148.738,0.0723,54.358,0.0246,279.654,0.0981,110.283
16,7264,4,2048,51200,256,1,1,1,162.437,129.809,128.859,207.449,156.38,0.0006,152.739,0.0638,61.844,0.0221,312.76,0.0871,124.746
16,7280,4,2048,51200,256,1,1,1,170.518,72.257,54.217,159.974,159.26,0.0006,148.851,0.0696,56.909,0.0218,318.52,0.0926,117.813
16,7296,4,2048,51200,256,1,1,1,188.111,162.991,185.24,219.684,157.313,0.0006,163.631,0.0581,68.465,0.0222,314.625,0.0814,134.546
16,7312,4,2048,51200,256,1,1,1,162.124,72.272,53.952,157.922,164.129,0.0006,149.339,0.0708,56.444,0.0213,328.258,0.0933,117.956
16,7328,4,2048,51200,256,1,1,1,140.47,144.029,138.356,239.7,157.729,0.0006,152.041,0.0664,60.429,0.0223,315.459,0.0898,122.985
16,7344,4,2048,51200,256,1,1,1,141.294,75.014,54.273,183.393,172.913,0.0006,149.387,0.0726,55.44,0.0204,345.825,0.0942,117.741
16,7360,4,2048,51200,256,1,1,1,142.265,158.568,172.545,230.528,163.683,0.0006,179.866,0.0599,67.535,0.0217,327.367,0.0827,134.719
16,7376,4,2048,51200,256,1,1,1,143.397,69.028,54.78,183.333,154.989,0.0006,149.488,0.073,55.62,0.023,309.978,0.0972,115.167
16,7392,4,2048,51200,256,1,1,1,138.236,139.993,136.193,233.342,188.844,0.0006,162.22,0.0651,62.644,0.019,377.688,0.0852,131.894
16,7408,4,2048,51200,256,1,1,1,181.532,68.872,55.448,182.045,162.538,0.0006,149.962,0.0693,59.047,0.0221,325.076,0.0926,121.856
16,7424,4,2048,51200,256,1,1,1,139.427,173.57,191.01,218.661,163.141,0.0006,172.952,0.0623,65.968,0.0221,326.283,0.0856,132.429
16,7440,4,2048,51200,256,1,1,1,138.498,70.739,55.526,188.827,158.158,0.0006,150.074,0.0741,55.725,0.0229,316.315,0.0982,115.961
16,7456,4,2048,51200,256,1,1,1,138.898,132.114,131.619,216.096,176.104,0.0006,155.372,0.0679,60.992,0.0207,352.209,0.0898,127.296
16,7472,4,2048,51200,256,1,1,1,163.535,75.591,55.489,181.138,176.045,0.0006,148.633,0.0718,57.915,0.0208,352.091,0.0938,122.38
16,7488,4,2048,51200,256,1,1,1,133.632,172.461,172.49,202.525,155.699,0.0006,173.98,0.0642,65.087,0.0236,311.397,0.0889,129.593
16,7504,4,2048,51200,256,1,1,1,155.236,77.067,55.94,171.596,164.685,0.0006,148.912,0.0732,57.258,0.0224,329.369,0.0968,119.531
16,7520,4,2048,51200,256,1,1,1,137.337,133.209,132.326,219.709,183.462,0.0006,180.934,0.0631,66.708,0.0202,366.923,0.0845,137.555
16,7536,4,2048,51200,256,1,1,1,169.831,72.534,55.983,189.351,157.98,0.0006,150.827,0.0713,59.321,0.0236,315.96,0.096,121.587
16,7552,4,2048,51200,256,1,1,1,139.027,171.943,186.052,222.008,163.877,0.0006,181.708,0.0621,68.38,0.0228,327.753,0.086,136.224
16,7568,4,2048,51200,256,1,1,1,159.801,72.553,56.177,176.285,170.219,0.0006,151.34,0.0729,58.449,0.0221,340.437,0.0961,122.422
16,7584,4,2048,51200,256,1,1,1,192.734,131.766,132.27,227.689,194.909,0.0006,172.362,0.0596,71.818,0.0193,389.819,0.0801,147.566
16,7600,4,2048,51200,256,1,1,1,159.857,76.393,56.266,187.489,156.909,0.0006,178.445,0.0664,64.685,0.0241,313.819,0.0917,129.394
16,7616,4,2048,51200,256,1,1,1,166.472,165.478,154.11,204.597,161.594,0.0006,169.197,0.0627,68.743,0.0235,323.187,0.0874,136.301
16,7632,4,2048,51200,256,1,1,1,145.082,76.488,56.749,178.296,114.331,0.0006,153.473,0.0747,57.988,0.0334,228.662,0.1092,109.532
16,7648,4,2048,51200,256,1,1,1,201.618,136.747,143.957,211.22,185.913,0.0006,175.739,0.059,73.718,0.0206,371.827,0.0808,148.751
16,7664,4,2048,51200,256,1,1,1,137.908,74.472,57.592,186.785,148.036,0.0006,174.829,0.0708,61.653,0.026,296.072,0.098,123.134
16,7680,4,2048,51200,256,1,1,1,142.879,178.136,201.692,166.949,153.867,0.0006,171.379,0.0664,65.982,0.0251,307.735,0.0927,130.687
16,7696,4,2048,51200,256,1,1,1,165.228,71.799,57.917,173.966,115.154,0.0006,149.206,0.0745,59.018,0.0337,230.309,0.1094,111.165
16,7712,4,2048,51200,256,1,1,1,194.17,138.529,145.084,199.785,182.112,0.0006,166.022,0.0626,70.587,0.0214,364.224,0.0851,143.44
16,7728,4,2048,51200,256,1,1,1,158.635,75.384,58.362,164.737,111.414,0.0006,176.733,0.069,64.233,0.0351,222.828,0.1053,116.434
16,7744,4,2048,51200,256,1,1,1,167.789,165.011,189.237,204.131,164.706,0.0006,169.02,0.0638,69.788,0.0239,329.412,0.0888,138.625
16,7760,4,2048,51200,256,1,1,1,156.035,74.465,58.47,173.271,163.093,0.0006,149.844,0.0761,58.736,0.0242,326.186,0.1014,121.848
16,7776,4,2048,51200,256,1,1,1,183.104,133.493,133.871,218.269,180.963,0.0006,171.828,0.0626,71.597,0.0219,361.926,0.0857,144.801
16,7792,4,2048,51200,256,1,1,1,137.179,72.262,58.936,178.638,136.409,0.0006,170.405,0.0737,61.055,0.0292,272.818,0.1041,119.701
16,7808,4,2048,51200,256,1,1,1,181.369,168.958,185.568,215.913,196.369,0.0006,167.056,0.0633,71.376,0.0203,392.737,0.0848,147.485
16,7824,4,2048,51200,256,1,1,1,166.956,71.928,59.348,181.158,135.629,0.0006,150.365,0.0753,60.266,0.0296,271.258,0.106,118.459
16,7840,4,2048,51200,256,1,1,1,158.391,150.152,128.33,214.471,177.534,0.0006,142.526,0.0737,61.783,0.0227,355.069,0.0976,129.232
16,7856,4,2048,51200,256,1,1,1,150.587,76.212,59.166,185.991,142.203,0.0006,168.487,0.0726,62.966,0.0284,284.406,0.1022,123.844
16,7872,4,2048,51200,256,1,1,1,156.731,161.219,170.08,228.83,156.786,0.0006,151.404,0.0707,64.935,0.0259,313.571,0.0977,130.058
16,7888,4,2048,51200,256,1,1,1,167.051,76.5,59.637,185.673,146.519,0.0006,151.431,0.0754,61.108,0.0278,293.038,0.1044,122.242
16,7904,4,2048,51200,256,1,1,1,159.026,141.808,136.748,192.933,163.707,0.0006,152.832,0.0718,64.404,0.025,327.415,0.098,130.759
16,7920,4,2048,51200,256,1,1,1,159.921,71.698,60.398,154.161,139.327,0.0006,162.184,0.075,61.884,0.0295,278.655,0.1057,121.69
16,7936,4,2048,51200,256,1,1,1,156.75,172.86,186.122,197.358,176.466,0.0006,150.415,0.0722,64.537,0.0234,352.933,0.0968,133.479
16,7952,4,2048,51200,256,1,1,1,158.139,71.609,60.452,150.937,159.265,0.0006,153.5,0.0781,59.883,0.026,318.531,0.1053,123.122
16,7968,4,2048,51200,256,1,1,1,158.875,134.439,137.002,175.589,179.827,0.0006,151.198,0.0737,63.7,0.0231,359.653,0.098,132.793
16,7984,4,2048,51200,256,1,1,1,175.254,76.255,60.77,176.904,149.693,0.0006,171.523,0.0708,66.62,0.0279,299.386,0.0998,130.913
16,8000,4,2048,51200,256,1,1,1,158.444,169.991,167.437,215.416,162.261,0.0006,152.233,0.072,65.723,0.0258,324.522,0.099,132.507
16,8016,4,2048,51200,256,1,1,1,158.351,75.887,60.607,153.378,146.413,0.0006,152.92,0.0788,60.295,0.0288,292.827,0.1087,121.154
16,8032,4,2048,51200,256,1,1,1,156.372,148.408,139.158,180.237,187.767,0.0006,152.182,0.0742,64.271,0.0225,375.534,0.0979,135.104
16,8048,4,2048,51200,256,1,1,1,139.295,72.414,60.856,177.001,136.166,0.0006,172.675,0.0761,62.864,0.0312,272.332,0.1085,122.367
16,8064,4,2048,51200,256,1,1,1,150.127,172.144,179.432,125.682,149.909,0.0006,151.439,0.0775,61.959,0.0284,299.818,0.1071,124.417
16,8080,4,2048,51200,256,1,1,1,167.812,72.588,61.083,157.53,137.7,0.0006,154.674,0.0779,61.879,0.0311,275.4,0.1102,121.443
16,8096,4,2048,51200,256,1,1,1,157.676,149.868,141.059,208.174,183.581,0.0006,150.665,0.0744,65.034,0.0234,367.162,0.099,135.682
16,8112,4,2048,51200,256,1,1,1,168.351,77.062,61.069,155.103,139.05,0.0006,160.123,0.0767,63.365,0.031,278.101,0.1089,123.859
16,8128,4,2048,51200,256,1,1,1,156.3,167.904,181.317,176.259,163.24,0.0006,150.947,0.0752,64.815,0.0265,326.479,0.1029,131.511
16,8144,4,2048,51200,256,1,1,1,170.276,77.177,61.808,152.466,138.865,0.0006,155.851,0.0781,62.678,0.0313,277.73,0.1106,122.892
16,8160,4,2048,51200,256,1,1,1,157.105,147.83,143.047,188.038,184.152,0.0006,151.959,0.0754,65.098,0.0237,368.304,0.1003,135.939
16,8176,4,2048,51200,256,1,1,1,139.707,74.223,62.142,187.263,139.246,0.0006,171.524,0.0775,63.637,0.0315,278.492,0.1101,124.34
16,8192,4,2048,51200,256,1,1,1,159.351,192.093,208.266,164.904,163.202,0.0006,152.571,0.0752,65.831,0.0269,326.404,0.1033,133.1
16,8208,4,2048,51200,256,1,1,1,163.364,73.533,39.274,157.346,156.542,0.0006,151.526,0.0835,59.485,0.0282,313.084,0.1129,122.167
16,8224,4,2048,51200,256,1,1,1,157.07,142.945,108.23,167.268,180.838,0.0006,150.111,0.0782,63.716,0.0245,361.676,0.104,133.161
16,8240,4,2048,51200,256,1,1,1,162.159,77.91,39.26,171.312,140.818,0.0006,164.168,0.0798,62.714,0.0316,281.635,0.1126,123.422
16,8256,4,2048,51200,256,1,1,1,157.839,181.1,145.295,174.88,156.912,0.0006,152.38,0.0765,65.637,0.0285,313.823,0.1062,131.365
16,8272,4,2048,51200,256,1,1,1,159.751,77.656,39.062,161.884,112.956,0.0006,150.145,0.0849,59.376,0.0397,225.912,0.1258,111.312
16,8288,4,2048,51200,256,1,1,1,162.058,133.763,113.714,218.942,164.726,0.0006,170.48,0.0713,70.958,0.0273,329.451,0.0999,140.785
16,8304,4,2048,51200,256,1,1,1,136.538,73.342,39.518,178.691,111.684,0.0006,165.928,0.084,60.45,0.0405,223.369,0.1257,112.276
16,8320,4,2048,51200,256,1,1,1,126.284,170.095,152.022,196.166,150.032,0.0006,162.626,0.0791,64.396,0.0302,300.063,0.1106,128.071
16,8336,4,2048,51200,256,1,1,1,167.835,73.089,39.633,161.201,159.843,0.0006,150.269,0.0848,60.277,0.0285,319.687,0.1146,124.082
16,8352,4,2048,51200,256,1,1,1,153.127,143.516,115.025,215.414,194.817,0.0006,175.467,0.072,71.264,0.0235,389.635,0.0968,147.521
16,8368,4,2048,51200,256,1,1,1,154.369,76.978,39.306,174.622,155.822,0.0006,173.66,0.0801,64.32,0.0295,311.644,0.1108,129.298
16,8384,4,2048,51200,256,1,1,1,138.95,171.973,154.287,219.758,163.361,0.0006,164.836,0.0762,67.81,0.0282,326.723,0.1057,136.038
16,8400,4,2048,51200,256,1,1,1,170.832,77.997,39.805,173.749,160.38,0.0006,149.812,0.0847,61.261,0.0288,320.759,0.1148,125.755
16,8416,4,2048,51200,256,1,1,1,138.116,145.516,122.299,200.708,186.813,0.0006,176.291,0.0753,69.16,0.0248,373.626,0.1014,142.866
16,8432,4,2048,51200,256,1,1,1,164.904,73.418,40.025,181.208,159.605,0.0007,150.841,0.0854,61.162,0.0292,319.211,0.1159,125.459
16,8448,4,2048,51200,256,1,1,1,138.713,177.398,158.966,216.381,157.363,0.0006,172.289,0.0752,69.73,0.0297,314.726,0.1062,137.435
16,8464,4,2048,51200,256,1,1,1,162.199,71.238,39.889,168.662,170.863,0.0007,150.615,0.0869,60.552,0.0275,341.726,0.1157,126.643
16,8480,4,2048,51200,256,1,1,1,137.583,141.998,117.719,209.796,181.076,0.0007,152.3,0.0824,64.073,0.026,362.151,0.1098,133.988
16,8496,4,2048,51200,256,1,1,1,157.687,75.04,39.533,164.725,158.379,0.0007,148.65,0.0886,59.804,0.0299,316.758,0.1198,123.208
16,8512,4,2048,51200,256,1,1,1,186.394,162.985,137.262,205.96,159.439,0.0007,172.726,0.07,75.948,0.0298,318.878,0.1011,146.506
16,8528,4,2048,51200,256,1,1,1,139.513,76.987,39.679,184.49,154.848,0.0007,150.924,0.0904,59.048,0.0308,309.696,0.1225,121.393
16,8544,4,2048,51200,256,1,1,1,185.507,136.769,118.761,207.881,178.735,0.0007,152.521,0.0766,69.944,0.0268,357.47,0.1047,142.598
16,8560,4,2048,51200,256,1,1,1,137.737,72.544,39.639,176.484,160.252,0.0007,151.068,0.0917,58.639,0.03,320.504,0.123,121.82
16,8576,4,2048,51200,256,1,1,1,192.609,163.264,157.103,224.989,161.713,0.0007,173.695,0.0691,78.042,0.0298,323.426,0.1003,149.977
16,8592,4,2048,51200,256,1,1,1,141.721,72.309,39.069,112.965,162.867,0.0007,149.666,0.0958,56.5,0.0297,325.734,0.1269,118.957
16,8608,4,2048,51200,256,1,1,1,193.338,142.077,119.758,208.7,155.82,0.0007,150.894,0.077,70.61,0.0312,311.641,0.1094,138.398
16,8624,4,2048,51200,256,1,1,1,132.931,76.697,39.278,119.326,163.894,0.0007,150.991,0.0968,56.352,0.0297,327.787,0.1278,118.923
16,8640,4,2048,51200,256,1,1,1,172.575,171.569,150.194,210.628,153.193,0.0007,171.904,0.0728,75.114,0.0319,306.386,0.1061,143.786
16,8656,4,2048,51200,256,1,1,1,170.344,76.014,39.435,126.462,155.345,0.0007,151.196,0.0905,60.652,0.0316,310.69,0.1235,124.012
16,8672,4,2048,51200,256,1,1,1,189.777,148.826,117.283,218.87,155.847,0.0007,151.739,0.0775,71.117,0.0316,311.694,0.1104,139.158
16,8688,4,2048,51200,256,1,1,1,166.206,73.359,39.784,118.394,152.881,0.0007,151.411,0.0922,59.974,0.0324,305.762,0.1259,122.516
16,8704,4,2048,51200,256,1,1,1,136.531,189.845,164.692,149.121,120.977,0.0007,164.358,0.0833,66.589,0.041,241.953,0.1257,123.147
16,8720,4,2048,51200,256,1,1,1,137.234,73.119,40.398,191.543,146.282,0.0007,148.08,0.0944,59.0,0.0341,292.564,0.1298,119.706
16,8736,4,2048,51200,256,1,1,1,205.394,146.244,119.031,182.098,154.602,0.0007,153.036,0.0775,72.117,0.0324,309.204,0.1112,140.252
16,8752,4,2048,51200,256,1,1,1,136.527,76.575,40.329,191.239,159.375,0.0007,155.493,0.0925,60.637,0.0315,318.751,0.1253,124.877
16,8768,4,2048,51200,256,1,1,1,175.816,178.627,146.365,159.337,148.468,0.0007,161.085,0.0787,71.482,0.0339,296.936,0.114,137.765
16,8784,4,2048,51200,256,1,1,1,131.231,76.719,40.472,166.25,149.724,0.0007,133.067,0.103,54.816,0.0338,299.449,0.1381,114.106
16,8800,4,2048,51200,256,1,1,1,183.501,138.759,118.961,222.689,157.097,0.0007,153.651,0.0791,71.632,0.0323,314.194,0.1127,140.296
16,8816,4,2048,51200,256,1,1,1,137.989,73.194,40.701,194.271,153.438,0.0007,174.967,0.0878,64.74,0.0332,306.876,0.1224,129.729
16,8832,4,2048,51200,256,1,1,1,155.413,177.857,157.16,189.099,157.023,0.0007,170.883,0.0783,72.824,0.0326,314.046,0.1122,141.949
16,8848,4,2048,51200,256,1,1,1,138.222,74.254,40.562,176.604,156.422,0.0007,149.877,0.0959,59.665,0.0328,312.844,0.1301,122.889
16,8864,4,2048,51200,256,1,1,1,189.404,145.109,114.002,234.967,163.154,0.0007,154.842,0.0785,73.128,0.0316,326.307,0.1114,143.946
16,8880,4,2048,51200,256,1,1,1,136.847,77.274,40.542,197.435,164.688,0.0007,147.702,0.0965,59.725,0.0314,329.376,0.1292,124.58
16,8896,4,2048,51200,256,1,1,1,161.069,169.103,159.489,198.93,168.537,0.0007,168.358,0.0786,73.553,0.0308,337.073,0.1107,145.887
16,8912,4,2048,51200,256,1,1,1,137.059,76.758,40.779,170.594,152.047,0.0007,152.247,0.0964,60.172,0.0342,304.094,0.132,122.809
16,8928,4,2048,51200,256,1,1,1,180.802,147.364,122.06,171.847,155.02,0.0007,154.406,0.0823,70.787,0.0337,310.04,0.1173,138.723
16,8944,4,2048,51200,256,1,1,1,138.076,72.196,40.887,123.442,157.838,0.0007,135.439,0.106,55.128,0.0332,315.675,0.1405,116.172
16,8960,4,2048,51200,256,1,1,1,180.275,180.747,172.24,171.387,158.722,0.0007,168.021,0.0777,75.446,0.0331,317.444,0.1122,146.06
16,8976,4,2048,51200,256,1,1,1,136.863,71.878,41.167,192.483,158.167,0.0007,149.795,0.0976,60.293,0.0334,316.333,0.1323,124.284
16,8992,4,2048,51200,256,1,1,1,187.638,146.268,126.007,139.385,156.972,0.0007,151.167,0.085,69.407,0.0338,313.945,0.1201,137.334
16,9008,4,2048,51200,256,1,1,1,137.692,76.909,40.985,194.234,152.752,0.0007,154.913,0.0959,61.759,0.0348,305.505,0.1321,125.39
16,9024,4,2048,51200,256,1,1,1,161.918,157.877,155.051,196.944,156.824,0.0007,175.717,0.0784,75.752,0.034,313.648,0.1138,145.974
16,9040,4,2048,51200,256,1,1,1,137.852,78.05,40.973,194.309,150.661,0.0007,150.796,0.0976,61.085,0.0355,301.321,0.1345,123.962
16,9056,4,2048,51200,256,1,1,1,186.425,148.798,119.4,153.71,154.884,0.0007,154.649,0.0841,71.157,0.0347,309.769,0.1201,139.287
16,9072,4,2048,51200,256,1,1,1,162.157,73.456,40.787,112.83,149.556,0.0007,136.857,0.1041,57.655,0.0361,299.112,0.1415,118.64
16,9088,4,2048,51200,256,1,1,1,162.248,171.37,167.088,165.108,156.169,0.0007,160.55,0.0843,71.439,0.0347,312.337,0.1203,140.037
16,9104,4,2048,51200,256,1,1,1,137.934,74.032,40.292,190.011,156.208,0.0007,151.442,0.0988,61.15,0.0348,312.416,0.1349,125.287
16,9120,4,2048,51200,256,1,1,1,186.363,141.386,119.77,146.502,156.333,0.0007,152.969,0.086,70.523,0.0349,312.665,0.1222,138.835
16,9136,4,2048,51200,256,1,1,1,137.065,77.411,40.487,113.314,157.196,0.0007,151.732,0.104,58.469,0.0348,314.392,0.1402,121.43
16,9152,4,2048,51200,256,1,1,1,161.385,175.609,151.145,194.574,156.291,0.0007,176.515,0.0798,76.449,0.0351,312.583,0.1163,146.859
16,9168,4,2048,51200,256,1,1,1,137.389,73.643,40.588,193.796,160.627,0.0007,149.688,0.1003,61.047,0.0343,321.254,0.136,126.071
16,9184,4,2048,51200,256,1,1,1,176.497,144.58,117.818,153.552,156.035,0.0007,153.806,0.0873,70.358,0.0354,312.07,0.1241,138.581
16,9200,4,2048,51200,256,1,1,1,135.977,69.139,41.009,196.616,150.258,0.0007,167.893,0.0956,64.476,0.0369,300.515,0.1339,128.903
16,9216,4,2048,51200,256,1,1,1,141.208,177.47,171.776,192.755,136.228,0.0007,175.857,0.0843,73.377,0.0409,272.456,0.1265,136.902
16,9232,4,2048,51200,256,1,1,1,136.054,66.606,41.277,130.883,163.08,0.0007,172.499,0.0985,62.99,0.0343,326.161,0.1341,129.553
16,9248,4,2048,51200,256,1,1,1,161.706,150.321,118.584,198.917,134.707,0.0007,150.828,0.0892,69.828,0.0416,269.413,0.1321,131.961
16,9264,4,2048,51200,256,1,1,1,137.039,74.076,41.195,161.792,157.968,0.0007,166.345,0.0979,63.78,0.0356,315.937,0.1349,129.688
16,9280,4,2048,51200,256,1,1,1,159.307,185.014,160.574,201.433,159.494,0.0007,163.771,0.0847,73.959,0.0354,318.987,0.1215,144.503
16,9296,4,2048,51200,256,1,1,1,138.814,76.062,41.28,191.356,138.086,0.0007,165.867,0.0967,65.038,0.041,276.172,0.139,126.676
16,9312,4,2048,51200,256,1,1,1,169.048,146.777,121.026,193.832,137.15,0.0007,151.93,0.0887,71.139,0.0414,274.3,0.1315,134.431
16,9328,4,2048,51200,256,1,1,1,144.94,72.955,41.227,130.915,155.533,0.0007,171.476,0.0979,64.634,0.0367,311.066,0.1359,130.444
16,9344,4,2048,51200,256,1,1,1,165.344,179.811,167.808,206.819,138.05,0.0007,163.912,0.0843,75.311,0.0414,276.1,0.1271,139.971
16,9360,4,2048,51200,256,1,1,1,142.596,73.631,41.516,190.731,138.243,0.0007,167.127,0.0965,65.983,0.0415,276.487,0.1394,128.031
16,9376,4,2048,51200,256,1,1,1,192.344,150.345,121.215,201.162,177.673,0.0007,153.395,0.0856,74.667,0.0324,355.346,0.1194,150.052
16,9392,4,2048,51200,256,1,1,1,138.845,75.78,41.253,128.07,138.688,0.0007,168.209,0.1011,63.385,0.0417,277.376,0.1442,124.639
16,9408,4,2048,51200,256,1,1,1,159.007,168.388,158.608,193.927,134.096,0.0007,170.271,0.0851,75.623,0.0433,268.192,0.1297,139.054
16,9424,4,2048,51200,256,1,1,1,140.433,76.747,41.43,159.599,138.804,0.0007,167.189,0.0992,65.023,0.0419,277.609,0.1425,126.933
16,9440,4,2048,51200,256,1,1,1,194.376,148.443,122.238,193.908,181.866,0.0007,152.694,0.0866,74.71,0.0321,363.732,0.1201,151.122
16,9456,4,2048,51200,256,1,1,1,151.033,70.93,42.091,195.38,159.476,0.0007,169.759,0.0953,68.123,0.0367,318.952,0.1335,136.488
16,9472,4,2048,51200,256,1,1,1,162.363,176.172,180.863,185.76,187.375,0.0007,173.219,0.0845,77.101,0.0314,374.751,0.1173,155.855
16,9488,4,2048,51200,256,1,1,1,140.205,69.747,42.099,154.291,153.774,0.0007,172.221,0.0995,65.719,0.0384,307.547,0.1392,131.719
16,9504,4,2048,51200,256,1,1,1,187.137,142.407,121.882,189.593,175.316,0.0007,149.953,0.0896,73.224,0.0338,350.633,0.1247,147.538
16,9520,4,2048,51200,256,1,1,1,139.894,71.658,42.496,156.255,161.081,0.0007,150.892,0.1062,61.917,0.0369,322.161,0.1445,127.735
16,9536,4,2048,51200,256,1,1,1,163.643,169.113,166.918,201.327,187.0,0.0007,177.315,0.0836,78.907,0.0319,374.001,0.1169,158.435
16,9552,4,2048,51200,256,1,1,1,111.098,70.951,42.618,157.396,150.3,0.0007,166.168,0.1101,60.119,0.0398,300.6,0.1513,122.816
16,9568,4,2048,51200,256,1,1,1,156.761,151.667,113.205,194.165,172.94,0.0007,149.673,0.095,69.907,0.0347,345.88,0.1311,142.222
16,9584,4,2048,51200,256,1,1,1,112.496,71.602,42.391,168.194,158.674,0.0007,149.696,0.1149,58.006,0.0379,317.347,0.1542,121.299
16,9600,4,2048,51200,256,1,1,1,158.312,174.211,165.899,189.407,170.355,0.0007,167.989,0.0883,75.685,0.0355,340.709,0.1251,149.942
16,9616,4,2048,51200,256,1,1,1,155.848,72.114,42.433,161.383,146.995,0.0007,170.627,0.0979,68.488,0.0412,293.991,0.1405,133.98
16,9632,4,2048,51200,256,1,1,1,147.763,156.855,122.501,201.455,161.676,0.0007,150.408,0.0968,69.471,0.0376,323.351,0.1358,139.074
16,9648,4,2048,51200,256,1,1,1,112.202,77.433,42.368,158.292,138.77,0.0007,161.491,0.1123,60.061,0.044,277.539,0.1577,120.16
16,9664,4,2048,51200,256,1,1,1,188.483,176.587,160.574,206.237,156.655,0.0007,170.551,0.0832,81.397,0.0391,313.31,0.1236,153.794
16,9680,4,2048,51200,256,1,1,1,154.637,77.646,42.911,158.292,153.344,0.0007,150.835,0.1051,64.629,0.04,306.688,0.1465,130.188
16,9696,4,2048,51200,256,1,1,1,137.839,151.413,122.038,194.902,179.731,0.0007,151.544,0.0999,68.178,0.0343,359.462,0.1356,141.143
16,9712,4,2048,51200,256,1,1,1,160.632,74.205,43.241,156.537,160.601,0.0007,151.985,0.1043,65.537,0.0385,321.201,0.1441,133.18
16,9728,4,2048,51200,256,1,1,1,176.863,190.745,190.105,206.425,155.969,0.0007,170.203,0.0852,80.47,0.0398,311.938,0.1263,152.47
16,9744,4,2048,51200,256,1,1,1,140.381,74.724,43.573,164.094,152.543,0.0007,150.114,0.1091,63.054,0.0408,305.085,0.1512,127.762
16,9760,4,2048,51200,256,1,1,1,137.418,148.122,128.396,192.029,173.392,0.0007,151.326,0.1011,68.251,0.036,346.784,0.1385,139.996
16,9776,4,2048,51200,256,1,1,1,153.11,77.834,43.895,154.48,157.53,0.0007,150.878,0.1069,64.753,0.0398,315.059,0.148,131.394
16,9792,4,2048,51200,256,1,1,1,179.592,175.861,174.925,189.144,154.815,0.0007,171.71,0.0861,80.585,0.0406,309.629,0.1281,152.288
16,9808,4,2048,51200,256,1,1,1,139.022,78.614,43.853,156.782,154.025,0.0007,150.976,0.1103,63.152,0.0409,308.05,0.1526,128.278
16,9824,4,2048,51200,256,1,1,1,194.263,150.553,123.058,204.632,155.633,0.0007,151.127,0.0915,76.293,0.0406,311.266,0.1336,147.01
16,9840,4,2048,51200,256,1,1,1,137.94,74.392,44.256,182.059,153.517,0.0007,150.693,0.1099,63.754,0.0413,307.034,0.1526,129.062
16,9856,4,2048,51200,256,1,1,1,184.068,185.577,176.527,198.395,154.131,0.0007,167.327,0.087,80.751,0.0413,308.263,0.1297,152.337
16,9872,4,2048,51200,256,1,1,1,154.302,74.153,44.594,119.497,152.005,0.0007,151.24,0.1111,63.476,0.042,304.01,0.1545,128.339
16,9888,4,2048,51200,256,1,1,1,173.335,148.166,127.563,193.922,155.504,0.0007,151.859,0.0954,74.085,0.0412,311.008,0.138,144.058
16,9904,4,2048,51200,256,1,1,1,134.036,78.279,44.514,112.98,155.395,0.0007,151.464,0.1168,60.75,0.0414,310.79,0.1595,125.066
16,9920,4,2048,51200,256,1,1,1,162.82,177.023,151.201,197.87,157.679,0.0007,165.77,0.0921,77.222,0.0409,315.358,0.1344,148.879
16,9936,4,2048,51200,256,1,1,1,154.026,78.752,44.968,116.02,152.095,0.0007,153.03,0.1116,63.973,0.0425,304.189,0.1555,129.121
16,9952,4,2048,51200,256,1,1,1,175.106,146.047,130.602,215.518,155.352,0.0007,150.505,0.0956,74.849,0.0418,310.704,0.1388,145.092
16,9968,4,2048,51200,256,1,1,1,136.401,74.291,45.314,173.932,151.142,0.0007,151.411,0.1123,63.957,0.0431,302.285,0.1567,128.896
16,9984,4,2048,51200,256,1,1,1,194.995,185.703,183.554,209.537,156.594,0.0007,171.299,0.0854,84.299,0.0417,313.187,0.1285,157.681
16,10000,4,2048,51200,256,1,1,1,164.99,72.8,45.598,111.153,151.66,0.0007,149.924,0.1125,64.247,0.0432,303.32,0.1571,129.45
16,10016,4,2048,51200,256,1,1,1,172.044,141.649,122.511,213.341,175.822,0.0007,150.585,0.0973,74.496,0.0374,351.643,0.1361,149.895
16,10032,4,2048,51200,256,1,1,1,137.49,76.776,45.614,160.772,152.64,0.0007,149.187,0.1144,63.535,0.0432,305.28,0.159,128.665
16,10048,4,2048,51200,256,1,1,1,177.357,172.123,166.296,181.173,156.118,0.0007,164.252,0.0924,78.895,0.0424,312.236,0.1362,150.703
16,10064,4,2048,51200,256,1,1,1,137.903,77.93,45.775,122.941,151.04,0.0007,150.369,0.1175,62.265,0.0439,302.08,0.1628,126.48
16,10080,4,2048,51200,256,1,1,1,178.715,144.582,133.903,206.41,155.814,0.0007,152.145,0.0965,76.052,0.0427,311.628,0.1406,146.91
16,10096,4,2048,51200,256,1,1,1,141.705,73.369,45.733,161.307,152.345,0.0007,151.388,0.1137,64.724,0.0438,304.689,0.1589,130.367
16,10112,4,2048,51200,256,1,1,1,175.948,176.433,180.988,196.937,155.542,0.0007,166.501,0.0918,80.377,0.0431,311.083,0.1363,152.478
16,10128,4,2048,51200,256,1,1,1,161.078,73.663,45.845,111.313,151.104,0.0007,150.855,0.1147,64.51,0.0445,302.208,0.1606,129.783
16,10144,4,2048,51200,256,1,1,1,178.803,151.445,129.161,198.818,164.619,0.0007,152.775,0.0973,76.267,0.041,329.238,0.1397,149.678
16,10160,4,2048,51200,256,1,1,1,155.873,78.041,45.679,155.427,155.678,0.0007,151.003,0.1117,66.665,0.0435,311.356,0.1566,133.982
16,10176,4,2048,51200,256,1,1,1,174.337,169.484,172.638,186.117,156.289,0.0007,165.929,0.0937,79.673,0.0434,312.577,0.1386,151.854
16,10192,4,2048,51200,256,1,1,1,151.042,78.101,46.398,159.019,153.43,0.0007,151.426,0.1127,66.464,0.0444,306.86,0.1585,133.176
16,10208,4,2048,51200,256,1,1,1,136.873,149.558,123.837,202.989,170.17,0.0007,168.223,0.1018,73.82,0.0401,340.34,0.1433,147.715
16,10224,4,2048,51200,256,1,1,1,154.179,73.913,46.697,156.868,166.989,0.0007,164.011,0.1085,69.448,0.041,333.978,0.151,140.691
16,10240,4,2048,51200,256,1,1,1,134.656,189.841,176.559,205.028,155.597,0.0007,175.245,0.0994,76.027,0.0442,311.194,0.145,146.912
16,10256,4,2048,51200,256,1,1,1,161.795,73.695,46.998,172.499,155.37,0.0007,150.495,0.1111,68.24,0.0444,310.739,0.1569,136.212
16,10272,4,2048,51200,256,1,1,1,136.229,149.043,116.664,178.319,172.926,0.0007,163.646,0.1057,71.952,0.04,345.851,0.1471,145.734
16,10288,4,2048,51200,256,1,1,1,166.962,78.082,47.095,157.523,153.598,0.0007,158.684,0.1083,70.421,0.0452,307.195,0.1549,138.823
16,10304,4,2048,51200,256,1,1,1,185.004,178.994,180.996,192.743,155.441,0.0007,167.074,0.0928,82.422,0.0448,310.881,0.139,155.178
16,10320,4,2048,51200,256,1,1,1,154.662,77.49,47.083,158.443,151.673,0.0007,150.911,0.114,67.272,0.046,303.346,0.1615,133.962
16,10336,4,2048,51200,256,1,1,1,136.469,148.696,125.714,208.391,177.922,0.0007,167.011,0.1039,74.073,0.0394,355.844,0.1446,150.011
16,10352,4,2048,51200,256,1,1,1,152.478,73.668,47.394,158.549,149.473,0.0007,161.524,0.1114,69.264,0.047,298.946,0.1598,136.178
16,10368,4,2048,51200,256,1,1,1,129.07,180.248,163.705,172.044,152.902,0.0007,170.069,0.1064,72.772,0.0461,305.804,0.1538,141.897
16,10384,4,2048,51200,256,1,1,1,168.917,74.115,47.203,160.526,151.835,0.0007,151.52,0.112,69.346,0.0465,303.671,0.1599,136.936
16,10400,4,2048,51200,256,1,1,1,135.46,155.179,117.027,204.322,174.162,0.0007,176.828,0.1025,75.974,0.0407,348.324,0.1446,151.889
16,10416,4,2048,51200,256,1,1,1,153.48,78.232,47.316,161.67,157.111,0.0007,176.419,0.1071,72.901,0.0453,314.222,0.1538,143.255
16,10432,4,2048,51200,256,1,1,1,181.978,184.231,185.206,193.325,156.471,0.0007,175.727,0.0922,84.942,0.0456,312.942,0.1392,158.739
16,10448,4,2048,51200,256,1,1,1,157.775,77.044,47.596,158.662,156.591,0.0007,152.88,0.1145,68.589,0.0457,313.182,0.1616,137.124
16,10464,4,2048,51200,256,1,1,1,136.868,129.815,125.147,182.927,179.493,0.0007,169.125,0.1065,73.944,0.04,358.986,0.1479,150.268
16,10480,4,2048,51200,256,1,1,1,160.485,73.083,47.718,162.493,157.088,0.0007,162.27,0.1111,71.137,0.0458,314.177,0.1583,140.846
16,10496,4,2048,51200,256,1,1,1,137.8,188.885,179.878,200.76,162.045,0.0007,178.141,0.1015,78.045,0.0446,324.089,0.1475,151.621
16,10512,4,2048,51200,256,1,1,1,164.373,72.451,48.207,159.354,151.825,0.0007,151.545,0.1148,69.241,0.0477,303.65,0.1639,136.867
16,10528,4,2048,51200,256,1,1,1,136.647,147.364,119.043,219.833,164.085,0.0007,169.31,0.1057,75.438,0.0443,328.17,0.1513,148.662
16,10544,4,2048,51200,256,1,1,1,153.967,76.834,48.057,157.142,162.644,0.0007,173.029,0.1102,72.559,0.0448,325.289,0.1564,144.292
16,10560,4,2048,51200,256,1,1,1,189.237,186.124,164.165,177.632,156.237,0.0007,177.223,0.0933,85.929,0.0468,312.474,0.1415,159.968
16,10576,4,2048,51200,256,1,1,1,154.686,78.168,48.185,161.978,155.476,0.0007,152.071,0.1171,68.66,0.0471,310.952,0.1657,137.026
16,10592,4,2048,51200,256,1,1,1,135.92,138.966,127.893,178.544,174.172,0.0007,166.873,0.1094,73.673,0.0422,348.344,0.1531,148.738
16,10608,4,2048,51200,256,1,1,1,152.023,74.291,47.929,160.099,155.128,0.0007,172.892,0.1116,72.47,0.0475,310.256,0.1605,142.242
16,10624,4,2048,51200,256,1,1,1,136.92,168.591,162.724,182.66,157.256,0.0007,174.466,0.106,76.488,0.047,314.511,0.1545,148.265
16,10640,4,2048,51200,256,1,1,1,152.856,75.2,48.288,164.273,157.132,0.0007,152.58,0.1183,68.733,0.0472,314.264,0.167,137.584
16,10656,4,2048,51200,256,1,1,1,155.202,137.399,140.505,214.001,154.915,0.0007,165.36,0.1039,78.537,0.048,309.829,0.1533,150.283
16,10672,4,2048,51200,256,1,1,1,152.268,78.705,48.365,159.836,156.692,0.0007,173.605,0.112,73.064,0.0476,313.384,0.161,143.515
16,10688,4,2048,51200,256,1,1,1,137.217,178.005,172.671,184.678,161.557,0.0007,170.213,0.1078,76.087,0.0463,323.113,0.1556,148.974
16,10704,4,2048,51200,256,1,1,1,151.477,77.159,48.705,162.452,157.758,0.0007,153.557,0.1192,68.998,0.0476,315.517,0.1683,138.152
16,10720,4,2048,51200,256,1,1,1,159.288,149.722,136.095,206.119,179.618,0.0007,174.366,0.1012,81.517,0.0419,359.236,0.1446,161.268
16,10736,4,2048,51200,256,1,1,1,138.683,73.639,48.995,162.672,158.846,0.0007,169.336,0.1179,70.187,0.0476,317.693,0.1669,140.118
16,10752,4,2048,51200,256,1,1,1,153.274,188.242,206.272,152.197,151.874,0.0007,184.129,0.1022,81.218,0.0499,303.747,0.1535,152.804
16,10768,4,2048,51200,256,1,1,1,149.773,70.598,49.479,155.955,153.63,0.0007,150.89,0.1225,67.921,0.0495,307.26,0.1734,135.635
16,10784,4,2048,51200,256,1,1,1,157.192,133.576,130.147,151.692,156.173,0.0007,167.504,0.1084,76.971,0.0488,312.346,0.1586,148.682
16,10800,4,2048,51200,256,1,1,1,139.838,75.905,49.394,153.941,157.711,0.0007,165.628,0.1202,69.612,0.0485,315.422,0.1701,139.062
16,10816,4,2048,51200,256,1,1,1,137.23,187.129,170.811,183.357,160.609,0.0007,166.291,0.111,75.623,0.0477,321.218,0.1601,148.17
16,10832,4,2048,51200,256,1,1,1,160.929,78.111,49.367,155.037,157.343,0.0007,151.793,0.1201,70.071,0.0489,314.686,0.1704,139.644
16,10848,4,2048,51200,256,1,1,1,163.932,145.674,135.243,192.253,170.936,0.0007,165.869,0.1054,80.104,0.0451,341.871,0.1519,157.098
16,10864,4,2048,51200,256,1,1,1,148.687,74.6,49.368,157.471,158.937,0.0007,165.549,0.1186,71.356,0.0487,317.875,0.1687,141.865
16,10880,4,2048,51200,256,1,1,1,135.359,187.009,170.844,179.546,154.254,0.0007,166.113,0.1128,75.235,0.0503,308.508,0.1645,145.89
16,10896,4,2048,51200,256,1,1,1,158.828,74.209,49.304,155.569,151.133,0.0007,153.746,0.121,70.324,0.0515,302.266,0.1739,138.395
16,10912,4,2048,51200,256,1,1,1,137.101,151.701,126.937,191.364,172.872,0.0007,165.94,0.1133,75.309,0.0451,345.744,0.1599,150.981
16,10928,4,2048,51200,256,1,1,1,158.701,79.625,49.345,157.195,155.889,0.0007,151.565,0.122,70.189,0.0502,311.779,0.1736,139.499
16,10944,4,2048,51200,256,1,1,1,168.238,177.284,155.181,176.706,153.22,0.0007,153.025,0.1105,77.661,0.0512,306.439,0.1632,148.81
16,10960,4,2048,51200,256,1,1,1,162.679,78.662,49.299,163.273,157.453,0.0007,179.37,0.1117,77.035,0.05,314.907,0.1632,149.241
16,10976,4,2048,51200,256,1,1,1,155.273,147.402,134.528,162.915,155.637,0.0007,168.203,0.1102,78.31,0.0507,311.274,0.1624,150.394
16,10992,4,2048,51200,256,1,1,1,137.556,72.282,49.94,161.271,152.423,0.0007,130.872,0.1384,62.547,0.0519,304.846,0.1918,127.711
16,11008,4,2048,51200,256,1,1,1,160.058,181.861,186.226,219.887,138.254,0.0007,153.353,0.1105,78.574,0.0574,276.507,0.1693,145.055
16,11024,4,2048,51200,256,1,1,1,136.998,71.759,50.254,153.466,147.617,0.0007,173.909,0.1223,71.191,0.054,295.233,0.1777,138.658
16,11040,4,2048,51200,256,1,1,1,160.982,144.993,119.211,189.833,136.931,0.0007,149.311,0.1154,75.624,0.0583,273.862,0.1752,141.019
16,11056,4,2048,51200,256,1,1,1,138.445,73.241,50.083,158.7,138.227,0.0007,167.509,0.1239,70.669,0.058,276.453,0.1832,135.196
16,11072,4,2048,51200,256,1,1,1,176.616,177.337,173.281,173.169,175.46,0.0007,153.148,0.1106,79.358,0.0458,350.919,0.1578,157.43
16,11088,4,2048,51200,256,1,1,1,138.963,75.281,50.642,159.743,155.48,0.0007,168.189,0.1237,71.158,0.0518,310.96,0.1769,140.813
16,11104,4,2048,51200,256,1,1,1,160.822,144.994,122.122,180.024,179.711,0.0007,174.466,0.1079,81.783,0.045,359.421,0.1543,161.944
16,11120,4,2048,51200,256,1,1,1,136.926,72.331,50.343,159.779,150.271,0.0007,164.214,0.1264,69.993,0.0539,300.542,0.1818,137.822
16,11136,4,2048,51200,256,1,1,1,173.507,179.39,182.267,179.514,172.939,0.0007,154.686,0.111,79.97,0.047,345.878,0.1594,157.654
16,11152,4,2048,51200,256,1,1,1,138.59,73.48,50.472,168.727,154.994,0.0007,168.991,0.124,71.737,0.0526,309.988,0.1781,141.513
16,11168,4,2048,51200,256,1,1,1,163.201,152.824,133.521,179.471,177.745,0.0007,170.16,0.1093,81.667,0.046,355.49,0.1567,161.286
16,11184,4,2048,51200,256,1,1,1,137.04,78.778,50.439,154.479,152.005,0.0007,167.653,0.1263,70.851,0.0539,304.01,0.1817,139.506
16,11200,4,2048,51200,256,1,1,1,181.847,175.52,183.961,179.44,175.424,0.0007,152.802,0.111,80.811,0.0469,350.848,0.1593,159.508
16,11216,4,2048,51200,256,1,1,1,137.092,77.881,50.719,156.948,153.45,0.0007,154.279,0.1315,68.433,0.0537,306.9,0.1866,136.551
16,11232,4,2048,51200,256,1,1,1,159.61,142.134,135.554,181.201,171.702,0.0007,163.745,0.1132,79.675,0.0482,343.404,0.1628,156.963
16,11248,4,2048,51200,256,1,1,1,110.827,75.598,51.221,155.674,150.316,0.0007,168.277,0.1379,65.62,0.0552,300.633,0.1945,131.798
16,11264,4,2048,51200,256,1,1,1,155.854,208.807,210.932,182.949,161.188,0.0007,152.017,0.1171,77.44,0.0516,322.376,0.1701,151.05
16,11280,4,2048,51200,256,1,1,1,110.776,75.348,51.202,153.237,162.238,0.0007,161.08,0.1412,64.408,0.0514,324.477,0.1941,132.809
16,11296,4,2048,51200,256,1,1,1,159.526,139.802,130.585,179.502,178.258,0.0007,163.006,0.1147,79.511,0.0469,356.515,0.1631,158.501
16,11312,4,2048,51200,256,1,1,1,152.457,78.579,51.576,161.052,158.338,0.0007,160.076,0.1257,72.73,0.053,316.676,0.1801,143.867
16,11328,4,2048,51200,256,1,1,1,152.515,184.811,184.017,185.875,161.01,0.0007,155.213,0.118,77.704,0.0522,322.021,0.1717,151.387
16,11344,4,2048,51200,256,1,1,1,112.057,78.372,51.544,170.121,138.263,0.0007,150.324,0.1444,63.683,0.061,276.526,0.2068,126.017
16,11360,4,2048,51200,256,1,1,1,154.736,155.142,140.432,195.447,159.065,0.0007,169.54,0.1132,81.454,0.0532,318.13,0.1678,155.748
16,11376,4,2048,51200,256,1,1,1,154.239,74.514,51.721,158.427,138.331,0.0007,169.567,0.1234,74.913,0.0613,276.662,0.1862,140.774
16,11392,4,2048,51200,256,1,1,1,175.409,190.357,195.473,137.59,155.613,0.0007,150.315,0.1194,77.662,0.0547,311.226,0.1755,149.783
16,11408,4,2048,51200,256,1,1,1,160.212,75.059,52.299,189.512,138.794,0.0007,149.455,0.1276,72.826,0.0615,277.588,0.1905,138.324
16,11424,4,2048,51200,256,1,1,1,160.569,153.237,140.627,179.835,166.083,0.0007,150.836,0.1206,77.277,0.0515,332.166,0.1735,152.271
16,11440,4,2048,51200,256,1,1,1,156.49,77.935,52.221,164.05,137.736,0.0007,153.797,0.1289,72.523,0.0623,275.473,0.1926,137.601
16,11456,4,2048,51200,256,1,1,1,153.075,185.736,193.104,186.972,164.321,0.0007,151.046,0.1213,77.229,0.0523,328.641,0.1751,151.739
16,11472,4,2048,51200,256,1,1,1,110.947,75.434,52.6,166.944,161.656,0.0007,150.415,0.1476,63.642,0.0534,323.312,0.2024,131.628
16,11488,4,2048,51200,256,1,1,1,162.098,149.427,141.689,173.55,172.126,0.0007,155.845,0.1196,78.754,0.0502,344.252,0.1713,155.968
16,11504,4,2048,51200,256,1,1,1,111.521,73.911,52.849,152.567,153.018,0.0007,170.062,0.1418,66.603,0.0567,306.035,0.1999,133.997
16,11520,4,2048,51200,256,1,1,1,141.548,181.881,198.49,165.95,156.678,0.0007,152.995,0.1264,74.911,0.0555,313.356,0.1834,146.506
16,11536,4,2048,51200,256,1,1,1,159.011,71.33,53.278,150.81,154.527,0.0007,149.005,0.1332,71.272,0.0564,309.054,0.1911,140.943
16,11552,4,2048,51200,256,1,1,1,160.003,159.352,146.524,181.474,179.877,0.0007,167.799,0.1159,82.168,0.0486,359.755,0.1659,162.781
16,11568,4,2048,51200,256,1,1,1,156.642,76.606,53.208,177.093,147.514,0.0007,169.181,0.1241,76.929,0.0595,295.028,0.185,146.418
16,11584,4,2048,51200,256,1,1,1,152.611,185.029,192.744,182.206,160.954,0.0007,150.53,0.124,77.217,0.0546,321.907,0.18,150.849
16,11600,4,2048,51200,256,1,1,1,110.27,78.551,52.831,161.896,138.642,0.0007,149.83,0.1509,63.613,0.0636,277.284,0.2159,126.122
16,11616,4,2048,51200,256,1,1,1,157.993,147.265,139.794,178.139,154.632,0.0007,166.864,0.1182,81.395,0.0572,309.265,0.1769,154.41
16,11632,4,2048,51200,256,1,1,1,153.107,73.628,52.908,150.306,151.557,0.0007,167.211,0.1292,74.663,0.0585,303.115,0.1892,144.74
16,11648,4,2048,51200,256,1,1,1,174.702,188.456,182.718,133.016,153.808,0.0007,151.444,0.1236,78.253,0.0578,307.616,0.1829,150.134
16,11664,4,2048,51200,256,1,1,1,160.957,73.977,53.054,168.317,138.448,0.0007,149.709,0.1328,73.027,0.0644,276.896,0.1987,138.571
16,11680,4,2048,51200,256,1,1,1,159.632,139.902,143.622,176.235,172.326,0.0007,166.509,0.1191,81.676,0.0519,344.651,0.1724,160.124
16,11696,4,2048,51200,256,1,1,1,149.618,78.411,53.097,167.026,148.547,0.0007,168.068,0.1291,75.504,0.0604,297.094,0.1909,144.963
16,11712,4,2048,51200,256,1,1,1,154.372,184.267,176.736,177.818,159.766,0.0007,152.044,0.1253,78.025,0.0563,319.531,0.183,151.657
16,11728,4,2048,51200,256,1,1,1,138.468,77.718,53.727,150.818,152.837,0.0007,152.664,0.1406,69.711,0.059,305.674,0.201,138.43
16,11744,4,2048,51200,256,1,1,1,159.384,140.677,144.215,184.377,175.994,0.0007,159.407,0.1221,80.467,0.0514,351.988,0.1749,159.511
16,11760,4,2048,51200,256,1,1,1,112.497,74.366,54.108,143.949,143.716,0.0007,173.745,0.1455,67.696,0.0631,287.433,0.2101,133.194
16,11776,4,2048,51200,256,1,1,1,156.449,197.822,207.923,181.29,162.403,0.0007,152.25,0.1249,79.103,0.056,324.807,0.1823,153.898
16,11792,4,2048,51200,256,1,1,1,137.871,75.204,54.192,160.667,153.042,0.0007,150.413,0.1421,69.709,0.0595,306.084,0.2031,138.512
16,11808,4,2048,51200,256,1,1,1,154.422,139.704,136.08,178.307,168.889,0.0007,163.57,0.1235,80.408,0.0541,337.778,0.1791,157.519
16,11824,4,2048,51200,256,1,1,1,157.226,78.437,54.491,137.065,156.669,0.0007,160.088,0.1347,73.903,0.0585,313.339,0.1947,145.283
16,11840,4,2048,51200,256,1,1,1,155.619,176.483,201.112,180.097,161.263,0.0007,151.37,0.1269,78.676,0.057,322.526,0.1853,153.027
16,11856,4,2048,51200,256,1,1,1,138.246,77.625,54.157,147.502,158.93,0.0007,151.291,0.1438,69.595,0.058,317.86,0.2032,139.907
16,11872,4,2048,51200,256,1,1,1,160.637,141.318,141.583,175.733,174.694,0.0007,171.875,0.1198,83.724,0.0529,349.387,0.1742,163.637
16,11888,4,2048,51200,256,1,1,1,151.896,72.494,54.855,149.179,152.209,0.0007,162.43,0.1354,74.284,0.0608,304.417,0.1977,144.552
16,11904,4,2048,51200,256,1,1,1,145.234,179.555,192.65,173.144,160.826,0.0007,149.726,0.1324,76.2,0.0577,321.652,0.1916,149.609
16,11920,4,2048,51200,256,1,1,1,155.519,74.162,55.089,145.646,155.028,0.0007,150.45,0.14,72.223,0.0601,310.056,0.2015,142.585
16,11936,4,2048,51200,256,1,1,1,161.066,135.504,148.379,168.737,175.042,0.0007,160.752,0.1253,80.94,0.0533,350.083,0.1801,160.017
16,11952,4,2048,51200,256,1,1,1,159.318,77.232,54.853,163.126,148.552,0.0007,169.858,0.1299,78.215,0.063,297.104,0.1944,148.571
16,11968,4,2048,51200,256,1,1,1,156.628,189.746,188.415,186.239,155.974,0.0007,151.804,0.1279,79.653,0.0602,311.949,0.1896,152.787
16,11984,4,2048,51200,256,1,1,1,137.374,78.764,55.138,170.979,143.995,0.0007,168.768,0.1371,74.51,0.0654,287.99,0.2039,142.395
16,12000,4,2048,51200,256,1,1,1,156.317,147.86,125.861,178.409,181.148,0.0007,150.741,0.1312,78.065,0.0521,362.297,0.1848,157.586
16,12016,4,2048,51200,256,1,1,1,137.706,73.206,55.381,177.19,137.651,0.0007,174.629,0.1354,75.843,0.0687,275.303,0.2056,141.988
16,12032,4,2048,51200,256,1,1,1,169.526,177.841,185.298,183.888,169.461,0.0007,153.567,0.125,82.33,0.056,338.922,0.1825,160.388
16,12048,4,2048,51200,256,1,1,1,136.29,73.01,55.545,163.001,153.027,0.0007,165.113,0.141,73.22,0.0622,306.054,0.2046,143.44
16,12064,4,2048,51200,256,1,1,1,161.54,157.967,137.504,169.277,176.307,0.0007,150.12,0.1313,78.816,0.0541,352.615,0.1869,157.468
16,12080,4,2048,51200,256,1,1,1,136.593,77.618,55.403,127.323,136.828,0.0007,168.788,0.1439,72.111,0.0699,273.655,0.2152,137.064
16,12096,4,2048,51200,256,1,1,1,153.926,187.218,163.833,155.348,164.005,0.0007,150.498,0.1342,77.489,0.0585,328.011,0.1942,152.343
16,12112,4,2048,51200,256,1,1,1,138.767,79.284,55.061,170.932,145.862,0.0007,165.997,0.1397,74.618,0.0659,291.723,0.2071,143.178
16,12128,4,2048,51200,256,1,1,1,158.978,142.047,136.322,169.513,169.563,0.0007,151.13,0.1329,78.68,0.0568,339.126,0.1912,155.523
16,12144,4,2048,51200,256,1,1,1,136.739,74.38,55.217,185.319,159.798,0.0007,152.313,0.1458,71.884,0.0605,319.596,0.2077,143.493
16,12160,4,2048,51200,256,1,1,1,161.213,175.183,184.498,173.282,174.91,0.0007,149.822,0.1317,79.784,0.0554,349.819,0.1886,158.503
16,12176,4,2048,51200,256,1,1,1,137.751,74.944,54.995,166.819,152.981,0.0007,169.274,0.1407,74.873,0.0635,305.961,0.2057,145.7
16,12192,4,2048,51200,256,1,1,1,172.023,142.558,147.093,178.163,171.229,0.0007,151.897,0.1291,81.78,0.0569,342.457,0.1875,160.244
16,12208,4,2048,51200,256,1,1,1,136.803,77.917,55.393,188.144,150.939,0.0007,152.718,0.1462,72.394,0.0647,301.878,0.2124,141.801
16,12224,4,2048,51200,256,1,1,1,158.728,183.386,180.577,163.109,174.529,0.0007,166.302,0.1274,83.273,0.0561,349.057,0.185,163.221
16,12240,4,2048,51200,256,1,1,1,158.53,79.161,56.068,137.579,152.818,0.0007,164.784,0.1391,76.482,0.0642,305.636,0.2048,147.81
16,12256,4,2048,51200,256,1,1,1,156.611,136.365,143.055,176.813,168.623,0.0007,152.564,0.1343,79.4,0.0584,337.245,0.1942,156.316
16,12272,4,2048,51200,256,1,1,1,137.489,75.106,56.345,160.031,153.069,0.0007,154.153,0.1488,71.85,0.0645,306.138,0.2148,141.694
16,12288,4,2048,51200,256,1,1,1,161.496,195.433,225.192,177.527,171.526,0.0007,158.353,0.1289,83.15,0.0577,343.052,0.1881,162.232
16,12304,4,2048,51200,256,1,1,1,134.8,74.285,41.033,137.218,149.632,0.0008,166.328,0.1509,71.196,0.0663,299.264,0.2188,139.834
16,12320,4,2048,51200,256,1,1,1,156.961,138.994,123.58,159.79,158.986,0.0008,151.402,0.1377,78.258,0.0626,317.972,0.2018,152.008
16,12336,4,2048,51200,256,1,1,1,135.847,78.449,40.753,165.626,153.431,0.0008,152.998,0.1532,70.51,0.065,306.861,0.2197,139.945
16,12352,4,2048,51200,256,1,1,1,156.263,183.132,123.414,164.148,170.862,0.0008,176.929,0.1274,84.988,0.0585,341.724,0.1874,164.463
16,12368,4,2048,51200,256,1,1,1,156.11,78.95,40.859,136.617,149.965,0.0008,176.559,0.1407,77.158,0.0668,299.93,0.2091,147.826
16,12384,4,2048,51200,256,1,1,1,154.409,136.903,123.651,159.625,168.614,0.0008,153.254,0.1387,78.433,0.0596,337.228,0.1999,155.014
16,12400,4,2048,51200,256,1,1,1,136.626,74.445,40.784,149.208,153.314,0.0008,152.484,0.1562,69.837,0.0657,306.628,0.2235,139.003
16,12416,4,2048,51200,256,1,1,1,161.074,191.507,132.402,164.113,176.444,0.0008,158.586,0.1334,81.961,0.0573,352.888,0.1922,162.038
16,12432,4,2048,51200,256,1,1,1,117.441,74.9,40.807,146.461,144.002,0.0008,167.392,0.1601,68.491,0.0703,288.003,0.2319,134.62
16,12448,4,2048,51200,256,1,1,1,156.976,151.656,132.065,179.952,159.584,0.0008,151.611,0.1374,79.978,0.0636,319.168,0.2026,154.506
16,12464,4,2048,51200,256,1,1,1,135.573,79.288,40.965,160.17,153.975,0.0008,152.873,0.1561,70.584,0.0661,307.95,0.2237,140.245
16,12480,4,2048,51200,256,1,1,1,154.174,182.603,130.273,154.356,171.258,0.0008,165.485,0.135,81.839,0.0596,342.516,0.1961,160.429
16,12496,4,2048,51200,256,1,1,1,152.594,78.791,41.058,151.907,158.957,0.0008,168.881,0.1447,76.495,0.0644,317.913,0.2107,149.714
16,12512,4,2048,51200,256,1,1,1,156.115,148.653,121.275,171.861,160.311,0.0008,152.101,0.1395,79.562,0.064,320.622,0.205,154.207
16,12528,4,2048,51200,256,1,1,1,136.377,73.496,41.336,145.443,157.657,0.0008,152.704,0.159,69.998,0.0652,315.315,0.2257,140.427
16,12544,4,2048,51200,256,1,1,1,157.077,182.527,161.178,154.705,154.951,0.0008,170.178,0.1327,84.084,0.0666,309.903,0.2007,158.327
16,12560,4,2048,51200,256,1,1,1,153.218,72.817,41.582,135.417,155.892,0.0008,173.648,0.1463,76.433,0.0663,311.783,0.2141,148.771
16,12576,4,2048,51200,256,1,1,1,180.19,154.079,119.845,135.921,154.909,0.0008,149.652,0.139,80.663,0.0669,309.818,0.2074,153.985
16,12592,4,2048,51200,256,1,1,1,153.573,76.489,41.254,159.402,140.639,0.0008,149.858,0.1533,73.298,0.0739,281.279,0.2287,139.985
16,12608,4,2048,51200,256,1,1,1,161.427,183.739,136.501,158.448,174.791,0.0008,169.034,0.1328,84.812,0.0596,349.582,0.194,165.501
16,12624,4,2048,51200,256,1,1,1,159.478,77.105,41.443,165.182,137.332,0.0008,160.016,0.1468,76.907,0.0761,274.664,0.2244,143.388
16,12640,4,2048,51200,256,1,1,1,152.971,158.181,127.873,143.531,155.094,0.0008,150.812,0.1459,77.591,0.0675,310.188,0.2149,150.095
16,12656,4,2048,51200,256,1,1,1,161.056,74.044,41.297,157.606,138.427,0.0008,150.08,0.1523,74.505,0.0758,276.853,0.2297,140.809
16,12672,4,2048,51200,256,1,1,1,156.182,181.828,139.788,153.647,168.978,0.0008,161.69,0.1388,81.956,0.0623,337.956,0.2026,160.04
16,12688,4,2048,51200,256,1,1,1,156.786,74.183,40.958,145.692,152.025,0.0008,164.812,0.1493,76.376,0.0694,304.05,0.2202,147.589
16,12704,4,2048,51200,256,1,1,1,175.975,154.82,126.326,137.284,156.192,0.0008,150.863,0.1411,80.999,0.0677,312.384,0.2104,154.883
16,12720,4,2048,51200,256,1,1,1,158.331,79.302,40.814,179.55,138.701,0.0008,150.771,0.1516,75.573,0.0764,277.403,0.2296,142.263
16,12736,4,2048,51200,256,1,1,1,159.365,179.402,144.149,157.778,176.353,0.0008,163.918,0.1374,83.591,0.0603,352.705,0.1992,164.371
16,12752,4,2048,51200,256,1,1,1,162.373,77.643,41.115,165.261,138.681,0.0008,171.254,0.1437,80.101,0.0768,277.362,0.2221,147.779
16,12768,4,2048,51200,256,1,1,1,172.543,158.863,120.446,137.739,155.826,0.0008,151.808,0.1426,80.909,0.0686,311.651,0.2128,154.677
16,12784,4,2048,51200,256,1,1,1,153.342,74.575,41.293,169.546,137.889,0.0008,152.975,0.1544,74.915,0.0777,275.778,0.2336,141.193
16,12800,4,2048,51200,256,1,1,1,155.784,207.639,174.894,136.705,165.969,0.0008,176.956,0.1365,84.935,0.0647,331.939,0.2027,163.119
16,12816,4,2048,51200,256,1,1,1,159.6,74.624,41.79,158.404,139.273,0.0008,167.554,0.1478,78.655,0.0773,278.547,0.2266,146.287
16,12832,4,2048,51200,256,1,1,1,168.224,153.802,135.253,136.218,155.486,0.0008,150.487,0.1454,80.124,0.0694,310.972,0.2164,153.589
16,12848,4,2048,51200,256,1,1,1,155.862,79.288,42.001,148.762,137.395,0.0008,152.829,0.1565,74.654,0.0787,274.79,0.2368,140.721
16,12864,4,2048,51200,256,1,1,1,154.798,182.295,141.951,135.777,174.076,0.0008,149.921,0.1499,78.108,0.0623,348.152,0.2138,156.249
16,12880,4,2048,51200,256,1,1,1,141.057,78.262,41.96,139.98,138.548,0.0008,164.829,0.1586,74.002,0.0785,277.096,0.2386,140.301
16,12896,4,2048,51200,256,1,1,1,154.801,151.516,126.295,204.324,160.191,0.0008,152.857,0.1432,82.157,0.068,320.381,0.2128,157.729
16,12912,4,2048,51200,256,1,1,1,154.062,74.239,42.099,120.86,156.105,0.0008,152.764,0.1628,72.427,0.07,312.209,0.2344,143.559
16,12928,4,2048,51200,256,1,1,1,156.605,183.245,131.631,159.799,158.844,0.0008,150.951,0.1471,80.36,0.069,317.688,0.2176,155.01
16,12944,4,2048,51200,256,1,1,1,149.68,74.094,42.25,132.308,155.794,0.0008,152.979,0.1629,72.744,0.0705,311.589,0.2349,143.921
16,12960,4,2048,51200,256,1,1,1,154.896,148.947,128.719,160.942,158.866,0.0008,130.78,0.1598,74.315,0.0693,317.733,0.2307,146.931
16,12976,4,2048,51200,256,1,1,1,149.375,79.997,42.022,171.667,156.99,0.0008,152.866,0.1585,75.121,0.0703,313.979,0.2303,147.499
16,12992,4,2048,51200,256,1,1,1,154.24,175.454,146.014,137.925,155.5,0.0008,165.941,0.145,82.31,0.0711,311.001,0.2177,156.455
16,13008,4,2048,51200,256,1,1,1,152.818,79.851,42.108,137.142,152.791,0.0008,159.506,0.1589,75.29,0.0726,305.582,0.233,146.513
16,13024,4,2048,51200,256,1,1,1,136.845,147.628,111.892,162.813,155.135,0.0008,168.796,0.1496,80.158,0.0717,310.27,0.2228,153.604
16,13040,4,2048,51200,256,1,1,1,137.686,74.751,42.567,174.429,154.233,0.0008,146.221,0.1676,71.705,0.0723,308.467,0.2414,142.094
16,13056,4,2048,51200,256,1,1,1,147.026,190.758,155.562,185.162,151.094,0.0008,182.874,0.1371,87.892,0.0739,302.188,0.2125,161.797
16,13072,4,2048,51200,256,1,1,1,155.431,72.37,42.441,135.777,138.332,0.0008,152.642,0.1629,74.135,0.081,276.663,0.2454,140.475
16,13088,4,2048,51200,256,1,1,1,154.641,148.719,140.937,152.192,154.343,0.0008,167.024,0.1447,83.658,0.0727,308.686,0.219,157.806
16,13104,4,2048,51200,256,1,1,1,145.612,78.79,42.572,134.778,151.308,0.0008,154.086,0.1661,73.052,0.0744,302.617,0.242,143.126
16,13120,4,2048,51200,256,1,1,1,171.849,180.827,146.483,163.245,156.069,0.0008,150.991,0.1448,83.965,0.0723,312.138,0.2187,158.78
16,13136,4,2048,51200,256,1,1,1,137.04,78.694,42.427,157.594,147.267,0.0008,152.796,0.1679,72.587,0.0768,294.534,0.2463,141.32
16,13152,4,2048,51200,256,1,1,1,171.891,152.939,133.451,172.995,168.632,0.0008,153.43,0.1439,84.885,0.0672,337.265,0.2127,164.013
16,13168,4,2048,51200,256,1,1,1,134.313,73.898,42.114,145.818,145.666,0.0008,153.237,0.1715,71.416,0.078,291.333,0.2511,139.303
16,13184,4,2048,51200,256,1,1,1,169.085,188.324,133.37,162.943,155.916,0.0008,163.892,0.1412,86.971,0.0731,311.833,0.2158,162.491
16,13200,4,2048,51200,256,1,1,1,152.247,74.567,42.214,109.796,145.719,0.0008,154.019,0.1706,72.136,0.0784,291.438,0.2505,140.288
16,13216,4,2048,51200,256,1,1,1,155.275,149.127,128.75,191.162,155.464,0.0008,154.462,0.1485,83.082,0.0736,310.928,0.2237,157.508
16,13232,4,2048,51200,256,1,1,1,138.423,78.946,42.081,109.857,161.892,0.0008,152.942,0.177,69.831,0.0709,323.783,0.2495,141.541
16,13248,4,2048,51200,256,1,1,1,153.659,184.244,129.631,156.566,154.369,0.0008,152.687,0.1531,80.918,0.0745,308.738,0.2292,154.425
16,13264,4,2048,51200,256,1,1,1,136.998,79.276,42.313,169.497,148.27,0.0008,148.562,0.1712,72.566,0.0778,296.541,0.2505,141.639
16,13280,4,2048,51200,256,1,1,1,154.962,153.44,126.955,161.619,154.627,0.0008,163.131,0.1485,83.821,0.0747,309.253,0.2248,158.177
16,13296,4,2048,51200,256,1,1,1,137.492,74.451,42.56,148.128,149.895,0.0008,167.959,0.1656,75.335,0.0773,299.79,0.2445,145.803
16,13312,4,2048,51200,256,1,1,1,178.382,209.589,187.377,154.469,136.717,0.0008,154.25,0.1445,86.532,0.0849,273.435,0.231,154.676
16,13328,4,2048,51200,256,1,1,1,138.215,75.352,42.818,147.164,138.661,0.0008,172.22,0.1642,76.325,0.084,277.321,0.2498,143.405
16,13344,4,2048,51200,256,1,1,1,160.633,153.226,115.03,171.234,171.798,0.0008,150.466,0.1527,82.269,0.0679,343.597,0.2222,161.558
16,13360,4,2048,51200,256,1,1,1,138.317,76.968,43.112,131.278,137.265,0.0008,169.384,0.1681,74.924,0.0852,274.531,0.2549,141.194
16,13376,4,2048,51200,256,1,1,1,176.325,184.023,139.141,155.809,173.44,0.0008,153.776,0.1473,85.685,0.0676,346.879,0.2165,166.629
16,13392,4,2048,51200,256,1,1,1,137.213,77.824,42.879,160.89,154.47,0.0008,168.009,0.1656,76.39,0.0761,308.941,0.2433,148.621
16,13408,4,2048,51200,256,1,1,1,158.022,144.732,124.681,155.713,168.888,0.0008,167.658,0.1486,85.319,0.0698,337.777,0.22,164.767
16,13424,4,2048,51200,256,1,1,1,151.963,74.911,42.952,135.723,142.26,0.0008,152.76,0.1703,74.656,0.083,284.519,0.2549,142.552
16,13440,4,2048,51200,256,1,1,1,149.073,193.656,160.265,148.133,153.337,0.0008,154.263,0.1578,80.753,0.0772,306.674,0.2365,153.959
16,13456,4,2048,51200,256,1,1,1,138.975,75.323,43.108,147.318,150.949,0.0008,153.016,0.1744,73.213,0.0786,301.898,0.2546,143.37
16,13472,4,2048,51200,256,1,1,1,161.298,151.701,128.099,156.456,156.628,0.0008,170.727,0.147,87.056,0.0759,313.255,0.2245,162.948
16,13488,4,2048,51200,256,1,1,1,151.838,77.427,42.736,135.969,146.497,0.0008,164.235,0.1661,77.211,0.0814,292.993,0.2491,147.217
16,13504,4,2048,51200,256,1,1,1,155.015,181.748,141.085,160.789,154.928,0.0008,154.025,0.1557,82.601,0.0771,309.855,0.2344,156.84
16,13520,4,2048,51200,256,1,1,1,151.479,79.455,43.287,169.085,152.31,0.0008,154.222,0.1668,77.28,0.0787,304.619,0.247,149.175
16,13536,4,2048,51200,256,1,1,1,160.132,158.644,131.17,156.22,166.907,0.0008,175.423,0.1465,88.159,0.0719,333.815,0.22,167.844
16,13552,4,2048,51200,256,1,1,1,151.769,73.673,43.52,162.184,139.692,0.0008,165.888,0.1632,79.332,0.0862,279.384,0.2509,147.519
16,13568,4,2048,51200,256,1,1,1,152.765,202.19,168.388,193.038,156.564,0.0008,154.993,0.1532,84.669,0.0771,313.128,0.2319,160.025
16,13584,4,2048,51200,256,1,1,1,152.197,73.717,43.582,140.908,138.703,0.0008,150.058,0.1736,74.9,0.0872,277.407,0.2624,141.742
16,13600,4,2048,51200,256,1,1,1,160.766,144.357,133.802,177.488,159.104,0.0008,171.682,0.1466,88.882,0.0762,318.207,0.2244,166.111
16,13616,4,2048,51200,256,1,1,1,154.246,78.905,43.496,148.943,142.695,0.0008,163.456,0.1656,78.867,0.0851,285.39,0.2524,148.045
16,13632,4,2048,51200,256,1,1,1,173.938,187.952,143.361,135.727,156.131,0.0008,151.709,0.1559,83.962,0.078,312.263,0.2355,159.003
16,13648,4,2048,51200,256,1,1,1,153.36,78.556,43.511,156.682,138.599,0.0008,153.922,0.1699,77.235,0.0881,277.198,0.2596,144.607
16,13664,4,2048,51200,256,1,1,1,155.701,151.833,127.906,159.486,167.247,0.0008,152.786,0.1597,82.337,0.0732,334.495,0.2345,160.451
16,13680,4,2048,51200,256,1,1,1,138.296,75.373,43.355,135.986,137.199,0.0008,163.392,0.176,74.913,0.0894,274.397,0.267,141.264
16,13696,4,2048,51200,256,1,1,1,168.288,190.027,162.697,137.62,156.585,0.0008,154.157,0.1569,84.215,0.0785,313.171,0.237,159.511
16,13712,4,2048,51200,256,1,1,1,160.016,75.753,43.204,143.108,147.033,0.0008,163.685,0.1663,79.641,0.0838,294.066,0.2517,150.541
16,13728,4,2048,51200,256,1,1,1,152.128,148.11,128.336,167.836,156.004,0.0008,152.685,0.1614,82.226,0.0792,312.009,0.2422,156.809
16,13744,4,2048,51200,256,1,1,1,153.924,79.205,43.129,172.135,138.219,0.0008,152.26,0.1705,78.001,0.0896,276.437,0.2617,145.439
16,13760,4,2048,51200,256,1,1,1,159.505,180.886,143.107,193.517,159.145,0.0008,161.316,0.1517,87.879,0.078,318.291,0.2313,164.956
16,13776,4,2048,51200,256,1,1,1,152.168,75.613,43.616,140.423,141.761,0.0008,163.762,0.1707,78.267,0.0877,283.522,0.2601,147.034
16,13792,4,2048,51200,256,1,1,1,140.773,157.033,134.935,137.159,156.148,0.0008,153.931,0.1707,78.463,0.0798,312.295,0.2521,152.017
16,13808,4,2048,51200,256,1,1,1,156.863,72.22,43.751,140.022,137.078,0.0008,153.025,0.1747,76.806,0.0912,274.156,0.2675,143.594
16,13824,4,2048,51200,256,1,1,1,151.482,198.889,194.277,151.048,163.569,0.0008,169.63,0.1558,86.33,0.0766,327.137,0.234,164.557
16,13840,4,2048,51200,256,1,1,1,153.009,71.12,43.902,160.071,138.255,0.0008,163.222,0.1694,79.599,0.0908,276.509,0.2618,147.416
16,13856,4,2048,51200,256,1,1,1,162.284,155.221,131.096,136.723,156.204,0.0008,150.993,0.1647,82.052,0.0805,312.408,0.2468,156.699
16,13872,4,2048,51200,256,1,1,1,154.374,77.217,43.805,155.64,138.206,0.0008,150.756,0.1754,77.221,0.0912,276.412,0.2682,144.535
16,13888,4,2048,51200,256,1,1,1,155.603,187.427,143.793,175.225,159.471,0.0008,162.67,0.1563,86.832,0.0793,318.943,0.2372,163.826
16,13904,4,2048,51200,256,1,1,1,151.667,78.676,43.636,159.47,140.878,0.0008,167.533,0.1688,80.606,0.0899,281.756,0.2603,149.612
16,13920,4,2048,51200,256,1,1,1,171.099,156.222,133.864,137.702,155.203,0.0008,150.753,0.1627,83.815,0.0818,310.407,0.2461,158.624
16,13936,4,2048,51200,256,1,1,1,152.53,74.772,43.573,136.157,138.036,0.0008,152.502,0.1796,76.077,0.0922,276.071,0.2734,143.08
16,13952,4,2048,51200,256,1,1,1,155.774,189.725,158.902,137.031,170.045,0.0008,151.926,0.1671,81.925,0.075,340.09,0.2438,160.851
16,13968,4,2048,51200,256,1,1,1,138.367,75.63,43.485,136.781,138.226,0.0008,171.154,0.1781,77.051,0.0925,276.452,0.2722,144.359
16,13984,4,2048,51200,256,1,1,1,167.358,154.635,121.453,137.636,158.986,0.0008,152.333,0.1646,83.553,0.0806,317.972,0.2468,159.572
16,14000,4,2048,51200,256,1,1,1,138.904,79.066,43.418,143.134,154.531,0.0008,153.509,0.1851,74.489,0.0831,309.062,0.2698,146.323
16,14016,4,2048,51200,256,1,1,1,154.79,188.663,140.98,191.434,161.285,0.0008,151.489,0.1626,84.945,0.0798,322.57,0.2441,162.109
16,14032,4,2048,51200,256,1,1,1,154.274,78.817,43.71,136.606,137.675,0.0008,162.27,0.1756,78.833,0.0937,275.35,0.271,146.344
16,14048,4,2048,51200,256,1,1,1,155.1,149.003,135.767,160.289,160.494,0.0008,150.708,0.1675,82.822,0.0806,320.988,0.2497,159.149
16,14064,4,2048,51200,256,1,1,1,159.467,73.383,43.644,126.62,151.918,0.0008,153.332,0.1807,76.94,0.0853,303.836,0.2677,148.808
16,14080,4,2048,51200,256,1,1,1,159.887,183.603,149.436,178.561,176.059,0.0008,167.406,0.1554,89.672,0.0738,352.117,0.2308,172.967
16,14096,4,2048,51200,256,1,1,1,138.137,73.472,44.045,133.118,150.594,0.0008,151.235,0.1905,73.314,0.0865,301.189,0.2786,143.622
16,14112,4,2048,51200,256,1,1,1,154.815,152.481,131.169,161.476,159.819,0.0008,136.829,0.1767,79.237,0.0817,319.638,0.2599,154.275
16,14128,4,2048,51200,256,1,1,1,156.699,78.315,43.733,137.267,152.301,0.0008,155.389,0.1796,78.115,0.0859,304.603,0.2671,150.476
16,14144,4,2048,51200,256,1,1,1,155.103,175.583,148.537,153.402,155.096,0.0008,168.442,0.1611,87.274,0.0845,310.192,0.2472,162.927
16,14160,4,2048,51200,256,1,1,1,138.539,78.655,43.71,157.317,151.594,0.0008,168.687,0.1793,78.567,0.0867,303.188,0.2676,150.844
16,14176,4,2048,51200,256,1,1,1,137.272,156.272,125.7,163.289,161.083,0.0008,169.412,0.1691,83.489,0.0818,322.167,0.2525,160.24
16,14192,4,2048,51200,256,1,1,1,153.129,74.616,43.702,137.596,139.172,0.0008,152.404,0.184,76.903,0.0948,278.344,0.2805,144.58
16,14208,4,2048,51200,256,1,1,1,154.727,183.905,158.407,140.685,175.652,0.0008,172.781,0.1622,87.432,0.0753,351.304,0.2391,169.964
16,14224,4,2048,51200,256,1,1,1,150.598,74.354,43.814,137.81,145.975,0.0008,167.039,0.1788,79.482,0.0908,291.949,0.2713,150.164
16,14240,4,2048,51200,256,1,1,1,167.928,159.335,129.841,169.769,155.375,0.0008,166.433,0.1574,90.516,0.0855,310.749,0.2445,166.96
16,14256,4,2048,51200,256,1,1,1,152.869,76.311,44.094,137.952,147.859,0.0008,152.539,0.185,77.167,0.0901,295.718,0.2767,147.871
16,14272,4,2048,51200,256,1,1,1,135.802,184.33,134.556,208.571,165.725,0.0008,168.387,0.167,85.68,0.0805,331.45,0.2491,164.591
16,14288,4,2048,51200,256,1,1,1,145.434,76.033,44.276,137.457,147.782,0.0008,174.664,0.1791,80.063,0.0905,295.564,0.2712,151.519
16,14304,4,2048,51200,256,1,1,1,176.658,146.348,142.663,156.512,155.565,0.0008,171.539,0.1549,92.739,0.0862,311.13,0.2427,169.671
16,14320,4,2048,51200,256,1,1,1,149.107,71.021,44.686,138.254,150.171,0.0008,172.057,0.1792,80.342,0.0895,300.343,0.2703,152.69
16,14336,4,2048,51200,256,1,1,1,150.408,199.534,189.134,150.562,143.635,0.0008,154.869,0.1721,83.837,0.0938,287.27,0.2675,154.651
16,14352,4,2048,51200,256,1,1,1,154.769,70.305,44.793,150.055,144.825,0.0008,150.473,0.1855,77.956,0.0932,289.649,0.2803,147.894
16,14368,4,2048,51200,256,1,1,1,171.626,157.73,132.524,183.011,170.199,0.0008,151.525,0.1638,88.46,0.0795,340.397,0.2449,169.639
16,14384,4,2048,51200,256,1,1,1,141.842,74.676,44.602,135.542,156.614,0.0008,160.089,0.1894,76.703,0.0866,313.227,0.2776,150.037
16,14400,4,2048,51200,256,1,1,1,168.827,176.093,136.366,152.31,156.038,0.0008,161.597,0.1637,88.91,0.0871,312.076,0.2524,165.343
16,14416,4,2048,51200,256,1,1,1,136.833,78.946,44.723,111.411,140.609,0.0008,151.185,0.2021,72.162,0.0969,281.218,0.3006,139.131
16,14432,4,2048,51200,256,1,1,1,173.343,151.452,134.897,161.311,161.547,0.0008,151.091,0.1671,87.469,0.0845,323.094,0.2532,165.524
16,14448,4,2048,51200,256,1,1,1,136.846,75.086,44.811,150.581,156.745,0.0008,151.296,0.1951,75.1,0.0873,313.49,0.284,147.939
16,14464,4,2048,51200,256,1,1,1,160.169,187.938,154.556,176.957,156.44,0.0008,149.781,0.1703,86.208,0.0876,312.88,0.2595,162.221
16,14480,4,2048,51200,256,1,1,1,137.809,75.724,44.923,135.582,147.323,0.0008,150.74,0.1979,74.332,0.0933,294.646,0.2928,144.101
16,14496,4,2048,51200,256,1,1,1,173.629,154.136,138.331,163.088,173.173,0.0008,152.093,0.1672,88.172,0.0795,346.345,0.2484,170.263
16,14512,4,2048,51200,256,1,1,1,138.18,78.442,44.94,147.859,148.667,0.0008,155.552,0.1936,76.34,0.0928,297.334,0.288,147.144
16,14528,4,2048,51200,256,1,1,1,180.315,179.669,163.535,171.648,155.753,0.0008,167.318,0.1562,94.79,0.0888,311.507,0.2466,172.207
16,14544,4,2048,51200,256,1,1,1,137.556,78.837,45.193,113.868,141.868,0.0008,151.164,0.2037,72.84,0.0977,283.736,0.3031,140.45
16,14560,4,2048,51200,256,1,1,1,155.92,152.364,135.126,187.491,154.798,0.0008,150.516,0.1733,85.796,0.0898,309.596,0.2647,161.165
16,14576,4,2048,51200,256,1,1,1,137.201,74.496,45.43,131.972,152.988,0.0008,152.333,0.2001,74.477,0.091,305.975,0.2927,146.044
16,14592,4,2048,51200,256,1,1,1,156.531,186.8,170.592,159.208,155.267,0.0008,167.444,0.1674,89.227,0.0899,310.534,0.2588,165.523
16,14608,4,2048,51200,256,1,1,1,156.856,73.337,45.641,112.728,146.643,0.0008,150.692,0.1966,76.111,0.0954,293.285,0.2936,146.233
16,14624,4,2048,51200,256,1,1,1,154.5,158.213,142.851,154.304,155.677,0.0008,151.628,0.1782,84.165,0.09,311.355,0.2698,159.471
16,14640,4,2048,51200,256,1,1,1,154.73,77.909,45.525,113.297,143.061,0.0008,150.024,0.198,75.89,0.0982,286.122,0.2978,144.781
16,14656,4,2048,51200,256,1,1,1,156.391,187.66,148.314,155.898,155.423,0.0008,169.444,0.1686,89.34,0.0906,310.846,0.2608,165.72
16,14672,4,2048,51200,256,1,1,1,154.273,78.994,45.72,156.706,146.659,0.0008,150.295,0.19,79.441,0.0962,293.317,0.2878,150.476
16,14688,4,2048,51200,256,1,1,1,161.028,153.249,133.894,162.363,155.552,0.0008,151.522,0.1758,86.014,0.0909,311.104,0.2684,161.733
16,14704,4,2048,51200,256,1,1,1,140.544,73.749,45.85,110.817,151.279,0.0008,150.1,0.2072,73.145,0.0937,302.558,0.3025,143.785
16,14720,4,2048,51200,256,1,1,1,156.125,188.894,145.541,166.604,156.051,0.0008,161.869,0.1718,88.397,0.091,312.102,0.2644,164.849
16,14736,4,2048,51200,256,1,1,1,153.734,71.389,46.057,155.942,149.303,0.0008,150.613,0.192,79.28,0.0953,298.606,0.2889,151.196
16,14752,4,2048,51200,256,1,1,1,170.444,162.17,138.304,138.862,154.013,0.0008,152.975,0.176,86.679,0.0926,308.025,0.2702,162.026
16,14768,4,2048,51200,256,1,1,1,144.594,77.973,46.126,155.258,151.606,0.0008,153.351,0.195,78.366,0.0943,303.212,0.2909,150.794
16,14784,4,2048,51200,256,1,1,1,156.161,194.293,143.24,158.66,153.65,0.0008,170.137,0.1703,89.95,0.0932,307.3,0.2651,165.828
16,14800,4,2048,51200,256,1,1,1,137.796,69.739,46.441,140.11,141.389,0.0008,131.071,0.2163,70.964,0.1015,282.778,0.3194,137.931
16,14816,4,2048,51200,256,1,1,1,160.362,151.734,142.883,153.483,170.68,0.0008,153.939,0.1782,86.306,0.0843,341.359,0.2641,167.17
16,14832,4,2048,51200,256,1,1,1,143.339,73.506,46.762,137.151,149.835,0.0008,166.474,0.1939,79.5,0.0962,299.67,0.2917,151.678
16,14848,4,2048,51200,256,1,1,1,156.875,206.311,197.542,162.114,173.718,0.0008,158.616,0.1748,88.347,0.0832,347.436,0.2596,170.811
16,14864,4,2048,51200,256,1,1,1,136.213,73.881,46.919,130.079,152.465,0.0008,149.237,0.2085,74.235,0.095,304.931,0.3051,145.657
16,14880,4,2048,51200,256,1,1,1,158.789,152.204,136.954,187.94,156.033,0.0008,160.93,0.1723,89.998,0.093,312.066,0.2669,166.814
16,14896,4,2048,51200,256,1,1,1,125.763,79.059,47.085,110.256,146.061,0.0008,149.942,0.22,70.653,0.0996,292.122,0.3212,138.953
16,14912,4,2048,51200,256,1,1,1,156.462,192.619,153.682,173.804,156.432,0.0008,150.837,0.1796,86.713,0.0932,312.865,0.2744,162.985
16,14928,4,2048,51200,256,1,1,1,132.523,80.246,46.908,109.474,157.834,0.0008,149.449,0.2167,72.013,0.0925,315.668,0.3109,144.155
16,14944,4,2048,51200,256,1,1,1,155.073,150.77,141.934,156.1,167.38,0.0008,151.851,0.1836,85.16,0.0874,334.76,0.2727,164.685
16,14960,4,2048,51200,256,1,1,1,138.422,75.305,47.218,115.329,156.11,0.0008,151.744,0.2113,74.178,0.094,312.22,0.3068,146.67
16,14976,4,2048,51200,256,1,1,1,154.253,189.581,154.691,153.921,172.884,0.0008,151.268,0.1843,85.211,0.085,345.769,0.2709,166.472
16,14992,4,2048,51200,256,1,1,1,137.142,75.4,47.225,136.527,145.4,0.0008,169.755,0.1989,79.101,0.1013,290.799,0.3019,149.723
16,15008,4,2048,51200,256,1,1,1,156.055,152.742,136.749,154.7,155.846,0.0008,151.783,0.1847,85.363,0.0947,311.691,0.2811,161.143
16,15024,4,2048,51200,256,1,1,1,136.559,79.711,47.077,165.822,148.971,0.0008,152.46,0.2032,77.744,0.0993,297.941,0.3042,149.213
16,15040,4,2048,51200,256,1,1,1,156.313,192.936,139.637,154.995,173.049,0.0008,162.235,0.179,88.439,0.0857,346.098,0.2663,170.775
16,15056,4,2048,51200,256,1,1,1,152.892,79.014,47.697,136.506,144.347,0.0008,160.621,0.1957,81.075,0.1029,288.693,0.3003,151.8
16,15072,4,2048,51200,256,1,1,1,154.533,157.828,146.991,155.127,156.482,0.0008,152.093,0.186,85.469,0.0951,312.963,0.2828,161.516
16,15088,4,2048,51200,256,1,1,1,138.198,74.692,47.883,172.592,150.786,0.0008,152.183,0.2031,78.444,0.0989,301.571,0.3037,150.719
16,15104,4,2048,51200,256,1,1,1,160.091,194.68,172.125,156.203,156.492,0.0008,145.44,0.1866,85.539,0.0955,312.984,0.2838,161.623
16,15120,4,2048,51200,256,1,1,1,154.74,74.037,48.16,136.843,141.052,0.0008,151.626,0.201,79.577,0.1062,282.104,0.3089,148.803
16,15136,4,2048,51200,256,1,1,1,155.333,147.201,138.969,155.877,155.93,0.0008,150.725,0.1879,85.303,0.0963,311.859,0.2858,161.141
16,15152,4,2048,51200,256,1,1,1,153.882,78.923,48.349,158.022,151.617,0.0008,151.363,0.1981,81.098,0.0992,303.234,0.2989,154.397
16,15168,4,2048,51200,256,1,1,1,158.282,179.837,145.862,155.756,170.558,0.0008,164.33,0.1794,89.723,0.0884,341.117,0.2694,171.673
16,15184,4,2048,51200,256,1,1,1,151.106,80.107,48.52,137.937,147.963,0.0008,162.44,0.1977,81.6,0.1021,295.927,0.3014,153.771
16,15200,4,2048,51200,256,1,1,1,152.361,147.618,140.954,165.016,154.15,0.0008,151.73,0.1886,85.7,0.0982,308.301,0.2884,161.025
16,15216,4,2048,51200,256,1,1,1,154.531,75.222,48.391,169.897,137.416,0.0008,150.743,0.198,81.798,0.1104,274.833,0.31,150.121
16,15232,4,2048,51200,256,1,1,1,151.724,181.788,161.917,157.996,157.636,0.0008,158.76,0.1857,87.398,0.0965,315.271,0.2837,164.366
16,15248,4,2048,51200,256,1,1,1,152.175,75.427,48.724,142.415,148.006,0.0008,166.268,0.1961,82.937,0.1029,296.012,0.3006,155.449
16,15264,4,2048,51200,256,1,1,1,165.914,159.508,135.539,138.386,154.259,0.0008,153.81,0.1868,87.204,0.099,308.518,0.2875,162.913
16,15280,4,2048,51200,256,1,1,1,153.759,78.444,48.574,166.591,137.206,0.0008,151.323,0.1994,81.881,0.1115,274.413,0.3125,150.151
16,15296,4,2048,51200,256,1,1,1,155.97,182.008,143.828,171.497,168.168,0.0008,169.386,0.1782,91.794,0.0912,336.335,0.271,173.508
16,15312,4,2048,51200,256,1,1,1,153.737,78.706,49.318,154.309,138.228,0.0008,170.338,0.1922,85.289,0.1112,276.456,0.305,154.502
16,15328,4,2048,51200,256,1,1,1,151.447,152.318,147.509,139.09,155.5,0.0008,151.513,0.1957,83.955,0.099,310.999,0.2963,159.368
16,15344,4,2048,51200,256,1,1,1,149.232,75.847,49.759,164.223,137.951,0.0008,151.85,0.2029,81.107,0.1118,275.901,0.3164,149.55
16,15360,4,2048,51200,256,1,1,1,141.59,205.823,208.258,98.242,137.02,0.0008,152.506,0.2107,78.27,0.1128,274.039,0.3252,145.82
16,15376,4,2048,51200,256,1,1,1,151.937,76.042,49.662,152.092,149.371,0.0008,150.128,0.205,80.599,0.1037,298.743,0.3104,153.073
16,15392,4,2048,51200,256,1,1,1,158.458,149.365,140.315,154.894,156.268,0.0008,155.235,0.1889,87.68,0.0994,312.535,0.2899,164.262
16,15408,4,2048,51200,256,1,1,1,154.031,78.807,49.918,135.649,140.595,0.0008,167.198,0.1987,83.526,0.1107,281.19,0.311,153.429
16,15424,4,2048,51200,256,1,1,1,155.218,193.999,159.076,161.097,155.683,0.0008,149.224,0.1922,86.524,0.1001,311.367,0.2939,162.649
16,15440,4,2048,51200,256,1,1,1,157.48,79.716,49.706,163.134,145.701,0.0008,150.897,0.2011,82.84,0.1072,291.402,0.31,154.552
16,15456,4,2048,51200,256,1,1,1,158.76,156.508,135.062,153.257,169.207,0.0008,165.265,0.1851,90.182,0.0925,338.413,0.2793,171.896
16,15472,4,2048,51200,256,1,1,1,130.848,74.601,50.185,143.923,124.301,0.0008,155.217,0.2181,76.694,0.1262,248.603,0.3459,139.047
16,15488,4,2048,51200,256,1,1,1,154.63,199.305,158.904,152.581,153.96,0.0008,151.498,0.1936,86.551,0.1021,307.92,0.2974,162.089
16,15504,4,2048,51200,256,1,1,1,146.609,75.564,50.282,164.565,151.084,0.0008,151.866,0.2074,80.976,0.1043,302.169,0.3133,154.169
16,15520,4,2048,51200,256,1,1,1,153.815,154.438,147.509,150.102,154.88,0.0008,165.066,0.189,89.015,0.1019,309.76,0.2926,165.412
16,15536,4,2048,51200,256,1,1,1,136.723,79.203,49.911,131.71,152.761,0.0008,149.793,0.2208,76.353,0.1035,305.521,0.326,148.754
16,15552,4,2048,51200,256,1,1,1,167.896,186.445,165.369,155.541,155.294,0.0008,168.725,0.1796,94.089,0.1021,310.587,0.2833,171.56
16,15568,4,2048,51200,256,1,1,1,158.242,77.573,50.456,136.749,138.639,0.0008,151.243,0.2078,81.483,0.1146,277.277,0.324,150.314
16,15584,4,2048,51200,256,1,1,1,153.638,153.928,147.569,184.24,170.09,0.0008,169.336,0.1834,92.469,0.0936,340.18,0.2786,175.11
16,15600,4,2048,51200,256,1,1,1,142.077,74.219,50.629,137.16,147.972,0.0008,163.873,0.2105,80.736,0.1078,295.944,0.3199,152.821
16,15616,4,2048,51200,256,1,1,1,172.882,199.089,172.632,162.269,155.984,0.0008,166.435,0.1783,95.496,0.1025,311.968,0.2824,173.484
16,15632,4,2048,51200,256,1,1,1,150.843,73.74,51.064,136.334,142.026,0.0008,150.14,0.2137,79.842,0.1128,284.053,0.3281,149.622
16,15648,4,2048,51200,256,1,1,1,152.345,154.444,152.449,191.766,152.46,0.0008,168.655,0.1846,92.62,0.1053,304.919,0.2915,168.76
16,15664,4,2048,51200,256,1,1,1,138.713,78.063,50.926,154.402,152.423,0.0008,144.003,0.2213,77.419,0.1055,304.846,0.3284,150.084
16,15680,4,2048,51200,256,1,1,1,166.262,191.851,145.168,159.759,159.789,0.0008,163.793,0.1846,93.001,0.1008,319.578,0.287,172.066
16,15696,4,2048,51200,256,1,1,1,149.721,80.461,50.724,136.198,138.043,0.0008,152.657,0.2137,80.484,0.117,276.086,0.3323,148.93
16,15712,4,2048,51200,256,1,1,1,155.101,155.233,144.083,138.36,167.402,0.0008,168.178,0.1929,89.341,0.0966,334.803,0.2912,170.311
16,15728,4,2048,51200,256,1,1,1,145.414,74.894,50.855,135.827,151.673,0.0008,153.227,0.217,79.578,0.1069,303.347,0.3255,152.653
16,15744,4,2048,51200,256,1,1,1,175.738,194.312,151.523,160.532,159.912,0.0008,163.379,0.1817,95.235,0.1016,319.825,0.2849,174.776
16,15760,4,2048,51200,256,1,1,1,153.438,74.713,50.716,136.089,148.759,0.0008,150.956,0.2146,80.798,0.1094,297.518,0.3256,153.221
16,15776,4,2048,51200,256,1,1,1,154.78,152.76,148.886,172.959,152.095,0.0008,170.198,0.1874,92.693,0.1072,304.191,0.2963,168.736
16,15792,4,2048,51200,256,1,1,1,143.891,79.406,50.953,162.214,151.589,0.0008,162.256,0.2091,83.233,0.1078,303.178,0.3186,157.244
16,15808,4,2048,51200,256,1,1,1,171.513,194.137,161.224,156.006,162.121,0.0008,152.277,0.191,91.315,0.101,324.242,0.2936,170.943
16,15824,4,2048,51200,256,1,1,1,138.627,79.41,51.338,138.257,138.63,0.0008,164.108,0.2164,80.751,0.1184,277.26,0.3364,149.506
16,15840,4,2048,51200,256,1,1,1,168.453,155.983,145.493,180.63,156.627,0.0008,152.197,0.1903,91.977,0.105,313.254,0.297,169.696
16,15856,4,2048,51200,256,1,1,1,138.142,76.91,51.645,146.709,150.006,0.0008,153.37,0.2215,79.199,0.1098,300.012,0.333,151.648
16,15872,4,2048,51200,256,1,1,1,156.37,206.81,199.922,137.023,164.7,0.0008,151.06,0.2027,86.71,0.1002,329.399,0.3046,166.123
16,15888,4,2048,51200,256,1,1,1,149.659,76.583,51.993,132.115,154.223,0.0008,154.239,0.2178,80.839,0.1073,308.445,0.3267,155.154
16,15904,4,2048,51200,256,1,1,1,155.409,152.197,141.856,154.372,158.008,0.0008,150.547,0.2027,87.031,0.1049,316.016,0.3093,164.243
16,15920,4,2048,51200,256,1,1,1,152.607,80.436,51.806,115.625,152.373,0.0008,153.618,0.2214,79.837,0.109,304.746,0.3321,153.267
16,15936,4,2048,51200,256,1,1,1,155.582,189.13,156.038,159.209,155.813,0.0008,167.71,0.1923,92.096,0.1068,311.626,0.3008,169.553
16,15952,4,2048,51200,256,1,1,1,141.365,79.895,52.078,131.976,153.08,0.0008,152.594,0.2247,78.968,0.1089,306.16,0.3353,152.391
16,15968,4,2048,51200,256,1,1,1,135.139,145.259,138.787,159.924,160.095,0.0008,166.517,0.2069,85.964,0.1044,320.19,0.3129,163.658
16,15984,4,2048,51200,256,1,1,1,151.519,76.288,52.035,159.673,141.52,0.0008,152.783,0.2142,83.179,0.1183,283.04,0.3342,153.53
16,16000,4,2048,51200,256,1,1,1,155.682,180.289,158.65,139.241,171.556,0.0008,168.109,0.1971,90.546,0.0978,343.111,0.2966,173.333
16,16016,4,2048,51200,256,1,1,1,141.458,76.081,52.311,150.675,152.452,0.0008,145.254,0.2269,78.842,0.1103,304.905,0.3388,152.049
16,16032,4,2048,51200,256,1,1,1,136.126,154.824,143.122,160.852,155.941,0.0008,165.457,0.2075,86.363,0.108,311.882,0.3172,162.723
16,16048,4,2048,51200,256,1,1,1,154.372,78.461,52.439,135.9,144.94,0.0008,152.979,0.2182,82.294,0.1164,289.88,0.3363,153.776
16,16064,4,2048,51200,256,1,1,1,155.578,183.975,169.481,150.899,151.176,0.0008,167.571,0.1961,91.751,0.1119,302.351,0.3096,167.364
16,16080,4,2048,51200,256,1,1,1,141.179,80.096,52.656,159.181,153.107,0.0008,166.322,0.2147,83.945,0.1107,306.214,0.327,158.741
16,16096,4,2048,51200,256,1,1,1,173.366,147.87,128.51,156.933,154.702,0.0008,166.784,0.1893,95.393,0.1098,309.403,0.3007,172.98
16,16112,4,2048,51200,256,1,1,1,149.456,73.719,53.106,135.223,137.349,0.0008,151.839,0.2234,81.011,0.1239,274.698,0.3489,149.395
16,16128,4,2048,51200,256,1,1,1,161.821,192.641,179.161,165.226,162.757,0.0008,154.483,0.1982,91.465,0.1047,325.513,0.3046,171.46
16,16144,4,2048,51200,256,1,1,1,135.625,71.708,53.512,134.094,139.715,0.0008,153.458,0.2322,78.217,0.1223,279.43,0.3561,146.933
16,16160,4,2048,51200,256,1,1,1,169.045,154.273,144.121,154.991,155.34,0.0008,166.422,0.1923,94.653,0.1102,310.679,0.3041,172.413
16,16176,4,2048,51200,256,1,1,1,137.75,77.326,52.895,146.316,141.649,0.0008,150.204,0.2303,79.179,0.1211,283.298,0.353,148.82
16,16192,4,2048,51200,256,1,1,1,169.953,181.632,146.052,183.581,157.212,0.0008,151.966,0.1953,93.535,0.1093,314.424,0.3062,171.868
16,16208,4,2048,51200,256,1,1,1,143.95,78.653,52.756,135.713,150.553,0.0008,172.014,0.2177,84.087,0.1144,301.106,0.3337,158.046
16,16224,4,2048,51200,256,1,1,1,169.562,154.719,154.455,162.033,158.36,0.0008,149.732,0.2009,91.306,0.1089,316.719,0.3114,169.672
16,16240,4,2048,51200,256,1,1,1,143.886,75.237,52.479,137.849,152.32,0.0008,171.969,0.2183,84.175,0.1135,304.64,0.3334,158.797
16,16256,4,2048,51200,256,1,1,1,155.212,189.517,168.444,161.253,155.105,0.0008,149.797,0.2077,88.641,0.1117,310.21,0.321,165.271
16,16272,4,2048,51200,256,1,1,1,154.233,75.467,52.153,124.669,153.87,0.0008,152.228,0.2266,81.414,0.1128,307.741,0.341,155.883
16,16288,4,2048,51200,256,1,1,1,155.573,146.653,135.461,165.563,155.293,0.0008,164.509,0.2009,91.989,0.112,310.586,0.3145,169.333
16,16304,4,2048,51200,256,1,1,1,145.794,80.269,52.457,157.59,151.158,0.0008,149.478,0.226,81.926,0.1152,302.315,0.3429,155.609
16,16320,4,2048,51200,256,1,1,1,155.08,185.188,167.333,160.434,157.173,0.0008,165.345,0.2006,92.454,0.1111,314.346,0.3133,170.619
16,16336,4,2048,51200,256,1,1,1,146.351,80.771,52.607,136.813,144.855,0.0008,149.986,0.2302,80.751,0.1207,289.711,0.3525,151.938
16,16352,4,2048,51200,256,1,1,1,153.071,159.508,147.858,149.625,152.31,0.0008,171.476,0.2023,92.053,0.1151,304.62,0.319,168.252
16,16368,4,2048,51200,256,1,1,1,147.812,76.34,53.382,154.774,154.515,0.0008,175.515,0.2132,87.522,0.1136,309.03,0.3284,163.719
16,16384,4,2048,51200,256,1,1,1,174.217,195.187,190.264,157.784,156.603,0.0008,161.052,0.1947,96.026,0.1123,313.207,0.3086,174.586
16,16400,4,2048,51200,256,1,1,1,142.154,76.07,42.067,136.102,139.359,0.0008,151.6,0.2364,79.206,0.1265,278.719,0.3646,148.052
16,16416,4,2048,51200,256,1,1,1,153.053,155.034,133.492,153.471,154.437,0.0009,171.081,0.2035,92.207,0.1144,308.875,0.3196,169.249
16,16432,4,2048,51200,256,1,1,1,137.723,68.49,42.069,131.169,137.165,0.0009,165.272,0.2346,80.111,0.129,274.331,0.3654,148.31
16,16448,4,2048,51200,256,1,1,1,164.225,196.951,159.318,151.446,163.15,0.0009,153.446,0.2064,91.238,0.1087,326.3,0.3168,171.374
16,16464,4,2048,51200,256,1,1,1,142.504,63.237,36.374,150.673,152.534,0.0009,165.263,0.2305,81.876,0.1165,305.068,0.3486,156.026
16,16480,4,2048,51200,256,1,1,1,155.497,155.863,121.008,159.166,162.706,0.0009,164.385,0.206,91.762,0.1094,325.411,0.3171,171.857
16,16496,4,2048,51200,256,1,1,1,136.595,56.762,42.123,131.137,137.429,0.0009,166.735,0.2378,79.649,0.1298,274.858,0.3693,147.868
16,16512,4,2048,51200,256,1,1,1,170.414,178.523,155.734,156.032,168.316,0.0009,152.732,0.2046,92.74,0.1062,336.632,0.3125,175.081
16,16528,4,2048,51200,256,1,1,1,137.913,56.525,42.461,161.473,148.863,0.0009,152.248,0.239,79.543,0.1203,297.726,0.361,151.841
16,16544,4,2048,51200,256,1,1,1,159.213,141.897,121.425,161.875,173.546,0.0009,150.964,0.2126,89.588,0.1034,347.092,0.3177,172.868
16,16560,4,2048,51200,256,1,1,1,158.023,79.085,42.425,136.704,139.521,0.0009,153.743,0.2286,83.464,0.1288,279.042,0.3592,153.192
16,16576,4,2048,51200,256,1,1,1,155.449,185.424,155.889,154.028,159.062,0.0009,152.388,0.2139,89.376,0.1132,318.123,0.3289,167.642
16,16592,4,2048,51200,256,1,1,1,136.53,78.434,42.66,159.404,140.797,0.0009,150.608,0.24,79.824,0.1281,281.595,0.3698,149.357
16,16608,4,2048,51200,256,1,1,1,151.618,158.047,127.415,155.237,154.657,0.0009,151.674,0.2183,87.918,0.1169,309.315,0.3369,164.268
16,16624,4,2048,51200,256,1,1,1,130.051,73.747,43.31,110.173,145.851,0.0009,150.894,0.2584,74.406,0.1242,291.701,0.3843,144.274
16,16640,4,2048,51200,256,1,1,1,149.917,194.98,178.121,150.674,153.597,0.0009,163.155,0.2124,90.674,0.1181,307.193,0.3323,167.17
16,16656,4,2048,51200,256,1,1,1,135.463,54.371,37.171,132.981,136.316,0.0009,165.656,0.2445,78.932,0.1334,272.633,0.3796,146.615
16,16672,4,2048,51200,256,1,1,1,174.781,157.299,112.735,178.28,165.277,0.0009,150.757,0.205,94.318,0.1102,330.554,0.317,175.932
16,16688,4,2048,51200,256,1,1,1,137.62,63.611,43.031,122.253,146.53,0.0009,170.267,0.2408,80.438,0.1246,293.061,0.3671,152.187
16,16704,4,2048,51200,256,1,1,1,155.396,186.936,149.861,154.855,167.241,0.0009,150.901,0.2174,89.28,0.1093,334.483,0.3285,170.421
16,16720,4,2048,51200,256,1,1,1,156.696,78.804,42.465,136.032,144.147,0.0009,150.066,0.2352,82.682,0.1271,288.295,0.364,154.07
16,16736,4,2048,51200,256,1,1,1,164.251,137.733,118.883,154.582,156.083,0.0009,151.737,0.2148,90.674,0.1176,312.166,0.3342,168.14
16,16752,4,2048,51200,256,1,1,1,136.935,75.484,42.054,154.855,155.68,0.0009,151.538,0.244,79.992,0.1181,311.361,0.3639,154.719
16,16768,4,2048,51200,256,1,1,1,155.761,177.965,161.352,155.329,156.406,0.0009,145.043,0.222,88.067,0.1178,312.813,0.3416,165.126
16,16784,4,2048,51200,256,1,1,1,150.916,75.645,41.885,136.453,142.774,0.0009,151.151,0.2396,81.749,0.1293,285.547,0.3707,152.449
16,16800,4,2048,51200,256,1,1,1,155.858,149.311,118.721,160.355,155.865,0.0009,151.734,0.2192,89.507,0.1187,311.73,0.3397,166.674
16,16816,4,2048,51200,256,1,1,1,156.933,80.285,41.682,166.409,143.275,0.0009,150.473,0.2307,85.214,0.1293,286.55,0.3618,156.771
16,16832,4,2048,51200,256,1,1,1,159.546,190.251,137.705,155.114,171.357,0.0009,166.594,0.209,94.229,0.1084,342.714,0.3192,178.067
16,16848,4,2048,51200,256,1,1,1,154.843,78.841,42.077,139.865,142.55,0.0009,165.445,0.2294,86.027,0.1305,285.1,0.3617,157.44
16,16864,4,2048,51200,256,1,1,1,154.489,153.357,126.836,155.503,155.453,0.0009,151.852,0.2218,89.15,0.1199,310.905,0.3434,166.107
16,16880,4,2048,51200,256,1,1,1,154.076,77.446,42.073,163.981,138.021,0.0009,151.683,0.2335,84.826,0.1353,276.042,0.3706,154.229
16,16896,4,2048,51200,256,1,1,1,156.38,201.883,201.304,156.59,156.132,0.0009,153.707,0.2174,91.259,0.1198,312.263,0.339,168.894
16,16912,4,2048,51200,256,1,1,1,156.491,75.663,42.365,136.536,140.284,0.0009,164.475,0.2313,85.944,0.1336,280.568,0.3667,156.442
16,16928,4,2048,51200,256,1,1,1,153.766,155.954,126.103,134.664,155.733,0.0009,159.45,0.2237,89.042,0.1206,311.467,0.346,166.092
16,16944,4,2048,51200,256,1,1,1,146.171,79.892,36.902,153.912,145.251,0.0009,149.78,0.2445,81.597,0.1295,290.502,0.3759,153.206
16,16960,4,2048,51200,256,1,1,1,169.893,185.553,165.078,138.179,165.323,0.0009,152.476,0.2171,92.054,0.114,330.646,0.3329,173.273
16,16976,4,2048,51200,256,1,1,1,146.262,79.387,36.654,137.1,152.518,0.0009,168.759,0.2384,84.006,0.1238,305.036,0.364,158.788
16,16992,4,2048,51200,256,1,1,1,155.207,157.151,128.943,158.425,169.621,0.0009,165.374,0.2155,93.081,0.1116,339.243,0.3289,176.07
16,17008,4,2048,51200,256,1,1,1,137.042,55.801,42.885,130.378,136.884,0.0009,170.918,0.2471,81.336,0.1385,273.767,0.3874,149.754
16,17024,4,2048,51200,256,1,1,1,158.81,195.183,164.045,148.836,161.806,0.0009,152.853,0.2214,90.932,0.1174,323.613,0.3406,170.642
16,17040,4,2048,51200,256,1,1,1,140.411,57.378,37.401,136.127,148.142,0.0009,164.709,0.2486,81.136,0.1285,296.284,0.3789,153.695
16,17056,4,2048,51200,256,1,1,1,156.88,158.797,116.101,159.971,170.65,0.0009,151.531,0.2239,90.264,0.1117,341.3,0.3374,172.903
16,17072,4,2048,51200,256,1,1,1,137.026,80.986,42.585,130.584,136.815,0.0009,164.857,0.2485,81.472,0.1396,273.629,0.3899,149.899
16,17088,4,2048,51200,256,1,1,1,162.515,179.639,155.283,154.634,155.165,0.0009,154.063,0.2192,92.542,0.1233,310.33,0.3443,170.073
16,17104,4,2048,51200,256,1,1,1,137.107,79.978,43.178,161.051,142.843,0.0009,153.136,0.2488,81.673,0.1342,285.685,0.3848,152.448
16,17120,4,2048,51200,256,1,1,1,155.219,161.026,114.464,159.595,170.809,0.0009,151.476,0.2263,89.958,0.1125,341.619,0.3406,172.584
16,17136,4,2048,51200,256,1,1,1,154.631,74.145,43.422,136.504,143.755,0.0009,151.712,0.2443,83.469,0.1339,287.51,0.38,154.955
16,17152,4,2048,51200,256,1,1,1,160.43,176.902,177.05,155.896,160.229,0.0009,153.289,0.2214,92.274,0.1203,320.457,0.3435,171.718
16,17168,4,2048,51200,256,1,1,1,136.82,74.62,43.302,169.368,150.702,0.0009,150.641,0.251,81.54,0.1282,301.404,0.381,155.118
16,17184,4,2048,51200,256,1,1,1,159.759,144.851,117.841,154.074,155.556,0.0009,143.412,0.2316,88.523,0.1244,311.111,0.3578,165.461
16,17200,4,2048,51200,256,1,1,1,152.833,78.667,43.399,135.944,140.36,0.0009,150.866,0.2471,83.144,0.1381,280.719,0.387,153.276
16,17216,4,2048,51200,256,1,1,1,155.438,187.478,155.415,154.82,155.272,0.0009,150.472,0.2279,90.315,0.1251,310.544,0.3548,167.519
16,17232,4,2048,51200,256,1,1,1,151.806,79.486,43.055,155.863,139.781,0.0009,150.71,0.244,84.503,0.1392,279.563,0.385,154.642
16,17248,4,2048,51200,256,1,1,1,158.45,154.07,116.604,154.489,154.656,0.0009,150.699,0.2286,90.364,0.1261,309.312,0.3564,167.347
16,17264,4,2048,51200,256,1,1,1,131.34,75.084,43.146,109.056,154.008,0.0009,149.778,0.2741,75.475,0.1268,308.015,0.4028,148.359
16,17280,4,2048,51200,256,1,1,1,150.102,182.844,168.451,149.391,150.624,0.0009,169.041,0.2229,92.999,0.1299,301.248,0.3546,168.828
16,17296,4,2048,51200,256,1,1,1,148.963,75.011,36.991,136.029,142.336,0.0009,150.79,0.2544,81.632,0.1377,284.672,0.3939,152.249
16,17312,4,2048,51200,256,1,1,1,158.448,161.881,130.108,148.261,165.988,0.0009,152.571,0.2293,90.714,0.1183,331.975,0.3495,171.942
16,17328,4,2048,51200,256,1,1,1,145.501,79.446,36.727,158.638,157.406,0.0009,169.168,0.2415,86.291,0.125,314.812,0.3683,163.425
16,17344,4,2048,51200,256,1,1,1,154.904,192.603,161.957,160.157,160.099,0.0009,152.449,0.2283,91.46,0.1231,320.198,0.3532,170.735
16,17360,4,2048,51200,256,1,1,1,138.601,58.77,43.255,132.495,137.645,0.0009,169.807,0.2533,82.579,0.1435,275.291,0.3986,151.58
16,17376,4,2048,51200,256,1,1,1,168.372,159.482,114.141,138.585,168.871,0.0009,152.089,0.2284,91.724,0.1172,337.741,0.3474,174.224
16,17392,4,2048,51200,256,1,1,1,135.367,56.59,43.345,120.817,137.23,0.0009,161.412,0.265,79.206,0.1445,274.46,0.4113,147.434
16,17408,4,2048,51200,256,1,1,1,133.463,206.442,188.216,122.364,136.325,0.0009,152.914,0.2536,82.916,0.1457,272.65,0.4011,151.461
16,17424,4,2048,51200,256,1,1,1,137.013,76.979,43.742,135.49,137.815,0.0009,158.907,0.2586,81.472,0.1444,275.63,0.4048,150.361
16,17440,4,2048,51200,256,1,1,1,158.522,151.997,119.786,136.004,156.43,0.0009,152.506,0.2356,89.568,0.1274,312.861,0.3649,167.107
16,17456,4,2048,51200,256,1,1,1,144.298,81.087,43.653,139.155,146.194,0.0009,151.652,0.2569,82.303,0.1366,292.389,0.3953,154.521
16,17472,4,2048,51200,256,1,1,1,155.199,190.34,141.323,172.867,158.854,0.0009,151.819,0.2294,92.33,0.1259,317.709,0.3571,171.336
16,17488,4,2048,51200,256,1,1,1,141.939,80.489,43.633,136.382,147.041,0.0009,168.333,0.2505,84.685,0.1363,294.082,0.3887,157.725
16,17504,4,2048,51200,256,1,1,1,154.705,137.48,122.915,158.865,157.507,0.0009,151.432,0.235,90.46,0.1275,315.014,0.3643,168.596
16,17520,4,2048,51200,256,1,1,1,156.656,76.26,43.691,134.849,136.945,0.0009,150.698,0.2523,84.395,0.1469,273.891,0.401,153.416
16,17536,4,2048,51200,256,1,1,1,153.652,198.578,172.348,151.548,151.173,0.0009,165.999,0.2266,94.126,0.1333,302.346,0.3617,170.391
16,17552,4,2048,51200,256,1,1,1,124.573,76.856,43.35,120.315,116.992,0.0009,152.75,0.2811,76.002,0.1726,233.984,0.4555,135.548
16,17568,4,2048,51200,256,1,1,1,155.63,146.781,124.732,159.976,152.442,0.0009,162.028,0.2288,93.564,0.1327,304.885,0.3633,170.276
16,17584,4,2048,51200,256,1,1,1,154.455,80.521,43.408,110.561,142.868,0.0009,152.304,0.262,81.851,0.1418,285.736,0.4056,152.771
16,17600,4,2048,51200,256,1,1,1,155.927,178.081,168.692,168.637,156.222,0.0009,153.046,0.231,92.984,0.1299,312.444,0.3628,171.124
16,17616,4,2048,51200,256,1,1,1,136.575,79.565,43.474,136.467,151.64,0.0009,153.987,0.2659,80.922,0.1341,303.281,0.4019,154.76
16,17632,4,2048,51200,256,1,1,1,156.125,147.784,122.034,159.31,155.864,0.0009,161.056,0.2305,93.511,0.1307,311.727,0.3631,171.604
16,17648,4,2048,51200,256,1,1,1,137.681,75.712,43.846,110.872,140.374,0.0009,153.032,0.2753,78.45,0.1454,280.749,0.4225,147.731
16,17664,4,2048,51200,256,1,1,1,177.608,185.063,177.93,170.14,158.89,0.0009,152.348,0.2202,98.25,0.1287,317.78,0.3507,178.298
16,17680,4,2048,51200,256,1,1,1,137.014,73.833,43.939,136.692,150.832,0.0009,151.64,0.2689,80.582,0.1358,301.663,0.4066,154.068
16,17696,4,2048,51200,256,1,1,1,167.438,137.23,122.495,155.72,154.91,0.0009,166.59,0.2232,97.287,0.1325,309.82,0.3575,175.557
16,17712,4,2048,51200,256,1,1,1,137.786,78.046,43.765,110.398,138.642,0.0009,150.874,0.2781,78.191,0.1483,277.284,0.4283,146.795
16,17728,4,2048,51200,256,1,1,1,172.755,183.665,146.446,170.769,158.535,0.0009,152.493,0.2244,97.09,0.1299,317.07,0.3561,176.843
16,17744,4,2048,51200,256,1,1,1,146.69,77.936,43.398,136.635,146.874,0.0009,169.266,0.2525,86.418,0.1405,293.749,0.3949,159.783
16,17760,4,2048,51200,256,1,1,1,159.217,158.266,131.842,159.813,154.998,0.0009,150.906,0.2367,92.359,0.1334,309.996,0.3719,169.946
16,17776,4,2048,51200,256,1,1,1,136.739,75.796,43.588,135.596,141.132,0.0009,151.356,0.2718,80.568,0.1467,282.263,0.4204,150.614
16,17792,4,2048,51200,256,1,1,1,172.007,181.707,152.274,166.354,155.72,0.0009,156.974,0.2239,97.98,0.1332,311.44,0.359,176.699
16,17808,4,2048,51200,256,1,1,1,149.169,74.381,43.412,157.47,136.158,0.0009,151.487,0.2579,85.22,0.1526,272.316,0.4124,154.092
16,17824,4,2048,51200,256,1,1,1,155.125,140.739,127.829,155.879,163.916,0.0009,166.538,0.2328,94.588,0.127,327.832,0.3616,176.034
16,17840,4,2048,51200,256,1,1,1,136.507,80.224,43.422,157.06,136.48,0.0009,160.93,0.262,84.167,0.1528,272.961,0.4167,153.04
16,17856,4,2048,51200,256,1,1,1,155.096,195.493,162.097,135.284,154.762,0.0009,155.466,0.2428,91.008,0.135,309.524,0.3796,168.286
16,17872,4,2048,51200,256,1,1,1,151.284,80.275,43.623,135.742,155.86,0.0009,155.529,0.2599,85.144,0.1343,311.72,0.3961,161.578
16,17888,4,2048,51200,256,1,1,1,155.303,160.762,116.313,136.204,157.994,0.0009,153.932,0.2461,90.075,0.1327,315.988,0.3807,168.401
16,17904,4,2048,51200,256,1,1,1,147.744,73.967,43.797,136.47,155.775,0.0009,170.464,0.2551,87.071,0.1349,311.549,0.3918,163.932
16,17920,4,2048,51200,256,1,1,1,152.844,195.546,186.201,152.034,151.601,0.0009,150.616,0.244,91.185,0.1388,303.203,0.3846,167.271
16,17936,4,2048,51200,256,1,1,1,146.538,73.847,44.095,122.89,150.86,0.0009,153.64,0.2705,82.384,0.1398,301.719,0.4121,156.391
16,17952,4,2048,51200,256,1,1,1,154.582,138.598,115.542,157.228,154.985,0.0009,163.757,0.2376,93.971,0.1363,309.971,0.3757,171.858
16,17968,4,2048,51200,256,1,1,1,147.447,79.326,43.654,130.578,151.769,0.0009,150.433,0.2697,82.91,0.1394,303.538,0.411,157.381
16,17984,4,2048,51200,256,1,1,1,153.763,188.76,177.325,157.008,156.466,0.0009,170.049,0.2325,96.376,0.1355,312.932,0.3698,175.232
16,18000,4,2048,51200,256,1,1,1,148.952,75.674,43.71,135.36,138.654,0.0009,152.583,0.2669,84.085,0.1531,277.307,0.4219,153.857
16,18016,4,2048,51200,256,1,1,1,152.934,158.426,132.027,182.473,155.873,0.0009,164.744,0.2336,96.239,0.1365,311.746,0.3719,174.839
16,18032,4,2048,51200,256,1,1,1,139.786,75.685,43.55,157.391,155.725,0.0009,151.246,0.2701,83.381,0.1368,311.45,0.4088,159.351
16,18048,4,2048,51200,256,1,1,1,154.771,192.642,175.212,156.033,157.022,0.0009,144.379,0.2491,90.556,0.1359,314.044,0.3869,168.657
16,18064,4,2048,51200,256,1,1,1,147.792,76.491,43.168,136.34,138.184,0.0009,166.329,0.2608,86.645,0.1548,276.367,0.4174,156.603
16,18080,4,2048,51200,256,1,1,1,155.182,148.616,130.403,135.929,154.769,0.0009,150.721,0.2523,89.719,0.1384,309.538,0.3926,166.803
16,18096,4,2048,51200,256,1,1,1,150.654,78.744,43.163,139.576,137.659,0.0009,151.618,0.2672,84.87,0.1559,275.319,0.4249,154.372
16,18112,4,2048,51200,256,1,1,1,168.777,181.614,144.995,156.154,155.276,0.0009,169.067,0.2274,99.905,0.1385,310.553,0.3677,178.731
16,18128,4,2048,51200,256,1,1,1,152.102,77.216,43.456,145.311,142.228,0.0009,151.098,0.2658,85.614,0.1514,284.455,0.419,157.09
16,18144,4,2048,51200,256,1,1,1,170.589,150.783,125.136,176.36,156.637,0.0009,165.827,0.2261,100.796,0.1377,313.273,0.3657,180.314
16,18160,4,2048,51200,256,1,1,1,145.84,73.814,43.571,155.52,151.052,0.0009,161.412,0.2625,86.975,0.1431,302.104,0.4074,162.127
16,18176,4,2048,51200,256,1,1,1,164.769,187.205,164.397,155.597,155.359,0.0009,169.481,0.2303,99.321,0.1394,310.719,0.3715,178.136
16,18192,4,2048,51200,256,1,1,1,141.961,74.469,43.686,135.652,140.927,0.0009,150.451,0.2782,82.362,0.1539,281.853,0.4339,152.767
16,18208,4,2048,51200,256,1,1,1,147.845,151.708,127.413,184.933,158.081,0.0009,152.441,0.2486,92.31,0.1374,316.162,0.3879,171.183
16,18224,4,2048,51200,256,1,1,1,146.975,77.394,43.361,135.34,142.897,0.0009,152.588,0.2735,84.064,0.1523,285.795,0.4276,155.55
16,18240,4,2048,51200,256,1,1,1,166.82,167.794,161.688,154.27,155.464,0.0009,161.535,0.2355,97.776,0.1402,310.929,0.3776,176.463
16,18256,4,2048,51200,256,1,1,1,148.621,77.331,43.536,155.287,138.725,0.0009,157.982,0.2643,87.271,0.1574,277.451,0.4236,157.571
16,18272,4,2048,51200,256,1,1,1,150.135,158.593,133.08,157.97,154.92,0.0009,150.934,0.254,90.986,0.1412,309.839,0.397,168.411
16,18288,4,2048,51200,256,1,1,1,153.809,72.772,43.157,152.041,138.052,0.0009,151.008,0.2672,86.636,0.1588,276.104,0.4278,156.576
16,18304,4,2048,51200,256,1,1,1,155.167,176.209,166.531,156.318,161.244,0.0009,163.519,0.2423,95.681,0.1362,322.488,0.3803,176.415
16,18320,4,2048,51200,256,1,1,1,153.739,74.679,43.452,137.893,140.673,0.0009,168.526,0.2607,89.07,0.1564,281.345,0.419,160.428
16,18336,4,2048,51200,256,1,1,1,162.043,154.786,129.687,138.577,156.53,0.0009,154.52,0.25,93.06,0.1408,313.06,0.3926,171.496
16,18352,4,2048,51200,256,1,1,1,150.572,69.188,43.469,150.643,147.786,0.0009,153.123,0.2702,86.254,0.1494,295.571,0.4214,160.062
16,18368,4,2048,51200,256,1,1,1,152.412,183.261,158.081,133.85,169.622,0.0009,151.461,0.2591,90.096,0.1304,339.244,0.3913,172.668
16,18384,4,2048,51200,256,1,1,1,135.892,77.878,43.671,135.917,142.965,0.0009,159.688,0.2816,83.035,0.1549,285.929,0.4384,154.384
16,18400,4,2048,51200,256,1,1,1,162.364,151.776,119.199,176.169,155.514,0.0009,151.637,0.245,95.597,0.1427,311.029,0.3895,174.043
16,18416,4,2048,51200,256,1,1,1,149.487,71.369,43.988,135.161,141.774,0.0009,153.53,0.276,85.023,0.1568,283.549,0.4346,156.271
16,18432,4,2048,51200,256,1,1,1,136.482,170.884,181.15,141.184,135.494,0.0009,172.861,0.2583,91.002,0.1643,270.989,0.4244,160.288
16,18448,4,2048,51200,256,1,1,1,136.726,69.445,43.893,148.644,156.427,0.0009,150.193,0.2859,82.34,0.1426,312.855,0.4304,158.353
16,18464,4,2048,51200,256,1,1,1,157.761,143.632,132.559,153.588,156.948,0.0009,144.697,0.2586,91.184,0.1424,313.897,0.4028,169.467
16,18480,4,2048,51200,256,1,1,1,153.172,69.071,43.966,135.29,138.533,0.0009,164.628,0.2682,88.076,0.1616,277.067,0.4316,158.433
16,18496,4,2048,51200,256,1,1,1,154.267,192.793,162.029,136.646,155.069,0.0009,150.642,0.2601,90.983,0.1446,310.137,0.4065,168.51
16,18512,4,2048,51200,256,1,1,1,152.603,69.737,43.689,134.877,140.938,0.0009,150.479,0.2783,85.155,0.1594,281.877,0.4396,156.11
16,18528,4,2048,51200,256,1,1,1,157.92,144.764,134.394,154.711,168.937,0.0009,171.025,0.243,97.7,0.1332,337.873,0.378,181.82
16,18544,4,2048,51200,256,1,1,1,137.526,71.098,43.79,155.64,137.743,0.0009,154.002,0.2831,84.01,0.1636,275.487,0.4486,153.499
16,18560,4,2048,51200,256,1,1,1,150.75,191.967,172.784,137.935,155.326,0.0009,150.901,0.2633,90.486,0.1453,310.652,0.4105,168.033
16,18576,4,2048,51200,256,1,1,1,151.751,67.162,43.876,159.825,138.031,0.0009,151.291,0.2736,87.203,0.1638,276.063,0.4393,157.258
16,18592,4,2048,51200,256,1,1,1,155.005,141.103,133.688,155.999,158.704,0.0009,158.405,0.2535,94.3,0.1427,317.408,0.398,173.869
16,18608,4,2048,51200,256,1,1,1,152.412,74.466,43.642,137.403,141.885,0.0009,167.313,0.2689,89.02,0.1599,283.769,0.4308,160.94
16,18624,4,2048,51200,256,1,1,1,154.804,192.781,166.035,154.029,156.552,0.0009,151.179,0.2574,93.178,0.1452,313.104,0.4044,171.705
16,18640,4,2048,51200,256,1,1,1,152.258,70.783,44.115,152.075,137.597,0.0009,151.896,0.2756,87.175,0.1655,275.193,0.4429,157.054
16,18656,4,2048,51200,256,1,1,1,155.228,147.628,132.488,156.881,162.706,0.0009,157.81,0.2547,94.474,0.1402,325.412,0.3967,175.634
16,18672,4,2048,51200,256,1,1,1,154.649,65.809,44.448,151.067,140.54,0.0009,153.312,0.2744,87.833,0.1626,281.081,0.4389,159.044
16,18688,4,2048,51200,256,1,1,1,151.532,188.385,182.405,155.224,155.777,0.0009,151.606,0.2603,92.741,0.1469,311.555,0.4091,170.902
16,18704,4,2048,51200,256,1,1,1,153.436,60.624,44.514,162.035,137.229,0.0009,151.056,0.2758,87.692,0.1671,274.458,0.4447,157.485
16,18720,4,2048,51200,256,1,1,1,154.551,156.157,136.733,153.572,156.168,0.0009,157.066,0.2574,94.093,0.1471,312.335,0.4064,172.639
16,18736,4,2048,51200,256,1,1,1,150.034,73.715,44.623,137.017,139.407,0.0009,168.696,0.2728,88.953,0.165,278.814,0.4397,159.836
16,18752,4,2048,51200,256,1,1,1,159.731,191.399,170.685,134.911,156.74,0.0009,150.617,0.2623,92.647,0.147,313.479,0.4112,171.179
16,18768,4,2048,51200,256,1,1,1,149.643,71.5,44.561,155.422,137.9,0.0009,150.893,0.2801,86.909,0.1674,275.801,0.4494,156.906
16,18784,4,2048,51200,256,1,1,1,154.449,154.032,135.139,154.449,155.611,0.0009,150.978,0.2628,92.772,0.1486,311.222,0.4133,170.894
16,18800,4,2048,51200,256,1,1,1,132.033,75.949,44.457,109.495,139.821,0.0009,153.342,0.3098,78.84,0.1657,279.641,0.4774,148.214
16,18816,4,2048,51200,256,1,1,1,154.313,189.284,165.805,156.799,155.725,0.0009,172.574,0.2484,98.503,0.149,311.45,0.3992,177.512
16,18832,4,2048,51200,256,1,1,1,149.359,75.864,38.648,163.823,139.535,0.0009,150.224,0.282,86.895,0.1666,279.069,0.4505,157.591
16,18848,4,2048,51200,256,1,1,1,159.017,152.55,146.755,156.658,154.854,0.0009,150.389,0.2605,94.211,0.1503,309.709,0.4128,172.272
16,18864,4,2048,51200,256,1,1,1,142.908,80.627,44.675,109.654,149.997,0.0009,130.101,0.3192,77.024,0.1555,299.994,0.4766,149.459
16,18880,4,2048,51200,256,1,1,1,154.026,181.592,164.363,156.334,163.06,0.0009,163.335,0.2554,96.422,0.1433,326.12,0.4006,178.126
16,18896,4,2048,51200,256,1,1,1,142.622,58.409,38.846,136.576,140.519,0.0009,150.489,0.2984,82.67,0.1665,281.038,0.4668,153.101
16,18912,4,2048,51200,256,1,1,1,172.585,153.325,132.896,138.534,168.264,0.0009,152.855,0.2569,96.195,0.1393,336.528,0.3981,179.848
16,18928,4,2048,51200,256,1,1,1,141.366,55.578,38.985,139.763,136.827,0.0009,152.789,0.2982,82.996,0.1716,273.653,0.4717,152.026
16,18944,4,2048,51200,256,1,1,1,154.315,206.446,204.57,137.795,172.298,0.0009,166.551,0.2586,95.872,0.1365,344.596,0.397,180.95
16,18960,4,2048,51200,256,1,1,1,142.73,59.791,45.303,157.927,141.201,0.0009,142.162,0.2976,83.425,0.1668,282.402,0.4664,154.27
16,18976,4,2048,51200,256,1,1,1,163.308,156.598,126.415,156.961,154.633,0.0009,163.588,0.2524,98.553,0.1526,309.265,0.4069,177.134
16,18992,4,2048,51200,256,1,1,1,142.821,63.835,45.467,135.361,141.085,0.0009,150.216,0.2979,83.643,0.1675,282.17,0.4673,154.488
16,19008,4,2048,51200,256,1,1,1,152.518,194.818,145.785,168.726,147.788,0.0009,150.786,0.2649,94.196,0.1602,295.576,0.427,169.342
16,19024,4,2048,51200,256,1,1,1,139.118,58.304,45.328,134.774,145.206,0.0009,168.709,0.2915,85.75,0.1633,290.413,0.4567,158.592
16,19040,4,2048,51200,256,1,1,1,156.094,144.547,135.337,158.138,154.482,0.0009,150.492,0.267,93.773,0.1538,308.963,0.4227,171.658
16,19056,4,2048,51200,256,1,1,1,137.329,61.619,45.627,135.434,139.751,0.0009,170.232,0.2922,85.823,0.1703,279.502,0.4644,156.495
16,19072,4,2048,51200,256,1,1,1,155.404,192.159,186.949,153.822,155.548,0.0009,151.2,0.2664,94.303,0.1533,311.097,0.4215,172.708
16,19088,4,2048,51200,256,1,1,1,130.54,73.979,45.728,109.644,139.867,0.0009,150.281,0.3208,78.415,0.1707,279.734,0.4935,147.764
16,19104,4,2048,51200,256,1,1,1,154.961,158.694,128.412,154.298,154.41,0.0009,163.121,0.2618,96.261,0.1549,308.821,0.4186,174.486
16,19120,4,2048,51200,256,1,1,1,154.471,76.024,39.517,153.028,136.488,0.0009,152.151,0.2856,88.394,0.1755,272.976,0.463,158.016
16,19136,4,2048,51200,256,1,1,1,159.508,188.17,153.747,157.742,161.212,0.0009,152.118,0.264,95.771,0.1489,322.424,0.4147,176.691
16,19152,4,2048,51200,256,1,1,1,138.535,79.081,45.751,153.41,146.732,0.0009,151.315,0.2977,85.076,0.1638,293.465,0.4634,158.401
16,19168,4,2048,51200,256,1,1,1,154.953,135.736,124.358,154.501,155.449,0.0009,150.409,0.2723,93.144,0.1549,310.897,0.4291,171.338
16,19184,4,2048,51200,256,1,1,1,138.35,74.764,45.81,131.511,146.758,0.0009,151.524,0.3055,83.172,0.1643,293.516,0.4717,156.124
16,19200,4,2048,51200,256,1,1,1,149.133,201.146,190.75,151.102,149.848,0.0009,167.853,0.264,96.391,0.1612,299.697,0.4271,172.719
16,19216,4,2048,51200,256,1,1,1,147.431,74.402,46.083,156.675,137.507,0.0009,151.472,0.2908,87.652,0.176,275.014,0.4687,157.655
16,19232,4,2048,51200,256,1,1,1,153.699,145.686,131.28,137.777,154.153,0.0009,152.401,0.2775,92.012,0.1572,308.306,0.4366,169.514
16,19248,4,2048,51200,256,1,1,1,136.301,78.117,46.007,158.687,145.706,0.0009,152.262,0.3002,85.182,0.1666,291.413,0.4687,158.154
16,19264,4,2048,51200,256,1,1,1,158.046,177.874,152.061,153.345,174.607,0.0009,150.501,0.2703,94.752,0.1393,349.214,0.4115,180.45
16,19280,4,2048,51200,256,1,1,1,154.09,61.091,45.951,135.385,139.494,0.0009,149.653,0.2963,86.585,0.1746,278.988,0.4728,157.3
16,19296,4,2048,51200,256,1,1,1,154.606,138.939,129.593,153.636,154.572,0.0009,167.01,0.2647,97.094,0.1579,309.144,0.4244,175.536
16,19312,4,2048,51200,256,1,1,1,141.458,75.363,45.227,135.56,141.699,0.0009,150.647,0.3051,84.351,0.1725,283.397,0.4795,155.619
16,19328,4,2048,51200,256,1,1,1,156.271,204.036,181.778,151.497,151.443,0.0009,166.548,0.262,98.396,0.1617,302.885,0.4255,175.645
16,19344,4,2048,51200,256,1,1,1,138.685,75.281,46.139,127.947,144.206,0.0009,152.563,0.3096,83.405,0.1701,288.413,0.4815,155.474
16,19360,4,2048,51200,256,1,1,1,155.866,147.511,131.165,154.634,154.544,0.0009,151.344,0.2746,94.193,0.1589,309.089,0.4354,172.234
16,19376,4,2048,51200,256,1,1,1,151.715,79.715,46.4,152.993,141.773,0.0009,171.088,0.279,92.846,0.1735,283.546,0.4544,165.286
16,19392,4,2048,51200,256,1,1,1,169.972,194.059,152.326,154.451,,,,,,,,,
