num_attention_heads,hidden_size,train_micro_batch_size_per_gpu,seq_length,vocab_size,train_batch_size,tensor_mp_size,pipeline_mp_size,dp_size,attention_qkv_transform,attention_score,attention_over_value,attention_linear_projection,mlp_h_to_4h,transformer_layer_norm,logit_block,estimated_attention_duration,estimated_attention_throughput,estimated_mlp_duration,estimated_mlp_throughput,estimated_duration,estimated_throughput
8,8,4,2048,51200,256,1,1,1,0.042,0.998,0.878,0.022,0.089,0.0,7.093,0.0016,0.329,0.0,0.177,0.0018,0.311
8,16,4,2048,51200,256,1,1,1,0.27,2.406,1.943,0.089,0.358,0.0,14.094,0.0015,0.706,0.0,0.716,0.0017,0.672
8,24,4,2048,51200,256,1,1,1,0.605,2.934,2.448,0.199,0.801,0.0,18.585,0.0018,0.926,0.0,1.602,0.0019,0.895
8,32,4,2048,51200,256,1,1,1,1.1,4.835,3.895,0.344,1.41,0.0,24.152,0.0017,1.3,0.0,2.82,0.0019,1.27
8,40,4,2048,51200,256,1,1,1,1.661,4.822,4.069,0.539,2.174,0.0,28.138,0.0019,1.471,0.0,4.347,0.002,1.479
8,48,4,2048,51200,256,1,1,1,2.676,6.926,5.711,0.805,3.178,0.0,33.73,0.0018,1.876,0.0,6.355,0.0019,1.889
8,56,4,2048,51200,256,1,1,1,3.271,6.736,5.614,1.072,4.289,0.0,39.22,0.0019,2.079,0.0,8.578,0.002,2.149
8,64,4,2048,51200,256,1,1,1,4.331,9.594,7.703,1.387,5.697,0.0,44.611,0.0018,2.534,0.0,11.394,0.0019,2.645
8,72,4,2048,51200,256,1,1,1,5.389,8.604,7.107,1.601,7.347,0.0,55.521,0.0018,2.859,0.0,14.695,0.0019,3.009
8,80,4,2048,51200,256,1,1,1,6.78,11.271,9.223,2.192,7.395,0.0,60.69,0.0017,3.347,0.0001,14.79,0.0019,3.551
8,88,4,2048,51200,256,1,1,1,8.023,10.761,8.606,2.734,10.957,0.0,66.543,0.0018,3.522,0.0,21.913,0.0019,3.814
8,96,4,2048,51200,256,1,1,1,9.847,13.129,11.295,3.167,12.562,0.0,71.545,0.0017,4.027,0.0,25.124,0.0019,4.391
8,104,4,2048,51200,256,1,1,1,11.263,12.263,10.128,3.692,15.069,0.0,76.42,0.0019,4.12,0.0,30.138,0.002,4.568
8,112,4,2048,51200,256,1,1,1,13.545,15.55,12.584,4.218,15.737,0.0,83.534,0.0018,4.74,0.0001,31.473,0.0019,5.276
8,120,4,2048,51200,256,1,1,1,15.15,14.091,11.578,4.696,19.694,0.0,87.992,0.0019,4.8,0.0,39.387,0.002,5.435
8,128,4,2048,51200,256,1,1,1,15.183,17.866,15.287,5.501,50.84,0.0,92.456,0.0018,5.415,0.0,101.68,0.0019,6.261
8,136,4,2048,51200,256,1,1,1,19.492,17.265,10.779,5.688,26.26,0.0,89.566,0.0021,5.016,0.0,52.52,0.0022,5.832
8,144,4,2048,51200,256,1,1,1,21.704,18.857,13.304,7.347,28.454,0.0,94.131,0.002,5.523,0.0,56.908,0.0021,6.463
8,152,4,2048,51200,256,1,1,1,18.459,19.226,12.015,4.46,32.859,0.0,99.54,0.0021,5.533,0.0,65.718,0.0023,6.543
8,160,4,2048,51200,256,1,1,1,38.084,20.893,14.516,8.886,48.999,0.0,104.155,0.002,6.221,0.0,97.998,0.0021,7.471
8,168,4,2048,51200,256,1,1,1,29.144,21.091,13.268,9.634,38.535,0.0,109.867,0.0021,6.339,0.0,77.07,0.0022,7.648
8,176,4,2048,51200,256,1,1,1,50.887,22.961,16.164,10.826,45.804,0.0,115.171,0.002,6.986,0.0,91.608,0.0021,8.488
8,184,4,2048,51200,256,1,1,1,35.376,23.33,14.639,12.294,70.933,0.0,119.053,0.0021,7.02,0.0,141.866,0.0022,8.685
8,192,4,2048,51200,256,1,1,1,30.199,24.672,17.656,13.434,55.821,0.0,126.43,0.002,7.632,0.0,111.641,0.0021,9.464
8,200,4,2048,51200,256,1,1,1,40.488,24.951,14.32,14.397,55.072,0.0,126.655,0.0022,7.44,0.0,110.145,0.0023,9.325
8,208,4,2048,51200,256,1,1,1,37.333,26.885,19.157,12.48,84.587,0.0,131.111,0.0021,8.119,0.0,169.174,0.0022,10.296
8,216,4,2048,51200,256,1,1,1,45.429,26.717,15.503,17.31,60.285,0.0,135.227,0.0022,8.077,0.0001,120.57,0.0023,10.282
8,224,4,2048,51200,256,1,1,1,53.244,28.265,20.054,18.482,69.433,0.0,141.922,0.0021,8.913,0.0,138.865,0.0022,11.449
8,232,4,2048,51200,256,1,1,1,50.334,28.628,16.574,15.906,66.205,0.0001,143.513,0.0022,8.658,0.0001,132.41,0.0024,11.017
8,240,4,2048,51200,256,1,1,1,59.578,30.311,21.907,20.953,68.684,0.0,150.181,0.0021,9.621,0.0001,137.368,0.0022,12.471
8,248,4,2048,51200,256,1,1,1,61.344,30.433,17.717,22.176,62.98,0.0,156.044,0.0022,9.522,0.0001,125.96,0.0023,12.411
8,256,4,2048,51200,256,1,1,1,69.184,35.067,23.661,24.097,108.899,0.0,159.593,0.002,10.503,0.0,217.798,0.0022,13.891
8,264,4,2048,51200,256,1,1,1,60.397,30.487,20.826,16.559,67.171,0.0,120.405,0.0027,8.312,0.0001,134.341,0.0028,11.05
8,272,4,2048,51200,256,1,1,1,65.404,33.03,25.052,26.77,75.76,0.0001,134.256,0.0024,9.464,0.0001,151.519,0.0026,12.579
8,280,4,2048,51200,256,1,1,1,62.884,32.14,21.89,28.368,76.459,0.0,141.195,0.0025,9.604,0.0001,152.917,0.0027,12.878
8,288,4,2048,51200,256,1,1,1,78.041,38.094,25.784,30.829,84.829,0.0001,136.154,0.0025,9.908,0.0001,169.657,0.0027,13.361
8,296,4,2048,51200,256,1,1,1,70.924,33.968,23.332,33.477,85.548,0.0001,140.564,0.0026,9.894,0.0001,171.097,0.0028,13.46
8,304,4,2048,51200,256,1,1,1,76.113,37.174,27.834,33.738,82.74,0.0,143.602,0.0025,10.494,0.0001,165.48,0.0027,14.351
8,312,4,2048,51200,256,1,1,1,77.272,35.784,24.705,35.728,89.299,0.0,153.436,0.0025,10.803,0.0001,178.598,0.0027,14.884
8,320,4,2048,51200,256,1,1,1,118.483,41.67,29.241,56.527,101.312,0.0,146.347,0.0025,11.135,0.0001,202.623,0.0027,15.455
8,328,4,2048,51200,256,1,1,1,80.708,37.273,25.063,39.557,89.931,0.0,144.607,0.0027,10.579,0.0001,179.863,0.0029,14.758
8,336,4,2048,51200,256,1,1,1,87.802,40.968,31.255,41.66,97.455,0.0,156.699,0.0025,11.78,0.0001,194.909,0.0027,16.507
8,344,4,2048,51200,256,1,1,1,79.028,38.776,26.157,43.825,94.392,0.0,155.224,0.0027,11.356,0.0001,188.785,0.0029,16.009
8,352,4,2048,51200,256,1,1,1,90.627,43.68,31.339,46.221,107.07,0.0,164.387,0.0026,12.425,0.0001,214.14,0.0027,17.629
8,360,4,2048,51200,256,1,1,1,83.466,40.33,27.31,46.811,102.183,0.0,162.921,0.0027,12.017,0.0001,204.366,0.0029,17.137
8,368,4,2048,51200,256,1,1,1,90.637,44.29,33.229,49.526,110.059,0.0,160.401,0.0027,12.465,0.0001,220.118,0.0029,17.883
8,376,4,2048,51200,256,1,1,1,89.456,42.179,28.426,49.92,101.592,0.0,178.271,0.0026,13.086,0.0001,203.185,0.0028,18.787
8,384,4,2048,51200,256,1,1,1,101.68,46.957,34.637,51.098,118.311,0.0,177.819,0.0026,13.753,0.0001,236.623,0.0027,19.932
8,392,4,2048,51200,256,1,1,1,91.929,35.962,28.192,53.43,113.305,0.0001,142.961,0.0033,11.153,0.0001,226.609,0.0035,16.35
8,400,4,2048,51200,256,1,1,1,99.599,47.167,35.696,55.445,120.25,0.0,160.253,0.0029,12.959,0.0001,240.499,0.0031,19.016
8,408,4,2048,51200,256,1,1,1,96.214,37.602,29.143,42.615,115.272,0.0001,172.619,0.003,12.911,0.0001,230.545,0.0032,18.978
8,416,4,2048,51200,256,1,1,1,112.276,49.15,36.427,63.974,131.145,0.0,183.088,0.0027,14.577,0.0001,262.29,0.0029,21.543
8,424,4,2048,51200,256,1,1,1,99.062,38.385,30.152,59.964,122.829,0.0,179.244,0.003,13.57,0.0001,245.659,0.0032,20.21
8,432,4,2048,51200,256,1,1,1,101.56,49.943,39.008,66.24,151.519,0.0,185.361,0.0028,14.971,0.0001,303.037,0.0029,22.424
8,440,4,2048,51200,256,1,1,1,96.942,38.967,30.165,60.719,117.566,0.0,181.865,0.003,13.849,0.0001,235.133,0.0033,20.778
8,448,4,2048,51200,256,1,1,1,137.319,52.871,39.476,104.858,141.861,0.0,187.515,0.0028,15.588,0.0001,283.722,0.003,23.479
8,456,4,2048,51200,256,1,1,1,101.879,40.029,31.074,66.958,114.017,0.0,192.075,0.003,14.658,0.0001,228.034,0.0032,22.107
8,464,4,2048,51200,256,1,1,1,111.721,53.188,41.638,95.439,126.794,0.0,194.111,0.0028,16.14,0.0001,253.588,0.003,24.397
8,472,4,2048,51200,256,1,1,1,121.562,41.503,31.777,72.193,120.545,0.0,191.498,0.0031,14.985,0.0001,241.089,0.0033,22.833
8,480,4,2048,51200,256,1,1,1,151.237,55.707,41.708,80.112,136.081,0.0,203.221,0.0028,17.027,0.0001,272.161,0.003,25.945
8,488,4,2048,51200,256,1,1,1,107.902,42.704,32.733,74.575,124.896,0.0,203.445,0.0031,15.82,0.0001,249.792,0.0033,24.27
8,496,4,2048,51200,256,1,1,1,118.18,56.44,43.788,84.965,125.803,0.0001,197.222,0.0029,16.838,0.0001,251.606,0.0032,25.81
8,504,4,2048,51200,256,1,1,1,105.451,42.035,33.953,76.956,133.391,0.0001,208.146,0.0031,16.259,0.0001,266.782,0.0033,25.159
8,512,4,2048,51200,256,1,1,1,138.966,62.7,46.684,57.481,141.282,0.0001,217.692,0.0028,18.523,0.0001,282.564,0.003,28.304
8,520,4,2048,51200,256,1,1,1,117.909,42.186,40.39,61.806,116.769,0.0001,120.22,0.0047,11.295,0.0002,233.539,0.005,17.782
8,528,4,2048,51200,256,1,1,1,128.689,57.004,47.019,69.969,128.231,0.0001,127.331,0.0043,12.38,0.0001,256.462,0.0046,19.514
8,536,4,2048,51200,256,1,1,1,121.399,43.918,41.319,65.159,121.129,0.0001,127.432,0.0046,12.013,0.0002,242.257,0.0049,19.008
8,544,4,2048,51200,256,1,1,1,143.847,61.419,55.341,101.013,137.823,0.0001,129.369,0.0043,12.99,0.0001,275.646,0.0046,20.61
8,552,4,2048,51200,256,1,1,1,123.653,44.277,42.607,66.035,120.878,0.0001,131.812,0.0046,12.495,0.0002,241.756,0.0049,19.883
8,560,4,2048,51200,256,1,1,1,132.514,60.072,49.138,77.38,147.985,0.0001,135.132,0.0044,13.351,0.0001,295.969,0.0046,21.38
8,568,4,2048,51200,256,1,1,1,125.694,44.348,43.633,67.491,123.502,0.0001,135.55,0.0046,12.922,0.0002,247.003,0.0049,20.658
8,576,4,2048,51200,256,1,1,1,145.084,62.459,59.185,83.474,161.109,0.0001,136.456,0.0044,13.87,0.0001,322.218,0.0046,22.404
8,584,4,2048,51200,256,1,1,1,129.429,45.47,43.992,70.984,126.422,0.0001,143.911,0.0045,13.71,0.0002,252.844,0.0048,22.082
8,592,4,2048,51200,256,1,1,1,135.085,63.472,51.028,80.196,142.765,0.0001,138.124,0.0045,13.943,0.0002,285.53,0.0048,22.602
8,600,4,2048,51200,256,1,1,1,115.02,45.442,45.238,89.693,133.868,0.0001,147.093,0.0045,14.098,0.0002,267.737,0.0049,22.814
8,608,4,2048,51200,256,1,1,1,137.068,57.076,61.642,88.443,157.559,0.0001,143.044,0.0045,14.597,0.0002,315.118,0.0048,23.864
8,616,4,2048,51200,256,1,1,1,120.298,47.758,44.287,73.383,123.158,0.0001,145.576,0.0047,14.12,0.0002,246.316,0.005,23.008
8,624,4,2048,51200,256,1,1,1,132.833,66.664,53.964,85.839,152.402,0.0001,145.029,0.0045,14.878,0.0002,304.803,0.0048,24.437
8,632,4,2048,51200,256,1,1,1,124.193,48.639,47.083,81.314,143.136,0.0001,149.002,0.0047,14.646,0.0002,286.271,0.005,24.116
8,640,4,2048,51200,256,1,1,1,152.705,69.96,65.36,97.883,169.896,0.0001,151.378,0.0044,15.926,0.0002,339.792,0.0047,26.361
8,648,4,2048,51200,256,1,1,1,128.353,46.828,46.476,84.725,120.443,0.0001,151.598,0.0048,14.918,0.0002,240.886,0.0051,24.517
8,656,4,2048,51200,256,1,1,1,141.921,66.767,55.788,93.958,146.644,0.0001,151.726,0.0046,15.786,0.0002,293.287,0.0049,26.12
8,664,4,2048,51200,256,1,1,1,131.371,49.432,48.067,87.581,135.173,0.0001,154.747,0.0048,15.428,0.0002,270.346,0.0051,25.569
8,672,4,2048,51200,256,1,1,1,159.548,70.712,67.045,103.915,157.823,0.0001,155.266,0.0045,16.612,0.0002,315.646,0.0048,27.707
8,680,4,2048,51200,256,1,1,1,134.009,50.759,48.796,90.448,136.8,0.0001,158.794,0.0048,15.944,0.0002,273.599,0.0051,26.597
8,688,4,2048,51200,256,1,1,1,132.252,70.092,59.23,100.875,151.885,0.0001,155.244,0.0047,16.461,0.0002,303.771,0.005,27.62
8,696,4,2048,51200,256,1,1,1,122.078,50.858,49.893,92.805,143.78,0.0001,161.813,0.0048,16.29,0.0002,287.561,0.0052,27.37
8,704,4,2048,51200,256,1,1,1,151.045,74.622,69.674,111.418,179.332,0.0001,165.798,0.0045,17.909,0.0002,358.665,0.0048,30.269
8,712,4,2048,51200,256,1,1,1,126.253,50.901,50.073,98.223,145.92,0.0001,171.408,0.0047,17.188,0.0002,291.84,0.0051,28.973
8,720,4,2048,51200,256,1,1,1,139.146,73.156,60.362,105.956,157.637,0.0001,167.746,0.0046,17.912,0.0002,315.273,0.005,30.289
8,728,4,2048,51200,256,1,1,1,129.01,52.801,50.781,100.968,149.248,0.0001,176.121,0.0047,17.788,0.0002,298.496,0.0051,30.119
8,736,4,2048,51200,256,1,1,1,161.171,76.241,72.245,117.148,174.091,0.0001,167.696,0.0046,18.502,0.0002,348.182,0.0049,31.545
8,744,4,2048,51200,256,1,1,1,130.304,54.356,49.353,111.25,152.679,0.0001,168.818,0.005,17.407,0.0002,305.358,0.0053,29.728
8,752,4,2048,51200,256,1,1,1,155.179,75.223,62.656,112.224,166.282,0.0001,168.583,0.0047,18.459,0.0002,332.563,0.0051,31.597
8,760,4,2048,51200,256,1,1,1,141.781,53.755,52.377,104.222,155.341,0.0001,179.713,0.0048,18.512,0.0002,310.683,0.0052,31.704
8,768,4,2048,51200,256,1,1,1,176.173,83.021,77.958,122.263,181.239,0.0001,168.873,0.0047,19.192,0.0002,362.478,0.0051,33.109
8,776,4,2048,51200,256,1,1,1,139.299,50.081,55.523,99.136,146.424,0.0001,174.354,0.005,18.183,0.0003,292.848,0.0055,31.233
8,784,4,2048,51200,256,1,1,1,155.601,75.681,65.754,112.595,162.375,0.0001,179.828,0.0047,19.814,0.0002,324.751,0.0051,34.074
8,792,4,2048,51200,256,1,1,1,141.688,52.116,56.236,95.37,149.594,0.0001,174.019,0.0051,18.389,0.0003,299.188,0.0056,31.781
8,800,4,2048,51200,256,1,1,1,175.308,81.78,70.404,109.776,173.836,0.0001,167.967,0.005,19.203,0.0002,347.671,0.0054,33.394
8,808,4,2048,51200,256,1,1,1,145.333,52.879,57.646,105.53,154.04,0.0001,171.037,0.0053,18.415,0.0003,308.08,0.0057,32.044
8,816,4,2048,51200,256,1,1,1,172.763,78.517,68.892,112.144,168.876,0.0001,171.46,0.005,19.581,0.0003,337.752,0.0054,34.147
8,824,4,2048,51200,256,1,1,1,134.83,52.294,58.608,107.711,156.197,0.0001,169.417,0.0054,18.374,0.0003,312.394,0.0059,32.026
8,832,4,2048,51200,256,1,1,1,179.908,83.926,80.185,153.097,183.815,0.0001,173.539,0.005,20.38,0.0002,367.63,0.0054,35.763
8,840,4,2048,51200,256,1,1,1,149.852,52.846,59.373,108.245,157.244,0.0001,170.177,0.0055,18.701,0.0003,314.487,0.0059,32.866
8,848,4,2048,51200,256,1,1,1,167.165,79.074,70.375,119.249,173.364,0.0001,185.04,0.0049,21.151,0.0003,346.727,0.0053,37.091
8,856,4,2048,51200,256,1,1,1,134.346,54.822,59.869,114.117,159.983,0.0001,185.313,0.0053,20.082,0.0003,319.967,0.0057,35.299
8,864,4,2048,51200,256,1,1,1,167.085,84.453,81.326,133.289,188.511,0.0001,177.659,0.0051,21.0,0.0003,377.022,0.0055,37.195
8,872,4,2048,51200,256,1,1,1,135.729,55.441,61.008,113.919,161.291,0.0001,188.621,0.0053,20.559,0.0003,322.582,0.0057,36.281
8,880,4,2048,51200,256,1,1,1,152.988,81.515,74.116,124.39,177.402,0.0001,172.074,0.0054,20.329,0.0003,354.803,0.0058,36.172
8,888,4,2048,51200,256,1,1,1,135.406,54.254,61.89,115.353,161.373,0.0001,183.812,0.0055,20.3,0.0003,322.746,0.006,36.034
8,896,4,2048,51200,256,1,1,1,172.345,90.036,86.752,121.251,179.054,0.0001,194.551,0.0049,23.097,0.0003,358.109,0.0053,41.05
8,904,4,2048,51200,256,1,1,1,139.239,52.069,61.603,118.113,164.326,0.0001,194.996,0.0054,21.287,0.0003,328.652,0.0058,37.857
8,912,4,2048,51200,256,1,1,1,157.529,81.232,75.299,132.871,182.525,0.0001,174.266,0.0055,20.905,0.0003,365.049,0.006,37.523
8,920,4,2048,51200,256,1,1,1,131.553,31.793,62.308,120.965,167.4,0.0001,195.388,0.0058,20.046,0.0003,334.8,0.0063,36.017
8,928,4,2048,51200,256,1,1,1,177.197,88.161,87.764,144.566,199.176,0.0001,194.803,0.005,23.552,0.0003,398.352,0.0055,42.206
8,936,4,2048,51200,256,1,1,1,143.962,56.06,63.413,122.641,168.158,0.0001,196.766,0.0055,22.012,0.0003,336.316,0.006,39.44
8,944,4,2048,51200,256,1,1,1,166.064,84.369,78.234,134.59,189.517,0.0001,190.357,0.0053,22.918,0.0003,379.034,0.0058,41.194
8,952,4,2048,51200,256,1,1,1,138.619,55.783,64.434,147.31,162.603,0.0001,199.242,0.0055,22.42,0.0004,325.206,0.006,40.206
8,960,4,2048,51200,256,1,1,1,187.06,92.077,91.367,144.964,204.489,0.0001,189.32,0.0053,23.541,0.0003,408.979,0.0058,42.695
8,968,4,2048,51200,256,1,1,1,146.416,56.288,64.951,129.839,153.43,0.0001,201.002,0.0055,22.77,0.0004,306.86,0.0061,40.809
8,976,4,2048,51200,256,1,1,1,174.082,86.2,79.38,143.552,179.185,0.0001,192.555,0.0054,23.594,0.0003,358.37,0.0059,42.638
8,984,4,2048,51200,256,1,1,1,157.463,58.5,64.397,130.804,156.975,0.0001,200.489,0.0056,23.05,0.0004,313.95,0.0062,41.427
8,992,4,2048,51200,256,1,1,1,193.166,93.082,92.543,154.552,188.044,0.0001,206.436,0.0051,25.683,0.0003,376.088,0.0056,46.404
8,1000,4,2048,51200,256,1,1,1,160.544,59.502,65.546,135.989,159.782,0.0001,209.005,0.0055,24.047,0.0004,319.563,0.0061,43.331
8,1008,4,2048,51200,256,1,1,1,165.457,85.654,81.227,147.268,183.866,0.0001,199.593,0.0055,24.573,0.0004,367.731,0.006,44.703
8,1016,4,2048,51200,256,1,1,1,172.295,58.026,61.715,130.016,147.321,0.0001,217.917,0.0055,24.807,0.0005,294.643,0.0061,44.489
8,1024,4,2048,51200,256,1,1,1,200.574,103.768,100.797,156.636,192.816,0.0001,216.21,0.005,27.424,0.0004,385.631,0.0056,49.21
8,1032,4,2048,51200,256,1,1,1,150.46,56.405,50.227,118.157,163.475,0.0001,152.533,0.0075,18.604,0.0004,326.951,0.0082,34.188
8,1040,4,2048,51200,256,1,1,1,161.609,78.497,71.078,136.147,190.671,0.0001,143.883,0.0075,18.863,0.0004,381.341,0.0081,34.963
8,1048,4,2048,51200,256,1,1,1,154.593,59.465,51.255,120.221,156.203,0.0001,150.083,0.0076,18.642,0.0005,312.406,0.0083,34.299
8,1056,4,2048,51200,256,1,1,1,186.23,99.242,92.332,149.463,209.475,0.0001,150.948,0.007,20.488,0.0003,418.95,0.0076,38.042
8,1064,4,2048,51200,256,1,1,1,155.955,59.87,51.868,128.451,176.381,0.0001,156.311,0.0075,19.423,0.0004,352.763,0.0082,35.994
8,1072,4,2048,51200,256,1,1,1,170.094,83.949,72.533,128.89,195.395,0.0001,154.72,0.0072,20.41,0.0004,390.789,0.0079,37.939
8,1080,4,2048,51200,256,1,1,1,157.745,59.005,52.709,123.388,177.77,0.0001,151.638,0.0078,19.105,0.0004,355.54,0.0085,35.602
8,1088,4,2048,51200,256,1,1,1,191.594,99.572,96.315,153.729,212.426,0.0001,164.849,0.0067,22.436,0.0004,424.851,0.0073,41.712
8,1096,4,2048,51200,256,1,1,1,159.989,59.966,53.472,125.579,161.001,0.0001,149.279,0.008,19.068,0.0005,322.001,0.0087,35.512
8,1104,4,2048,51200,256,1,1,1,176.447,90.51,73.025,141.504,179.999,0.0001,149.018,0.0076,20.227,0.0004,359.998,0.0083,37.761
8,1112,4,2048,51200,256,1,1,1,159.708,61.45,53.988,128.42,164.551,0.0001,165.658,0.0075,20.845,0.0005,329.102,0.0082,38.674
8,1120,4,2048,51200,256,1,1,1,199.509,100.894,97.887,160.163,199.148,0.0001,172.852,0.0066,23.739,0.0004,398.296,0.0073,44.106
8,1128,4,2048,51200,256,1,1,1,149.418,62.441,54.746,125.765,162.484,0.0001,153.677,0.008,19.789,0.0005,324.969,0.0088,37.001
8,1136,4,2048,51200,256,1,1,1,179.914,98.792,75.177,156.387,179.669,0.0001,150.377,0.0077,20.837,0.0005,359.339,0.0084,39.083
8,1144,4,2048,51200,256,1,1,1,158.472,59.26,55.497,126.429,162.417,0.0001,153.167,0.0082,19.87,0.0005,324.835,0.009,37.271
8,1152,4,2048,51200,256,1,1,1,194.832,99.38,103.002,154.251,198.46,0.0001,177.884,0.0067,24.621,0.0004,396.92,0.0074,45.968
8,1160,4,2048,51200,256,1,1,1,161.44,56.221,55.95,129.077,161.228,0.0001,153.359,0.0083,19.971,0.0005,322.456,0.0091,37.563
8,1168,4,2048,51200,256,1,1,1,194.203,93.76,76.846,164.736,185.828,0.0001,159.185,0.0076,22.183,0.0005,371.657,0.0083,41.782
8,1176,4,2048,51200,256,1,1,1,164.639,60.277,56.365,132.352,164.719,0.0001,175.369,0.0076,22.416,0.0006,329.437,0.0084,41.91
8,1184,4,2048,51200,256,1,1,1,207.893,104.067,102.477,167.797,209.984,0.0001,153.881,0.0077,22.273,0.0004,419.967,0.0084,42.362
8,1192,4,2048,51200,256,1,1,1,151.113,57.21,53.018,134.781,168.521,0.0001,157.472,0.0084,20.515,0.0006,337.041,0.0092,38.871
8,1200,4,2048,51200,256,1,1,1,190.225,96.848,77.889,153.042,189.228,0.0001,159.08,0.0078,22.461,0.0005,378.456,0.0085,42.579
8,1208,4,2048,51200,256,1,1,1,145.147,58.514,57.648,134.924,174.643,0.0001,180.965,0.0077,23.047,0.0005,349.285,0.0085,43.439
8,1216,4,2048,51200,256,1,1,1,206.006,107.419,106.366,170.993,223.738,0.0001,170.341,0.0072,24.635,0.0004,447.475,0.0079,46.932
8,1224,4,2048,51200,256,1,1,1,170.522,59.166,56.003,142.909,164.695,0.0001,175.72,0.0079,22.9,0.0006,329.39,0.0087,43.167
8,1232,4,2048,51200,256,1,1,1,193.395,99.373,80.439,159.492,186.277,0.0001,163.194,0.0078,23.339,0.0005,372.555,0.0086,44.34
8,1240,4,2048,51200,256,1,1,1,172.927,61.513,56.754,145.049,164.675,0.0001,168.796,0.0082,22.485,0.0006,329.351,0.0091,42.598
8,1248,4,2048,51200,256,1,1,1,172.234,101.739,108.285,177.604,206.558,0.0001,161.501,0.0079,23.615,0.0005,413.116,0.0086,45.248
8,1256,4,2048,51200,256,1,1,1,174.292,62.797,57.374,147.795,158.392,0.0001,165.116,0.0084,22.325,0.0007,316.783,0.0093,42.338
8,1264,4,2048,51200,256,1,1,1,197.828,90.921,81.188,176.393,191.238,0.0001,188.326,0.0072,26.454,0.0005,382.476,0.008,50.062
8,1272,4,2048,51200,256,1,1,1,179.536,61.12,57.79,148.261,154.879,0.0001,173.774,0.0082,23.344,0.0007,309.758,0.0091,44.144
8,1280,4,2048,51200,256,1,1,1,217.368,110.082,113.049,188.085,214.337,0.0001,163.533,0.0078,24.623,0.0005,428.674,0.0086,47.47
8,1288,4,2048,51200,256,1,1,1,160.185,59.366,60.829,137.496,173.343,0.0001,180.28,0.0081,23.98,0.0006,346.685,0.009,45.729
8,1296,4,2048,51200,256,1,1,1,182.131,99.302,78.586,151.736,193.386,0.0001,187.029,0.0074,26.49,0.0006,386.772,0.0083,50.474
8,1304,4,2048,51200,256,1,1,1,111.462,62.025,61.85,139.914,167.265,0.0001,166.493,0.0089,22.274,0.0007,334.529,0.0099,42.799
8,1312,4,2048,51200,256,1,1,1,200.074,110.701,107.668,164.35,218.658,0.0001,175.689,0.0077,26.203,0.0005,437.316,0.0084,50.539
8,1320,4,2048,51200,256,1,1,1,163.141,62.708,62.658,141.212,177.512,0.0001,183.966,0.0082,24.852,0.0006,355.024,0.0091,47.59
8,1328,4,2048,51200,256,1,1,1,180.742,98.865,85.838,163.505,196.108,0.0001,179.389,0.0078,26.122,0.0006,392.216,0.0087,50.202
8,1336,4,2048,51200,256,1,1,1,154.5,36.579,63.36,141.356,178.446,0.0001,175.527,0.0091,22.725,0.0007,356.892,0.01,44.024
8,1344,4,2048,51200,256,1,1,1,199.535,111.077,115.705,168.153,215.268,0.0001,190.568,0.0073,28.444,0.0005,430.535,0.0081,54.707
8,1352,4,2048,51200,256,1,1,1,155.808,61.391,63.809,143.651,166.918,0.0001,190.881,0.0082,25.747,0.0007,333.835,0.0092,49.18
8,1360,4,2048,51200,256,1,1,1,184.45,103.226,87.475,159.83,186.233,0.0001,169.788,0.0084,25.4,0.0007,372.466,0.0093,49.042
8,1368,4,2048,51200,256,1,1,1,170.215,65.232,64.332,146.733,164.616,0.0001,174.348,0.0087,24.513,0.0007,329.232,0.0098,47.145
8,1376,4,2048,51200,256,1,1,1,212.901,114.171,117.759,175.856,214.057,0.0001,169.552,0.0082,26.336,0.0006,428.113,0.0091,51.311
8,1384,4,2048,51200,256,1,1,1,175.206,64.192,65.063,150.821,176.11,0.0001,195.333,0.0081,26.877,0.0007,352.22,0.0091,51.613
8,1392,4,2048,51200,256,1,1,1,176.868,103.336,84.225,163.172,194.431,0.0001,184.035,0.0081,27.262,0.0007,388.862,0.009,52.735
8,1400,4,2048,51200,256,1,1,1,174.424,62.917,65.8,149.835,165.239,0.0001,185.174,0.0086,25.953,0.0008,330.479,0.0096,49.9
8,1408,4,2048,51200,256,1,1,1,217.156,116.896,124.617,174.703,213.296,0.0001,194.526,0.0075,29.963,0.0006,426.592,0.0083,58.016
8,1416,4,2048,51200,256,1,1,1,177.1,60.492,66.352,153.681,173.264,0.0001,175.152,0.0091,25.01,0.0008,346.528,0.0101,48.568
8,1424,4,2048,51200,256,1,1,1,200.946,103.837,88.76,168.748,190.871,0.0001,192.561,0.0079,28.937,0.0007,381.743,0.0089,55.818
8,1432,4,2048,51200,256,1,1,1,177.601,63.344,66.877,151.942,171.119,0.0001,176.225,0.0091,25.378,0.0008,342.237,0.0101,49.299
8,1440,4,2048,51200,256,1,1,1,221.146,116.96,121.354,196.154,218.173,0.0001,200.858,0.0075,31.173,0.0006,436.346,0.0083,60.466
8,1448,4,2048,51200,256,1,1,1,139.056,65.109,67.28,154.019,173.008,0.0001,174.321,0.0094,24.954,0.0008,346.015,0.0105,48.718
8,1456,4,2048,51200,256,1,1,1,188.031,107.763,83.909,170.127,198.225,0.0001,191.574,0.0082,28.967,0.0007,396.451,0.0091,56.349
8,1464,4,2048,51200,256,1,1,1,165.453,63.566,68.486,151.937,179.896,0.0001,200.934,0.0085,28.184,0.0008,359.793,0.0095,54.64
8,1472,4,2048,51200,256,1,1,1,205.38,120.964,126.776,164.294,224.148,0.0001,182.064,0.0083,28.959,0.0006,448.296,0.0092,56.991
8,1480,4,2048,51200,256,1,1,1,157.715,48.042,66.341,155.708,168.391,0.0001,184.991,0.0094,25.819,0.0009,336.782,0.0105,50.371
8,1488,4,2048,51200,256,1,1,1,189.387,111.528,95.386,174.072,190.009,0.0001,176.75,0.0088,27.786,0.0008,380.018,0.0098,54.387
8,1496,4,2048,51200,256,1,1,1,168.716,67.123,67.448,158.707,180.22,0.0001,213.134,0.0083,29.9,0.0008,360.441,0.0093,57.861
8,1504,4,2048,51200,256,1,1,1,207.121,120.157,127.516,188.317,215.872,0.0001,201.993,0.0078,31.965,0.0007,431.744,0.0087,62.412
8,1512,4,2048,51200,256,1,1,1,172.366,66.067,67.863,165.794,179.165,0.0001,187.932,0.0091,27.487,0.0008,358.33,0.0102,53.797
8,1520,4,2048,51200,256,1,1,1,195.148,111.535,97.647,177.085,195.95,0.0001,196.193,0.0083,30.627,0.0008,391.9,0.0093,59.772
8,1528,4,2048,51200,256,1,1,1,174.534,64.881,68.721,150.036,181.846,0.0001,211.971,0.0085,30.08,0.0008,363.692,0.0096,58.501
8,1536,4,2048,51200,256,1,1,1,196.656,125.169,128.336,193.274,209.692,0.0001,182.495,0.0087,29.745,0.0007,419.385,0.0097,58.729
8,1544,4,2048,51200,256,1,1,1,164.85,61.454,71.55,149.948,173.716,0.0001,180.628,0.0097,26.764,0.0009,347.433,0.0109,52.642
8,1552,4,2048,51200,256,1,1,1,200.258,101.522,98.525,167.221,205.564,0.0001,206.027,0.0082,32.0,0.0008,411.128,0.0092,62.66
8,1560,4,2048,51200,256,1,1,1,162.011,65.985,72.276,151.444,164.938,0.0001,162.52,0.0106,24.99,0.001,329.876,0.0118,49.405
8,1568,4,2048,51200,256,1,1,1,221.948,109.465,127.976,185.598,213.653,0.0001,189.211,0.0086,30.954,0.0008,427.306,0.0096,61.157
8,1576,4,2048,51200,256,1,1,1,170.259,65.267,72.864,151.663,156.721,0.0001,167.522,0.0104,25.789,0.001,313.442,0.0117,50.701
8,1584,4,2048,51200,256,1,1,1,200.986,112.283,92.262,170.151,206.512,0.0001,198.099,0.0086,31.436,0.0008,413.025,0.0097,61.989
8,1592,4,2048,51200,256,1,1,1,105.794,62.917,73.482,153.477,162.345,0.0001,173.042,0.0107,25.409,0.001,324.69,0.012,50.302
8,1600,4,2048,51200,256,1,1,1,225.145,124.877,133.63,183.767,211.598,0.0001,162.822,0.0099,27.9,0.0008,423.197,0.0109,55.911
8,1608,4,2048,51200,256,1,1,1,174.269,63.789,73.993,155.748,181.958,0.0001,205.178,0.0092,30.311,0.0009,363.916,0.0103,59.564
8,1616,4,2048,51200,256,1,1,1,193.451,114.551,103.418,173.139,201.384,0.0001,174.475,0.0097,28.89,0.0008,402.768,0.0108,57.619
8,1624,4,2048,51200,256,1,1,1,163.975,67.063,74.688,156.742,173.9,0.0001,166.654,0.0108,26.137,0.001,347.801,0.012,52.107
8,1632,4,2048,51200,256,1,1,1,210.904,126.084,136.004,194.186,214.984,0.0001,190.529,0.0089,32.034,0.0008,429.969,0.0099,63.675
8,1640,4,2048,51200,256,1,1,1,159.138,67.797,74.947,144.841,169.148,0.0001,181.017,0.0103,27.85,0.001,338.296,0.0116,55.128
8,1648,4,2048,51200,256,1,1,1,121.755,119.341,105.017,175.518,186.228,0.0001,169.602,0.0105,27.508,0.001,372.456,0.0117,55.026
8,1656,4,2048,51200,256,1,1,1,170.743,65.323,71.436,155.576,162.204,0.0001,,,0.0,0.0011,324.407,,0.0
8,1664,4,2048,51200,256,1,1,1,210.156,113.264,141.025,199.042,225.924,0.0001,205.965,0.0085,34.318,0.0008,451.849,0.0096,68.326
8,1672,4,2048,51200,256,1,1,1,154.198,62.935,76.786,161.916,164.616,0.0001,202.902,0.0097,30.428,0.0011,329.233,0.0111,59.679
8,1680,4,2048,51200,256,1,1,1,160.266,107.991,101.169,172.443,183.763,0.0001,204.914,0.0091,32.75,0.001,367.527,0.0104,64.418
8,1688,4,2048,51200,256,1,1,1,160.801,67.007,76.94,163.917,183.059,0.0001,175.414,0.0108,27.755,0.001,366.118,0.0121,55.584
8,1696,4,2048,51200,256,1,1,1,218.586,127.758,138.503,202.645,220.571,0.0001,165.199,0.0103,29.217,0.0009,441.142,0.0115,59.228
8,1704,4,2048,51200,256,1,1,1,103.509,68.1,77.551,165.0,173.068,0.0001,171.013,0.0116,26.257,0.0011,346.135,0.013,52.836
8,1712,4,2048,51200,256,1,1,1,197.626,119.339,93.865,159.855,191.424,0.0001,194.608,0.0095,32.305,0.001,382.848,0.0108,64.154
8,1720,4,2048,51200,256,1,1,1,172.354,64.344,78.017,161.053,183.865,0.0001,205.763,0.0098,31.583,0.0011,367.73,0.0111,62.706
8,1728,4,2048,51200,256,1,1,1,202.56,125.589,143.548,198.291,184.864,0.0001,179.457,0.0099,31.435,0.0011,369.728,0.0112,62.534
8,1736,4,2048,51200,256,1,1,1,177.494,65.023,77.305,163.152,176.193,0.0001,171.843,0.0113,27.885,0.0011,352.386,0.0126,56.062
8,1744,4,2048,51200,256,1,1,1,177.787,118.211,108.836,183.911,195.99,0.0001,199.91,0.0095,33.433,0.001,391.981,0.0107,66.526
8,1752,4,2048,51200,256,1,1,1,175.351,67.541,76.618,162.48,161.946,0.0001,212.736,0.0097,32.805,0.0012,323.892,0.0112,64.216
8,1760,4,2048,51200,256,1,1,1,158.676,125.587,140.129,179.155,222.671,0.0001,189.84,0.0099,32.398,0.0009,445.341,0.0111,65.475
8,1768,4,2048,51200,256,1,1,1,169.611,67.933,78.372,167.364,181.66,0.0001,178.515,0.0112,29.013,0.0011,363.319,0.0126,58.392
8,1776,4,2048,51200,256,1,1,1,208.941,122.801,110.701,185.732,209.562,0.0001,212.914,0.009,36.046,0.001,419.124,0.0103,71.794
8,1784,4,2048,51200,256,1,1,1,180.057,62.066,79.934,162.262,178.651,0.0001,175.486,0.0114,28.719,0.0012,357.302,0.0129,57.931
8,1792,4,2048,51200,256,1,1,1,214.363,134.916,149.368,199.474,226.782,0.0001,198.231,0.0094,35.064,0.0009,453.563,0.0106,70.762
8,1800,4,2048,51200,256,1,1,1,154.494,59.158,80.746,139.931,168.03,0.0001,186.747,0.0113,29.573,0.0013,336.061,0.0128,59.199
8,1808,4,2048,51200,256,1,1,1,189.025,121.938,114.0,164.447,195.649,0.0001,165.95,0.0113,29.579,0.0011,391.299,0.0127,60.095
8,1816,4,2048,51200,256,1,1,1,101.584,67.334,78.002,143.917,161.088,0.0001,158.357,0.0133,25.457,0.0013,322.176,0.0149,51.732
8,1824,4,2048,51200,256,1,1,1,222.088,131.835,147.237,187.188,221.061,0.0001,168.434,0.011,30.973,0.001,442.122,0.0123,63.375
8,1832,4,2048,51200,256,1,1,1,175.39,67.451,82.909,148.105,174.666,0.0001,182.413,0.0114,30.107,0.0013,349.332,0.0129,60.579
8,1840,4,2048,51200,256,1,1,1,194.403,127.541,114.148,168.049,200.28,0.0001,157.331,0.012,28.728,0.0011,400.561,0.0134,58.877
8,1848,4,2048,51200,256,1,1,1,183.413,61.177,83.859,147.68,157.526,0.0001,191.568,0.0111,31.225,0.0014,315.051,0.0128,61.991
8,1856,4,2048,51200,256,1,1,1,219.548,134.822,150.544,189.952,219.913,0.0001,158.568,0.0118,29.782,0.001,439.827,0.0131,61.391
8,1864,4,2048,51200,256,1,1,1,158.645,65.605,80.484,151.852,190.797,0.0001,176.034,0.0121,29.243,0.0012,381.594,0.0135,59.73
8,1872,4,2048,51200,256,1,1,1,120.865,124.75,116.047,168.237,201.092,0.0001,161.468,0.0125,28.34,0.0011,402.184,0.014,58.395
8,1880,4,2048,51200,256,1,1,1,158.056,70.229,84.038,153.748,181.928,0.0001,161.223,0.0129,27.722,0.0013,363.856,0.0145,56.806
8,1888,4,2048,51200,256,1,1,1,217.138,132.157,152.081,193.28,228.488,0.0001,191.265,0.0103,35.031,0.001,456.976,0.0116,71.455
8,1896,4,2048,51200,256,1,1,1,164.273,69.557,85.134,155.945,171.263,0.0001,156.117,0.0133,27.274,0.0014,342.527,0.015,55.774
8,1904,4,2048,51200,256,1,1,1,205.53,124.878,112.288,174.734,210.19,0.0001,186.07,0.0109,33.608,0.0011,420.38,0.0123,68.491
8,1912,4,2048,51200,256,1,1,1,172.696,67.25,85.743,158.053,187.326,0.0001,188.324,0.0116,31.61,0.0013,374.653,0.0132,64.215
8,1920,4,2048,51200,256,1,1,1,213.975,135.505,156.888,170.925,217.415,0.0001,162.227,0.012,30.833,0.0011,434.831,0.0134,63.754
8,1928,4,2048,51200,256,1,1,1,180.369,65.188,85.329,160.033,165.442,0.0001,163.137,0.0131,28.565,0.0015,330.883,0.0148,58.103
8,1936,4,2048,51200,256,1,1,1,181.912,126.482,117.615,168.854,186.755,0.0001,180.961,0.0114,32.895,0.0013,373.51,0.013,66.649
8,1944,4,2048,51200,256,1,1,1,108.308,68.825,86.429,143.301,182.895,0.0001,161.558,0.0139,27.119,0.0014,365.791,0.0156,56.098
8,1952,4,2048,51200,256,1,1,1,225.079,127.886,147.972,182.197,210.408,0.0001,161.64,0.0123,31.054,0.0012,420.816,0.0137,64.086
8,1960,4,2048,51200,256,1,1,1,169.536,69.533,86.109,163.228,168.381,0.0001,162.66,0.0133,28.783,0.0015,336.762,0.0151,58.83
8,1968,4,2048,51200,256,1,1,1,195.657,128.015,120.608,186.109,208.379,0.0001,198.683,0.0107,36.111,0.0012,416.758,0.0122,73.371
8,1976,4,2048,51200,256,1,1,1,173.675,66.314,88.141,162.499,189.672,0.0001,164.01,0.0134,29.085,0.0013,379.344,0.015,60.089
8,1984,4,2048,51200,256,1,1,1,226.955,134.674,152.325,194.957,225.985,0.0001,176.021,0.0116,33.805,0.0011,451.97,0.013,69.863
8,1992,4,2048,51200,256,1,1,1,171.785,66.638,87.268,164.074,181.003,0.0001,195.614,0.0118,33.246,0.0014,362.007,0.0136,67.418
8,2000,4,2048,51200,256,1,1,1,198.867,132.354,120.699,182.206,178.679,0.0001,166.636,0.0125,31.761,0.0015,357.359,0.0142,64.744
8,2008,4,2048,51200,256,1,1,1,185.039,69.755,87.494,159.414,179.798,0.0001,177.563,0.0127,31.398,0.0015,359.596,0.0145,64.173
8,2016,4,2048,51200,256,1,1,1,224.557,133.857,159.002,200.762,232.292,0.0001,196.522,0.0108,37.337,0.0011,464.584,0.0122,76.715
8,2024,4,2048,51200,256,1,1,1,184.933,70.532,87.464,172.275,185.975,0.0001,167.607,0.0133,30.29,0.0014,371.95,0.0151,62.468
8,2032,4,2048,51200,256,1,1,1,208.968,128.549,117.54,202.739,187.687,0.0001,186.286,0.0116,35.188,0.0014,375.374,0.0133,71.382
8,2040,4,2048,51200,256,1,1,1,170.846,67.645,87.866,178.379,166.733,0.0001,185.056,0.0126,32.465,0.0016,333.465,0.0145,65.728
8,2048,4,2048,51200,256,1,1,1,230.602,144.587,172.35,210.796,240.211,0.0002,167.296,0.0124,33.351,0.0011,480.421,0.0139,69.061
8,2056,4,2048,51200,256,1,1,1,171.192,64.354,33.556,155.565,184.795,0.0002,166.977,0.0151,27.455,0.0015,369.59,0.0171,56.693
8,2064,4,2048,51200,256,1,1,1,206.404,131.068,80.262,172.356,205.734,0.0002,171.141,0.0129,32.311,0.0014,411.469,0.0148,66.102
8,2072,4,2048,51200,256,1,1,1,174.062,70.541,33.562,154.987,185.436,0.0002,123.965,0.0187,22.429,0.0015,370.872,0.0207,47.381
8,2080,4,2048,51200,256,1,1,1,213.385,131.964,122.703,190.548,230.396,0.0002,166.32,0.013,32.656,0.0012,460.793,0.0147,67.462
8,2088,4,2048,51200,256,1,1,1,183.292,70.61,33.8,155.148,171.09,0.0002,174.029,0.0148,28.853,0.0017,342.18,0.0169,58.945
8,2096,4,2048,51200,256,1,1,1,202.05,136.235,89.588,172.992,209.74,0.0002,203.362,0.0114,37.489,0.0014,419.479,0.0133,75.547
8,2104,4,2048,51200,256,1,1,1,169.144,67.899,33.667,158.582,164.913,0.0002,189.466,0.0142,30.383,0.0018,329.827,0.0164,61.505
8,2112,4,2048,51200,256,1,1,1,138.251,138.65,127.367,196.794,229.73,0.0002,167.523,0.0136,31.915,0.0013,459.459,0.0154,66.308
8,2120,4,2048,51200,256,1,1,1,185.301,68.247,33.767,160.694,169.559,0.0002,169.979,0.0153,28.622,0.0017,339.119,0.0175,58.653
8,2128,4,2048,51200,256,1,1,1,206.72,134.826,88.083,176.516,208.912,0.0002,126.167,0.017,25.879,0.0014,417.824,0.0189,54.676
8,2136,4,2048,51200,256,1,1,1,168.949,71.103,33.965,161.103,177.305,0.0002,170.082,0.0154,28.641,0.0017,354.611,0.0176,59.041
8,2144,4,2048,51200,256,1,1,1,210.811,136.541,113.257,189.571,211.982,0.0002,175.412,0.0129,34.549,0.0014,423.964,0.0148,70.808
8,2152,4,2048,51200,256,1,1,1,177.546,69.603,33.956,162.295,187.7,0.0002,201.931,0.0139,32.333,0.0016,375.401,0.016,66.092
8,2160,4,2048,51200,256,1,1,1,204.841,139.038,91.016,176.034,214.578,0.0002,171.701,0.0134,33.575,0.0014,429.156,0.0153,69.242
8,2168,4,2048,51200,256,1,1,1,171.751,67.492,34.442,164.211,183.572,0.0002,171.043,0.0156,29.004,0.0017,367.144,0.0178,60.068
8,2176,4,2048,51200,256,1,1,1,196.592,144.503,128.801,189.03,211.361,0.0002,163.45,0.0138,32.987,0.0015,422.721,0.0158,68.271
8,2184,4,2048,51200,256,1,1,1,186.9,66.854,33.973,165.402,159.397,0.0002,126.828,0.0194,23.637,0.002,318.795,0.0219,49.557
8,2192,4,2048,51200,256,1,1,1,191.199,136.611,85.788,171.704,198.695,0.0002,170.854,0.0139,33.353,0.0016,397.39,0.0159,68.535
8,2200,4,2048,51200,256,1,1,1,166.082,70.844,33.903,162.045,185.468,0.0002,172.561,0.0158,29.353,0.0017,370.935,0.018,60.924
8,2208,4,2048,51200,256,1,1,1,231.177,139.117,126.794,202.773,233.079,0.0002,182.278,0.0127,36.8,0.0014,466.159,0.0146,75.932
8,2216,4,2048,51200,256,1,1,1,174.127,71.801,33.995,166.838,172.682,0.0002,175.559,0.0157,30.009,0.0019,345.365,0.018,61.763
8,2224,4,2048,51200,256,1,1,1,120.516,131.958,86.204,182.157,201.959,0.0002,178.29,0.0144,32.973,0.0016,403.918,0.0165,68.144
8,2232,4,2048,51200,256,1,1,1,166.241,68.314,33.838,165.872,169.792,0.0002,175.011,0.016,29.817,0.0019,339.583,0.0184,61.403
8,2240,4,2048,51200,256,1,1,1,208.172,142.676,110.273,200.001,231.013,0.0002,129.126,0.0174,27.607,0.0014,462.026,0.0193,58.982
8,2248,4,2048,51200,256,1,1,1,178.236,68.236,33.347,165.434,149.28,0.0002,176.749,0.0159,30.259,0.0022,298.56,0.0186,61.374
8,2256,4,2048,51200,256,1,1,1,209.249,140.6,91.08,181.655,162.916,0.0002,210.452,0.012,40.357,0.002,325.832,0.0146,79.157
8,2264,4,2048,51200,256,1,1,1,173.387,72.372,33.363,167.878,162.631,0.0002,195.953,0.015,32.584,0.0021,325.262,0.0175,66.132
8,2272,4,2048,51200,256,1,1,1,231.583,142.337,126.201,207.37,227.938,0.0002,177.287,0.0134,36.642,0.0015,455.875,0.0154,75.937
8,2280,4,2048,51200,256,1,1,1,172.662,66.851,33.663,168.109,169.494,0.0002,202.959,0.0148,33.296,0.002,338.987,0.0173,67.782
8,2288,4,2048,51200,256,1,1,1,200.646,136.801,95.384,185.648,190.709,0.0002,198.142,0.0128,38.808,0.0018,381.417,0.0151,78.355
8,2296,4,2048,51200,256,1,1,1,177.075,63.219,34.058,164.452,163.271,0.0002,191.879,0.0155,32.216,0.0021,326.541,0.0181,65.705
8,2304,4,2048,51200,256,1,1,1,124.741,149.477,144.839,195.112,207.642,0.0002,174.211,0.0147,34.225,0.0017,415.285,0.0168,71.166
8,2312,4,2048,51200,256,1,1,1,172.1,62.222,34.993,136.194,145.798,0.0002,159.65,0.0178,28.427,0.0024,291.597,0.0207,58.318
8,2320,4,2048,51200,256,1,1,1,211.199,115.526,99.304,180.117,187.588,0.0002,180.476,0.014,36.36,0.0019,375.177,0.0164,74.189
8,2328,4,2048,51200,256,1,1,1,180.692,70.066,35.445,155.583,180.184,0.0002,159.574,0.0176,29.054,0.002,360.367,0.0201,60.871
8,2336,4,2048,51200,256,1,1,1,223.068,137.746,125.905,203.639,228.835,0.0003,187.459,0.0133,38.715,0.0016,457.67,0.0154,80.106
8,2344,4,2048,51200,256,1,1,1,175.335,72.386,35.52,159.518,157.989,0.0002,192.035,0.0156,33.071,0.0023,315.979,0.0184,67.172
8,2352,4,2048,51200,256,1,1,1,212.133,126.523,89.812,183.056,197.47,0.0002,181.289,0.0142,36.743,0.0018,394.94,0.0165,75.491
8,2360,4,2048,51200,256,1,1,1,104.036,67.682,35.776,147.887,171.65,0.0002,162.329,0.0188,27.799,0.0021,343.299,0.0215,58.426
8,2368,4,2048,51200,256,1,1,1,235.36,144.53,135.426,192.976,215.571,0.0002,167.417,0.0146,35.935,0.0017,431.142,0.0169,74.851
8,2376,4,2048,51200,256,1,1,1,177.182,63.266,36.227,162.429,163.654,0.0003,188.481,0.0162,32.739,0.0023,327.308,0.0189,67.046
8,2384,4,2048,51200,256,1,1,1,205.697,126.829,97.696,184.319,185.139,0.0003,160.704,0.0158,33.792,0.002,370.279,0.0183,69.917
8,2392,4,2048,51200,256,1,1,1,181.075,66.394,36.102,158.888,179.496,0.0003,168.1,0.0175,30.579,0.0021,358.993,0.0201,63.948
8,2400,4,2048,51200,256,1,1,1,218.076,148.296,131.552,211.672,232.26,0.0002,163.596,0.0152,35.418,0.0016,464.52,0.0173,74.638
8,2408,4,2048,51200,256,1,1,1,182.22,71.211,36.393,171.311,176.748,0.0002,172.547,0.0172,31.525,0.0022,353.496,0.0198,65.644
8,2416,4,2048,51200,256,1,1,1,124.209,131.569,95.553,165.251,190.166,0.0002,164.703,0.0167,32.697,0.002,380.331,0.0192,68.326
8,2424,4,2048,51200,256,1,1,1,180.748,68.887,36.607,167.366,153.509,0.0003,157.078,0.0185,29.575,0.0025,307.018,0.0215,61.213
8,2432,4,2048,51200,256,1,1,1,219.11,150.318,140.989,213.448,230.914,0.0002,166.274,0.0152,36.305,0.0017,461.827,0.0173,76.451
8,2440,4,2048,51200,256,1,1,1,171.226,67.432,36.918,166.844,164.16,0.0002,161.778,0.0184,30.141,0.0024,328.32,0.0213,62.78
8,2448,4,2048,51200,256,1,1,1,187.108,122.278,96.974,187.489,184.059,0.0003,191.28,0.0144,38.81,0.0021,368.118,0.017,79.033
8,2456,4,2048,51200,256,1,1,1,187.637,71.308,37.08,170.981,167.674,0.0003,196.94,0.016,35.013,0.0024,335.349,0.0189,71.629
8,2464,4,2048,51200,256,1,1,1,227.924,141.495,133.026,216.018,233.349,0.0002,170.701,0.0151,37.34,0.0017,466.698,0.0173,78.609
8,2472,4,2048,51200,256,1,1,1,103.295,72.127,37.148,172.215,186.13,0.0003,165.341,0.0194,29.174,0.0022,372.259,0.0221,61.965
8,2480,4,2048,51200,256,1,1,1,194.004,127.913,102.704,181.551,193.696,0.0002,181.923,0.015,37.943,0.0021,387.391,0.0176,78.212
8,2488,4,2048,51200,256,1,1,1,178.631,69.081,37.301,172.201,168.197,0.0003,195.018,0.0164,34.831,0.0024,336.394,0.0194,71.513
8,2496,4,2048,51200,256,1,1,1,214.031,148.813,136.315,219.643,222.293,0.0003,164.868,0.0158,36.506,0.0018,444.586,0.0181,76.886
8,2504,4,2048,51200,256,1,1,1,174.985,69.241,36.974,171.168,150.999,0.0003,183.416,0.0173,33.467,0.0027,301.999,0.0205,68.251
8,2512,4,2048,51200,256,1,1,1,206.495,129.883,99.173,193.056,180.498,0.0003,199.8,0.0141,41.335,0.0023,360.995,0.0169,83.5
8,2520,4,2048,51200,256,1,1,1,167.382,73.472,37.114,173.478,169.361,0.0003,164.54,0.0187,31.23,0.0025,338.721,0.0217,65.316
8,2528,4,2048,51200,256,1,1,1,144.889,142.096,129.103,207.356,216.193,0.0003,199.828,0.0145,40.475,0.0019,432.386,0.017,83.994
8,2536,4,2048,51200,256,1,1,1,174.716,73.54,37.618,171.122,155.51,0.0003,170.554,0.0183,32.301,0.0027,311.02,0.0215,66.63
8,2544,4,2048,51200,256,1,1,1,214.186,133.713,95.698,200.826,179.57,0.0003,175.415,0.0157,37.867,0.0024,359.14,0.0186,77.691
8,2552,4,2048,51200,256,1,1,1,105.592,69.705,37.939,175.662,176.26,0.0003,166.357,0.02,29.914,0.0024,352.52,0.0229,63.34
8,2560,4,2048,51200,256,1,1,1,227.231,161.611,157.118,206.14,213.561,0.0002,167.172,0.0159,37.906,0.002,427.122,0.0184,79.532
8,2568,4,2048,51200,256,1,1,1,168.22,68.313,38.914,169.203,160.04,0.0003,198.36,0.0169,35.768,0.0027,320.08,0.0201,73.059
8,2576,4,2048,51200,256,1,1,1,175.416,126.606,102.578,194.84,181.716,0.0003,161.005,0.0174,35.001,0.0024,363.432,0.0203,72.92
8,2584,4,2048,51200,256,1,1,1,166.594,73.464,39.403,166.784,175.529,0.0003,158.127,0.0197,30.992,0.0025,351.059,0.0227,65.435
8,2592,4,2048,51200,256,1,1,1,221.212,154.69,141.117,207.533,227.053,0.0003,186.811,0.0148,41.389,0.0019,454.106,0.0173,86.487
8,2600,4,2048,51200,256,1,1,1,156.141,73.848,39.39,171.279,173.915,0.0003,160.231,0.0198,31.215,0.0025,347.829,0.0228,65.856
8,2608,4,2048,51200,256,1,1,1,117.189,129.437,102.673,178.748,202.778,0.0003,166.793,0.0181,34.257,0.0022,405.555,0.0208,72.62
8,2616,4,2048,51200,256,1,1,1,150.106,70.25,40.055,169.822,171.642,0.0003,152.768,0.0207,30.138,0.0026,343.283,0.0238,63.849
8,2624,4,2048,51200,256,1,1,1,228.595,151.117,139.315,208.907,238.438,0.0003,123.147,0.0211,29.718,0.0019,476.877,0.0235,65.079
8,2632,4,2048,51200,256,1,1,1,153.932,69.742,40.535,171.386,175.115,0.0003,159.506,0.0202,31.279,0.0026,350.23,0.0233,66.143
8,2640,4,2048,51200,256,1,1,1,175.403,129.63,106.696,182.505,176.355,0.0003,155.887,0.0183,34.643,0.0026,352.71,0.0214,72.328
8,2648,4,2048,51200,256,1,1,1,156.704,74.505,40.003,173.476,185.068,0.0003,179.498,0.0187,34.167,0.0025,370.137,0.0216,71.918
8,2656,4,2048,51200,256,1,1,1,225.692,140.996,141.103,210.051,224.197,0.0003,162.735,0.017,37.588,0.0021,448.395,0.0196,79.809
8,2664,4,2048,51200,256,1,1,1,158.875,74.655,40.923,159.456,174.18,0.0003,188.041,0.0182,35.396,0.0027,348.36,0.0214,73.664
8,2672,4,2048,51200,256,1,1,1,187.18,129.115,98.716,191.863,194.673,0.0003,197.432,0.0154,41.918,0.0024,389.345,0.0184,86.267
8,2680,4,2048,51200,256,1,1,1,152.262,70.241,41.062,175.051,162.847,0.0003,166.684,0.0199,32.612,0.0029,325.694,0.0233,68.2
8,2688,4,2048,51200,256,1,1,1,130.963,152.17,146.705,205.122,222.686,0.0002,204.264,0.0155,42.092,0.0021,445.373,0.0182,88.199
8,2696,4,2048,51200,256,1,1,1,155.416,67.397,41.745,177.169,169.3,0.0003,166.549,0.0201,32.767,0.0028,338.6,0.0234,68.866
8,2704,4,2048,51200,256,1,1,1,169.654,128.66,105.866,197.967,196.97,0.0003,126.435,0.0222,29.724,0.0024,393.941,0.0252,64.34
8,2712,4,2048,51200,256,1,1,1,98.055,73.782,41.731,158.875,160.675,0.0003,160.357,0.022,30.119,0.003,321.351,0.0255,63.72
8,2720,4,2048,51200,256,1,1,1,227.974,152.724,119.8,210.122,197.406,0.0003,169.709,0.017,39.314,0.0025,394.813,0.0199,82.119
8,2728,4,2048,51200,256,1,1,1,167.787,75.441,41.784,159.627,188.448,0.0003,176.535,0.0193,34.736,0.0026,376.896,0.0224,73.484
8,2736,4,2048,51200,256,1,1,1,192.436,116.492,106.859,199.645,189.093,0.0003,167.241,0.0179,37.671,0.0026,378.186,0.021,78.836
8,2744,4,2048,51200,256,1,1,1,169.998,70.961,41.955,167.323,176.466,0.0003,163.011,0.0205,33.01,0.0028,352.932,0.0238,69.851
8,2752,4,2048,51200,256,1,1,1,228.499,156.046,146.929,219.075,229.234,0.0003,204.269,0.0147,46.274,0.0022,458.468,0.0174,96.264
8,2760,4,2048,51200,256,1,1,1,186.234,69.653,41.419,167.355,177.767,0.0003,177.862,0.0193,35.392,0.0028,355.534,0.0227,74.292
8,2768,4,2048,51200,256,1,1,1,116.659,132.396,106.424,200.452,189.373,0.0003,194.889,0.0173,39.664,0.0027,378.745,0.0205,82.544
8,2776,4,2048,51200,256,1,1,1,156.41,72.771,41.748,163.547,145.923,0.0003,175.763,0.02,34.646,0.0035,291.845,0.0239,71.115
8,2784,4,2048,51200,256,1,1,1,233.043,155.61,145.181,197.454,224.875,0.0003,156.858,0.0184,37.739,0.0023,449.749,0.0212,80.802
8,2792,4,2048,51200,256,1,1,1,109.155,74.699,42.313,176.289,170.522,0.0003,161.037,0.0222,31.386,0.003,341.044,0.0257,66.799
8,2800,4,2048,51200,256,1,1,1,197.099,130.984,98.54,201.992,186.777,0.0003,184.136,0.017,41.234,0.0028,373.555,0.0203,85.294
8,2808,4,2048,51200,256,1,1,1,160.636,70.58,42.081,180.427,177.814,0.0003,209.488,0.0179,39.293,0.0029,355.629,0.0214,81.404
8,2816,4,2048,51200,256,1,1,1,206.787,164.57,164.204,224.314,229.813,0.0002,168.242,0.0177,40.141,0.0023,459.627,0.0204,85.652
8,2824,4,2048,51200,256,1,1,1,170.839,69.239,42.919,159.406,135.798,0.0003,173.662,0.0203,35.027,0.0038,271.596,0.0247,71.195
8,2832,4,2048,51200,256,1,1,1,186.631,129.224,108.043,185.64,197.03,0.0003,175.409,0.018,39.807,0.0027,394.06,0.0212,83.523
8,2840,4,2048,51200,256,1,1,1,161.554,73.612,43.04,170.697,157.078,0.0003,138.97,0.0239,30.117,0.0034,314.157,0.0278,64.0
8,2848,4,2048,51200,256,1,1,1,212.089,143.11,140.253,204.45,201.713,0.0003,156.812,0.0191,37.809,0.0026,403.425,0.0223,80.236
8,2856,4,2048,51200,256,1,1,1,186.183,74.122,43.421,150.09,167.029,0.0003,185.036,0.0195,37.259,0.0032,334.058,0.0232,77.384
8,2864,4,2048,51200,256,1,1,1,200.366,134.098,116.051,179.263,180.874,0.0003,138.702,0.0216,33.742,0.003,361.749,0.0251,71.886
8,2872,4,2048,51200,256,1,1,1,164.225,69.466,43.524,149.202,161.924,0.0003,164.078,0.0217,33.856,0.0033,323.847,0.0255,71.135
8,2880,4,2048,51200,256,1,1,1,212.275,156.756,151.335,213.163,220.581,0.0003,181.696,0.0171,43.067,0.0025,441.162,0.0201,90.836
8,2888,4,2048,51200,256,1,1,1,161.649,70.075,43.888,161.848,170.716,0.0003,159.652,0.0221,33.434,0.0032,341.432,0.0259,70.914
8,2896,4,2048,51200,256,1,1,1,117.712,122.139,110.194,176.184,172.102,0.0003,158.093,0.0213,34.886,0.0032,344.204,0.025,73.647
8,2904,4,2048,51200,256,1,1,1,163.471,74.579,43.904,172.007,165.986,0.0003,138.907,0.0244,30.635,0.0033,331.971,0.0282,65.612
8,2912,4,2048,51200,256,1,1,1,225.637,156.487,130.114,208.933,217.523,0.0003,121.455,0.024,31.298,0.0026,435.047,0.0271,68.816
8,2920,4,2048,51200,256,1,1,1,172.516,74.834,44.001,170.511,180.319,0.0003,140.533,0.0242,31.169,0.0031,360.637,0.0278,67.295
8,2928,4,2048,51200,256,1,1,1,192.24,134.027,102.967,180.303,182.06,0.0003,150.347,0.021,36.12,0.0031,364.12,0.0246,76.533
8,2936,4,2048,51200,256,1,1,1,162.211,70.753,44.756,170.718,156.705,0.0003,192.343,0.0198,38.41,0.0036,313.409,0.0239,78.997
8,2944,4,2048,51200,256,1,1,1,220.766,162.602,159.99,222.268,229.206,0.0002,139.734,0.0215,35.663,0.0025,458.412,0.0244,77.806
8,2952,4,2048,51200,256,1,1,1,174.167,69.513,44.845,168.208,180.172,0.0003,186.542,0.0202,38.048,0.0032,360.343,0.0239,79.993
8,2960,4,2048,51200,256,1,1,1,129.377,131.183,115.597,197.793,186.909,0.0003,199.06,0.0181,42.594,0.0031,373.819,0.0217,88.438
8,2968,4,2048,51200,256,1,1,1,169.228,74.548,45.004,155.471,181.91,0.0003,143.74,0.0244,31.88,0.0032,363.819,0.028,68.872
8,2976,4,2048,51200,256,1,1,1,224.892,146.712,144.839,222.774,230.13,0.0003,184.246,0.0175,44.563,0.0025,460.26,0.0205,94.527
8,2984,4,2048,51200,256,1,1,1,171.186,74.654,45.492,169.102,189.548,0.0003,159.34,0.0227,34.573,0.0031,379.096,0.0263,74.286
8,2992,4,2048,51200,256,1,1,1,188.059,131.187,110.237,199.889,199.167,0.0003,161.261,0.0203,38.766,0.0029,398.334,0.0238,82.505
8,3000,4,2048,51200,256,1,1,1,97.624,72.018,45.301,178.813,154.774,0.0003,174.116,0.0234,33.767,0.0038,309.547,0.0277,71.022
8,3008,4,2048,51200,256,1,1,1,235.477,161.192,155.452,224.53,232.335,0.0003,168.798,0.0188,42.34,0.0026,464.669,0.0218,90.726
8,3016,4,2048,51200,256,1,1,1,161.964,71.773,44.863,181.978,146.932,0.0003,150.891,0.024,33.255,0.0041,293.864,0.0286,69.648
8,3024,4,2048,51200,256,1,1,1,113.844,128.833,110.899,199.532,178.656,0.0003,150.386,0.0233,34.476,0.0034,357.313,0.0271,73.743
8,3032,4,2048,51200,256,1,1,1,171.62,75.513,45.386,185.235,149.29,0.0003,173.627,0.0217,37.168,0.004,298.58,0.0262,76.667
8,3040,4,2048,51200,256,1,1,1,226.813,159.065,140.519,192.62,223.384,0.0003,169.001,0.0192,42.071,0.0027,446.769,0.0225,89.961
8,3048,4,2048,51200,256,1,1,1,98.937,76.306,45.567,180.329,174.076,0.0003,189.82,0.0225,36.128,0.0035,348.153,0.0265,76.593
8,3056,4,2048,51200,256,1,1,1,206.416,129.617,110.204,205.353,190.333,0.0003,189.137,0.0182,44.788,0.0032,380.666,0.022,92.901
8,3064,4,2048,51200,256,1,1,1,156.528,71.912,46.308,186.686,156.877,0.0003,164.099,0.0231,35.56,0.0039,313.754,0.0275,74.555
8,3072,4,2048,51200,256,1,1,1,138.494,164.223,178.091,207.286,232.146,0.0002,193.114,0.0186,44.226,0.0027,464.293,0.0218,94.539
8,3080,4,2048,51200,256,1,1,1,159.631,68.939,46.708,172.434,157.69,0.0003,162.69,0.0234,35.379,0.0039,315.379,0.0279,74.328
8,3088,4,2048,51200,256,1,1,1,201.588,146.086,111.742,189.954,197.195,0.0003,140.594,0.0232,35.856,0.0032,394.39,0.0269,77.415
8,3096,4,2048,51200,256,1,1,1,97.388,73.652,46.771,159.962,163.871,0.0003,156.491,0.026,32.094,0.0038,327.742,0.0304,68.828
8,3104,4,2048,51200,256,1,1,1,233.056,160.789,158.886,217.746,227.263,0.0003,140.129,0.0226,37.088,0.0028,454.526,0.0259,81.067
8,3112,4,2048,51200,256,1,1,1,185.92,74.51,46.949,169.884,170.354,0.0003,122.532,0.0284,29.676,0.0037,340.709,0.0327,64.676
8,3120,4,2048,51200,256,1,1,1,196.034,131.971,102.005,197.798,181.224,0.0003,140.629,0.0237,35.786,0.0035,362.449,0.0277,76.609
8,3128,4,2048,51200,256,1,1,1,177.977,70.872,46.795,167.559,144.97,0.0003,190.569,0.0212,40.24,0.0044,289.939,0.0261,81.776
8,3136,4,2048,51200,256,1,1,1,223.624,159.241,160.172,207.042,229.914,0.0003,167.522,0.02,42.832,0.0028,459.828,0.0233,92.09
8,3144,4,2048,51200,256,1,1,1,176.942,70.263,47.391,169.052,148.847,0.0003,140.892,0.0262,32.841,0.0044,297.694,0.031,69.445
8,3152,4,2048,51200,256,1,1,1,186.045,125.538,113.705,183.953,165.956,0.0003,190.489,0.0192,45.016,0.0039,331.913,0.0236,91.71
8,3160,4,2048,51200,256,1,1,1,172.447,74.586,47.283,152.241,148.007,0.0003,172.08,0.023,37.69,0.0044,296.014,0.0279,77.89
8,3168,4,2048,51200,256,1,1,1,210.733,160.342,160.944,211.029,220.912,0.0003,142.311,0.0231,37.648,0.003,441.824,0.0266,82.133
8,3176,4,2048,51200,256,1,1,1,169.006,74.691,47.669,163.655,169.017,0.0003,171.704,0.0231,37.808,0.0039,338.034,0.0276,79.71
8,3184,4,2048,51200,256,1,1,1,186.807,134.664,113.948,207.748,192.035,0.0003,167.519,0.0211,41.532,0.0035,384.07,0.0251,87.846
8,3192,4,2048,51200,256,1,1,1,157.747,70.305,48.099,158.997,157.595,0.0003,143.227,0.0267,33.069,0.0042,315.191,0.0314,70.563
8,3200,4,2048,51200,256,1,1,1,225.792,166.255,161.981,215.779,210.178,0.0003,171.206,0.02,44.304,0.0032,420.355,0.0237,94.039
8,3208,4,2048,51200,256,1,1,1,163.553,69.232,48.427,179.91,161.339,0.0003,200.656,0.0212,41.931,0.0042,322.678,0.0259,86.371
8,3216,4,2048,51200,256,1,1,1,188.059,134.875,113.725,179.4,173.589,0.0003,125.684,0.0269,33.268,0.0039,347.178,0.0313,71.857
8,3224,4,2048,51200,256,1,1,1,165.248,71.855,48.195,164.584,159.787,0.0003,153.209,0.0255,35.158,0.0043,319.575,0.0303,74.503
8,3232,4,2048,51200,256,1,1,1,141.072,150.405,155.924,211.624,228.193,0.0003,172.921,0.0215,41.844,0.003,456.385,0.0251,90.596
8,3240,4,2048,51200,256,1,1,1,177.83,74.931,48.712,167.582,158.189,0.0003,175.392,0.0231,39.184,0.0043,316.378,0.028,81.55
8,3248,4,2048,51200,256,1,1,1,173.663,140.517,102.437,198.634,183.477,0.0003,154.873,0.0233,39.048,0.0038,366.955,0.0276,83.123
8,3256,4,2048,51200,256,1,1,1,95.905,71.707,48.25,170.33,170.273,0.0003,163.283,0.027,33.865,0.0041,340.546,0.0316,72.948
8,3264,4,2048,51200,256,1,1,1,219.608,159.392,162.379,203.552,220.153,0.0003,168.253,0.0209,43.936,0.0032,440.305,0.0246,94.176
8,3272,4,2048,51200,256,1,1,1,148.121,71.822,48.198,167.143,155.934,0.0003,164.991,0.025,36.783,0.0045,311.868,0.0301,77.319
8,3280,4,2048,51200,256,1,1,1,115.315,136.712,116.489,193.257,184.749,0.0003,192.439,0.0215,42.941,0.0038,369.499,0.0259,90.228
8,3288,4,2048,51200,256,1,1,1,180.618,75.974,48.134,170.972,147.362,0.0003,199.168,0.0216,43.075,0.0048,294.725,0.0269,87.217
8,3296,4,2048,51200,256,1,1,1,228.739,146.928,164.4,231.372,213.581,0.0003,163.467,0.0214,43.517,0.0033,427.161,0.0253,93.174
8,3304,4,2048,51200,256,1,1,1,100.488,76.047,48.756,170.598,151.474,0.0003,193.808,0.0244,38.376,0.0047,302.948,0.0297,79.824
8,3312,4,2048,51200,256,1,1,1,193.36,140.873,119.087,208.746,192.764,0.0003,179.779,0.0208,45.192,0.0037,385.528,0.0251,94.86
8,3320,4,2048,51200,256,1,1,1,149.088,72.278,48.838,187.32,157.526,0.0003,128.62,0.0301,31.429,0.0046,315.052,0.0352,67.932
8,3328,4,2048,51200,256,1,1,1,141.658,169.566,171.756,218.146,220.232,0.0003,176.643,0.0218,43.565,0.0033,440.464,0.0256,93.818
8,3336,4,2048,51200,256,1,1,1,150.036,71.56,49.933,170.906,162.275,0.0003,170.852,0.0249,38.285,0.0045,324.551,0.0299,80.624
8,3344,4,2048,51200,256,1,1,1,197.54,128.323,116.05,205.357,180.401,0.0003,125.857,0.0278,34.428,0.0041,360.801,0.0324,74.805
8,3352,4,2048,51200,256,1,1,1,97.138,74.51,50.006,171.546,147.86,0.0003,160.77,0.028,34.324,0.005,295.721,0.0335,72.638
8,3360,4,2048,51200,256,1,1,1,234.843,168.736,154.833,215.02,217.621,0.0003,142.014,0.0245,39.456,0.0034,435.241,0.0284,86.126
8,3368,4,2048,51200,256,1,1,1,171.694,76.351,49.878,173.446,156.606,0.0003,125.585,0.0306,31.72,0.0047,313.212,0.0358,68.545
8,3376,4,2048,51200,256,1,1,1,189.601,131.549,113.561,195.46,182.187,0.0003,143.28,0.0255,38.125,0.0041,364.374,0.0302,81.815
8,3384,4,2048,51200,256,1,1,1,171.667,72.989,50.138,163.581,100.855,0.0003,168.699,0.0251,38.989,0.0074,201.71,0.033,75.019
8,3392,4,2048,51200,256,1,1,1,229.196,148.943,166.632,229.263,226.988,0.0003,128.267,0.0269,36.466,0.0033,453.976,0.0308,80.928
8,3400,4,2048,51200,256,1,1,1,154.707,73.184,50.332,166.595,151.398,0.0003,143.455,0.0285,34.568,0.005,302.796,0.034,73.459
8,3408,4,2048,51200,256,1,1,1,186.628,126.408,113.176,198.8,144.726,0.0003,183.316,0.0215,45.984,0.0053,289.452,0.0273,91.996
8,3416,4,2048,51200,256,1,1,1,172.484,76.994,50.409,174.058,145.535,0.0003,173.95,0.0247,40.308,0.0053,291.069,0.0304,82.884
8,3424,4,2048,51200,256,1,1,1,177.512,167.518,143.93,230.05,222.813,0.0003,143.46,0.0256,39.009,0.0034,445.625,0.0296,85.752
8,3432,4,2048,51200,256,1,1,1,167.658,76.333,51.067,178.25,108.04,0.0003,166.887,0.0256,39.226,0.0071,216.08,0.0332,76.64
8,3440,4,2048,51200,256,1,1,1,189.214,129.577,123.394,203.657,173.907,0.0003,199.616,0.0203,49.555,0.0045,347.814,0.0253,101.112
8,3448,4,2048,51200,256,1,1,1,154.499,71.21,51.144,179.837,151.917,0.0003,143.969,0.0288,35.036,0.0051,303.833,0.0345,74.464
8,3456,4,2048,51200,256,1,1,1,213.504,165.891,160.847,216.375,219.634,0.0003,171.793,0.0219,46.228,0.0036,439.268,0.026,99.138
8,3464,4,2048,51200,256,1,1,1,169.683,69.801,51.218,162.005,157.479,0.0003,165.123,0.0262,38.855,0.005,314.957,0.0317,81.658
8,3472,4,2048,51200,256,1,1,1,179.795,131.266,130.583,192.726,181.052,0.0003,145.476,0.0261,39.165,0.0044,362.103,0.031,83.945
8,3480,4,2048,51200,256,1,1,1,157.384,75.149,51.319,175.218,153.291,0.0003,151.244,0.028,36.627,0.0052,306.582,0.0337,77.473
8,3488,4,2048,51200,256,1,1,1,230.984,165.738,155.503,234.131,224.123,0.0003,146.053,0.0249,41.368,0.0036,448.245,0.029,90.514
8,3496,4,2048,51200,256,1,1,1,148.768,75.983,51.052,169.93,148.72,0.0003,147.853,0.0289,35.842,0.0054,297.44,0.0348,75.78
8,3504,4,2048,51200,256,1,1,1,115.02,132.979,124.666,208.641,183.205,0.0003,177.971,0.0246,42.347,0.0044,366.41,0.0295,89.888
8,3512,4,2048,51200,256,1,1,1,158.827,71.789,51.202,161.739,151.609,0.0003,190.515,0.0245,42.659,0.0053,303.218,0.0303,87.721
8,3520,4,2048,51200,256,1,1,1,232.044,168.384,168.789,231.888,218.632,0.0003,163.291,0.023,45.607,0.0037,437.264,0.0272,98.161
8,3528,4,2048,51200,256,1,1,1,99.757,71.846,51.13,166.304,178.844,0.0003,181.143,0.0277,38.051,0.0046,357.687,0.0328,81.943
8,3536,4,2048,51200,256,1,1,1,191.744,133.421,133.337,213.799,170.877,0.0003,168.756,0.0235,44.93,0.0048,341.754,0.0288,93.46
8,3544,4,2048,51200,256,1,1,1,155.908,75.451,50.917,174.771,170.442,0.0003,148.55,0.0291,36.507,0.0048,340.885,0.0344,78.658
8,3552,4,2048,51200,256,1,1,1,199.524,162.697,159.629,227.596,217.968,0.0003,183.478,0.0217,49.009,0.0038,435.936,0.0261,104.348
8,3560,4,2048,51200,256,1,1,1,177.806,73.799,51.769,170.312,150.624,0.0003,159.434,0.0274,39.061,0.0055,301.248,0.0334,81.701
8,3568,4,2048,51200,256,1,1,1,179.586,129.48,116.154,192.345,172.467,0.0003,148.621,0.0267,40.272,0.0048,344.935,0.032,85.624
8,3576,4,2048,51200,256,1,1,1,154.631,67.687,51.91,182.887,162.171,0.0003,154.167,0.0288,37.494,0.0052,324.342,0.0344,79.961
8,3584,4,2048,51200,256,1,1,1,216.35,177.331,186.668,207.172,200.876,0.0003,149.515,0.0254,42.671,0.0042,401.751,0.0301,91.985
8,3592,4,2048,51200,256,1,1,1,141.906,66.262,52.451,164.014,145.95,0.0003,175.647,0.027,40.202,0.0058,291.9,0.0334,83.292
8,3600,4,2048,51200,256,1,1,1,110.066,130.483,123.251,204.28,195.904,0.0003,183.359,0.0252,43.287,0.0043,391.808,0.0301,92.783
8,3608,4,2048,51200,256,1,1,1,165.416,72.766,52.412,162.92,142.732,0.0003,168.888,0.0271,40.458,0.006,285.464,0.0336,83.434
8,3616,4,2048,51200,256,1,1,1,224.389,168.07,157.559,229.386,221.989,0.0003,157.177,0.0246,44.719,0.0039,443.978,0.029,97.092
8,3624,4,2048,51200,256,1,1,1,105.772,75.063,52.369,164.127,151.169,0.0003,177.594,0.0285,38.769,0.0057,302.338,0.0347,81.425
8,3632,4,2048,51200,256,1,1,1,181.812,137.08,118.624,196.738,174.838,0.0003,142.035,0.028,39.535,0.0049,349.677,0.0335,84.678
8,3640,4,2048,51200,256,1,1,1,158.272,72.022,52.577,172.342,153.745,0.0003,165.968,0.0278,40.035,0.0056,307.49,0.034,83.834
8,3648,4,2048,51200,256,1,1,1,226.035,169.257,177.277,215.878,217.823,0.0003,139.859,0.0272,41.068,0.004,435.646,0.0317,90.171
8,3656,4,2048,51200,256,1,1,1,100.068,71.366,52.429,179.786,160.233,0.0003,147.541,0.0326,34.366,0.0055,320.467,0.0386,74.391
8,3664,4,2048,51200,256,1,1,1,197.454,127.81,116.336,215.084,175.833,0.0003,176.907,0.0238,47.384,0.005,351.667,0.0293,98.5
8,3672,4,2048,51200,256,1,1,1,150.849,73.695,52.872,184.563,168.301,0.0003,165.036,0.0283,39.993,0.0053,336.602,0.034,85.115
8,3680,4,2048,51200,256,1,1,1,144.387,156.257,163.455,238.456,209.521,0.0003,149.873,0.0277,40.98,0.0042,419.042,0.0325,89.656
8,3688,4,2048,51200,256,1,1,1,164.676,69.004,53.32,171.63,146.481,0.0003,185.388,0.0262,43.535,0.0061,292.962,0.0328,89.134
8,3696,4,2048,51200,256,1,1,1,177.828,138.796,135.674,193.945,187.244,0.0003,169.12,0.0251,45.603,0.0048,374.487,0.0304,96.563
8,3704,4,2048,51200,256,1,1,1,106.393,68.121,53.343,170.973,164.557,0.0003,170.565,0.03,38.226,0.0055,329.115,0.036,81.789
8,3712,4,2048,51200,256,1,1,1,225.983,174.328,182.759,241.252,223.263,0.0003,178.559,0.0228,50.604,0.004,446.525,0.0273,108.227
8,3720,4,2048,51200,256,1,1,1,168.693,70.141,53.892,174.074,173.797,0.0003,127.678,0.0339,34.146,0.0052,347.594,0.0396,74.97
8,3728,4,2048,51200,256,1,1,1,146.767,142.175,131.255,199.713,166.324,0.0003,161.92,0.0269,43.094,0.0055,332.649,0.033,90.519
8,3736,4,2048,51200,256,1,1,1,183.384,74.825,53.762,170.679,120.977,0.0003,164.329,0.0282,41.388,0.0076,241.954,0.0363,82.618
8,3744,4,2048,51200,256,1,1,1,233.303,162.764,163.851,228.986,216.365,0.0003,128.7,0.0299,39.13,0.0042,432.731,0.0347,86.721
8,3752,4,2048,51200,256,1,1,1,176.112,75.819,54.152,184.151,156.519,0.0003,141.929,0.0313,37.469,0.0059,313.037,0.0378,79.943
8,3760,4,2048,51200,256,1,1,1,177.718,133.944,132.962,221.106,128.437,0.0003,160.718,0.0265,44.529,0.0072,256.873,0.0342,88.601
8,3768,4,2048,51200,256,1,1,1,150.303,72.079,54.315,197.454,143.197,0.0003,181.811,0.0273,43.365,0.0065,286.393,0.0343,88.703
8,3776,4,2048,51200,256,1,1,1,207.677,166.031,150.778,244.501,214.329,0.0003,143.525,0.028,42.418,0.0044,428.658,0.0329,92.919
8,3784,4,2048,51200,256,1,1,1,154.459,72.558,54.19,181.509,108.702,0.0003,158.196,0.03,39.735,0.0086,217.405,0.0392,78.341
8,3792,4,2048,51200,256,1,1,1,175.873,132.595,131.532,219.113,176.01,0.0003,175.743,0.0251,47.643,0.0054,352.021,0.031,99.375
8,3800,4,2048,51200,256,1,1,1,164.912,75.76,54.799,186.711,148.422,0.0003,143.571,0.0318,37.798,0.0064,296.844,0.0387,79.96
8,3808,4,2048,51200,256,1,1,1,226.706,170.877,172.074,241.819,164.506,0.0003,160.229,0.0256,47.191,0.0058,329.011,0.0319,97.491
8,3816,4,2048,51200,256,1,1,1,148.756,75.622,55.25,172.306,146.111,0.0003,168.0,0.0293,41.366,0.0065,292.222,0.0363,85.858
8,3824,4,2048,51200,256,1,1,1,185.554,135.705,128.292,214.849,161.562,0.0003,144.758,0.0291,41.76,0.0059,323.123,0.0356,88.064
8,3832,4,2048,51200,256,1,1,1,155.014,72.74,55.778,162.164,108.203,0.0003,182.843,0.0278,43.878,0.0089,216.405,0.0372,84.468
8,3840,4,2048,51200,256,1,1,1,189.43,176.39,201.151,190.747,171.812,0.0003,176.141,0.0248,49.454,0.0056,343.624,0.0309,102.159
8,3848,4,2048,51200,256,1,1,1,108.602,70.984,56.15,160.815,146.51,0.0003,143.308,0.0349,35.252,0.0066,293.019,0.042,75.446
8,3856,4,2048,51200,256,1,1,1,191.589,130.303,138.898,186.098,123.797,0.0003,175.784,0.0254,48.457,0.0079,247.593,0.0339,93.987
8,3864,4,2048,51200,256,1,1,1,156.56,74.713,56.354,165.76,152.503,0.0003,161.569,0.0303,40.904,0.0064,305.006,0.0372,85.851
8,3872,4,2048,51200,256,1,1,1,208.542,176.66,170.377,186.801,198.039,0.0003,141.991,0.0292,42.516,0.005,396.077,0.0347,92.384
8,3880,4,2048,51200,256,1,1,1,153.162,73.664,56.896,162.262,151.405,0.0003,189.107,0.0276,45.151,0.0065,302.811,0.0347,92.877
8,3888,4,2048,51200,256,1,1,1,197.126,152.108,132.71,206.212,165.247,0.0003,151.312,0.0284,44.124,0.006,330.495,0.0349,92.647
8,3896,4,2048,51200,256,1,1,1,152.252,71.19,57.019,172.061,150.044,0.0003,141.914,0.0335,37.494,0.0066,300.089,0.0407,79.806
8,3904,4,2048,51200,256,1,1,1,194.137,161.437,170.889,209.856,213.13,0.0003,157.729,0.0274,46.033,0.0047,426.261,0.0326,99.919
8,3912,4,2048,51200,256,1,1,1,175.308,71.034,57.373,175.753,146.549,0.0003,160.135,0.0303,41.701,0.0068,293.098,0.0377,86.709
8,3920,4,2048,51200,256,1,1,1,173.534,135.68,133.423,204.035,162.918,0.0003,143.695,0.0304,41.745,0.0062,325.835,0.0371,88.417
8,3928,4,2048,51200,256,1,1,1,148.652,75.322,57.449,161.88,152.957,0.0003,187.342,0.0283,45.052,0.0066,305.914,0.0354,93.018
8,3936,4,2048,51200,256,1,1,1,224.574,172.254,174.548,206.561,216.336,0.0003,151.433,0.0279,45.782,0.0047,432.672,0.0332,99.765
8,3944,4,2048,51200,256,1,1,1,107.577,74.944,57.639,177.585,170.201,0.0003,155.831,0.0338,37.952,0.006,340.402,0.0404,82.326
8,3952,4,2048,51200,256,1,1,1,177.0,144.667,138.896,206.817,160.041,0.0003,185.548,0.0253,50.914,0.0064,320.083,0.0322,103.451
8,3960,4,2048,51200,256,1,1,1,152.681,71.423,58.35,170.494,158.734,0.0003,159.012,0.0316,40.953,0.0065,317.469,0.0386,86.767
8,3968,4,2048,51200,256,1,1,1,144.661,170.662,190.445,222.063,226.796,0.0003,149.379,0.0303,42.881,0.0045,453.591,0.0353,95.111
8,3976,4,2048,51200,256,1,1,1,151.71,70.913,58.642,187.828,146.354,0.0003,190.594,0.0282,46.272,0.0071,292.707,0.0358,94.352
8,3984,4,2048,51200,256,1,1,1,180.511,145.23,135.119,194.544,196.381,0.0003,168.466,0.0274,47.71,0.0053,392.761,0.0332,101.939
8,3992,4,2048,51200,256,1,1,1,104.221,76.497,58.444,167.241,144.753,0.0003,143.605,0.0364,36.013,0.0072,289.506,0.0442,76.971
8,4000,4,2048,51200,256,1,1,1,227.429,169.415,177.293,228.524,217.478,0.0003,185.051,0.0243,54.227,0.0048,434.957,0.0296,115.198
8,4008,4,2048,51200,256,1,1,1,146.295,75.435,59.141,164.2,122.146,0.0003,157.934,0.0323,40.864,0.0086,244.293,0.0415,82.589
8,4016,4,2048,51200,256,1,1,1,112.28,143.551,126.955,182.661,155.781,0.0003,145.335,0.0337,39.377,0.0068,311.562,0.041,83.899
8,4024,4,2048,51200,256,1,1,1,142.987,71.732,59.001,165.44,140.11,0.0003,166.02,0.0317,42.031,0.0076,280.221,0.0398,86.818
8,4032,4,2048,51200,256,1,1,1,181.92,174.327,174.345,211.554,186.385,0.0003,183.713,0.0256,52.159,0.0057,372.77,0.0319,108.805
8,4040,4,2048,51200,256,1,1,1,106.839,71.761,59.217,173.681,152.207,0.0003,144.739,0.0366,36.592,0.007,304.415,0.0442,78.728
8,4048,4,2048,51200,256,1,1,1,179.739,136.188,134.761,210.06,165.273,0.0003,167.804,0.028,48.054,0.0065,330.547,0.035,99.716
8,4056,4,2048,51200,256,1,1,1,142.71,76.059,59.166,182.03,168.812,0.0003,130.421,0.0373,36.178,0.0064,337.624,0.0442,79.251
8,4064,4,2048,51200,256,1,1,1,139.385,170.218,159.858,225.425,194.726,0.0003,145.937,0.032,42.296,0.0056,389.453,0.0381,92.309
8,4072,4,2048,51200,256,1,1,1,149.723,76.619,59.522,164.718,158.1,0.0003,179.793,0.0302,45.075,0.0069,316.2,0.0376,94.022
8,4080,4,2048,51200,256,1,1,1,172.733,139.833,146.476,211.764,197.731,0.0003,143.467,0.0318,42.924,0.0055,395.462,0.0378,93.706
8,4088,4,2048,51200,256,1,1,1,98.581,72.96,60.131,175.166,177.613,0.0003,163.394,0.035,39.081,0.0062,355.227,0.0417,85.272
8,4096,4,2048,51200,256,1,1,1,221.148,180.898,213.521,244.119,200.313,0.0004,184.126,0.0249,55.154,0.0055,400.627,0.0313,114.197
8,4104,4,2048,51200,256,1,1,1,155.971,72.778,38.257,162.005,153.295,0.0005,122.548,0.0406,33.975,0.0072,306.59,0.0488,73.521
8,4112,4,2048,51200,256,1,1,1,179.606,134.134,115.256,207.843,173.089,0.0005,170.208,0.0285,48.646,0.0064,346.179,0.0359,100.423
8,4120,4,2048,51200,256,1,1,1,165.344,76.857,38.464,163.294,112.673,0.0005,172.009,0.0322,43.088,0.0099,225.346,0.0431,83.825
8,4128,4,2048,51200,256,1,1,1,214.819,167.675,146.767,230.857,206.486,0.0005,162.733,0.0282,49.5,0.0054,412.972,0.0346,104.905
8,4136,4,2048,51200,256,1,1,1,132.254,76.793,38.502,158.268,146.746,0.0005,139.704,0.0384,36.447,0.0076,293.492,0.047,77.43
8,4144,4,2048,51200,256,1,1,1,173.615,127.102,117.967,201.028,194.914,0.0005,179.71,0.0279,50.346,0.0058,389.828,0.0347,105.432
8,4152,4,2048,51200,256,1,1,1,144.862,72.426,38.639,181.148,134.643,0.0005,145.628,0.0369,38.216,0.0084,269.285,0.0463,79.298
8,4160,4,2048,51200,256,1,1,1,203.408,170.694,150.611,209.852,206.703,0.0005,139.997,0.0322,43.886,0.0055,413.407,0.0387,95.13
8,4168,4,2048,51200,256,1,1,1,164.755,72.53,38.855,168.53,134.226,0.0005,149.005,0.0359,39.544,0.0085,268.452,0.0454,81.462
8,4176,4,2048,51200,256,1,1,1,194.075,130.013,106.27,205.601,188.913,0.0005,155.4,0.0307,46.288,0.006,377.827,0.0378,98.096
8,4184,4,2048,51200,256,1,1,1,156.931,76.088,38.675,181.999,135.608,0.0005,172.404,0.0329,43.416,0.0085,271.216,0.0424,87.865
8,4192,4,2048,51200,256,1,1,1,138.461,161.917,140.469,223.203,207.35,0.0005,148.81,0.033,43.385,0.0056,414.7,0.0396,94.36
8,4200,4,2048,51200,256,1,1,1,173.037,77.182,39.028,164.737,139.328,0.0005,175.242,0.0323,44.508,0.0083,278.656,0.0416,90.099
8,4208,4,2048,51200,256,1,1,1,174.421,136.766,108.38,192.927,170.38,0.0005,144.769,0.0332,43.444,0.0068,340.759,0.041,91.71
8,4216,4,2048,51200,256,1,1,1,99.994,72.546,39.138,182.186,170.446,0.0005,167.956,0.037,39.176,0.0068,340.891,0.0448,84.309
8,4224,4,2048,51200,256,1,1,1,220.71,179.465,143.212,242.99,214.114,0.0005,165.359,0.0284,51.183,0.0055,428.229,0.0348,108.889
8,4232,4,2048,51200,256,1,1,1,149.661,71.398,39.118,168.501,155.791,0.0005,160.327,0.0354,41.197,0.0075,311.581,0.0439,86.606
8,4240,4,2048,51200,256,1,1,1,116.138,138.687,115.016,195.716,191.969,0.0005,178.56,0.0313,46.739,0.0061,383.937,0.0384,99.33
8,4248,4,2048,51200,256,1,1,1,144.885,74.55,39.007,170.137,107.74,0.0005,142.398,0.0385,38.171,0.011,215.48,0.0504,75.982
8,4256,4,2048,51200,256,1,1,1,200.179,144.718,136.413,238.686,162.922,0.0005,143.347,0.0326,45.133,0.0073,325.844,0.0409,93.973
8,4264,4,2048,51200,256,1,1,1,98.431,75.532,38.77,182.244,139.541,0.0005,182.116,0.0359,41.117,0.0085,279.082,0.0455,84.857
8,4272,4,2048,51200,256,1,1,1,158.808,149.767,119.168,214.755,115.191,0.0005,141.925,0.0345,43.039,0.0104,230.382,0.0459,84.507
8,4280,4,2048,51200,256,1,1,1,144.222,71.769,38.959,191.977,138.799,0.0005,125.851,0.042,35.404,0.0086,277.599,0.0517,75.232
8,4288,4,2048,51200,256,1,1,1,217.764,161.999,152.624,239.469,212.296,0.0005,143.554,0.0323,46.222,0.0057,424.591,0.039,100.092
8,4296,4,2048,51200,256,1,1,1,145.45,71.877,38.606,176.399,111.011,0.0005,151.078,0.0375,39.895,0.0109,222.022,0.0495,79.194
8,4304,4,2048,51200,256,1,1,1,178.09,131.73,112.063,219.688,159.874,0.0005,179.103,0.029,51.755,0.0076,319.747,0.0377,104.401
8,4312,4,2048,51200,256,1,1,1,170.45,75.969,38.459,188.791,175.061,0.0005,143.049,0.0379,39.757,0.007,350.121,0.0459,85.929
8,4320,4,2048,51200,256,1,1,1,230.374,163.547,148.556,223.997,224.401,0.0005,171.647,0.0283,53.422,0.0055,448.803,0.0348,113.794
8,4328,4,2048,51200,256,1,1,1,149.958,75.242,38.94,192.109,141.864,0.0005,178.97,0.0337,45.069,0.0087,283.729,0.0434,91.644
8,4336,4,2048,51200,256,1,1,1,195.215,149.168,112.207,202.793,192.704,0.0005,142.998,0.034,44.849,0.0064,385.408,0.0414,96.373
8,4344,4,2048,51200,256,1,1,1,157.554,72.717,39.045,162.271,149.805,0.0005,151.389,0.0376,40.643,0.0083,299.611,0.0469,85.367
8,4352,4,2048,51200,256,1,1,1,129.301,184.194,176.893,181.647,189.436,0.0005,163.809,0.0328,46.729,0.0066,378.872,0.0403,99.534
8,4360,4,2048,51200,256,1,1,1,146.167,72.791,39.45,167.239,147.179,0.0005,158.873,0.037,41.585,0.0085,294.357,0.0465,86.701
8,4368,4,2048,51200,256,1,1,1,122.658,136.133,120.349,200.383,127.13,0.0005,148.154,0.0362,42.601,0.0098,254.26,0.0471,85.883
8,4376,4,2048,51200,256,1,1,1,173.782,75.8,39.811,162.967,138.715,0.0005,178.523,0.0335,46.188,0.009,277.43,0.0436,93.085
8,4384,4,2048,51200,256,1,1,1,200.136,172.769,139.746,189.402,191.897,0.0005,149.529,0.0329,47.254,0.0066,383.794,0.0405,100.648
8,4392,4,2048,51200,256,1,1,1,109.304,76.015,39.452,154.414,135.325,0.0005,173.234,0.0377,41.391,0.0093,270.651,0.048,85.098
8,4400,4,2048,51200,256,1,1,1,158.182,126.742,105.342,192.969,188.721,0.0005,182.445,0.0305,51.354,0.0067,377.441,0.0382,107.365
8,4408,4,2048,51200,256,1,1,1,167.891,72.373,39.96,181.98,174.809,0.0005,131.688,0.0413,38.03,0.0073,349.619,0.0496,83.035
8,4416,4,2048,51200,256,1,1,1,146.499,165.671,150.745,218.851,203.191,0.0005,142.194,0.0359,43.816,0.0063,406.382,0.0432,95.512
8,4424,4,2048,51200,256,1,1,1,145.015,73.14,40.066,169.241,147.498,0.0005,177.605,0.0352,44.926,0.0087,294.996,0.0449,92.356
8,4432,4,2048,51200,256,1,1,1,187.657,136.194,112.477,190.609,193.089,0.0005,131.339,0.0376,42.198,0.0067,386.177,0.0452,91.929
8,4440,4,2048,51200,256,1,1,1,171.466,76.845,39.609,174.084,140.366,0.0005,179.616,0.0339,46.841,0.0092,280.732,0.0442,94.483
8,4448,4,2048,51200,256,1,1,1,217.369,156.854,159.66,237.259,156.159,0.0005,163.695,0.0305,52.264,0.0083,312.319,0.0398,105.106
8,4456,4,2048,51200,256,1,1,1,158.571,76.161,40.066,156.862,141.224,0.0005,132.65,0.0421,38.01,0.0092,282.447,0.0523,80.292
8,4464,4,2048,51200,256,1,1,1,171.461,147.359,113.016,185.691,151.57,0.0005,164.774,0.0325,49.342,0.0086,303.141,0.0422,99.983
8,4472,4,2048,51200,256,1,1,1,139.525,71.192,40.164,176.055,109.638,0.0005,160.126,0.0382,42.191,0.012,219.276,0.0512,82.725
8,4480,4,2048,51200,256,1,1,1,217.298,175.842,157.15,218.187,185.494,0.0005,130.061,0.0368,43.968,0.0071,370.989,0.0448,94.718
8,4488,4,2048,51200,256,1,1,1,146.196,70.748,40.461,173.36,138.358,0.0005,143.879,0.0407,39.841,0.0095,276.716,0.0513,83.132
8,4496,4,2048,51200,256,1,1,1,160.987,139.14,122.087,198.601,116.682,0.0005,175.302,0.0317,51.351,0.0114,233.365,0.0441,97.068
8,4504,4,2048,51200,256,1,1,1,147.878,76.541,40.268,186.446,139.085,0.0005,167.266,0.0368,44.291,0.0096,278.17,0.0474,90.476
8,4512,4,2048,51200,256,1,1,1,156.099,171.001,157.706,237.529,189.039,0.0005,144.108,0.0359,45.567,0.0071,378.078,0.044,97.836
8,4520,4,2048,51200,256,1,1,1,157.69,77.226,40.112,149.648,174.57,0.0005,182.438,0.0351,46.744,0.0077,349.141,0.0438,98.561
8,4528,4,2048,51200,256,1,1,1,164.881,130.25,109.754,200.037,154.772,0.0005,186.2,0.0307,53.593,0.0087,309.544,0.0404,107.175
8,4536,4,2048,51200,256,1,1,1,165.168,73.062,40.042,161.759,164.4,0.0005,145.775,0.0402,41.122,0.0082,328.8,0.0494,88.011
8,4544,4,2048,51200,256,1,1,1,227.252,163.821,158.349,227.913,219.288,0.0005,180.76,0.0289,57.312,0.0062,438.576,0.0361,120.805
8,4552,4,2048,51200,256,1,1,1,121.764,72.919,39.572,164.87,140.953,0.0005,145.004,0.0427,38.946,0.0096,281.906,0.0534,82.048
8,4560,4,2048,51200,256,1,1,1,173.692,135.396,117.453,181.5,188.27,0.0005,145.913,0.0364,45.832,0.0072,376.54,0.0447,98.362
8,4568,4,2048,51200,256,1,1,1,170.369,76.648,39.767,167.838,149.041,0.0005,182.302,0.0349,47.925,0.0092,298.082,0.0451,97.685
8,4576,4,2048,51200,256,1,1,1,160.661,165.873,139.658,242.122,219.165,0.0005,147.013,0.036,46.703,0.0063,438.331,0.0432,102.289
8,4584,4,2048,51200,256,1,1,1,139.546,73.505,40.117,163.898,138.937,0.0005,147.099,0.0416,40.528,0.0099,277.874,0.0525,84.533
8,4592,4,2048,51200,256,1,1,1,111.635,139.456,116.047,170.962,153.64,0.0005,151.549,0.0392,43.164,0.009,307.28,0.0492,90.57
8,4600,4,2048,51200,256,1,1,1,164.329,68.039,40.139,159.792,138.491,0.0005,152.979,0.0398,42.56,0.01,276.983,0.0509,87.836
8,4608,4,2048,51200,256,1,1,1,196.603,182.196,168.357,192.087,183.337,0.0005,145.805,0.0354,48.048,0.0076,366.673,0.044,101.947
8,4616,4,2048,51200,256,1,1,1,107.006,66.266,40.565,164.014,151.005,0.0005,143.886,0.045,37.93,0.0092,302.009,0.0553,81.416
8,4624,4,2048,51200,256,1,1,1,184.517,136.783,115.005,187.085,162.206,0.0005,170.723,0.0328,52.226,0.0086,324.411,0.0424,106.352
8,4632,4,2048,51200,256,1,1,1,136.037,74.034,40.546,154.797,151.108,0.0005,141.341,0.0434,39.519,0.0093,302.216,0.0538,84.202
8,4640,4,2048,51200,256,1,1,1,140.648,158.198,156.935,234.91,142.072,0.0005,145.529,0.0377,45.628,0.0099,284.143,0.0487,93.289
8,4648,4,2048,51200,256,1,1,1,154.224,75.733,40.564,168.783,136.994,0.0005,171.377,0.0376,45.905,0.0103,273.987,0.049,93.035
8,4656,4,2048,51200,256,1,1,1,162.182,136.698,105.333,198.158,128.516,0.0005,144.103,0.0381,45.499,0.0111,257.033,0.0502,91.162
8,4664,4,2048,51200,256,1,1,1,98.13,72.313,40.459,176.582,149.564,0.0005,168.661,0.0421,41.254,0.0095,299.128,0.0527,87.073
8,4672,4,2048,51200,256,1,1,1,211.082,179.252,159.251,230.868,141.493,0.0005,143.004,0.0359,48.585,0.0101,282.986,0.0471,97.862
8,4680,4,2048,51200,256,1,1,1,156.309,72.844,40.54,162.557,142.148,0.0005,170.069,0.0382,45.788,0.0101,284.295,0.0493,93.633
8,4688,4,2048,51200,256,1,1,1,197.056,150.986,116.238,197.827,194.466,0.0005,141.824,0.0374,46.891,0.0074,388.932,0.0459,101.062
8,4696,4,2048,51200,256,1,1,1,165.405,76.927,40.625,160.176,143.749,0.0005,167.837,0.0382,46.075,0.0101,287.498,0.0493,94.343
8,4704,4,2048,51200,256,1,1,1,157.018,176.176,142.609,233.066,190.471,0.0005,160.151,0.0351,50.274,0.0076,380.942,0.0438,106.598
8,4712,4,2048,51200,256,1,1,1,173.657,75.862,40.896,155.549,140.529,0.0005,143.558,0.0421,42.067,0.0104,281.058,0.0535,87.507
8,4720,4,2048,51200,256,1,1,1,112.914,142.764,120.817,201.467,175.973,0.0005,153.904,0.0397,44.804,0.0083,351.945,0.049,95.881
8,4728,4,2048,51200,256,1,1,1,109.533,70.981,41.338,179.829,139.84,0.0005,148.061,0.0449,39.67,0.0105,279.681,0.0564,83.481
8,4736,4,2048,51200,256,1,1,1,227.801,172.447,173.942,224.703,177.426,0.0005,149.282,0.0349,51.192,0.0083,354.852,0.0442,106.926
8,4744,4,2048,51200,256,1,1,1,108.869,69.427,41.417,159.795,168.946,0.0005,146.244,0.0458,39.141,0.0087,337.891,0.0556,85.336
8,4752,4,2048,51200,256,1,1,1,194.77,137.315,106.865,197.729,156.814,0.0005,179.951,0.0324,55.561,0.0094,313.629,0.0428,111.06
8,4760,4,2048,51200,256,1,1,1,146.157,70.772,41.624,158.523,122.093,0.0005,141.691,0.0442,40.788,0.0122,244.187,0.0574,83.124
8,4768,4,2048,51200,256,1,1,1,153.268,168.592,149.958,226.984,204.979,0.0005,164.455,0.0353,51.317,0.0073,409.957,0.0436,109.933
8,4776,4,2048,51200,256,1,1,1,139.621,70.466,41.887,165.463,137.617,0.0005,164.795,0.0407,44.604,0.0109,275.235,0.0526,91.367
8,4784,4,2048,51200,256,1,1,1,166.028,131.353,124.507,184.281,116.232,0.0005,126.19,0.0431,42.226,0.0129,232.465,0.0571,84.482
8,4792,4,2048,51200,256,1,1,1,173.717,70.876,41.621,174.284,142.24,0.0005,164.08,0.0393,46.491,0.0106,284.48,0.0509,95.025
8,4800,4,2048,51200,256,1,1,1,205.365,169.068,155.417,237.736,140.3,0.0005,174.303,0.0322,56.911,0.0108,280.599,0.044,110.31
8,4808,4,2048,51200,256,1,1,1,142.567,71.679,41.598,175.71,152.714,0.0005,126.709,0.0481,38.216,0.0099,305.429,0.059,82.446
8,4816,4,2048,51200,256,1,1,1,195.526,145.636,114.162,202.753,159.83,0.0005,164.173,0.0348,52.909,0.0095,319.66,0.0454,107.598
8,4824,4,2048,51200,256,1,1,1,137.995,76.711,41.725,182.106,109.016,0.0005,159.819,0.0417,44.345,0.014,218.031,0.0567,86.375
8,4832,4,2048,51200,256,1,1,1,232.235,169.882,158.211,226.697,173.084,0.0005,127.222,0.0405,45.823,0.0088,346.169,0.0503,97.62
8,4840,4,2048,51200,256,1,1,1,140.863,77.009,42.066,162.911,141.592,0.0005,169.782,0.0404,46.026,0.0108,283.184,0.0523,94.292
8,4848,4,2048,51200,256,1,1,1,153.188,143.642,122.045,214.436,115.335,0.0005,169.837,0.0357,52.189,0.0134,230.669,0.0501,98.659
8,4856,4,2048,51200,256,1,1,1,173.289,73.167,42.446,159.748,140.368,0.0005,163.993,0.04,46.767,0.011,280.737,0.0521,95.318
8,4864,4,2048,51200,256,1,1,1,214.414,178.222,184.458,221.356,201.989,0.0005,178.881,0.0318,59.05,0.0077,403.978,0.0405,123.007
8,4872,4,2048,51200,256,1,1,1,134.942,73.148,42.812,160.304,108.208,0.0005,174.688,0.0405,46.459,0.0144,216.416,0.0559,89.282
8,4880,4,2048,51200,256,1,1,1,166.387,155.321,125.441,190.218,156.393,0.0005,179.444,0.0343,55.116,0.01,312.786,0.0453,110.645
8,4888,4,2048,51200,256,1,1,1,163.996,77.095,42.97,166.023,140.145,0.0005,140.603,0.0446,42.438,0.0112,280.29,0.0568,88.419
8,4896,4,2048,51200,256,1,1,1,206.971,165.701,163.968,224.925,137.455,0.0005,180.543,0.0322,59.027,0.0114,274.909,0.0446,112.918
8,4904,4,2048,51200,256,1,1,1,137.145,77.621,43.259,176.831,141.763,0.0005,167.64,0.0413,46.119,0.0111,283.526,0.0535,94.592
8,4912,4,2048,51200,256,1,1,1,126.964,142.243,119.358,193.908,156.496,0.0005,141.497,0.043,44.398,0.0101,312.992,0.0542,93.632
8,4920,4,2048,51200,256,1,1,1,136.723,73.574,43.541,156.215,141.144,0.0005,175.012,0.0409,46.907,0.0112,282.288,0.0531,95.776
8,4928,4,2048,51200,256,1,1,1,139.494,167.582,152.949,228.084,176.007,0.0005,158.797,0.0384,50.056,0.009,352.014,0.0485,105.302
8,4936,4,2048,51200,256,1,1,1,165.485,73.504,43.856,154.024,171.951,0.0005,143.336,0.0447,43.088,0.0093,343.902,0.0551,92.994
8,4944,4,2048,51200,256,1,1,1,191.308,146.549,126.962,188.109,157.737,0.0005,172.189,0.0349,55.353,0.0102,315.475,0.0461,111.374
8,4952,4,2048,51200,256,1,1,1,111.369,77.561,43.757,162.372,143.473,0.0005,146.753,0.0475,40.793,0.0112,286.946,0.0598,86.204
8,4960,4,2048,51200,256,1,1,1,204.02,181.756,167.139,212.054,187.244,0.0005,143.332,0.0388,50.174,0.0086,374.488,0.0484,106.779
8,4968,4,2048,51200,256,1,1,1,158.885,77.99,44.054,148.283,140.953,0.0005,143.299,0.0454,43.004,0.0115,281.906,0.0579,89.593
8,4976,4,2048,51200,256,1,1,1,193.612,152.509,109.277,203.025,159.757,0.0005,147.278,0.0392,49.852,0.0102,319.514,0.0504,103.12
8,4984,4,2048,51200,256,1,1,1,162.76,73.862,44.556,167.246,141.597,0.0005,150.675,0.0437,44.906,0.0115,283.193,0.0562,92.799
8,4992,4,2048,51200,256,1,1,1,139.379,174.207,174.716,238.209,199.829,0.0005,150.906,0.0402,48.994,0.0082,399.658,0.0494,106.049
8,5000,4,2048,51200,256,1,1,1,167.479,71.717,44.633,185.125,144.376,0.0005,170.334,0.0403,49.015,0.0113,288.752,0.0527,99.726
8,5008,4,2048,51200,256,1,1,1,185.042,151.432,118.258,203.261,164.904,0.0005,143.01,0.0406,48.774,0.01,329.809,0.0516,102.097
8,5016,4,2048,51200,256,1,1,1,110.332,76.382,44.869,182.336,159.439,0.0005,147.941,0.0479,41.481,0.0103,318.877,0.0592,89.188
8,5024,4,2048,51200,256,1,1,1,200.473,166.988,146.284,237.014,193.731,0.0005,155.932,0.0371,53.642,0.0085,387.462,0.0467,113.491
8,5032,4,2048,51200,256,1,1,1,140.707,76.98,44.473,159.072,108.816,0.0005,127.718,0.0505,39.552,0.0152,217.631,0.0668,79.577
8,5040,4,2048,51200,256,1,1,1,156.617,148.014,116.207,205.023,156.201,0.0005,144.389,0.0419,47.825,0.0107,312.403,0.0536,99.55
8,5048,4,2048,51200,256,1,1,1,135.014,72.527,44.719,152.739,163.088,0.0005,156.908,0.0451,44.52,0.0102,326.176,0.0564,94.846
8,5056,4,2048,51200,256,1,1,1,197.779,174.309,166.351,213.33,174.645,0.0005,128.267,0.0434,46.446,0.0096,349.29,0.054,99.354
8,5064,4,2048,51200,256,1,1,1,139.388,72.892,44.963,186.961,136.18,0.0005,144.861,0.0467,43.241,0.0123,272.36,0.0601,89.542
8,5072,4,2048,51200,256,1,1,1,151.851,144.345,126.598,179.93,190.852,0.0005,150.345,0.0415,48.836,0.0088,381.704,0.0514,105.105
8,5080,4,2048,51200,256,1,1,1,146.666,77.613,45.033,178.354,140.219,0.0005,173.859,0.0415,48.955,0.0121,280.439,0.0546,99.163
8,5088,4,2048,51200,256,1,1,1,143.081,179.605,173.304,228.094,169.442,0.0005,145.659,0.042,48.535,0.01,338.885,0.053,102.395
8,5096,4,2048,51200,256,1,1,1,138.177,77.03,45.57,154.285,140.611,0.0005,147.514,0.0469,43.537,0.0121,281.221,0.0601,90.662
8,5104,4,2048,51200,256,1,1,1,154.228,141.398,116.163,200.587,158.655,0.0005,184.051,0.0364,56.346,0.0108,317.31,0.0482,113.43
8,5112,4,2048,51200,256,1,1,1,116.325,72.912,45.639,162.283,160.006,0.0005,145.758,0.0492,41.772,0.0107,320.011,0.061,89.922
8,5120,4,2048,51200,256,1,1,1,186.688,194.096,183.201,219.669,178.404,0.0005,157.407,0.038,54.301,0.0096,356.808,0.0486,113.12
8,5128,4,2048,51200,256,1,1,1,140.701,73.707,46.154,182.882,139.616,0.0005,172.856,0.0425,48.658,0.0123,279.231,0.0559,98.672
8,5136,4,2048,51200,256,1,1,1,195.222,135.809,132.427,191.497,191.563,0.0005,146.828,0.0408,50.804,0.009,383.126,0.0509,108.694
8,5144,4,2048,51200,256,1,1,1,94.669,77.918,46.25,176.004,148.506,0.0005,149.232,0.0511,40.72,0.0117,297.011,0.0638,86.965
8,5152,4,2048,51200,256,1,1,1,154.393,170.539,156.169,232.996,177.077,0.0005,167.963,0.0382,54.634,0.0098,354.153,0.049,113.444
8,5160,4,2048,51200,256,1,1,1,169.553,77.218,46.108,166.725,139.394,0.0005,176.738,0.0408,51.226,0.0125,278.788,0.0544,102.615
8,5168,4,2048,51200,256,1,1,1,111.272,149.305,130.509,203.772,126.208,0.0005,149.606,0.0454,46.18,0.0139,252.417,0.0603,92.789
8,5176,4,2048,51200,256,1,1,1,107.273,73.143,46.537,185.615,137.281,0.0005,158.516,0.0481,43.69,0.0128,274.563,0.062,90.588
8,5184,4,2048,51200,256,1,1,1,195.631,182.502,174.449,215.986,172.083,0.0005,155.542,0.0387,54.5,0.0102,344.166,0.05,112.664
8,5192,4,2048,51200,256,1,1,1,104.327,73.446,46.561,183.061,160.668,0.0005,148.49,0.0506,41.835,0.011,321.337,0.0626,90.217
8,5200,4,2048,51200,256,1,1,1,187.155,136.837,121.277,190.512,160.254,0.0005,172.007,0.0375,56.561,0.0111,320.509,0.0496,114.191
8,5208,4,2048,51200,256,1,1,1,138.166,77.612,46.229,179.996,119.404,0.0005,144.512,0.0484,43.965,0.0149,238.809,0.0643,88.342
8,5216,4,2048,51200,256,1,1,1,137.307,175.062,174.81,237.609,213.822,0.0005,147.591,0.0433,49.305,0.0083,427.643,0.0527,108.233
8,5224,4,2048,51200,256,1,1,1,170.376,77.203,46.79,166.063,139.936,0.0005,168.588,0.0426,50.241,0.0128,279.871,0.0564,101.341
8,5232,4,2048,51200,256,1,1,1,156.946,135.327,134.506,194.604,163.864,0.0005,146.074,0.0435,49.283,0.0109,327.728,0.0555,103.252
8,5240,4,2048,51200,256,1,1,1,100.029,72.701,46.934,180.229,141.628,0.0005,148.339,0.0518,41.539,0.0127,283.257,0.0655,87.728
8,5248,4,2048,51200,256,1,1,1,212.889,174.461,191.539,243.471,182.216,0.0005,178.621,0.0348,62.01,0.0099,364.432,0.0457,126.138
8,5256,4,2048,51200,256,1,1,1,140.128,72.591,47.18,191.871,117.527,0.0005,150.385,0.0475,45.507,0.0154,235.054,0.064,90.399
8,5264,4,2048,51200,256,1,1,1,112.709,144.836,124.01,207.198,174.6,0.0005,150.951,0.0462,46.982,0.0104,349.201,0.0576,100.683
8,5272,4,2048,51200,256,1,1,1,169.376,76.774,47.256,185.983,139.969,0.0005,160.464,0.0441,49.302,0.013,279.937,0.0582,100.002
8,5280,4,2048,51200,256,1,1,1,191.239,173.775,166.774,237.243,188.845,0.0005,159.375,0.039,55.985,0.0097,377.69,0.0497,117.451
8,5288,4,2048,51200,256,1,1,1,103.696,78.359,47.22,183.082,145.225,0.0005,162.51,0.0491,44.574,0.0126,290.45,0.0627,93.283
8,5296,4,2048,51200,256,1,1,1,186.537,153.214,127.698,182.853,161.378,0.0005,174.956,0.0378,57.957,0.0114,322.755,0.0503,116.736
8,5304,4,2048,51200,256,1,1,1,139.271,73.674,47.302,155.511,112.345,0.0005,147.079,0.0493,44.598,0.0164,224.69,0.0668,88.153
8,5312,4,2048,51200,256,1,1,1,139.029,176.267,173.887,240.168,219.033,0.0005,152.243,0.0432,51.051,0.0084,438.066,0.0527,112.04
8,5320,4,2048,51200,256,1,1,1,167.563,74.226,47.133,189.695,134.5,0.0005,172.109,0.0429,51.596,0.0138,268.999,0.0577,102.609
8,5328,4,2048,51200,256,1,1,1,156.485,145.084,129.512,195.211,115.53,0.0005,166.156,0.0408,54.347,0.0161,231.06,0.058,102.46
8,5336,4,2048,51200,256,1,1,1,106.915,78.252,47.246,156.242,139.81,0.0005,145.988,0.0528,42.111,0.0133,279.621,0.0672,88.614
8,5344,4,2048,51200,256,1,1,1,184.701,175.455,179.473,240.977,197.263,0.0005,172.168,0.0376,59.314,0.0095,394.526,0.0481,124.082
8,5352,4,2048,51200,256,1,1,1,139.903,76.979,48.111,155.176,105.366,0.0005,152.171,0.0487,45.962,0.0178,210.733,0.0675,88.72
8,5360,4,2048,51200,256,1,1,1,112.25,150.167,126.386,193.63,150.384,0.0005,146.452,0.0483,46.397,0.0125,300.769,0.0619,97.055
8,5368,4,2048,51200,256,1,1,1,139.72,72.895,48.402,159.748,111.445,0.0005,186.94,0.0434,51.846,0.0169,222.891,0.0614,98.184
8,5376,4,2048,51200,256,1,1,1,201.19,177.004,203.287,228.603,133.737,0.0005,159.172,0.0394,57.272,0.0142,267.474,0.0546,110.776
8,5384,4,2048,51200,256,1,1,1,108.311,70.91,48.506,162.987,132.584,0.0005,135.01,0.0558,40.525,0.0143,265.169,0.0712,85.148
8,5392,4,2048,51200,256,1,1,1,153.719,143.31,137.381,185.532,112.253,0.0005,154.523,0.0437,51.864,0.017,224.507,0.0617,98.435
8,5400,4,2048,51200,256,1,1,1,150.121,74.869,48.548,143.154,169.913,0.0005,120.7,0.0566,40.19,0.0112,339.826,0.0689,88.51
8,5408,4,2048,51200,256,1,1,1,218.524,183.681,178.929,238.994,176.009,0.0005,162.101,0.0386,59.102,0.0109,352.018,0.0505,121.003
8,5416,4,2048,51200,256,1,1,1,139.404,77.586,48.267,173.655,102.55,0.0005,168.513,0.0462,49.5,0.0187,205.099,0.066,92.911
8,5424,4,2048,51200,256,1,1,1,190.992,154.289,132.978,175.313,154.943,0.0005,121.551,0.0503,45.566,0.0124,309.887,0.0638,96.357
8,5432,4,2048,51200,256,1,1,1,139.572,73.535,48.523,152.546,122.393,0.0005,151.674,0.0498,46.115,0.0158,244.785,0.0667,92.445
8,5440,4,2048,51200,256,1,1,1,208.19,178.537,182.785,231.513,136.875,0.0005,143.522,0.0429,53.721,0.0142,273.749,0.0581,106.375
8,5448,4,2048,51200,256,1,1,1,140.097,73.897,48.201,151.168,160.383,0.0005,123.726,0.0568,40.658,0.0121,320.767,0.07,88.559
8,5456,4,2048,51200,256,1,1,1,157.677,139.452,136.077,180.7,152.296,0.0005,168.737,0.0418,55.483,0.0128,304.591,0.0556,111.79
8,5464,4,2048,51200,256,1,1,1,140.236,79.44,48.434,172.654,103.136,0.0005,167.134,0.0468,49.627,0.019,206.273,0.0668,93.303
8,5472,4,2048,51200,256,1,1,1,221.946,170.123,176.507,222.854,216.732,0.0005,123.095,0.0482,48.289,0.0091,433.465,0.0584,107.168
8,5480,4,2048,51200,256,1,1,1,172.124,78.065,48.763,155.258,121.273,0.0005,162.201,0.0462,50.546,0.0162,242.545,0.0635,98.767
8,5488,4,2048,51200,256,1,1,1,157.113,148.438,133.758,199.07,113.114,0.0005,159.155,0.0434,53.911,0.0174,226.228,0.062,101.518
8,5496,4,2048,51200,256,1,1,1,143.323,72.417,48.893,158.021,165.907,0.0005,125.275,0.0566,41.483,0.0119,331.815,0.0696,90.625
8,5504,4,2048,51200,256,1,1,1,208.235,177.868,187.946,216.378,176.455,0.0005,140.063,0.0444,52.999,0.0113,352.911,0.0567,111.539
8,5512,4,2048,51200,256,1,1,1,141.924,71.988,49.383,167.351,105.516,0.0005,158.557,0.049,48.211,0.0189,211.032,0.0689,92.075
8,5520,4,2048,51200,256,1,1,1,156.529,152.35,130.525,191.745,189.203,0.0005,125.667,0.0517,45.831,0.0106,378.406,0.0633,100.557
8,5528,4,2048,51200,256,1,1,1,138.437,72.802,49.286,169.642,119.951,0.0005,155.698,0.0499,47.573,0.0167,239.902,0.0676,94.309
8,5536,4,2048,51200,256,1,1,1,182.023,185.594,176.24,224.983,137.674,0.0005,165.181,0.0407,58.511,0.0146,275.348,0.0563,113.598
8,5544,4,2048,51200,256,1,1,1,170.022,74.945,49.663,152.293,121.111,0.0005,125.233,0.0556,42.954,0.0166,242.221,0.0732,87.588
8,5552,4,2048,51200,256,1,1,1,156.11,145.533,138.984,201.317,153.588,0.0005,161.325,0.0437,54.748,0.0132,307.176,0.0579,111.088
8,5560,4,2048,51200,256,1,1,1,142.66,72.414,49.292,156.85,106.49,0.0005,165.988,0.0483,49.629,0.019,212.98,0.0684,94.29
8,5568,4,2048,51200,256,1,1,1,177.698,175.303,170.466,219.253,178.807,0.0005,126.24,0.0501,48.058,0.0114,357.613,0.0625,103.558
8,5576,4,2048,51200,256,1,1,1,139.17,73.398,49.267,175.556,120.785,0.0005,165.071,0.0486,49.661,0.0169,241.571,0.0665,97.559
8,5584,4,2048,51200,256,1,1,1,156.394,152.769,129.879,177.538,111.94,0.0005,155.458,0.0455,53.173,0.0183,223.879,0.0648,100.409
8,5592,4,2048,51200,256,1,1,1,141.722,78.271,49.584,177.367,121.366,0.0005,171.919,0.0472,51.368,0.0169,242.731,0.0651,100.14
8,5600,4,2048,51200,256,1,1,1,154.958,170.698,156.077,245.773,173.17,0.0005,159.237,0.0438,55.448,0.0119,346.34,0.0568,115.234
8,5608,4,2048,51200,256,1,1,1,142.453,78.568,49.726,142.674,146.391,0.0005,169.221,0.0484,50.316,0.0141,292.781,0.0636,103.176
8,5616,4,2048,51200,256,1,1,1,159.91,152.195,135.476,195.623,153.508,0.0005,167.908,0.043,56.804,0.0135,307.016,0.0575,114.302
8,5624,4,2048,51200,256,1,1,1,108.74,74.511,50.292,184.903,158.35,0.0005,151.016,0.0546,44.857,0.0131,316.7,0.0688,95.909
8,5632,4,2048,51200,256,1,1,1,182.727,193.991,205.698,208.276,206.266,0.0005,165.251,0.0415,59.184,0.0101,412.532,0.0526,125.713
8,5640,4,2048,51200,256,1,1,1,142.65,74.242,50.378,161.769,121.212,0.0005,161.176,0.0498,49.42,0.0172,242.423,0.0681,97.386
8,5648,4,2048,51200,256,1,1,1,184.173,138.373,136.232,182.616,167.94,0.0005,144.819,0.0469,52.711,0.0124,335.879,0.0604,110.166
8,5656,4,2048,51200,256,1,1,1,134.414,78.057,50.522,153.068,138.228,0.0005,163.901,0.0503,49.267,0.0152,276.456,0.0665,100.298
8,5664,4,2048,51200,256,1,1,1,218.3,179.389,186.121,221.136,175.701,0.0005,175.806,0.0387,64.138,0.012,351.402,0.0517,129.255
8,5672,4,2048,51200,256,1,1,1,108.139,78.118,50.666,168.553,166.004,0.0005,142.834,0.0573,43.473,0.0127,332.008,0.071,94.424
8,5680,4,2048,51200,256,1,1,1,156.727,141.311,140.205,169.92,184.105,0.0005,167.536,0.0444,56.235,0.0115,368.21,0.0569,118.118
8,5688,4,2048,51200,256,1,1,1,149.868,74.368,50.876,186.034,122.306,0.0005,168.112,0.0482,51.952,0.0173,244.612,0.0666,101.3
8,5696,4,2048,51200,256,1,1,1,192.711,175.577,172.521,230.133,187.766,0.0005,144.982,0.0457,54.845,0.0113,375.532,0.0581,116.303
8,5704,4,2048,51200,256,1,1,1,141.896,74.738,51.18,147.454,138.303,0.0005,175.309,0.0485,51.878,0.0154,276.606,0.065,104.354
8,5712,4,2048,51200,256,1,1,1,165.594,145.667,125.704,182.728,135.434,0.0005,173.11,0.0431,58.465,0.0158,270.869,0.06,113.32
8,5720,4,2048,51200,256,1,1,1,145.133,78.826,51.398,174.0,162.112,0.0005,144.246,0.0536,47.17,0.0132,324.224,0.0679,100.405
8,5728,4,2048,51200,256,1,1,1,194.437,172.482,176.967,210.168,206.023,0.0005,164.932,0.0422,60.083,0.0104,412.046,0.0537,127.293
8,5736,4,2048,51200,256,1,1,1,138.702,75.063,51.684,153.017,120.216,0.0005,169.713,0.0498,51.005,0.0179,240.431,0.0688,99.572
8,5744,4,2048,51200,256,1,1,1,127.815,153.511,137.512,189.178,183.27,0.0005,145.283,0.0514,49.598,0.0118,366.54,0.0642,106.983
8,5752,4,2048,51200,256,1,1,1,140.731,72.469,52.201,140.93,136.918,0.0005,162.825,0.0514,49.698,0.0158,273.836,0.0683,100.89
8,5760,4,2048,51200,256,1,1,1,172.037,173.209,192.488,194.286,160.342,0.0005,176.037,0.0418,61.2,0.0136,320.684,0.0565,122.386
8,5768,4,2048,51200,256,1,1,1,107.264,71.134,52.344,159.447,144.571,0.0005,145.522,0.0583,44.015,0.0151,289.142,0.0745,93.023
8,5776,4,2048,51200,256,1,1,1,155.334,150.101,144.471,176.174,155.029,0.0005,180.727,0.0431,59.72,0.0141,310.057,0.0583,119.208
8,5784,4,2048,51200,256,1,1,1,152.499,77.465,52.15,158.868,119.813,0.0005,148.238,0.0532,48.517,0.0183,239.625,0.0726,96.002
8,5792,4,2048,51200,256,1,1,1,199.507,161.247,180.258,234.487,179.062,0.0005,145.154,0.0464,55.802,0.0123,358.124,0.0597,116.968
8,5800,4,2048,51200,256,1,1,1,137.513,78.769,52.175,151.334,130.107,0.0005,180.386,0.0488,53.11,0.0169,260.213,0.0669,104.748
8,5808,4,2048,51200,256,1,1,1,113.054,148.558,132.293,200.531,133.971,0.0005,169.65,0.0489,53.152,0.0165,267.942,0.0665,105.6
8,5816,4,2048,51200,256,1,1,1,162.358,73.554,51.924,151.567,140.47,0.0005,146.055,0.0537,48.538,0.0158,280.939,0.0706,99.776
8,5824,4,2048,51200,256,1,1,1,197.96,172.939,183.418,212.305,169.517,0.0005,172.142,0.0416,62.807,0.0131,339.035,0.0558,126.521
8,5832,4,2048,51200,256,1,1,1,136.166,74.294,52.143,149.62,120.378,0.0005,146.979,0.0557,47.067,0.0185,240.756,0.0753,94.053
8,5840,4,2048,51200,256,1,1,1,167.084,138.835,144.52,191.271,177.467,0.0005,145.562,0.0494,53.204,0.0126,354.934,0.063,112.58
8,5848,4,2048,51200,256,1,1,1,149.06,76.947,52.216,142.438,125.108,0.0005,174.19,0.0497,53.012,0.0179,250.217,0.0687,103.636
8,5856,4,2048,51200,256,1,1,1,193.65,177.688,180.35,230.335,173.862,0.0005,172.155,0.0419,63.057,0.0129,347.724,0.0559,127.717
8,5864,4,2048,51200,256,1,1,1,107.643,77.61,52.506,185.976,158.923,0.0005,145.46,0.0588,44.995,0.0142,317.846,0.0741,96.562
8,5872,4,2048,51200,256,1,1,1,155.942,152.313,137.892,167.142,162.35,0.0005,168.001,0.0463,57.329,0.0139,324.7,0.0613,117.046
8,5880,4,2048,51200,256,1,1,1,140.853,74.509,53.153,176.412,121.212,0.0005,164.363,0.0516,51.514,0.0187,242.424,0.0714,100.723
8,5888,4,2048,51200,256,1,1,1,154.24,201.848,188.52,229.199,182.624,0.0005,146.936,0.0492,54.246,0.0124,365.249,0.0627,115.082
8,5896,4,2048,51200,256,1,1,1,139.911,73.919,53.299,157.356,104.867,0.0005,165.469,0.0521,51.312,0.0217,209.735,0.0749,96.521
8,5904,4,2048,51200,256,1,1,1,169.238,145.196,142.186,164.423,162.172,0.0005,126.263,0.0556,48.23,0.0141,324.343,0.0707,102.473
8,5912,4,2048,51200,256,1,1,1,139.119,78.675,53.47,183.589,120.813,0.0005,166.777,0.0514,52.247,0.019,241.626,0.0715,101.7
8,5920,4,2048,51200,256,1,1,1,167.525,176.164,189.95,229.401,137.319,0.0005,166.905,0.0447,60.253,0.0167,274.638,0.0625,116.574
8,5928,4,2048,51200,256,1,1,1,142.681,78.482,53.54,174.865,149.129,0.0005,125.887,0.0611,44.167,0.0154,298.259,0.0777,94.072
8,5936,4,2048,51200,256,1,1,1,187.493,152.036,138.843,174.493,133.217,0.0005,142.214,0.0503,53.824,0.0173,266.434,0.0687,106.611
8,5944,4,2048,51200,256,1,1,1,140.6,72.411,53.546,149.999,106.735,0.0005,172.183,0.0516,52.555,0.0217,213.47,0.0744,98.701
8,5952,4,2048,51200,256,1,1,1,212.036,176.216,199.988,225.846,143.301,0.0005,144.154,0.0476,57.227,0.0162,286.603,0.0648,113.611
8,5960,4,2048,51200,256,1,1,1,102.604,74.11,54.029,145.001,120.856,0.0005,141.327,0.0628,43.434,0.0193,241.712,0.0832,88.799
8,5968,4,2048,51200,256,1,1,1,156.476,158.238,150.277,181.362,135.105,0.0005,167.263,0.0469,58.266,0.0173,270.209,0.0653,113.38
8,5976,4,2048,51200,256,1,1,1,143.865,76.951,53.775,168.672,146.708,0.0005,126.607,0.0616,44.505,0.016,293.416,0.0786,94.389
8,5984,4,2048,51200,256,1,1,1,136.409,170.08,183.256,219.791,178.013,0.0005,143.116,0.0529,51.93,0.0132,356.027,0.0672,110.763
8,5992,4,2048,51200,256,1,1,1,168.862,78.221,54.119,152.859,121.536,0.0005,165.216,0.051,54.013,0.0194,243.071,0.0715,104.424
8,6000,4,2048,51200,256,1,1,1,150.248,156.29,136.504,187.89,115.333,0.0005,144.308,0.0526,52.551,0.0205,230.667,0.0741,100.963
8,6008,4,2048,51200,256,1,1,1,102.451,73.485,54.168,148.345,120.541,0.0005,143.111,0.063,43.959,0.0196,241.082,0.0837,89.611
8,6016,4,2048,51200,256,1,1,1,212.089,183.806,181.011,239.605,173.704,0.0005,164.285,0.0438,63.378,0.0137,347.408,0.0585,128.522
8,6024,4,2048,51200,256,1,1,1,140.497,72.871,54.416,174.441,105.831,0.0005,148.852,0.0565,49.212,0.0225,211.663,0.0801,94.141
8,6032,4,2048,51200,256,1,1,1,111.543,151.552,148.859,184.593,148.082,0.0005,146.707,0.0564,49.414,0.0161,296.165,0.0736,102.674
8,6040,4,2048,51200,256,1,1,1,144.342,78.197,54.42,173.835,118.187,0.0005,168.193,0.0523,53.463,0.0202,236.373,0.0736,102.963
8,6048,4,2048,51200,256,1,1,1,182.578,177.43,167.994,226.973,139.493,0.0005,151.897,0.0482,58.107,0.0172,278.985,0.0665,114.268
8,6056,4,2048,51200,256,1,1,1,103.656,79.164,54.117,157.073,137.22,0.0005,143.44,0.063,44.635,0.0175,274.44,0.0815,93.417
8,6064,4,2048,51200,256,1,1,1,190.295,144.892,146.275,193.339,140.682,0.0005,147.577,0.0499,56.474,0.0171,281.364,0.0681,112.182
8,6072,4,2048,51200,256,1,1,1,139.132,74.528,54.241,148.539,115.509,0.0005,147.24,0.0582,48.538,0.0209,231.018,0.0802,95.508
8,6080,4,2048,51200,256,1,1,1,137.932,179.917,184.338,224.757,154.5,0.0005,147.044,0.0528,53.617,0.0157,308.999,0.0695,110.379
8,6088,4,2048,51200,256,1,1,1,109.838,74.975,54.128,174.394,135.995,0.0005,143.635,0.0621,45.678,0.0179,271.99,0.0811,94.948
8,6096,4,2048,51200,256,1,1,1,156.017,153.546,152.22,199.948,137.643,0.0005,144.799,0.0527,53.93,0.0177,275.286,0.0715,107.901
8,6104,4,2048,51200,256,1,1,1,106.186,79.379,54.3,179.017,148.412,0.0005,152.356,0.0606,47.04,0.0165,296.824,0.0781,98.993
8,6112,4,2048,51200,256,1,1,1,157.456,182.239,171.717,227.392,151.377,0.0005,148.198,0.0513,55.752,0.0162,302.754,0.0685,113.189
8,6120,4,2048,51200,256,1,1,1,140.419,79.045,55.091,176.78,127.229,0.0005,149.258,0.0573,50.003,0.0193,254.459,0.0777,100.097
8,6128,4,2048,51200,256,1,1,1,113.218,147.007,147.158,178.576,163.606,0.0005,150.489,0.0567,50.655,0.015,327.213,0.0728,107.036
8,6136,4,2048,51200,256,1,1,1,109.814,75.094,55.421,154.665,129.418,0.0005,143.757,0.0631,45.628,0.0191,258.836,0.0832,93.883
8,6144,4,2048,51200,256,1,1,1,217.461,204.766,219.804,223.651,153.688,0.0005,146.218,0.0485,59.521,0.0161,307.376,0.0656,119.349
8,6152,4,2048,51200,256,1,1,1,102.512,74.224,40.567,154.824,110.751,0.0005,157.686,0.0627,46.107,0.0224,221.502,0.0862,91.075
8,6160,4,2048,51200,256,1,1,1,128.354,153.162,124.443,194.068,134.156,0.0005,147.74,0.0557,52.049,0.0185,268.312,0.0753,104.498
8,6168,4,2048,51200,256,1,1,1,141.231,78.284,40.487,180.768,130.203,0.0005,147.646,0.0595,48.87,0.0191,260.406,0.0797,99.007
8,6176,4,2048,51200,256,1,1,1,137.128,177.376,152.377,225.758,153.324,0.0005,152.013,0.053,54.933,0.0163,306.649,0.0704,112.335
8,6184,4,2048,51200,256,1,1,1,109.616,78.575,40.246,152.854,121.688,0.0005,160.467,0.0614,47.599,0.0206,243.376,0.0831,95.515
8,6192,4,2048,51200,256,1,1,1,157.522,144.823,118.293,191.363,134.07,0.0005,148.419,0.0534,54.801,0.0187,268.14,0.0733,108.554
8,6200,4,2048,51200,256,1,1,1,103.108,74.318,40.603,164.202,110.364,0.0006,164.586,0.0617,47.586,0.0228,220.728,0.0856,93.138
8,6208,4,2048,51200,256,1,1,1,158.092,180.433,152.995,232.382,152.36,0.0005,166.84,0.0484,60.756,0.0166,304.721,0.0661,120.929
8,6216,4,2048,51200,256,1,1,1,115.693,74.818,40.339,172.03,121.865,0.0006,148.319,0.0632,46.66,0.0208,243.73,0.0851,94.177
8,6224,4,2048,51200,256,1,1,1,161.691,147.738,124.757,156.164,144.443,0.0006,148.785,0.054,54.729,0.0176,288.885,0.0727,110.513
8,6232,4,2048,51200,256,1,1,1,123.241,78.441,40.167,171.803,121.494,0.0006,169.805,0.0579,51.225,0.0209,242.988,0.0799,100.793
8,6240,4,2048,51200,256,1,1,1,138.971,187.401,141.634,232.748,212.427,0.0006,149.44,0.0541,54.873,0.012,424.855,0.0673,120.06
8,6248,4,2048,51200,256,1,1,1,137.98,78.393,40.798,144.322,124.724,0.0006,151.294,0.0608,48.98,0.0205,249.448,0.0824,98.221
8,6256,4,2048,51200,256,1,1,1,152.336,149.437,121.988,159.418,133.226,0.0006,160.179,0.0525,56.811,0.0193,266.453,0.0729,111.318
8,6264,4,2048,51200,256,1,1,1,132.776,73.393,40.904,176.357,149.367,0.0006,149.66,0.0613,48.82,0.0172,298.734,0.0796,102.19
8,6272,4,2048,51200,256,1,1,1,189.719,190.919,167.655,216.804,181.975,0.0005,149.313,0.0508,59.082,0.0142,363.951,0.066,123.568
8,6280,4,2048,51200,256,1,1,1,120.261,72.663,41.055,141.51,119.629,0.0005,166.555,0.0603,49.813,0.0216,239.258,0.0831,98.437
8,6288,4,2048,51200,256,1,1,1,156.908,142.955,126.511,187.197,157.413,0.0005,160.761,0.0518,58.169,0.0165,314.825,0.0694,118.158
8,6296,4,2048,51200,256,1,1,1,119.485,76.556,40.912,141.073,137.161,0.0006,148.858,0.0643,46.963,0.0189,274.321,0.0844,97.395
8,6304,4,2048,51200,256,1,1,1,183.001,182.969,154.942,218.58,150.282,0.0006,130.308,0.0568,53.342,0.0173,300.565,0.0752,109.542
8,6312,4,2048,51200,256,1,1,1,124.357,78.424,40.777,161.332,149.076,0.0006,149.524,0.0631,48.093,0.0175,298.151,0.0817,101.036
8,6320,4,2048,51200,256,1,1,1,154.625,148.738,130.498,193.166,187.738,0.0006,150.839,0.0543,56.036,0.0139,375.476,0.0693,119.383
8,6328,4,2048,51200,256,1,1,1,118.746,73.835,40.777,145.391,120.312,0.0006,173.127,0.0598,50.959,0.0218,240.623,0.0828,100.269
8,6336,4,2048,51200,256,1,1,1,131.867,178.524,149.475,208.99,153.117,0.0006,162.154,0.0535,57.123,0.0172,306.235,0.0718,115.865
8,6344,4,2048,51200,256,1,1,1,119.883,73.925,40.261,139.598,120.669,0.0006,150.82,0.0647,47.364,0.0219,241.338,0.0876,95.135
8,6352,4,2048,51200,256,1,1,1,155.157,150.122,116.048,170.651,132.857,0.0006,163.165,0.0526,58.41,0.0199,265.713,0.0736,113.603
8,6360,4,2048,51200,256,1,1,1,128.048,79.096,40.299,175.547,154.138,0.0006,150.974,0.0626,49.138,0.0172,308.276,0.0809,103.521
8,6368,4,2048,51200,256,1,1,1,180.715,175.005,159.193,200.583,169.349,0.0006,156.896,0.051,60.545,0.0157,338.699,0.0678,123.968
8,6376,4,2048,51200,256,1,1,1,121.085,78.013,40.633,144.85,120.947,0.0006,163.972,0.0617,50.094,0.022,241.895,0.0849,99.219
8,6384,4,2048,51200,256,1,1,1,115.678,147.464,135.317,185.236,168.266,0.0006,150.238,0.0596,52.0,0.0159,336.532,0.0766,110.215
8,6392,4,2048,51200,256,1,1,1,128.458,74.087,40.645,144.178,132.971,0.0006,153.873,0.0633,49.081,0.0201,265.941,0.0845,100.085
8,6400,4,2048,51200,256,1,1,1,179.274,190.745,183.86,217.052,150.929,0.0005,167.672,0.0486,64.025,0.0178,301.858,0.0675,125.646
8,6408,4,2048,51200,256,1,1,1,127.064,74.894,41.211,149.941,140.497,0.0006,141.366,0.0665,46.945,0.0192,280.994,0.0868,98.016
8,6416,4,2048,51200,256,1,1,1,153.147,138.529,127.757,168.4,139.056,0.0006,141.866,0.0584,53.573,0.0194,278.113,0.0789,108.023
8,6424,4,2048,51200,256,1,1,1,129.837,78.66,41.399,145.927,121.231,0.0006,167.048,0.0605,51.861,0.0223,242.462,0.0839,101.862
8,6432,4,2048,51200,256,1,1,1,145.437,176.233,164.961,221.619,200.024,0.0006,143.011,0.0573,54.849,0.0136,400.047,0.072,119.012
8,6440,4,2048,51200,256,1,1,1,125.561,79.085,41.382,137.728,124.985,0.0006,145.246,0.0663,47.502,0.0217,249.971,0.0892,96.275
8,6448,4,2048,51200,256,1,1,1,153.742,149.626,126.828,156.228,133.588,0.0006,168.952,0.0528,59.779,0.0204,267.175,0.0743,115.79
8,6456,4,2048,51200,256,1,1,1,127.738,73.731,41.291,154.167,150.737,0.0006,141.928,0.0668,47.37,0.0181,301.474,0.0861,100.263
8,6464,4,2048,51200,256,1,1,1,202.579,182.4,148.991,213.754,151.173,0.0006,143.489,0.0538,58.988,0.0181,302.346,0.073,118.465
8,6472,4,2048,51200,256,1,1,1,120.677,73.671,41.57,143.555,120.146,0.0006,162.222,0.0635,50.085,0.0228,240.293,0.0874,99.138
8,6480,4,2048,51200,256,1,1,1,114.338,143.805,135.253,193.381,153.807,0.0006,142.176,0.063,50.614,0.0179,307.615,0.082,106.013
8,6488,4,2048,51200,256,1,1,1,131.034,79.093,41.431,133.599,136.327,0.0006,152.51,0.0646,49.409,0.0202,272.653,0.086,101.293
8,6496,4,2048,51200,256,1,1,1,176.748,172.031,151.823,204.239,150.144,0.0006,161.91,0.0515,62.189,0.0184,300.289,0.071,122.959
8,6504,4,2048,51200,256,1,1,1,124.952,79.051,41.563,151.833,140.995,0.0006,144.022,0.0671,47.822,0.0197,281.989,0.0879,99.602
8,6512,4,2048,51200,256,1,1,1,152.219,144.983,127.817,158.545,139.489,0.0006,156.144,0.0563,57.149,0.0199,278.977,0.0773,113.482
8,6520,4,2048,51200,256,1,1,1,127.527,73.882,41.982,142.085,120.498,0.0006,169.911,0.0616,52.289,0.0231,240.995,0.0859,102.401
8,6528,4,2048,51200,256,1,1,1,134.637,190.393,174.043,220.799,182.528,0.0005,142.944,0.0594,54.357,0.0153,365.055,0.0758,116.253
8,6536,4,2048,51200,256,1,1,1,132.357,72.22,42.121,145.711,127.019,0.0006,149.087,0.0657,49.299,0.022,254.037,0.0888,99.468
8,6544,4,2048,51200,256,1,1,1,152.271,146.763,127.515,160.658,132.488,0.0006,163.766,0.0549,59.088,0.0212,264.976,0.0772,114.707
8,6552,4,2048,51200,256,1,1,1,118.02,78.781,41.824,161.338,148.716,0.0006,142.979,0.0687,47.334,0.0189,297.432,0.0888,100.043
8,6560,4,2048,51200,256,1,1,1,193.296,175.052,148.953,200.562,161.457,0.0006,152.244,0.0533,61.128,0.0175,322.914,0.0719,123.755
8,6568,4,2048,51200,256,1,1,1,121.901,78.016,41.98,146.565,119.763,0.0006,162.963,0.0641,50.981,0.0236,239.526,0.0888,100.442
8,6576,4,2048,51200,256,1,1,1,114.375,136.624,135.138,191.766,159.845,0.0006,164.79,0.059,55.513,0.0177,319.69,0.0779,114.876
8,6584,4,2048,51200,256,1,1,1,130.071,73.525,41.789,134.014,121.547,0.0006,145.181,0.068,48.266,0.0234,243.094,0.0925,96.903
8,6592,4,2048,51200,256,1,1,1,179.055,183.799,150.143,231.077,149.849,0.0006,129.125,0.0605,54.374,0.019,299.699,0.0806,111.438
8,6600,4,2048,51200,256,1,1,1,139.87,73.818,41.561,159.322,121.226,0.0006,150.962,0.0648,50.898,0.0235,242.452,0.0895,100.676
8,6608,4,2048,51200,256,1,1,1,133.294,137.548,127.4,188.534,165.772,0.0006,143.832,0.0618,53.491,0.0173,331.544,0.0802,112.61
8,6616,4,2048,51200,256,1,1,1,155.926,78.313,41.445,145.043,139.59,0.0006,129.007,0.07,47.354,0.0206,279.18,0.0916,98.766
8,6624,4,2048,51200,256,1,1,1,171.968,171.702,158.074,228.572,169.734,0.0006,159.41,0.0532,62.356,0.0169,339.467,0.0713,127.207
8,6632,4,2048,51200,256,1,1,1,120.947,78.919,41.655,137.132,155.755,0.0006,143.746,0.07,47.541,0.0185,311.51,0.0896,101.447
8,6640,4,2048,51200,256,1,1,1,161.388,149.708,132.204,164.821,169.239,0.0006,128.826,0.0642,51.931,0.0171,338.479,0.0824,110.581
8,6648,4,2048,51200,256,1,1,1,153.443,74.703,42.085,176.491,147.078,0.0006,166.537,0.06,55.679,0.0197,294.157,0.0809,112.983
8,6656,4,2048,51200,256,1,1,1,178.525,197.855,169.576,214.505,138.917,0.0005,144.395,0.0567,59.089,0.0209,277.835,0.0787,116.364
8,6664,4,2048,51200,256,1,1,1,126.837,74.915,42.282,159.435,140.534,0.0006,127.44,0.0739,45.427,0.0207,281.068,0.0957,95.865
8,6672,4,2048,51200,256,1,1,1,166.424,141.6,131.828,164.816,133.722,0.0006,164.919,0.0548,61.42,0.0218,267.445,0.0777,118.365
8,6680,4,2048,51200,256,1,1,1,120.484,78.4,42.275,112.302,154.055,0.0006,143.877,0.0718,46.959,0.019,308.109,0.0919,100.31
8,6688,4,2048,51200,256,1,1,1,159.281,190.866,151.72,223.184,154.215,0.0006,143.592,0.0588,57.474,0.019,308.43,0.0789,117.079
8,6696,4,2048,51200,256,1,1,1,149.334,78.483,42.457,152.843,145.092,0.0006,161.921,0.0624,54.284,0.0203,290.184,0.0838,110.568
8,6704,4,2048,51200,256,1,1,1,134.586,164.11,124.435,164.295,114.727,0.0006,143.947,0.0631,53.773,0.0257,229.454,0.0899,103.245
8,6712,4,2048,51200,256,1,1,1,125.728,74.435,42.5,140.518,147.414,0.0006,127.778,0.0753,45.219,0.02,294.828,0.0964,96.543
8,6720,4,2048,51200,256,1,1,1,172.559,190.689,176.139,192.371,147.589,0.0006,130.493,0.0624,54.681,0.0201,295.178,0.0836,111.66
8,6728,4,2048,51200,256,1,1,1,120.213,74.727,42.622,113.931,144.238,0.0006,142.554,0.0729,46.87,0.0206,288.476,0.0946,98.818
8,6736,4,2048,51200,256,1,1,1,162.942,158.59,137.691,163.968,159.373,0.0006,128.034,0.0654,52.363,0.0187,318.745,0.0852,109.993
8,6744,4,2048,51200,256,1,1,1,158.451,78.137,42.421,141.176,127.103,0.0006,165.009,0.0619,55.463,0.0235,254.205,0.0865,108.618
8,6752,4,2048,51200,256,1,1,1,173.763,185.013,155.467,186.862,137.299,0.0006,144.248,0.0588,58.478,0.0218,274.598,0.0817,115.211
8,6760,4,2048,51200,256,1,1,1,123.665,78.806,42.636,167.458,139.262,0.0006,128.516,0.075,46.006,0.0215,278.523,0.0976,96.702
8,6768,4,2048,51200,256,1,1,1,181.527,160.524,132.936,166.753,161.151,0.0006,131.966,0.063,54.817,0.0186,322.302,0.0828,114.237
8,6776,4,2048,51200,256,1,1,1,120.979,73.537,42.878,162.612,100.759,0.0006,144.143,0.0711,48.711,0.0299,201.519,0.1021,92.855
8,6784,4,2048,51200,256,1,1,1,184.444,185.128,168.0,216.642,154.25,0.0006,146.186,0.0573,60.627,0.0196,308.5,0.0779,121.953
8,6792,4,2048,51200,256,1,1,1,147.097,73.331,42.821,145.311,121.53,0.0006,132.006,0.0722,48.182,0.0249,243.06,0.0982,96.985
8,6800,4,2048,51200,256,1,1,1,134.539,146.308,128.341,188.101,113.44,0.0006,152.031,0.0618,56.439,0.0267,226.88,0.0896,106.526
8,6808,4,2048,51200,256,1,1,1,121.25,78.702,42.872,152.756,109.362,0.0006,128.748,0.0763,45.769,0.0278,218.725,0.1053,90.911
8,6816,4,2048,51200,256,1,1,1,205.51,183.777,163.39,209.554,209.082,0.0006,145.808,0.0566,61.872,0.0146,418.163,0.0723,132.67
8,6824,4,2048,51200,256,1,1,1,135.257,79.981,42.929,154.005,99.393,0.0006,151.323,0.0679,51.689,0.0307,198.787,0.0997,96.377
8,6832,4,2048,51200,256,1,1,1,133.158,150.581,127.098,185.65,127.447,0.0006,148.751,0.0632,55.653,0.024,254.895,0.0883,109.067
8,6840,4,2048,51200,256,1,1,1,100.933,74.232,42.531,143.201,131.88,0.0006,132.901,0.0798,44.176,0.0232,263.76,0.1042,92.693
8,6848,4,2048,51200,256,1,1,1,168.584,177.442,172.726,229.073,137.204,0.0006,145.286,0.0592,59.686,0.0224,274.407,0.0827,117.003
8,6856,4,2048,51200,256,1,1,1,120.678,74.567,42.645,146.194,109.208,0.0006,147.439,0.0719,49.243,0.0282,218.415,0.1013,95.814
8,6864,4,2048,51200,256,1,1,1,111.873,135.641,135.494,173.951,164.92,0.0006,145.009,0.0682,51.995,0.0187,329.84,0.0881,110.359
8,6872,4,2048,51200,256,1,1,1,146.887,78.388,42.554,150.149,100.395,0.0006,147.34,0.0684,51.959,0.0308,200.79,0.1004,97.056
8,6880,4,2048,51200,256,1,1,1,164.105,189.897,169.169,224.592,152.863,0.0006,145.198,0.06,59.438,0.0203,305.726,0.0814,120.009
8,6888,4,2048,51200,256,1,1,1,98.313,75.106,43.013,147.705,138.825,0.0006,147.192,0.0767,46.572,0.0224,277.65,0.1002,97.675
8,6896,4,2048,51200,256,1,1,1,162.156,142.265,134.311,181.678,111.317,0.0006,143.924,0.0622,57.503,0.028,222.633,0.0914,107.368
8,6904,4,2048,51200,256,1,1,1,119.88,73.19,42.775,149.559,117.87,0.0006,146.784,0.0728,49.272,0.0265,235.74,0.1005,97.898
8,6912,4,2048,51200,256,1,1,1,126.682,197.097,195.634,213.146,144.807,0.0006,147.691,0.0638,56.319,0.0216,289.613,0.0866,113.847
8,6920,4,2048,51200,256,1,1,1,148.718,70.486,43.227,142.496,104.261,0.0006,162.486,0.0657,54.815,0.0301,208.521,0.097,101.88
8,6928,4,2048,51200,256,1,1,1,133.839,158.909,134.236,188.397,134.767,0.0006,145.208,0.065,55.53,0.0233,269.535,0.0895,110.627
8,6936,4,2048,51200,256,1,1,1,117.847,78.214,43.172,151.15,119.35,0.0006,145.479,0.0736,49.134,0.0264,238.7,0.1012,98.056
8,6944,4,2048,51200,256,1,1,1,171.497,193.459,170.592,218.945,136.268,0.0006,145.29,0.0601,60.343,0.0232,272.536,0.0844,117.811
8,6952,4,2048,51200,256,1,1,1,118.921,78.422,42.871,155.429,104.577,0.0006,146.68,0.0732,49.614,0.0303,209.154,0.1047,95.227
8,6960,4,2048,51200,256,1,1,1,189.534,160.415,130.96,167.136,152.719,0.0006,152.043,0.059,61.777,0.0208,305.439,0.0809,123.527
8,6968,4,2048,51200,256,1,1,1,161.105,74.45,42.999,149.403,102.712,0.0006,169.679,0.0632,57.779,0.031,205.424,0.0953,105.078
8,6976,4,2048,51200,256,1,1,1,210.242,188.261,171.058,222.447,141.31,0.0006,145.91,0.0577,63.41,0.0226,282.62,0.0814,123.303
8,6984,4,2048,51200,256,1,1,1,103.476,74.35,42.762,142.044,134.918,0.0006,145.985,0.0776,47.258,0.0237,269.836,0.1024,98.222
8,6992,4,2048,51200,256,1,1,1,127.528,158.471,140.044,182.856,165.137,0.0006,144.89,0.0669,54.938,0.0194,330.275,0.0874,115.324
8,7000,4,2048,51200,256,1,1,1,120.696,78.448,42.586,149.525,104.866,0.0006,145.071,0.0743,49.536,0.0306,209.731,0.1061,95.239
8,7008,4,2048,51200,256,1,1,1,136.005,185.86,166.376,227.031,154.01,0.0006,146.627,0.0641,57.581,0.0209,308.021,0.0861,117.59
8,7016,4,2048,51200,256,1,1,1,110.581,78.058,43.039,147.754,131.718,0.0006,168.309,0.0708,52.221,0.0245,263.437,0.0964,105.235
8,7024,4,2048,51200,256,1,1,1,134.113,150.818,131.258,191.962,116.143,0.0006,146.642,0.0658,56.275,0.0278,232.287,0.0948,107.268
8,7032,4,2048,51200,256,1,1,1,100.767,72.971,43.013,141.597,122.724,0.0006,146.32,0.0789,47.069,0.0264,245.447,0.1064,95.773
8,7040,4,2048,51200,256,1,1,1,155.063,191.864,187.17,224.766,159.772,0.0006,147.816,0.0618,60.233,0.0203,319.543,0.0832,122.75
8,7048,4,2048,51200,256,1,1,1,141.835,72.864,43.326,157.572,122.514,0.0006,149.578,0.0706,52.803,0.0266,245.028,0.0983,104.132
8,7056,4,2048,51200,256,1,1,1,114.858,157.437,134.946,188.477,153.877,0.0006,148.593,0.0687,54.367,0.0212,307.753,0.0911,112.688
8,7064,4,2048,51200,256,1,1,1,110.109,78.194,43.155,149.697,125.687,0.0006,148.386,0.0762,49.141,0.026,251.375,0.1034,99.502
8,7072,4,2048,51200,256,1,1,1,184.812,182.357,154.281,221.655,153.844,0.0006,146.747,0.0603,62.264,0.0213,307.688,0.0827,124.616
8,7080,4,2048,51200,256,1,1,1,101.207,77.731,43.158,146.966,152.49,0.0006,148.672,0.0784,47.937,0.0215,304.98,0.1011,102.147
8,7088,4,2048,51200,256,1,1,1,126.47,143.619,132.584,186.657,141.328,0.0006,147.723,0.0676,55.713,0.0233,282.657,0.0921,112.434
8,7096,4,2048,51200,256,1,1,1,160.721,73.667,43.289,175.279,124.713,0.0006,148.04,0.069,54.689,0.0265,249.427,0.0967,107.348
8,7104,4,2048,51200,256,1,1,1,138.334,180.924,183.486,228.755,153.03,0.0006,147.85,0.0645,58.697,0.0216,306.06,0.0872,119.219
8,7112,4,2048,51200,256,1,1,1,108.701,74.121,43.224,148.412,135.132,0.0006,146.592,0.0779,48.683,0.0245,270.263,0.1036,100.612
8,7120,4,2048,51200,256,1,1,1,155.674,163.099,126.187,182.702,136.804,0.0006,148.053,0.0643,59.144,0.0243,273.608,0.0897,116.455
8,7128,4,2048,51200,256,1,1,1,100.994,75.744,43.378,151.937,143.573,0.0006,147.198,0.0795,47.901,0.0232,287.147,0.1038,100.798
8,7136,4,2048,51200,256,1,1,1,153.21,176.321,158.354,225.31,149.615,0.0006,167.117,0.0587,64.978,0.0223,299.23,0.0822,127.647
8,7144,4,2048,51200,256,1,1,1,137.761,75.753,43.832,155.047,121.122,0.0006,147.228,0.0729,52.429,0.0276,242.244,0.1017,103.366
8,7152,4,2048,51200,256,1,1,1,110.66,141.686,128.255,177.042,124.329,0.0006,147.641,0.0717,53.482,0.027,248.658,0.0998,105.606
8,7160,4,2048,51200,256,1,1,1,105.213,70.304,43.89,143.823,119.597,0.0006,148.616,0.0791,48.552,0.0281,239.195,0.1083,97.462
8,7168,4,2048,51200,256,1,1,1,174.504,199.342,171.378,199.739,151.029,0.0006,147.981,0.0619,62.139,0.0223,302.058,0.0854,123.984
8,7176,4,2048,51200,256,1,1,1,98.86,69.648,44.153,143.659,148.588,0.0006,143.934,0.0822,46.909,0.0227,297.176,0.1061,99.985
8,7184,4,2048,51200,256,1,1,1,123.325,148.046,131.707,174.472,132.955,0.0006,142.985,0.071,54.412,0.0254,265.91,0.0976,108.892
8,7192,4,2048,51200,256,1,1,1,150.753,74.654,44.105,166.176,117.269,0.0006,142.677,0.073,53.082,0.0289,234.538,0.103,103.399
8,7200,4,2048,51200,256,1,1,1,134.933,178.862,159.69,210.873,150.534,0.0006,144.298,0.0676,57.378,0.0226,301.067,0.0914,116.852
8,7208,4,2048,51200,256,1,1,1,106.014,77.935,44.025,171.592,121.683,0.0006,150.749,0.0778,50.011,0.028,243.365,0.1069,100.078
8,7216,4,2048,51200,256,1,1,1,159.065,156.471,140.173,193.769,138.945,0.0006,148.18,0.0646,60.304,0.0246,277.89,0.0903,118.691
8,7224,4,2048,51200,256,1,1,1,103.778,74.556,44.184,167.98,140.392,0.0006,145.399,0.0802,48.676,0.0244,280.784,0.1057,101.616
8,7232,4,2048,51200,256,1,1,1,153.852,177.035,167.846,215.712,166.809,0.0006,143.681,0.0657,59.539,0.0205,333.619,0.0874,123.17
8,7240,4,2048,51200,256,1,1,1,139.411,74.944,44.221,176.518,124.899,0.0006,144.66,0.0741,52.942,0.0275,249.799,0.1027,105.047
8,7248,4,2048,51200,256,1,1,1,114.948,152.482,134.372,175.123,162.586,0.0006,144.776,0.0728,53.988,0.0212,325.171,0.0951,113.695
8,7256,4,2048,51200,256,1,1,1,109.176,79.728,44.361,153.104,127.424,0.0006,146.008,0.0796,49.485,0.0271,254.848,0.1078,100.531
8,7264,4,2048,51200,256,1,1,1,209.673,180.612,171.783,229.885,156.177,0.0006,162.881,0.0563,70.069,0.0221,312.355,0.0796,136.43
8,7272,4,2048,51200,256,1,1,1,101.418,79.195,44.724,144.762,138.501,0.0006,146.977,0.0817,48.419,0.025,277.002,0.1078,100.93
8,7280,4,2048,51200,256,1,1,1,126.802,147.225,137.382,168.421,142.839,0.0006,146.674,0.0708,55.98,0.0243,285.679,0.0963,113.329
8,7288,4,2048,51200,256,1,1,1,158.082,73.621,44.625,172.119,112.191,0.0006,156.471,0.0694,57.168,0.031,224.382,0.1016,107.555
8,7296,4,2048,51200,256,1,1,1,137.552,180.978,195.288,212.598,153.088,0.0006,152.034,0.066,60.288,0.0228,306.175,0.0899,121.839
8,7304,4,2048,51200,256,1,1,1,110.169,72.625,45.007,146.982,125.528,0.0006,131.057,0.0853,46.724,0.0279,251.056,0.1144,96.009
8,7312,4,2048,51200,256,1,1,1,133.919,151.57,144.589,171.625,115.423,0.0006,144.409,0.0705,56.647,0.0304,230.846,0.102,107.831
8,7320,4,2048,51200,256,1,1,1,103.885,77.512,44.828,150.09,122.521,0.0006,144.035,0.0825,48.53,0.0287,245.042,0.1123,98.182
8,7328,4,2048,51200,256,1,1,1,153.983,189.716,178.293,207.617,161.761,0.0006,158.933,0.0627,63.939,0.0218,323.523,0.0856,129.012
8,7336,4,2048,51200,256,1,1,1,138.961,78.874,45.031,156.403,108.486,0.0006,144.958,0.0757,53.085,0.0325,216.971,0.1094,101.228
8,7344,4,2048,51200,256,1,1,1,166.637,152.717,140.39,162.016,134.821,0.0006,143.228,0.0677,59.451,0.0262,269.641,0.0951,116.654
8,7352,4,2048,51200,256,1,1,1,153.63,73.008,45.237,144.796,104.713,0.0006,159.139,0.071,56.845,0.0338,209.425,0.106,104.919
8,7360,4,2048,51200,256,1,1,1,198.952,176.38,190.615,218.488,141.284,0.0006,143.984,0.063,64.169,0.0251,282.568,0.0893,124.782
8,7368,4,2048,51200,256,1,1,1,140.627,70.761,45.297,138.204,120.735,0.0006,148.724,0.0759,53.375,0.0295,241.47,0.1066,104.806
8,7376,4,2048,51200,256,1,1,1,152.319,140.311,145.19,185.531,112.079,0.0006,163.874,0.0636,63.858,0.0318,224.157,0.0966,115.897
8,7384,4,2048,51200,256,1,1,1,127.591,77.351,45.612,146.044,105.463,0.0006,141.907,0.0794,51.241,0.0339,210.926,0.1145,97.991
8,7392,4,2048,51200,256,1,1,1,194.897,174.584,169.311,202.56,173.403,0.0006,146.512,0.0634,64.298,0.0207,346.806,0.0852,131.877
8,7400,4,2048,51200,256,1,1,1,107.515,73.849,45.904,143.81,102.816,0.0006,165.784,0.0775,52.722,0.0349,205.631,0.1136,99.179
8,7408,4,2048,51200,256,1,1,1,166.023,156.46,143.596,171.571,114.053,0.0006,146.166,0.0673,60.807,0.0315,228.106,0.1,112.84
8,7416,4,2048,51200,256,1,1,1,157.988,74.423,46.196,120.047,122.169,0.0006,146.93,0.0757,54.197,0.0295,244.337,0.1064,106.341
8,7424,4,2048,51200,256,1,1,1,153.697,210.766,210.211,218.881,151.893,0.0006,145.089,0.067,61.309,0.0238,303.786,0.092,123.242
8,7432,4,2048,51200,256,1,1,1,119.569,73.644,46.356,148.1,104.886,0.0006,148.115,0.0797,51.694,0.0345,209.771,0.1153,98.469
8,7440,4,2048,51200,256,1,1,1,166.528,158.581,143.415,161.382,154.07,0.0006,143.56,0.0687,60.031,0.0235,308.14,0.0935,121.794
8,7448,4,2048,51200,256,1,1,1,136.095,78.937,46.318,150.476,101.341,0.0006,159.146,0.0739,55.962,0.0359,202.681,0.1109,102.82
8,7456,4,2048,51200,256,1,1,1,179.308,179.543,164.845,214.431,139.334,0.0006,152.425,0.0634,65.325,0.0261,278.668,0.0907,125.963
8,7464,4,2048,51200,256,1,1,1,149.483,79.441,46.297,106.224,119.674,0.0006,146.916,0.0781,53.168,0.0305,239.348,0.1098,104.345
8,7472,4,2048,51200,256,1,1,1,157.145,161.363,144.717,165.348,112.952,0.0006,168.944,0.0634,65.639,0.0324,225.904,0.097,118.375
8,7480,4,2048,51200,256,1,1,1,123.635,74.322,46.36,140.588,105.388,0.0006,143.31,0.0813,51.252,0.0348,210.776,0.1173,98.057
8,7488,4,2048,51200,256,1,1,1,173.164,193.559,168.041,184.513,167.38,0.0006,145.677,0.0668,62.526,0.022,334.759,0.0899,128.174
8,7496,4,2048,51200,256,1,1,1,108.28,74.75,46.58,141.562,102.65,0.0006,174.184,0.0769,54.446,0.0359,205.3,0.1139,101.386
8,7504,4,2048,51200,256,1,1,1,161.86,156.947,134.115,171.99,115.002,0.0006,143.138,0.0699,59.979,0.0321,230.004,0.1032,112.176
8,7512,4,2048,51200,256,1,1,1,156.44,79.436,46.352,135.411,120.0,0.0006,142.697,0.0773,54.344,0.0308,240.0,0.1093,106.093
8,7520,4,2048,51200,256,1,1,1,157.987,189.756,172.554,213.072,136.549,0.0006,132.497,0.0723,58.204,0.0271,273.098,0.1007,115.468
8,7528,4,2048,51200,256,1,1,1,145.155,79.32,46.875,147.569,104.75,0.0006,142.647,0.0783,53.868,0.0355,209.5,0.115,101.315
8,7536,4,2048,51200,256,1,1,1,167.481,156.206,143.923,152.478,134.209,0.0006,144.557,0.0699,60.501,0.0277,268.419,0.0988,118.147
8,7544,4,2048,51200,256,1,1,1,139.832,73.589,47.428,147.35,100.736,0.0006,175.778,0.0711,59.569,0.037,201.473,0.1093,106.986
8,7552,4,2048,51200,256,1,1,1,178.621,190.437,201.767,217.867,140.827,0.0006,144.144,0.0665,63.809,0.0265,281.654,0.0942,124.393
8,7560,4,2048,51200,256,1,1,1,156.711,73.56,47.531,128.428,121.162,0.0006,144.808,0.0778,54.667,0.0309,242.324,0.1099,106.88
8,7568,4,2048,51200,256,1,1,1,162.171,158.317,154.947,177.741,112.997,0.0006,177.124,0.0617,69.04,0.0332,225.994,0.0961,122.451
8,7576,4,2048,51200,256,1,1,1,131.619,78.582,47.69,143.229,148.283,0.0006,129.71,0.0856,49.905,0.0254,296.565,0.1121,105.198
8,7584,4,2048,51200,256,1,1,1,212.221,183.796,177.946,195.611,149.418,0.0006,147.977,0.0639,66.906,0.0252,298.836,0.0903,130.803
8,7592,4,2048,51200,256,1,1,1,140.182,79.419,47.9,144.151,100.696,0.0006,164.968,0.0739,58.015,0.0375,201.392,0.1126,105.182
8,7600,4,2048,51200,256,1,1,1,153.156,158.677,146.789,165.796,114.789,0.0006,149.426,0.0703,61.14,0.033,229.578,0.1044,113.651
8,7608,4,2048,51200,256,1,1,1,147.149,74.21,47.774,111.353,120.135,0.0006,143.21,0.0812,53.005,0.0316,240.27,0.114,104.346
8,7616,4,2048,51200,256,1,1,1,180.38,195.854,180.637,204.548,133.329,0.0006,132.959,0.0712,60.549,0.0285,266.658,0.1009,118.087
8,7624,4,2048,51200,256,1,1,1,130.186,75.098,48.015,158.442,103.726,0.0006,149.02,0.0796,54.278,0.0367,207.451,0.1175,101.604
8,7632,4,2048,51200,256,1,1,1,168.153,148.226,150.917,152.815,133.615,0.0006,146.245,0.0705,61.435,0.0286,267.23,0.1002,119.373
8,7640,4,2048,51200,256,1,1,1,151.693,79.479,48.098,142.643,99.862,0.0006,177.122,0.0704,61.658,0.0383,199.725,0.1098,109.144
8,7648,4,2048,51200,256,1,1,1,189.42,195.051,187.877,221.41,140.743,0.0006,147.375,0.0657,66.137,0.0272,281.486,0.0941,127.616
8,7656,4,2048,51200,256,1,1,1,140.919,79.157,48.378,110.288,121.074,0.0006,145.126,0.082,53.137,0.0317,242.148,0.1149,104.794
8,7664,4,2048,51200,256,1,1,1,167.736,158.296,137.191,169.341,113.641,0.0006,149.579,0.0694,62.901,0.0339,227.282,0.1044,115.507
8,7672,4,2048,51200,256,1,1,1,125.886,75.547,48.993,144.687,103.291,0.0006,130.793,0.0875,49.961,0.0373,206.582,0.126,95.895
8,7680,4,2048,51200,256,1,1,1,173.305,211.325,204.354,138.588,128.263,0.0006,146.003,0.0703,62.31,0.0301,256.526,0.1016,119.206
8,7688,4,2048,51200,256,1,1,1,145.22,74.583,49.148,155.281,96.404,0.0006,170.046,0.0729,60.233,0.0402,192.809,0.1142,106.245
8,7696,4,2048,51200,256,1,1,1,136.659,160.562,153.77,190.813,155.161,0.0006,126.862,0.0806,54.59,0.025,310.322,0.1068,113.919
8,7704,4,2048,51200,256,1,1,1,137.723,78.983,49.17,108.911,121.533,0.0006,140.216,0.0847,52.008,0.032,243.065,0.1179,103.345
8,7712,4,2048,51200,256,1,1,1,184.013,196.039,182.862,214.106,137.383,0.0006,161.64,0.0632,69.867,0.0284,274.766,0.0927,131.665
8,7720,4,2048,51200,256,1,1,1,152.086,79.24,49.198,143.228,139.112,0.0006,127.082,0.0856,51.698,0.0281,278.225,0.1148,106.552
8,7728,4,2048,51200,256,1,1,1,151.042,165.19,143.607,136.313,130.673,0.0006,142.775,0.0754,58.792,0.03,261.347,0.1065,115.095
8,7736,4,2048,51200,256,1,1,1,121.917,74.299,49.358,123.125,121.14,0.0006,149.928,0.0841,52.791,0.0324,242.279,0.1177,104.39
8,7744,4,2048,51200,256,1,1,1,175.807,183.652,199.109,169.947,171.843,0.0006,126.741,0.0765,58.151,0.0229,343.686,0.1006,122.407
8,7752,4,2048,51200,256,1,1,1,129.424,74.305,49.519,139.361,127.523,0.0006,140.943,0.0848,52.59,0.0309,255.046,0.1168,105.565
8,7760,4,2048,51200,256,1,1,1,133.238,158.623,148.899,195.102,110.417,0.0006,162.75,0.0707,63.222,0.0357,220.834,0.1076,114.887
8,7768,4,2048,51200,256,1,1,1,151.638,78.579,49.056,109.221,136.452,0.0006,127.068,0.0885,50.562,0.029,272.904,0.1187,104.344
8,7776,4,2048,51200,256,1,1,1,173.347,179.232,180.163,201.564,149.218,0.0006,141.627,0.071,63.144,0.0266,298.436,0.0988,125.66
8,7784,4,2048,51200,256,1,1,1,147.276,79.28,49.787,140.785,98.741,0.0006,165.353,0.0753,59.669,0.0402,197.481,0.1167,106.551
8,7792,4,2048,51200,256,1,1,1,174.794,164.281,152.698,163.401,159.8,0.0006,127.712,0.0776,57.981,0.0249,319.6,0.1037,120.119
8,7800,4,2048,51200,256,1,1,1,121.006,73.363,50.185,107.879,121.3,0.0006,141.045,0.0891,50.61,0.0329,242.6,0.1232,101.35
8,7808,4,2048,51200,256,1,1,1,152.236,196.585,203.335,211.764,138.478,0.0006,174.719,0.0645,70.058,0.0289,276.956,0.0945,132.349
8,7816,4,2048,51200,256,1,1,1,156.549,73.55,50.104,143.268,140.029,0.0006,127.731,0.0863,52.471,0.0286,280.059,0.1161,108.003
8,7824,4,2048,51200,256,1,1,1,150.7,161.307,149.47,148.954,133.855,0.0006,143.991,0.0757,59.96,0.03,267.71,0.1068,117.595
8,7832,4,2048,51200,256,1,1,1,151.051,78.357,50.248,140.488,98.808,0.0006,173.537,0.0736,61.797,0.0407,197.616,0.1154,109.037
8,7840,4,2048,51200,256,1,1,1,160.595,178.104,190.827,229.635,139.681,0.0006,145.196,0.0713,63.833,0.0288,279.361,0.1014,124.41
8,7848,4,2048,51200,256,1,1,1,154.611,79.5,49.976,109.039,120.541,0.0006,144.49,0.083,54.991,0.0335,241.082,0.1177,107.402
8,7856,4,2048,51200,256,1,1,1,153.527,154.032,146.564,161.197,113.41,0.0006,174.104,0.0674,67.839,0.0357,226.819,0.1042,121.462
8,7864,4,2048,51200,256,1,1,1,126.237,73.859,50.151,145.473,104.349,0.0006,127.822,0.0915,50.069,0.0388,208.698,0.1315,96.464
8,7872,4,2048,51200,256,1,1,1,187.826,192.533,185.055,184.964,155.238,0.0006,144.309,0.0703,65.317,0.0262,310.477,0.0976,130.24
8,7880,4,2048,51200,256,1,1,1,109.226,74.2,50.247,144.18,102.89,0.0006,158.831,0.0854,53.817,0.0396,205.78,0.1262,100.941
8,7888,4,2048,51200,256,1,1,1,153.953,144.956,156.133,163.547,115.452,0.0006,147.216,0.0746,61.785,0.0353,230.905,0.1111,114.903
8,7896,4,2048,51200,256,1,1,1,141.49,79.414,50.055,110.179,121.218,0.0006,144.057,0.0855,53.962,0.0337,242.437,0.1204,106.179
8,7904,4,2048,51200,256,1,1,1,153.919,178.35,197.532,226.97,158.956,0.0006,147.137,0.0724,63.919,0.0258,317.912,0.0993,129.044
8,7912,4,2048,51200,256,1,1,1,143.599,79.6,50.775,151.307,109.493,0.0006,145.335,0.0824,56.207,0.0375,218.985,0.1211,106.021
8,7920,4,2048,51200,256,1,1,1,133.98,157.205,138.771,175.322,135.151,0.0006,145.526,0.0781,59.416,0.0304,270.301,0.1097,117.225
8,7928,4,2048,51200,256,1,1,1,134.875,74.664,51.021,108.622,122.452,0.0006,145.358,0.0869,53.514,0.0336,244.904,0.1217,105.871
8,7936,4,2048,51200,256,1,1,1,151.849,204.472,208.389,194.598,151.909,0.0006,129.834,0.0795,58.585,0.0272,303.818,0.1079,119.719
8,7944,4,2048,51200,256,1,1,1,126.675,75.718,50.98,172.334,140.737,0.0006,155.662,0.082,56.906,0.0294,281.473,0.1126,114.913
8,7952,4,2048,51200,256,1,1,1,134.278,146.164,148.838,113.187,134.914,0.0006,143.29,0.0825,56.72,0.0307,269.829,0.1144,113.378
8,7960,4,2048,51200,256,1,1,1,121.142,79.752,51.012,109.303,122.031,0.0006,155.294,0.0868,54.001,0.034,244.062,0.122,106.489
8,7968,4,2048,51200,256,1,1,1,156.294,178.746,178.794,209.209,153.345,0.0006,167.693,0.0678,69.268,0.0271,306.689,0.0961,135.453
8,7976,4,2048,51200,256,1,1,1,121.418,79.705,51.126,105.908,141.714,0.0006,144.204,0.0906,51.934,0.0294,283.428,0.1212,107.619
8,7984,4,2048,51200,256,1,1,1,154.773,145.527,148.912,148.999,158.88,0.0006,128.331,0.0831,56.731,0.0263,317.76,0.1106,118.204
8,7992,4,2048,51200,256,1,1,1,121.963,75.157,51.609,168.431,147.727,0.0006,163.475,0.0817,57.78,0.0283,295.453,0.1113,117.697
8,8000,4,2048,51200,256,1,1,1,151.315,201.661,183.097,137.776,186.776,0.0006,154.073,0.0748,63.29,0.0225,373.552,0.0984,133.343
8,8008,4,2048,51200,256,1,1,1,121.707,75.218,51.52,164.076,141.042,0.0006,129.384,0.093,50.963,0.0298,282.084,0.124,106.014
8,8016,4,2048,51200,256,1,1,1,156.716,155.088,151.183,143.94,139.727,0.0006,131.641,0.0821,57.872,0.0301,279.454,0.1134,116.159
8,8024,4,2048,51200,256,1,1,1,119.487,79.017,51.787,107.588,139.572,0.0006,144.731,0.0914,52.055,0.0302,279.144,0.1228,107.442
8,8032,4,2048,51200,256,1,1,1,150.923,196.047,180.018,217.561,152.665,0.0006,143.058,0.0758,62.857,0.0277,305.331,0.1047,126.271
8,8040,4,2048,51200,256,1,1,1,150.439,79.337,51.682,106.786,135.079,0.0006,131.899,0.0908,52.603,0.0314,270.158,0.1233,107.408
8,8048,4,2048,51200,256,1,1,1,131.898,161.426,159.278,157.35,110.521,0.0006,146.915,0.0802,59.66,0.0384,221.042,0.1198,110.805
8,8056,4,2048,51200,256,1,1,1,117.809,73.28,52.35,142.815,105.307,0.0006,129.241,0.0957,50.112,0.0404,210.615,0.1372,96.907
8,8064,4,2048,51200,256,1,1,1,191.486,199.427,191.1,169.388,157.892,0.0006,142.406,0.0733,65.562,0.027,315.785,0.1014,131.399
8,8072,4,2048,51200,256,1,1,1,119.22,71.131,52.777,142.133,141.648,0.0006,168.359,0.0835,57.604,0.0301,283.297,0.1149,116.242
8,8080,4,2048,51200,256,1,1,1,133.408,159.738,150.535,160.289,123.988,0.0006,147.103,0.0803,60.034,0.0345,247.976,0.116,115.338
8,8088,4,2048,51200,256,1,1,1,145.857,78.05,52.426,107.87,135.319,0.0006,132.436,0.0919,52.576,0.0317,270.638,0.1247,107.462
8,8096,4,2048,51200,256,1,1,1,150.133,174.676,182.88,188.207,136.618,0.0006,157.394,0.0734,65.966,0.0314,273.236,0.106,126.724
8,8104,4,2048,51200,256,1,1,1,119.798,79.017,52.057,148.993,107.758,0.0006,144.858,0.0898,54.008,0.0399,215.516,0.1309,102.801
8,8112,4,2048,51200,256,1,1,1,155.067,163.83,141.797,117.852,136.881,0.0006,142.472,0.0814,59.704,0.0315,273.762,0.114,118.222
8,8120,4,2048,51200,256,1,1,1,136.604,74.495,51.774,148.011,142.923,0.0006,161.182,0.0822,59.195,0.0302,285.846,0.1136,118.881
8,8128,4,2048,51200,256,1,1,1,155.575,198.459,202.442,206.369,154.676,0.0006,145.973,0.0755,64.529,0.028,309.351,0.1047,129.242
8,8136,4,2048,51200,256,1,1,1,99.448,74.829,51.597,119.327,137.621,0.0006,146.634,0.0973,50.202,0.0315,275.243,0.13,104.309
8,8144,4,2048,51200,256,1,1,1,154.337,155.584,144.531,166.982,112.623,0.0006,157.298,0.0747,65.497,0.0386,225.247,0.1145,118.67
8,8152,4,2048,51200,256,1,1,1,121.492,79.906,51.713,148.833,110.633,0.0006,145.393,0.0899,54.501,0.0394,221.266,0.1305,104.304
8,8160,4,2048,51200,256,1,1,1,137.507,180.448,187.342,200.838,186.277,0.0006,146.029,0.0791,62.101,0.0234,372.554,0.1037,131.526
8,8168,4,2048,51200,256,1,1,1,147.038,80.369,52.356,160.652,100.362,0.0006,160.271,0.0805,61.122,0.0436,200.725,0.1253,109.092
8,8176,4,2048,51200,256,1,1,1,133.917,152.949,148.088,169.869,127.834,0.0006,148.12,0.0809,60.909,0.0343,255.668,0.1164,117.631
8,8184,4,2048,51200,256,1,1,1,98.445,75.602,52.62,149.373,141.516,0.0006,145.689,0.0968,51.04,0.031,283.031,0.129,106.359
8,8192,4,2048,51200,256,1,1,1,192.669,221.091,215.773,208.209,138.33,0.0006,145.603,0.0721,68.61,0.0318,276.66,0.1051,130.82
8,8200,4,2048,51200,256,1,1,1,121.999,76.176,41.846,110.072,123.576,0.0006,143.094,0.0954,51.983,0.0357,247.152,0.1322,104.124
8,8208,4,2048,51200,256,1,1,1,111.689,149.079,135.15,169.477,156.925,0.0006,142.486,0.0884,56.196,0.0281,313.849,0.1177,117.174
8,8216,4,2048,51200,256,1,1,1,146.045,80.395,41.748,143.171,100.141,0.0006,165.428,0.0821,60.572,0.0442,200.282,0.1276,108.368
8,8224,4,2048,51200,256,1,1,1,153.349,201.554,167.43,207.668,154.885,0.0006,143.406,0.0781,63.789,0.0286,309.77,0.108,128.206
8,8232,4,2048,51200,256,1,1,1,119.569,80.476,41.749,141.618,151.044,0.0006,143.441,0.0939,53.187,0.0294,302.088,0.1246,111.404
8,8240,4,2048,51200,256,1,1,1,116.006,166.487,134.547,155.162,138.726,0.0006,141.164,0.0886,56.452,0.0321,277.452,0.122,113.987
8,8248,4,2048,51200,256,1,1,1,121.673,75.503,42.041,108.594,125.695,0.0006,143.203,0.0963,52.039,0.0355,251.391,0.1331,104.686
8,8256,4,2048,51200,256,1,1,1,137.086,176.99,155.472,221.635,140.729,0.0006,161.487,0.0757,66.318,0.0317,281.459,0.1087,128.355
8,8264,4,2048,51200,256,1,1,1,105.619,75.514,42.127,151.142,125.566,0.0006,140.155,0.0989,50.862,0.0356,251.133,0.1358,102.938
8,8272,4,2048,51200,256,1,1,1,134.404,145.626,124.606,185.574,134.401,0.0006,142.901,0.0838,60.168,0.0334,268.802,0.1184,118.318
8,8280,4,2048,51200,256,1,1,1,98.874,79.772,42.161,154.695,141.992,0.0006,144.017,0.0996,50.667,0.0316,283.984,0.1326,105.874
8,8288,4,2048,51200,256,1,1,1,139.861,203.111,147.906,209.787,156.268,0.0006,146.107,0.0803,62.957,0.0288,312.535,0.1104,127.343
8,8296,4,2048,51200,256,1,1,1,134.11,77.997,42.549,149.211,120.609,0.0006,143.953,0.0912,55.539,0.0374,241.218,0.1299,108.443
8,8304,4,2048,51200,256,1,1,1,109.441,153.231,127.909,169.886,154.032,0.0006,144.083,0.09,56.428,0.0293,308.063,0.1206,117.061
8,8312,4,2048,51200,256,1,1,1,133.697,73.236,42.987,143.212,97.36,0.0006,156.349,0.0882,57.663,0.0465,194.72,0.136,103.992
8,8320,4,2048,51200,256,1,1,1,144.917,185.65,172.585,196.716,141.126,0.0006,143.254,0.0811,62.834,0.0321,282.253,0.1145,123.737
8,8328,4,2048,51200,256,1,1,1,97.998,71.895,42.979,156.822,137.092,0.0006,145.353,0.1005,50.796,0.0332,274.184,0.1349,105.202
8,8336,4,2048,51200,256,1,1,1,162.507,150.427,137.188,174.899,111.85,0.0006,154.618,0.0767,66.71,0.0407,223.7,0.1187,119.856
8,8344,4,2048,51200,256,1,1,1,118.327,79.183,42.534,136.35,105.355,0.0006,147.451,0.0949,53.995,0.0433,210.71,0.1395,102.157
8,8352,4,2048,51200,256,1,1,1,135.111,190.457,152.024,219.07,152.972,0.0006,144.553,0.0824,62.3,0.0299,305.945,0.1136,125.712
8,8360,4,2048,51200,256,1,1,1,110.382,77.961,42.415,137.205,102.094,0.0006,141.677,0.0992,51.839,0.0449,204.188,0.1453,98.405
8,8368,4,2048,51200,256,1,1,1,132.948,160.389,135.781,189.297,135.306,0.0006,143.663,0.0846,60.861,0.0339,270.613,0.1198,119.564
8,8376,4,2048,51200,256,1,1,1,97.915,74.618,42.01,139.304,147.913,0.0006,143.899,0.1028,50.216,0.0311,295.827,0.1351,106.229
8,8384,4,2048,51200,256,1,1,1,176.968,198.931,155.131,225.811,138.12,0.0006,142.799,0.0771,67.044,0.0334,276.239,0.1117,128.703
8,8392,4,2048,51200,256,1,1,1,121.267,74.9,41.605,109.941,122.35,0.0007,143.458,0.0986,52.5,0.0377,244.699,0.1377,104.671
8,8400,4,2048,51200,256,1,1,1,113.28,151.315,139.109,182.571,155.554,0.0006,145.091,0.0894,58.029,0.0297,311.107,0.1204,119.874
8,8408,4,2048,51200,256,1,1,1,139.011,80.444,41.266,163.19,99.101,0.0007,155.788,0.0877,59.254,0.0468,198.202,0.1358,106.532
8,8416,4,2048,51200,256,1,1,1,151.499,187.992,142.831,223.524,152.989,0.0006,145.611,0.0801,64.973,0.0303,305.978,0.1118,129.641
8,8424,4,2048,51200,256,1,1,1,100.079,80.042,41.567,163.827,141.418,0.0007,148.491,0.0999,52.228,0.0329,282.837,0.1341,108.291
8,8432,4,2048,51200,256,1,1,1,163.833,162.574,125.582,169.505,113.273,0.0006,142.358,0.0819,63.815,0.0411,226.547,0.1243,116.995
8,8440,4,2048,51200,256,1,1,1,122.304,76.113,41.914,152.892,110.394,0.0007,147.288,0.0948,55.215,0.0423,220.788,0.1384,105.286
8,8448,4,2048,51200,256,1,1,1,137.136,214.514,205.471,212.055,142.939,0.0006,161.623,0.0776,67.543,0.0327,285.879,0.1117,130.745
8,8456,4,2048,51200,256,1,1,1,105.218,75.57,42.284,167.882,102.334,0.0007,141.995,0.1008,52.118,0.0458,204.669,0.1479,98.888
8,8464,4,2048,51200,256,1,1,1,133.6,148.824,123.553,126.225,135.613,0.0007,143.519,0.0893,58.913,0.0346,271.225,0.1253,116.979
8,8472,4,2048,51200,256,1,1,1,99.497,79.264,42.36,142.291,139.374,0.0007,142.548,0.1039,50.757,0.0337,278.749,0.1389,105.661
8,8480,4,2048,51200,256,1,1,1,173.085,200.902,150.227,199.979,136.416,0.0007,142.047,0.0797,66.27,0.0345,272.833,0.1156,127.272
8,8488,4,2048,51200,256,1,1,1,120.717,79.664,42.348,169.46,119.89,0.0007,144.519,0.0959,55.192,0.0394,239.78,0.1366,107.892
8,8496,4,2048,51200,256,1,1,1,111.613,149.4,130.249,172.114,163.903,0.0007,144.171,0.0922,57.498,0.0289,327.805,0.1224,120.638
8,8504,4,2048,51200,256,1,1,1,151.868,74.899,42.347,138.819,98.886,0.0007,155.891,0.0882,60.172,0.0479,197.773,0.1375,107.561
8,8512,4,2048,51200,256,1,1,1,148.838,184.812,153.392,191.032,149.871,0.0007,144.604,0.0829,64.148,0.0317,299.743,0.1159,127.812
8,8520,4,2048,51200,256,1,1,1,98.272,75.075,42.73,153.118,138.499,0.0007,142.981,0.1046,50.967,0.0343,276.997,0.1402,105.853
8,8528,4,2048,51200,256,1,1,1,151.31,155.214,137.913,165.046,111.252,0.0007,145.588,0.0839,63.63,0.0428,222.504,0.1281,116.126
8,8536,4,2048,51200,256,1,1,1,120.113,79.877,42.486,136.917,108.061,0.0007,145.254,0.0982,54.483,0.0442,216.122,0.1437,103.699
8,8544,4,2048,51200,256,1,1,1,135.296,188.037,145.824,229.033,173.179,0.0007,144.127,0.085,63.058,0.0276,346.358,0.1139,131.042
8,8552,4,2048,51200,256,1,1,1,145.798,79.513,42.831,139.311,98.041,0.0007,144.281,0.0933,57.531,0.0489,196.081,0.1435,104.205
8,8560,4,2048,51200,256,1,1,1,133.411,150.816,140.351,164.846,126.616,0.0007,144.798,0.0878,61.222,0.0379,253.231,0.1271,117.901
8,8568,4,2048,51200,256,1,1,1,151.731,74.266,43.1,109.262,139.107,0.0007,131.396,0.1,53.844,0.0346,278.214,0.1359,110.405
8,8576,4,2048,51200,256,1,1,1,169.207,206.738,172.52,199.51,138.807,0.0007,142.885,0.0808,66.766,0.0347,277.615,0.1169,128.674
8,8584,4,2048,51200,256,1,1,1,121.377,74.117,43.037,137.577,109.119,0.0007,152.449,0.0964,56.054,0.0443,218.238,0.142,106.075
8,8592,4,2048,51200,256,1,1,1,113.064,168.447,133.536,174.796,153.41,0.0007,145.023,0.0926,58.485,0.0315,306.82,0.1254,120.302
8,8600,4,2048,51200,256,1,1,1,138.671,77.749,43.142,138.75,128.617,0.0007,147.402,0.0943,57.526,0.0377,257.234,0.1333,113.415
8,8608,4,2048,51200,256,1,1,1,150.792,187.673,148.585,213.678,150.845,0.0007,145.636,0.0829,65.546,0.0322,301.69,0.1164,130.103
8,8616,4,2048,51200,256,1,1,1,98.152,79.647,43.022,109.555,138.241,0.0007,144.915,0.1085,50.168,0.0352,276.482,0.145,104.63
8,8624,4,2048,51200,256,1,1,1,159.127,144.519,136.204,170.487,111.267,0.0007,144.126,0.0844,64.576,0.0438,222.534,0.1296,117.318
8,8632,4,2048,51200,256,1,1,1,118.732,74.295,42.813,169.305,120.766,0.0007,147.193,0.0979,55.788,0.0404,241.532,0.1397,109.03
8,8640,4,2048,51200,256,1,1,1,127.688,191.598,158.4,194.072,175.589,0.0007,144.888,0.0884,61.898,0.0279,351.177,0.1176,129.748
8,8648,4,2048,51200,256,1,1,1,104.175,74.544,42.679,138.515,101.945,0.0007,143.723,0.1053,52.058,0.0481,203.891,0.1547,98.794
8,8656,4,2048,51200,256,1,1,1,132.523,155.519,132.823,191.593,136.473,0.0007,145.697,0.0881,62.338,0.036,272.946,0.1254,122.11
8,8664,4,2048,51200,256,1,1,1,97.094,79.629,42.367,137.693,139.282,0.0007,146.359,0.1071,51.361,0.0353,278.563,0.1438,106.709
8,8672,4,2048,51200,256,1,1,1,182.277,196.293,151.252,203.32,137.021,0.0007,144.514,0.0801,68.809,0.036,274.042,0.1174,130.925
8,8680,4,2048,51200,256,1,1,1,120.486,79.823,42.937,111.909,122.25,0.0007,145.565,0.1022,54.003,0.0404,244.501,0.1439,106.958
8,8688,4,2048,51200,256,1,1,1,111.11,136.633,124.263,180.443,161.399,0.0007,145.295,0.0949,58.279,0.0306,322.798,0.1269,121.575
8,8696,4,2048,51200,256,1,1,1,134.912,75.965,43.173,128.746,92.508,0.0007,159.089,0.0936,59.165,0.0536,185.016,0.1485,104.025
8,8704,4,2048,51200,256,1,1,1,127.144,223.231,187.389,166.897,102.75,0.0007,145.643,0.0897,61.846,0.0483,205.499,0.1394,111.067
8,8712,4,2048,51200,256,1,1,1,133.97,76.008,43.297,103.233,142.461,0.0007,131.378,0.1061,52.383,0.0349,284.921,0.1424,108.922
8,8720,4,2048,51200,256,1,1,1,133.309,165.129,126.053,110.586,153.175,0.0007,157.93,0.0897,62.07,0.0325,306.35,0.1236,125.709
8,8728,4,2048,51200,256,1,1,1,120.47,80.407,43.37,144.97,147.292,0.0007,127.778,0.1074,51.945,0.0339,294.585,0.1426,109.126
8,8736,4,2048,51200,256,1,1,1,149.382,202.596,160.293,140.822,157.251,0.0007,131.743,0.0929,60.154,0.0318,314.502,0.126,123.71
8,8744,4,2048,51200,256,1,1,1,120.214,80.812,43.253,125.101,141.005,0.0007,158.456,0.098,57.13,0.0355,282.009,0.1348,115.826
8,8752,4,2048,51200,256,1,1,1,137.401,159.153,122.94,155.18,125.509,0.0007,143.266,0.091,61.64,0.04,251.018,0.1323,118.269
8,8760,4,2048,51200,256,1,1,1,148.001,75.578,43.338,112.894,136.16,0.0007,131.203,0.1033,54.374,0.0369,272.319,0.1416,110.72
8,8768,4,2048,51200,256,1,1,1,143.601,195.387,160.606,196.788,143.976,0.0007,145.12,0.0867,64.872,0.035,287.952,0.1231,127.606
8,8776,4,2048,51200,256,1,1,1,99.162,75.8,43.243,133.553,122.666,0.0007,144.187,0.1094,51.532,0.0411,245.332,0.1519,103.588
8,8784,4,2048,51200,256,1,1,1,152.93,158.219,138.616,140.372,156.251,0.0007,129.465,0.0947,59.616,0.0324,312.503,0.1284,122.732
8,8792,4,2048,51200,256,1,1,1,117.756,80.196,42.843,158.44,138.182,0.0007,136.4,0.1049,53.92,0.0367,276.363,0.1429,110.488
8,8800,4,2048,51200,256,1,1,1,149.344,193.205,164.842,137.615,174.972,0.0007,145.358,0.0888,63.794,0.029,349.944,0.1192,132.737
8,8808,4,2048,51200,256,1,1,1,122.67,79.196,43.36,137.436,109.513,0.0007,130.036,0.1077,52.696,0.0464,219.026,0.1555,101.91
8,8816,4,2048,51200,256,1,1,1,155.825,160.972,140.79,114.751,148.929,0.0007,132.709,0.0953,59.67,0.0342,297.858,0.1308,121.328
8,8824,4,2048,51200,256,1,1,1,121.515,74.529,43.525,105.407,142.73,0.0007,158.65,0.101,56.369,0.0358,285.46,0.1381,115.119
8,8832,4,2048,51200,256,1,1,1,159.182,201.502,163.061,211.677,152.763,0.0007,145.464,0.0843,67.637,0.0335,305.526,0.1191,133.696
8,8840,4,2048,51200,256,1,1,1,139.444,74.009,43.586,114.333,147.674,0.0007,132.401,0.1056,54.134,0.0347,295.348,0.1416,112.703
8,8848,4,2048,51200,256,1,1,1,133.813,151.129,131.707,166.71,126.997,0.0007,161.682,0.0866,66.121,0.0404,253.993,0.1283,124.58
8,8856,4,2048,51200,256,1,1,1,132.925,79.252,43.425,139.502,108.361,0.0007,141.797,0.1012,56.664,0.0474,216.721,0.15,106.779
8,8864,4,2048,51200,256,1,1,1,176.262,195.985,173.382,144.223,162.297,0.0007,144.867,0.0854,67.264,0.0317,324.594,0.1185,135.421
8,8872,4,2048,51200,256,1,1,1,144.001,80.127,43.323,139.985,138.344,0.0007,160.853,0.0929,61.913,0.0373,276.687,0.1316,122.15
8,8880,4,2048,51200,256,1,1,1,136.899,150.153,143.285,149.892,126.579,0.0007,145.366,0.0922,62.487,0.0408,253.158,0.1344,119.781
8,8888,4,2048,51200,256,1,1,1,136.879,74.359,43.194,112.422,121.345,0.0007,132.862,0.1069,54.003,0.0427,242.691,0.1509,106.864
8,8896,4,2048,51200,256,1,1,1,148.97,201.298,159.476,197.97,137.678,0.0007,144.228,0.0878,65.903,0.0377,275.357,0.1268,127.455
8,8904,4,2048,51200,256,1,1,1,119.584,74.61,42.956,140.43,107.846,0.0007,147.802,0.1033,56.066,0.0482,215.691,0.1529,105.882
8,8912,4,2048,51200,256,1,1,1,110.759,160.655,142.22,116.029,158.684,0.0007,147.132,0.1012,57.323,0.0328,317.368,0.1354,119.76
8,8920,4,2048,51200,256,1,1,1,146.466,78.914,43.051,139.65,143.925,0.0007,158.781,0.0939,61.903,0.0362,287.851,0.1315,123.531
8,8928,4,2048,51200,256,1,1,1,154.772,183.752,167.188,187.851,150.476,0.0007,145.945,0.087,66.927,0.0347,300.952,0.1231,132.214
8,8936,4,2048,51200,256,1,1,1,97.516,79.009,43.514,114.613,138.162,0.0007,147.478,0.1132,51.537,0.0379,276.324,0.1524,106.947
8,8944,4,2048,51200,256,1,1,1,159.292,161.371,126.446,154.09,110.887,0.0007,152.52,0.0866,67.457,0.0473,221.774,0.1352,120.733
8,8952,4,2048,51200,256,1,1,1,119.828,73.236,43.45,139.37,107.425,0.0007,147.948,0.1041,56.241,0.0489,214.85,0.1543,106.006
8,8960,4,2048,51200,256,1,1,1,185.196,215.154,211.378,136.288,175.928,0.0007,149.729,0.084,69.813,0.0299,351.856,0.1152,142.213
8,8968,4,2048,51200,256,1,1,1,141.158,73.884,43.739,136.283,143.199,0.0007,162.846,0.0948,61.932,0.0368,286.398,0.133,123.432
8,8976,4,2048,51200,256,1,1,1,133.068,148.256,137.271,150.124,125.741,0.0007,146.225,0.0943,62.4,0.042,251.481,0.1376,119.484
8,8984,4,2048,51200,256,1,1,1,147.923,78.924,43.613,106.974,136.413,0.0007,129.875,0.1079,54.59,0.0388,272.825,0.1481,111.24
8,8992,4,2048,51200,256,1,1,1,185.809,196.864,152.397,197.667,135.653,0.0007,141.306,0.085,69.453,0.0391,271.306,0.1254,131.584
8,9000,4,2048,51200,256,1,1,1,119.923,78.493,43.216,135.907,107.955,0.0007,147.866,0.1049,56.385,0.0492,215.91,0.1554,106.38
8,9008,4,2048,51200,256,1,1,1,111.312,160.047,139.805,172.805,159.396,0.0007,145.713,0.0994,59.561,0.0334,318.791,0.1341,123.431
8,9016,4,2048,51200,256,1,1,1,146.883,75.205,43.264,136.278,146.105,0.0007,154.573,0.0969,61.209,0.0365,292.21,0.1347,123.106
8,9024,4,2048,51200,256,1,1,1,149.271,191.954,175.946,214.373,151.846,0.0007,146.71,0.0879,67.578,0.0351,303.692,0.1244,133.54
8,9032,4,2048,51200,256,1,1,1,100.213,76.063,43.104,115.483,123.976,0.0007,142.792,0.1157,51.464,0.0431,247.952,0.1601,103.94
8,9040,4,2048,51200,256,1,1,1,161.178,166.009,138.321,157.281,111.624,0.0007,147.938,0.0887,67.209,0.048,223.247,0.138,120.782
8,9048,4,2048,51200,256,1,1,1,120.273,79.766,42.878,139.083,108.881,0.0007,143.294,0.107,55.84,0.0493,217.763,0.1576,105.991
8,9056,4,2048,51200,256,1,1,1,135.956,193.085,152.318,197.288,173.775,0.0007,143.952,0.0928,64.465,0.0309,347.55,0.1251,133.764
8,9064,4,2048,51200,256,1,1,1,139.676,79.369,43.108,137.86,99.089,0.0007,157.885,0.0977,61.323,0.0543,198.177,0.1534,109.251
8,9072,4,2048,51200,256,1,1,1,134.194,157.684,137.511,153.803,126.734,0.0007,145.094,0.0955,62.85,0.0426,253.469,0.1394,120.427
8,9080,4,2048,51200,256,1,1,1,144.367,73.854,43.163,109.34,137.852,0.0007,143.542,0.1047,57.442,0.0392,275.705,0.1452,115.814
8,9088,4,2048,51200,256,1,1,1,170.27,191.326,186.231,184.44,137.851,0.0007,143.935,0.0874,68.928,0.0393,275.703,0.128,131.637
8,9096,4,2048,51200,256,1,1,1,121.229,73.832,43.371,165.478,109.948,0.0007,145.78,0.1052,57.318,0.0493,219.896,0.1559,108.24
8,9104,4,2048,51200,256,1,1,1,112.379,150.222,139.402,153.168,154.739,0.0007,145.441,0.1019,59.33,0.0351,309.479,0.1383,122.233
8,9112,4,2048,51200,256,1,1,1,141.55,79.471,43.027,138.694,98.927,0.0007,146.903,0.1016,59.561,0.055,197.853,0.158,107.195
8,9120,4,2048,51200,256,1,1,1,150.484,190.65,150.528,197.577,152.174,0.0007,144.717,0.0906,66.944,0.0358,304.347,0.1277,132.804
8,9128,4,2048,51200,256,1,1,1,99.318,79.098,43.18,140.004,147.576,0.0007,144.16,0.1151,52.779,0.037,295.152,0.1534,110.761
8,9136,4,2048,51200,256,1,1,1,165.896,158.05,141.986,152.732,111.679,0.0007,143.401,0.0912,66.683,0.049,223.358,0.1416,120.252
8,9144,4,2048,51200,256,1,1,1,121.143,75.073,43.059,140.166,109.649,0.0007,144.867,0.1079,56.493,0.05,219.298,0.1592,107.116
8,9152,4,2048,51200,256,1,1,1,138.084,185.325,165.83,210.756,140.45,0.0007,168.747,0.0853,71.527,0.0391,280.9,0.1258,135.812
8,9160,4,2048,51200,256,1,1,1,104.41,74.489,43.059,138.244,100.881,0.0007,142.864,0.1145,53.397,0.0545,201.762,0.1704,100.439
8,9168,4,2048,51200,256,1,1,1,133.09,155.273,134.877,126.652,133.944,0.0007,145.329,0.0991,61.796,0.0411,267.887,0.1416,121.074
8,9176,4,2048,51200,256,1,1,1,97.282,74.982,43.158,139.636,139.819,0.0007,144.896,0.1168,52.523,0.0395,279.638,0.1576,108.941
8,9184,4,2048,51200,256,1,1,1,139.114,183.72,144.445,208.719,135.2,0.0007,145.318,0.0932,65.889,0.0409,270.399,0.1355,126.941
8,9192,4,2048,51200,256,1,1,1,136.748,77.727,43.336,147.005,119.124,0.0007,146.303,0.1036,59.417,0.0465,238.248,0.1514,113.779
8,9200,4,2048,51200,256,1,1,1,109.345,153.956,124.4,152.0,115.313,0.0007,162.428,0.0992,62.16,0.0481,230.626,0.1486,116.111
8,9208,4,2048,51200,256,1,1,1,102.28,70.109,43.673,136.473,97.264,0.0007,144.568,0.1158,53.304,0.0571,194.527,0.1743,99.173
8,9216,4,2048,51200,256,1,1,1,135.719,204.349,204.22,138.585,133.774,0.0007,147.199,0.0963,64.191,0.0416,267.548,0.1393,124.313
8,9224,4,2048,51200,256,1,1,1,96.818,68.795,43.593,134.914,143.976,0.0007,150.483,0.1165,53.156,0.0387,287.952,0.1566,110.744
8,9232,4,2048,51200,256,1,1,1,117.54,150.54,138.992,155.595,109.924,0.0007,141.945,0.1035,59.976,0.0508,219.847,0.1556,111.646
8,9240,4,2048,51200,256,1,1,1,117.493,76.471,43.42,163.543,105.185,0.0007,145.882,0.1086,57.233,0.0532,210.369,0.1632,106.679
8,9248,4,2048,51200,256,1,1,1,136.425,182.846,173.576,212.46,137.906,0.0007,162.482,0.0886,70.235,0.0406,275.811,0.1306,133.468
8,9256,4,2048,51200,256,1,1,1,103.369,77.617,43.59,136.52,100.634,0.0007,141.799,0.1169,53.342,0.0558,201.267,0.1741,100.336
8,9264,4,2048,51200,256,1,1,1,133.039,152.323,133.968,125.057,134.289,0.0007,144.197,0.1012,61.717,0.0419,268.578,0.1445,121.112
8,9272,4,2048,51200,256,1,1,1,100.975,74.343,43.574,139.263,138.234,0.0007,146.593,0.1163,53.774,0.0408,276.468,0.1585,110.586
8,9280,4,2048,51200,256,1,1,1,140.441,191.043,182.207,192.517,150.91,0.0007,145.377,0.0944,66.415,0.0374,301.819,0.1331,131.868
8,9288,4,2048,51200,256,1,1,1,141.277,75.0,43.603,139.01,122.567,0.0007,144.426,0.1054,59.536,0.0461,245.135,0.1529,114.987
8,9296,4,2048,51200,256,1,1,1,112.032,172.188,136.817,156.73,114.793,0.0007,161.382,0.0994,63.278,0.0493,229.587,0.1501,117.379
8,9304,4,2048,51200,256,1,1,1,103.262,79.519,43.484,139.449,99.996,0.0007,142.566,0.1172,53.721,0.0567,199.992,0.1753,100.632
8,9312,4,2048,51200,256,1,1,1,149.55,195.033,163.914,204.865,157.295,0.0007,147.966,0.0917,68.761,0.0361,314.59,0.1292,136.758
8,9320,4,2048,51200,256,1,1,1,121.218,78.674,43.589,141.617,135.942,0.0007,144.536,0.1105,57.171,0.0419,271.884,0.1538,115.138
8,9328,4,2048,51200,256,1,1,1,114.747,155.207,137.772,154.032,135.352,0.0007,144.399,0.105,60.268,0.0421,270.705,0.1485,119.413
8,9336,4,2048,51200,256,1,1,1,135.682,74.147,44.117,109.377,122.754,0.0007,144.099,0.1103,57.465,0.0465,245.507,0.1582,112.28
8,9344,4,2048,51200,256,1,1,1,137.663,191.104,188.693,223.643,139.695,0.0007,175.142,0.0856,74.148,0.041,279.391,0.1279,139.067
8,9352,4,2048,51200,256,1,1,1,124.226,73.158,44.248,141.299,123.872,0.0007,146.998,0.1095,58.079,0.0463,247.744,0.1571,113.423
8,9360,4,2048,51200,256,1,1,1,162.276,157.01,144.637,155.378,134.449,0.0007,157.381,0.0898,70.904,0.0427,268.898,0.1339,133.322
8,9368,4,2048,51200,256,1,1,1,121.774,80.129,44.128,107.39,105.425,0.0007,166.441,0.1071,59.587,0.0546,210.85,0.163,109.713
8,9376,4,2048,51200,256,1,1,1,140.339,188.441,160.389,219.967,149.901,0.0007,159.046,0.0904,70.675,0.0384,299.802,0.1302,137.559
8,9384,4,2048,51200,256,1,1,1,109.16,80.767,44.166,136.798,121.963,0.0007,146.869,0.1148,55.745,0.0473,243.926,0.1635,109.732
8,9392,4,2048,51200,256,1,1,1,140.455,152.662,129.633,113.525,134.899,0.0007,165.122,0.0958,66.917,0.0429,269.797,0.14,128.349
8,9400,4,2048,51200,256,1,1,1,120.175,75.323,44.001,113.814,122.562,0.0007,145.585,0.1144,56.144,0.0472,245.124,0.163,110.449
8,9408,4,2048,51200,256,1,1,1,149.223,190.96,155.275,212.356,150.147,0.0007,143.701,0.0946,67.999,0.0386,300.293,0.1346,133.987
8,9416,4,2048,51200,256,1,1,1,120.192,75.252,44.254,105.443,140.85,0.0007,145.938,0.1155,55.78,0.0413,281.7,0.1581,114.238
8,9424,4,2048,51200,256,1,1,1,133.112,168.459,137.682,117.102,134.273,0.0007,170.6,0.0957,67.404,0.0433,268.546,0.1405,128.825
8,9432,4,2048,51200,256,1,1,1,107.828,79.825,44.336,162.314,141.486,0.0007,144.768,0.1153,56.061,0.0412,282.972,0.1579,114.803
8,9440,4,2048,51200,256,1,1,1,149.192,202.114,159.899,141.924,163.686,0.0007,173.156,0.0889,72.798,0.0357,327.372,0.126,144.111
8,9448,4,2048,51200,256,1,1,1,139.718,79.729,44.587,115.667,140.505,0.0007,160.176,0.1046,61.981,0.0416,281.01,0.1476,123.179
8,9456,4,2048,51200,256,1,1,1,133.77,145.728,129.519,185.14,133.967,0.0007,145.211,0.1,64.932,0.0437,267.933,0.1451,125.506
8,9464,4,2048,51200,256,1,1,1,139.593,75.52,45.102,160.501,140.388,0.0007,164.249,0.1003,64.88,0.0418,280.775,0.1434,127.193
8,9472,4,2048,51200,256,1,1,1,181.663,217.929,207.513,144.623,177.554,0.0007,131.089,0.098,66.456,0.0331,355.107,0.1325,137.9
8,9480,4,2048,51200,256,1,1,1,119.979,75.123,44.987,106.082,120.487,0.0007,140.945,0.1184,55.106,0.0489,240.974,0.1687,108.531
8,9488,4,2048,51200,256,1,1,1,150.318,159.648,142.836,152.759,111.81,0.0007,162.268,0.0924,70.768,0.0528,223.62,0.1465,125.156
8,9496,4,2048,51200,256,1,1,1,121.484,78.873,45.181,137.844,120.273,0.0007,143.788,0.1137,57.584,0.0491,240.546,0.1642,111.85
8,9504,4,2048,51200,256,1,1,1,149.095,201.123,168.232,137.131,169.688,0.0007,127.29,0.1067,61.466,0.0349,339.376,0.1429,128.703
8,9512,4,2048,51200,256,1,1,1,119.897,74.597,45.22,165.62,120.707,0.0007,141.078,0.1139,57.645,0.0491,241.413,0.1644,112.06
8,9520,4,2048,51200,256,1,1,1,159.108,159.4,144.364,155.206,162.92,0.0007,162.082,0.0911,72.249,0.0365,325.84,0.1289,143.209
8,9528,4,2048,51200,256,1,1,1,120.233,74.199,45.281,150.937,141.05,0.0007,127.488,0.121,54.441,0.0422,282.1,0.1646,112.33
8,9536,4,2048,51200,256,1,1,1,151.086,186.44,169.658,154.064,150.019,0.0007,145.823,0.0977,67.54,0.0397,300.037,0.1388,133.412
8,9544,4,2048,51200,256,1,1,1,137.66,73.498,45.398,137.999,101.879,0.0007,163.761,0.1036,63.78,0.0586,203.759,0.1636,113.375
8,9552,4,2048,51200,256,1,1,1,150.417,162.124,139.922,152.462,155.547,0.0007,129.819,0.1056,62.689,0.0384,311.093,0.1454,127.761
8,9560,4,2048,51200,256,1,1,1,119.527,75.429,45.095,107.188,119.926,0.0007,145.724,0.118,56.219,0.0499,239.851,0.1693,109.94
8,9568,4,2048,51200,256,1,1,1,151.148,185.852,169.953,176.625,149.724,0.0007,143.571,0.0978,67.923,0.0401,299.448,0.1392,133.887
8,9576,4,2048,51200,256,1,1,1,141.396,79.18,45.338,139.602,107.521,0.0007,146.213,0.1087,61.185,0.0559,215.042,0.166,112.483
8,9584,4,2048,51200,256,1,1,1,164.764,166.246,143.335,127.647,156.72,0.0007,143.846,0.0993,67.125,0.0384,313.44,0.139,134.505
8,9592,4,2048,51200,256,1,1,1,109.389,74.127,45.589,140.536,99.955,0.0007,131.045,0.1249,53.443,0.0603,199.91,0.1866,100.403
8,9600,4,2048,51200,256,1,1,1,157.841,197.553,182.593,187.754,147.996,0.0007,144.175,0.096,69.631,0.0408,295.992,0.1382,135.804
8,9608,4,2048,51200,256,1,1,1,100.482,73.599,45.727,110.729,138.395,0.0007,144.009,0.1262,53.042,0.0437,276.79,0.1713,109.718
8,9616,4,2048,51200,256,1,1,1,127.693,142.825,142.932,155.783,133.38,0.0007,143.462,0.1061,63.22,0.0454,266.76,0.1529,123.146
8,9624,4,2048,51200,256,1,1,1,142.022,78.583,45.691,161.234,104.539,0.0007,144.314,0.1086,61.849,0.0581,209.079,0.168,112.217
8,9632,4,2048,51200,256,1,1,1,142.153,187.044,176.01,188.388,151.285,0.0007,144.108,0.0998,67.413,0.0402,302.571,0.1413,133.622
8,9640,4,2048,51200,256,1,1,1,108.047,78.406,45.681,165.949,120.537,0.0007,144.532,0.1186,56.803,0.0505,241.073,0.1705,110.95
8,9648,4,2048,51200,256,1,1,1,148.137,157.556,145.454,154.996,133.01,0.0007,144.222,0.1011,66.729,0.0459,266.019,0.1484,127.722
8,9656,4,2048,51200,256,1,1,1,102.415,74.874,45.841,139.601,135.33,0.0007,151.641,0.1205,56.086,0.0452,270.66,0.167,113.628
8,9664,4,2048,51200,256,1,1,1,151.148,193.515,162.044,154.687,150.183,0.0007,168.591,0.092,73.558,0.0408,300.366,0.1342,141.706
8,9672,4,2048,51200,256,1,1,1,132.348,74.543,45.861,135.652,118.314,0.0007,145.009,0.1134,59.775,0.0518,236.628,0.1666,114.279
8,9680,4,2048,51200,256,1,1,1,134.273,157.906,138.816,127.523,134.226,0.0007,168.421,0.0989,68.626,0.0458,268.453,0.1461,130.561
8,9688,4,2048,51200,256,1,1,1,121.069,78.747,46.065,139.595,133.441,0.0007,165.009,0.1096,62.079,0.0461,266.882,0.157,121.65
8,9696,4,2048,51200,256,1,1,1,150.602,198.691,151.61,160.31,151.25,0.0007,144.516,0.1004,67.877,0.0407,302.501,0.1425,134.308
8,9704,4,2048,51200,256,1,1,1,131.831,80.168,46.66,107.611,139.023,0.0007,128.957,0.1236,55.194,0.0444,278.046,0.1694,113.144
8,9712,4,2048,51200,256,1,1,1,133.038,162.026,132.839,155.554,150.097,0.0007,137.598,0.1085,63.005,0.0412,300.194,0.151,127.116
8,9720,4,2048,51200,256,1,1,1,120.224,75.071,46.972,104.41,121.475,0.0007,144.452,0.1212,56.476,0.051,242.95,0.1735,110.799
8,9728,4,2048,51200,256,1,1,1,149.358,220.672,215.885,156.339,150.974,0.0007,131.431,0.1061,64.582,0.0411,301.949,0.1486,129.609
8,9736,4,2048,51200,256,1,1,1,129.188,75.952,47.157,111.19,142.485,0.0007,130.3,0.1239,55.394,0.0436,284.97,0.1689,114.193
8,9744,4,2048,51200,256,1,1,1,132.735,160.09,143.466,111.834,147.705,0.0007,148.52,0.1084,63.419,0.0421,295.41,0.1519,127.164
8,9752,4,2048,51200,256,1,1,1,139.398,79.792,47.388,105.952,133.643,0.0007,130.006,0.1222,56.372,0.0466,267.286,0.1702,113.711
8,9760,4,2048,51200,256,1,1,1,148.151,199.583,162.976,139.943,153.401,0.0007,142.404,0.1039,66.389,0.0407,306.801,0.146,132.781
8,9768,4,2048,51200,256,1,1,1,136.088,80.624,47.277,147.65,145.29,0.0007,150.107,0.1106,62.445,0.043,290.579,0.1551,125.212
8,9776,4,2048,51200,256,1,1,1,134.001,158.523,150.937,154.212,125.925,0.0007,143.541,0.1066,64.92,0.0497,251.851,0.1577,123.305
8,9784,4,2048,51200,256,1,1,1,139.541,75.378,47.511,104.724,143.071,0.0007,130.053,0.1231,56.311,0.0438,286.142,0.1683,115.727
8,9792,4,2048,51200,256,1,1,1,168.408,188.423,184.928,166.958,132.365,0.0007,142.202,0.0987,70.339,0.0475,264.729,0.1475,132.233
8,9800,4,2048,51200,256,1,1,1,119.722,74.717,47.64,139.038,107.876,0.0007,143.547,0.1193,58.262,0.0583,215.751,0.1791,109.13
8,9808,4,2048,51200,256,1,1,1,156.607,156.061,159.969,122.449,153.195,0.0007,144.438,0.1042,66.824,0.0412,306.39,0.1467,133.385
8,9816,4,2048,51200,256,1,1,1,137.136,80.362,47.57,137.673,139.645,0.0007,147.863,0.1127,61.869,0.0452,279.289,0.1593,123.04
8,9824,4,2048,51200,256,1,1,1,149.429,186.65,173.941,181.481,150.682,0.0007,143.902,0.1014,68.886,0.042,301.363,0.1447,135.644
8,9832,4,2048,51200,256,1,1,1,99.455,79.802,48.023,138.887,139.896,0.0007,144.031,0.1274,54.887,0.0453,279.793,0.1741,112.943
8,9840,4,2048,51200,256,1,1,1,161.995,158.452,148.824,154.489,111.729,0.0007,142.421,0.1019,68.748,0.0568,223.457,0.1601,123.04
8,9848,4,2048,51200,256,1,1,1,119.772,74.257,47.986,138.586,108.13,0.0007,144.595,0.1197,58.603,0.0588,216.261,0.1799,109.662
8,9856,4,2048,51200,256,1,1,1,143.921,191.137,197.275,170.875,174.665,0.0007,144.191,0.1032,68.074,0.0364,349.33,0.1411,140.086
8,9864,4,2048,51200,256,1,1,1,103.361,73.684,48.426,140.213,98.968,0.0007,142.144,0.1272,55.344,0.0644,197.937,0.193,102.549
8,9872,4,2048,51200,256,1,1,1,133.471,164.297,136.384,157.117,125.865,0.0007,144.708,0.1077,65.439,0.0507,251.73,0.1599,124.003
8,9880,4,2048,51200,256,1,1,1,97.614,79.606,48.291,143.374,143.037,0.0007,144.005,0.1289,54.778,0.0447,286.073,0.175,113.447
8,9888,4,2048,51200,256,1,1,1,139.696,198.181,162.513,181.119,136.215,0.0007,143.394,0.1048,67.469,0.047,272.43,0.1532,129.781
8,9896,4,2048,51200,256,1,1,1,119.985,79.758,47.963,106.336,120.089,0.0007,144.728,0.1237,57.275,0.0534,240.177,0.1785,111.595
8,9904,4,2048,51200,256,1,1,1,110.466,138.583,148.576,155.782,151.418,0.0007,144.345,0.1162,61.066,0.0425,302.836,0.16,124.689
8,9912,4,2048,51200,256,1,1,1,102.882,74.95,48.096,138.771,99.217,0.0007,142.135,0.1284,55.331,0.0649,198.434,0.1947,102.639
8,9920,4,2048,51200,256,1,1,1,149.27,183.164,188.611,225.389,152.318,0.0007,144.615,0.1007,70.667,0.0423,304.636,0.1444,138.588
8,9928,4,2048,51200,256,1,1,1,98.178,74.96,48.006,140.065,138.991,0.0007,146.847,0.129,55.251,0.0465,277.982,0.1768,113.353
8,9936,4,2048,51200,256,1,1,1,114.326,165.192,150.831,156.533,111.777,0.0007,143.756,0.115,62.066,0.0579,223.553,0.1743,115.213
8,9944,4,2048,51200,256,1,1,1,120.288,80.639,48.108,170.276,120.505,0.0007,145.652,0.1183,60.439,0.0538,241.01,0.1734,115.943
8,9952,4,2048,51200,256,1,1,1,140.111,183.844,166.421,179.142,140.347,0.0007,167.095,0.0976,73.357,0.0462,280.695,0.1452,138.687
8,9960,4,2048,51200,256,1,1,1,103.049,80.028,48.669,141.191,120.01,0.0007,143.181,0.1282,55.915,0.0542,240.02,0.1838,109.763
8,9968,4,2048,51200,256,1,1,1,134.185,164.537,147.157,180.027,134.685,0.0007,149.116,0.1058,67.857,0.0483,269.37,0.1556,129.887
8,9976,4,2048,51200,256,1,1,1,120.14,75.973,48.74,142.449,140.034,0.0007,145.309,0.121,59.422,0.0466,280.067,0.169,119.739
8,9984,4,2048,51200,256,1,1,1,141.024,202.202,216.816,180.504,151.844,0.0007,145.781,0.1044,68.963,0.043,303.689,0.1488,136.166
8,9992,4,2048,51200,256,1,1,1,147.249,75.963,48.99,138.687,122.171,0.0007,150.272,0.1122,64.318,0.0536,244.342,0.1671,121.474
8,10000,4,2048,51200,256,1,1,1,133.423,146.301,146.342,111.307,135.486,0.0007,165.656,0.1068,67.657,0.0484,270.972,0.1566,129.874
8,10008,4,2048,51200,256,1,1,1,123.44,79.7,48.771,140.835,121.157,0.0007,143.979,0.1209,59.828,0.0542,242.314,0.1765,115.366
8,10016,4,2048,51200,256,1,1,1,152.077,181.783,187.822,176.563,150.032,0.0007,144.691,0.1034,70.058,0.0438,300.064,0.1487,137.202
8,10024,4,2048,51200,256,1,1,1,120.515,80.305,48.995,141.001,121.659,0.0007,143.666,0.1222,59.373,0.0541,243.319,0.1778,114.917
8,10032,4,2048,51200,256,1,1,1,111.37,162.486,150.577,156.904,158.181,0.0007,144.775,0.1174,61.936,0.0417,316.362,0.1605,127.511
8,10040,4,2048,51200,256,1,1,1,103.198,75.451,49.212,139.628,98.556,0.0007,141.838,0.1305,55.773,0.067,197.112,0.199,102.997
8,10048,4,2048,51200,256,1,1,1,150.762,193.092,176.462,216.192,152.364,0.0007,144.762,0.1024,71.166,0.0434,304.729,0.1473,139.366
8,10056,4,2048,51200,256,1,1,1,99.383,74.934,49.175,138.675,145.184,0.0007,143.414,0.1321,55.258,0.0456,290.368,0.1792,114.718
8,10064,4,2048,51200,256,1,1,1,113.741,162.427,159.259,155.61,112.74,0.0007,141.463,0.1183,61.813,0.0589,225.481,0.1786,115.286
8,10072,4,2048,51200,256,1,1,1,119.466,79.724,49.154,169.283,107.909,0.0007,144.304,0.1212,60.42,0.0616,215.818,0.1842,111.928
8,10080,4,2048,51200,256,1,1,1,137.733,193.106,170.754,174.37,162.94,0.0007,166.845,0.1002,73.193,0.0409,325.881,0.1425,144.951
8,10088,4,2048,51200,256,1,1,1,102.372,79.029,49.581,141.026,98.498,0.0007,142.406,0.1312,55.986,0.0677,196.996,0.2003,103.254
8,10096,4,2048,51200,256,1,1,1,132.63,157.783,153.232,171.126,134.883,0.0007,144.875,0.1103,66.675,0.0495,269.766,0.1613,128.462
8,10104,4,2048,51200,256,1,1,1,99.145,73.326,49.941,138.636,139.953,0.0007,143.945,0.133,55.415,0.0478,279.906,0.1822,113.897
8,10112,4,2048,51200,256,1,1,1,149.186,190.337,178.43,179.53,147.503,0.0007,144.429,0.1054,69.993,0.0454,295.006,0.1523,136.495
8,10120,4,2048,51200,256,1,1,1,141.595,73.776,49.874,142.993,120.935,0.0007,145.064,0.1172,63.053,0.0555,241.87,0.1741,119.539
8,10128,4,2048,51200,256,1,1,1,111.618,144.367,140.416,157.631,113.246,0.0007,163.064,0.1127,65.675,0.0594,226.492,0.1735,120.174
8,10136,4,2048,51200,256,1,1,1,102.211,77.809,49.979,140.964,99.288,0.0007,142.865,0.132,56.145,0.0678,198.576,0.2013,103.745
8,10144,4,2048,51200,256,1,1,1,149.825,185.852,161.991,154.427,152.639,0.0007,147.76,0.1062,69.912,0.0442,305.279,0.1518,137.78
8,10152,4,2048,51200,256,1,1,1,120.233,78.589,50.016,141.343,132.479,0.0007,145.049,0.1239,59.995,0.051,264.958,0.1763,118.781
8,10160,4,2048,51200,256,1,1,1,114.869,148.72,156.136,154.745,115.439,0.0007,142.841,0.1192,62.452,0.0586,230.878,0.1792,117.029
8,10168,4,2048,51200,256,1,1,1,119.699,74.346,49.674,107.288,121.114,0.0007,145.15,0.1285,58.055,0.0559,242.228,0.1858,113.066
8,10176,4,2048,51200,256,1,1,1,135.35,199.753,165.258,180.493,139.266,0.0007,167.513,0.1017,73.416,0.0487,278.532,0.1519,138.556
8,10184,4,2048,51200,256,1,1,1,108.135,75.192,49.593,141.325,119.895,0.0007,142.945,0.1304,57.38,0.0567,239.789,0.1885,111.823
8,10192,4,2048,51200,256,1,1,1,159.2,157.807,140.458,161.909,133.859,0.0007,156.909,0.1017,73.684,0.0509,267.718,0.1539,137.118
8,10200,4,2048,51200,256,1,1,1,121.009,79.132,49.413,142.832,141.178,0.0007,159.882,0.119,63.069,0.0483,282.355,0.1687,125.336
8,10208,4,2048,51200,256,1,1,1,139.143,186.951,168.168,179.062,152.202,0.0007,145.902,0.1089,68.998,0.0449,304.405,0.1552,136.447
8,10216,4,2048,51200,256,1,1,1,140.709,80.335,50.161,140.964,122.264,0.0007,148.186,0.1175,64.035,0.0559,244.528,0.1749,121.261
8,10224,4,2048,51200,256,1,1,1,136.841,145.074,142.458,112.933,134.406,0.0007,161.021,0.1107,68.052,0.051,268.812,0.1631,130.196
8,10232,4,2048,51200,256,1,1,1,122.152,76.256,50.384,167.535,123.476,0.0007,144.814,0.123,61.388,0.0556,246.953,0.1799,118.217
8,10240,4,2048,51200,256,1,1,1,148.55,189.799,222.088,180.031,154.293,0.0007,144.477,0.1071,70.613,0.0445,308.586,0.153,139.257
8,10248,4,2048,51200,256,1,1,1,120.77,76.443,41.968,108.276,121.492,0.0007,155.101,0.1268,59.726,0.0567,242.984,0.1848,115.444
8,10256,4,2048,51200,256,1,1,1,134.136,158.29,130.153,113.997,134.882,0.0007,157.98,0.1129,67.132,0.0511,269.764,0.1655,129.152
8,10264,4,2048,51200,256,1,1,1,108.096,80.964,41.945,140.032,121.872,0.0007,155.783,0.128,59.337,0.0567,243.743,0.186,115.045
8,10272,4,2048,51200,256,1,1,1,150.18,200.381,159.199,135.286,149.57,0.0007,163.319,0.104,73.148,0.0462,299.14,0.1516,141.389
8,10280,4,2048,51200,256,1,1,1,120.501,80.885,41.839,103.256,121.278,0.0007,168.334,0.1236,61.609,0.0571,242.557,0.1821,117.866
8,10288,4,2048,51200,256,1,1,1,124.902,153.885,119.711,154.177,151.69,0.0007,142.84,0.1184,64.392,0.0457,303.38,0.1656,129.845
8,10296,4,2048,51200,256,1,1,1,120.679,76.024,42.105,103.839,136.016,0.0007,155.445,0.1282,59.574,0.0511,272.033,0.1807,119.164
8,10304,4,2048,51200,256,1,1,1,148.71,199.825,165.378,137.017,165.246,0.0007,129.255,0.1185,64.564,0.0421,330.493,0.162,133.126
8,10312,4,2048,51200,256,1,1,1,120.373,76.066,42.185,165.587,139.298,0.0007,144.099,0.1267,60.454,0.05,278.596,0.1782,121.228
8,10320,4,2048,51200,256,1,1,1,148.781,145.899,144.25,155.137,150.453,0.0007,174.59,0.1008,76.121,0.0464,300.905,0.1486,145.576
8,10328,4,2048,51200,256,1,1,1,140.459,78.465,42.116,102.217,142.239,0.0007,158.259,0.1218,63.077,0.0491,284.479,0.1724,125.685
8,10336,4,2048,51200,256,1,1,1,151.313,185.982,164.907,153.245,150.23,0.0007,144.916,0.1099,70.003,0.0466,300.46,0.1579,137.382
8,10344,4,2048,51200,256,1,1,1,137.138,80.166,42.264,138.25,138.34,0.0007,156.615,0.119,64.773,0.0507,276.68,0.1711,127.019
8,10352,4,2048,51200,256,1,1,1,151.904,165.03,136.543,112.881,159.676,0.0007,131.322,0.121,63.781,0.044,319.351,0.1664,130.793
8,10360,4,2048,51200,256,1,1,1,121.868,74.123,42.452,154.18,119.804,0.0007,143.92,0.128,60.405,0.0587,239.608,0.1881,115.89
8,10368,4,2048,51200,256,1,1,1,167.847,212.026,171.126,172.599,129.635,0.0007,163.111,0.0987,78.443,0.0543,259.269,0.1544,141.364
8,10376,4,2048,51200,256,1,1,1,137.787,73.1,42.219,139.065,137.847,0.0007,130.294,0.1309,59.22,0.0512,275.694,0.1835,119.145
8,10384,4,2048,51200,256,1,1,1,133.449,142.883,127.06,125.866,134.065,0.0007,146.062,0.1186,65.476,0.0527,268.13,0.1727,126.797
8,10392,4,2048,51200,256,1,1,1,139.329,80.022,42.227,137.716,139.767,0.0007,169.149,0.1151,67.55,0.0506,279.534,0.1671,131.199
8,10400,4,2048,51200,256,1,1,1,166.742,204.341,156.493,182.552,138.115,0.0007,144.527,0.1059,73.531,0.0513,276.231,0.1586,138.458
8,10408,4,2048,51200,256,1,1,1,147.196,80.166,41.879,106.864,120.251,0.0007,144.835,0.1258,62.006,0.059,240.502,0.1862,118.125
8,10416,4,2048,51200,256,1,1,1,125.001,151.683,133.967,156.249,112.779,0.0007,132.873,0.1247,62.619,0.063,225.558,0.1892,116.457
8,10424,4,2048,51200,256,1,1,1,138.927,74.433,41.77,138.517,140.475,0.0007,131.037,0.1311,59.654,0.0507,280.949,0.1832,120.423
8,10432,4,2048,51200,256,1,1,1,149.138,196.352,154.732,154.249,150.853,0.0007,146.812,0.1111,70.511,0.0473,301.706,0.1598,138.303
8,10440,4,2048,51200,256,1,1,1,108.365,74.198,41.055,141.496,99.388,0.0007,166.242,0.128,61.282,0.0719,198.776,0.2013,109.945
8,10448,4,2048,51200,256,1,1,1,133.391,150.928,138.279,152.192,114.907,0.0007,145.393,0.1171,67.072,0.0623,229.814,0.1808,122.592
8,10456,4,2048,51200,256,1,1,1,140.425,80.166,41.016,109.953,121.0,0.0007,145.464,0.1278,61.561,0.0592,241.999,0.1884,117.803
8,10464,4,2048,51200,256,1,1,1,152.263,181.091,149.06,177.88,136.861,0.0007,146.763,0.1095,71.923,0.0524,273.722,0.1634,136.062
8,10472,4,2048,51200,256,1,1,1,139.354,79.564,41.296,139.538,103.124,0.0007,146.387,0.1245,63.375,0.0697,206.247,0.1956,113.821
8,10480,4,2048,51200,256,1,1,1,149.938,161.248,129.814,129.876,155.484,0.0007,145.438,0.1152,68.589,0.0463,310.968,0.1629,136.87
8,10488,4,2048,51200,256,1,1,1,121.634,76.054,41.451,137.792,122.451,0.0007,146.716,0.1306,60.581,0.0589,244.903,0.1909,116.971
8,10496,4,2048,51200,256,1,1,1,152.817,217.765,208.582,182.3,138.032,0.0007,145.616,0.1091,72.629,0.0523,276.064,0.1628,137.35
8,10504,4,2048,51200,256,1,1,1,136.807,76.086,42.092,141.907,111.47,0.0007,145.493,0.1259,63.009,0.0649,222.94,0.1922,116.509
8,10512,4,2048,51200,256,1,1,1,153.164,155.604,140.438,128.409,157.327,0.0007,146.072,0.1147,69.284,0.046,314.654,0.1622,138.328
8,10520,4,2048,51200,256,1,1,1,109.089,79.841,42.242,139.951,98.51,0.0007,133.176,0.1419,56.103,0.0736,197.019,0.2169,103.566
8,10528,4,2048,51200,256,1,1,1,165.179,198.524,147.379,174.638,139.119,0.0007,146.409,0.1079,73.884,0.0522,278.239,0.1615,139.302
8,10536,4,2048,51200,256,1,1,1,141.213,79.559,42.369,108.153,138.956,0.0007,147.192,0.1283,62.22,0.0524,277.912,0.1821,123.758
8,10544,4,2048,51200,256,1,1,1,126.194,164.221,133.787,156.625,112.308,0.0007,135.859,0.1248,64.033,0.0649,224.617,0.1911,118.063
8,10552,4,2048,51200,256,1,1,1,139.55,75.825,42.17,138.369,105.647,0.0007,147.352,0.1255,63.767,0.0691,211.295,0.196,115.283
8,10560,4,2048,51200,256,1,1,1,173.943,208.383,159.513,153.145,150.519,0.0007,146.532,0.1078,74.356,0.0486,301.038,0.1578,143.443
8,10568,4,2048,51200,256,1,1,1,108.5,75.374,42.255,151.926,121.923,0.0007,145.736,0.1366,58.789,0.06,243.845,0.198,114.468
8,10576,4,2048,51200,256,1,1,1,151.713,157.067,138.639,193.056,133.858,0.0007,145.887,0.1114,72.198,0.0548,267.715,0.1675,135.488
8,10584,4,2048,51200,256,1,1,1,97.063,79.881,42.018,107.495,139.924,0.0007,145.665,0.1477,54.532,0.0525,279.849,0.2015,112.802
8,10592,4,2048,51200,256,1,1,1,150.407,194.391,143.365,179.513,149.269,0.0007,146.523,0.1119,72.09,0.0493,298.538,0.1625,140.092
8,10600,4,2048,51200,256,1,1,1,142.708,79.668,42.262,147.03,119.306,0.0007,146.568,0.1248,64.72,0.0617,238.611,0.1879,121.344
8,10608,4,2048,51200,256,1,1,1,149.855,168.363,141.558,153.212,147.756,0.0007,156.911,0.1103,73.326,0.0499,295.512,0.1616,141.298
8,10616,4,2048,51200,256,1,1,1,106.78,74.659,42.822,140.98,110.703,0.0007,133.163,0.1449,55.874,0.0667,221.406,0.2131,107.329
8,10624,4,2048,51200,256,1,1,1,179.181,195.397,185.459,191.282,149.385,0.0007,146.002,0.1054,76.933,0.0495,298.77,0.1564,146.49
8,10632,4,2048,51200,256,1,1,1,97.105,74.028,42.584,140.374,139.732,0.0007,145.528,0.1449,56.053,0.053,279.463,0.1993,115.072
8,10640,4,2048,51200,256,1,1,1,124.475,154.031,138.174,154.703,133.129,0.0007,148.439,0.1217,66.818,0.0557,266.258,0.1789,128.421
8,10648,4,2048,51200,256,1,1,1,138.692,79.902,42.54,138.06,102.758,0.0007,145.73,0.1278,63.733,0.0723,205.515,0.2015,114.153
8,10656,4,2048,51200,256,1,1,1,136.096,180.766,151.031,180.16,150.036,0.0007,146.005,0.1169,69.773,0.0496,300.071,0.1679,137.206
8,10664,4,2048,51200,256,1,1,1,107.998,79.694,42.355,127.644,120.988,0.0007,145.866,0.1406,58.089,0.0616,241.976,0.2036,113.304
8,10672,4,2048,51200,256,1,1,1,151.635,165.135,146.008,156.066,133.679,0.0007,146.306,0.1147,71.328,0.0558,267.358,0.1719,134.393
8,10680,4,2048,51200,256,1,1,1,97.05,75.025,42.399,140.213,142.034,0.0007,155.765,0.1418,57.754,0.0526,284.068,0.1959,118.134
8,10688,4,2048,51200,256,1,1,1,150.784,190.493,151.459,154.042,150.45,0.0007,165.478,0.1078,76.088,0.0498,300.901,0.159,145.764
8,10696,4,2048,51200,256,1,1,1,138.57,74.281,42.091,140.922,120.736,0.0007,146.139,0.1286,63.865,0.0621,241.472,0.1922,120.784
8,10704,4,2048,51200,256,1,1,1,110.46,146.843,131.113,159.793,125.079,0.0007,146.448,0.1292,63.663,0.06,250.157,0.1907,121.899
8,10712,4,2048,51200,256,1,1,1,120.809,79.176,41.995,108.408,121.085,0.0007,147.195,0.1382,59.627,0.0621,242.17,0.2017,115.409
8,10720,4,2048,51200,256,1,1,1,167.686,196.516,152.987,183.123,150.149,0.0007,167.298,0.1019,80.969,0.0502,300.297,0.1535,151.895
8,10728,4,2048,51200,256,1,1,1,119.708,78.93,42.184,140.391,107.892,0.0007,146.561,0.1352,61.12,0.0699,215.783,0.2065,113.052
8,10736,4,2048,51200,256,1,1,1,133.635,148.555,123.689,127.019,133.704,0.0007,170.437,0.1154,71.676,0.0565,267.409,0.1734,134.874
8,10744,4,2048,51200,256,1,1,1,102.46,72.791,42.355,147.736,120.092,0.0007,147.272,0.1428,58.01,0.063,240.184,0.2073,112.978
8,10752,4,2048,51200,256,1,1,1,125.081,205.651,203.287,174.364,140.384,0.0007,148.851,0.1204,68.911,0.054,280.768,0.1758,133.394
8,10760,4,2048,51200,256,1,1,1,120.2,72.088,42.752,104.248,119.613,0.0007,161.952,0.1347,61.678,0.0634,239.226,0.1996,117.664
8,10768,4,2048,51200,256,1,1,1,114.107,153.955,139.953,160.648,133.476,0.0007,162.189,0.1224,67.99,0.0569,266.952,0.1808,130.119
8,10776,4,2048,51200,256,1,1,1,121.677,76.225,42.687,135.498,107.36,0.0007,154.854,0.1325,62.875,0.0709,214.72,0.2049,114.977
8,10784,4,2048,51200,256,1,1,1,151.866,182.834,143.98,152.322,149.228,0.0007,169.143,0.1081,77.182,0.0511,298.457,0.1606,146.857
8,10792,4,2048,51200,256,1,1,1,102.697,76.583,42.655,146.125,122.245,0.0007,162.299,0.1378,60.646,0.0624,244.489,0.2017,117.137
8,10800,4,2048,51200,256,1,1,1,133.407,147.976,130.101,157.184,125.827,0.0007,143.984,0.1233,67.881,0.0608,251.655,0.1855,127.553
8,10808,4,2048,51200,256,1,1,1,121.26,74.986,42.508,106.599,120.863,0.0007,163.094,0.1343,62.421,0.0633,241.727,0.199,119.034
8,10816,4,2048,51200,256,1,1,1,139.765,190.973,182.631,177.099,171.938,0.0007,160.069,0.1125,74.579,0.0446,343.876,0.1585,149.649
8,10824,4,2048,51200,256,1,1,1,120.86,74.959,42.462,98.8,121.611,0.0007,143.323,0.1438,58.435,0.0631,243.223,0.2084,114.018
8,10832,4,2048,51200,256,1,1,1,134.078,157.152,132.279,124.981,144.274,0.0007,128.685,0.1341,62.778,0.0533,288.549,0.1888,126.04
8,10840,4,2048,51200,256,1,1,1,120.775,79.498,42.359,138.916,136.961,0.0007,164.407,0.1302,64.757,0.0562,273.921,0.1878,126.882
8,10848,4,2048,51200,256,1,1,1,157.346,193.099,147.416,136.863,152.094,0.0007,144.09,0.1184,71.311,0.0507,304.188,0.1705,139.978
8,10856,4,2048,51200,256,1,1,1,121.479,80.258,42.635,106.469,141.738,0.0007,162.656,0.1349,62.659,0.0545,283.477,0.1908,125.246
8,10864,4,2048,51200,256,1,1,1,133.048,151.819,128.289,152.743,150.009,0.0007,132.097,0.1305,64.861,0.0516,300.017,0.1835,130.438
8,10872,4,2048,51200,256,1,1,1,120.324,73.728,42.804,98.803,122.551,0.0007,145.405,0.1441,58.829,0.0632,245.101,0.2087,114.834
8,10880,4,2048,51200,256,1,1,1,150.065,201.261,187.509,148.611,150.81,0.0007,128.515,0.1266,67.045,0.0514,301.621,0.1795,133.75
8,10888,4,2048,51200,256,1,1,1,122.989,74.079,43.033,160.367,140.634,0.0007,130.916,0.1427,59.574,0.0552,281.268,0.1994,120.578
8,10896,4,2048,51200,256,1,1,1,132.326,161.688,126.41,108.752,134.068,0.0007,145.129,0.1301,65.416,0.058,268.136,0.1896,126.977
8,10904,4,2048,51200,256,1,1,1,140.722,80.138,43.047,122.131,120.415,0.0007,144.197,0.134,63.621,0.0647,240.83,0.2001,120.466
8,10912,4,2048,51200,256,1,1,1,152.238,186.885,150.321,154.2,152.98,0.0007,169.375,0.1095,77.928,0.051,305.96,0.162,149.056
8,10920,4,2048,51200,256,1,1,1,145.96,81.572,43.104,129.316,120.884,0.0007,145.066,0.1314,65.05,0.0646,241.768,0.1975,122.427
8,10928,4,2048,51200,256,1,1,1,110.221,168.209,142.015,144.501,152.221,0.0007,145.132,0.1347,63.537,0.0514,304.442,0.1876,129.087
8,10936,4,2048,51200,256,1,1,1,107.342,75.758,42.868,106.695,120.375,0.0007,144.839,0.1499,57.195,0.0651,240.751,0.2164,112.041
8,10944,4,2048,51200,256,1,1,1,165.13,190.096,184.681,176.485,147.822,0.0007,167.013,0.1057,81.241,0.0531,295.643,0.1602,151.591
8,10952,4,2048,51200,256,1,1,1,98.435,75.429,42.811,118.866,138.39,0.0007,157.602,0.1482,58.011,0.0568,276.779,0.2064,117.806
8,10960,4,2048,51200,256,1,1,1,125.908,154.821,132.542,125.976,134.164,0.0007,131.751,0.1374,62.626,0.0587,268.328,0.1976,123.269
8,10968,4,2048,51200,256,1,1,1,137.078,81.324,42.721,98.889,120.222,0.0007,148.644,0.1381,62.416,0.0656,240.444,0.2051,118.895
8,10976,4,2048,51200,256,1,1,1,150.569,194.157,162.444,186.624,149.602,0.0007,146.243,0.117,73.76,0.0528,299.205,0.1712,142.627
8,10984,4,2048,51200,256,1,1,1,136.784,80.729,42.892,111.781,128.549,0.0007,137.192,0.1414,61.15,0.0615,257.097,0.2043,119.713
8,10992,4,2048,51200,256,1,1,1,153.794,165.341,131.085,160.201,151.672,0.0007,159.608,0.1138,76.071,0.0522,303.344,0.1674,146.288
8,11000,4,2048,51200,256,1,1,1,121.384,75.499,43.115,120.758,107.628,0.0007,147.434,0.1414,61.28,0.0737,215.256,0.2166,113.258
8,11008,4,2048,51200,256,1,1,1,165.757,226.828,216.989,140.654,178.808,0.0007,148.834,0.1154,75.204,0.0444,357.615,0.1613,152.318
8,11016,4,2048,51200,256,1,1,1,102.375,76.103,43.521,118.822,142.005,0.0007,144.831,0.1522,57.129,0.056,284.011,0.2096,117.358
8,11024,4,2048,51200,256,1,1,1,134.766,157.777,138.628,154.732,125.368,0.0007,145.459,0.1258,69.202,0.0635,250.737,0.1907,129.142
8,11032,4,2048,51200,256,1,1,1,140.375,79.984,43.422,102.836,141.16,0.0007,144.292,0.1393,62.576,0.0565,282.32,0.1972,125.068
8,11040,4,2048,51200,256,1,1,1,176.268,193.107,165.559,178.378,136.181,0.0007,142.61,0.1143,76.381,0.0587,272.362,0.1744,141.679
8,11048,4,2048,51200,256,1,1,1,120.11,79.631,43.449,119.918,107.444,0.0007,144.556,0.1439,60.73,0.0745,214.888,0.2198,112.544
8,11056,4,2048,51200,256,1,1,1,111.405,161.638,140.258,154.149,153.116,0.0007,146.427,0.1352,64.739,0.0523,306.232,0.189,131.114
8,11064,4,2048,51200,256,1,1,1,102.439,73.603,43.556,119.208,142.328,0.0007,154.578,0.1492,58.758,0.0564,284.655,0.207,119.867
8,11072,4,2048,51200,256,1,1,1,150.008,188.074,160.501,178.645,150.667,0.0007,144.828,0.1198,73.245,0.0533,301.334,0.1746,142.309
8,11080,4,2048,51200,256,1,1,1,97.113,74.614,43.682,125.266,136.554,0.0007,143.785,0.1563,56.222,0.0589,273.108,0.2167,114.82
8,11088,4,2048,51200,256,1,1,1,152.098,159.843,137.365,149.657,156.086,0.0007,142.956,0.1233,71.387,0.0516,312.172,0.1763,141.287
8,11096,4,2048,51200,256,1,1,1,119.706,75.844,43.493,119.968,107.309,0.0007,148.122,0.1437,61.342,0.0752,214.617,0.2203,113.255
8,11104,4,2048,51200,256,1,1,1,167.444,190.805,151.287,189.537,169.33,0.0007,147.797,0.1143,77.221,0.0477,338.661,0.1634,152.875
8,11112,4,2048,51200,256,1,1,1,102.548,79.574,43.715,120.199,142.144,0.0007,142.897,0.1545,57.218,0.0569,284.288,0.2128,117.568
8,11120,4,2048,51200,256,1,1,1,133.794,149.35,130.544,152.991,125.882,0.0007,144.283,0.1287,68.777,0.0644,251.765,0.1945,128.835
8,11128,4,2048,51200,256,1,1,1,143.82,74.918,43.737,104.361,132.639,0.0007,145.563,0.1394,63.569,0.0612,265.277,0.202,124.2
8,11136,4,2048,51200,256,1,1,1,138.801,208.731,189.146,173.101,137.856,0.0007,142.956,0.1248,71.131,0.059,275.712,0.1851,135.722
8,11144,4,2048,51200,256,1,1,1,121.373,73.993,43.809,153.639,109.025,0.0007,145.034,0.1416,62.768,0.0747,218.051,0.2177,115.605
8,11152,4,2048,51200,256,1,1,1,111.889,159.668,138.346,151.539,151.498,0.0007,146.761,0.1369,65.017,0.0538,302.996,0.1921,131.175
8,11160,4,2048,51200,256,1,1,1,102.656,79.65,43.797,120.164,140.257,0.0007,143.661,0.155,57.48,0.0582,280.513,0.2147,117.553
8,11168,4,2048,51200,256,1,1,1,150.442,196.997,152.272,179.272,150.893,0.0007,146.109,0.1206,73.973,0.0542,301.787,0.1762,143.396
8,11176,4,2048,51200,256,1,1,1,98.674,80.571,43.653,120.479,140.174,0.0007,144.439,0.1574,56.787,0.0584,280.347,0.2172,116.518
8,11184,4,2048,51200,256,1,1,1,116.856,151.598,140.737,145.019,111.415,0.0007,143.504,0.1373,65.188,0.0736,222.83,0.2123,119.384
8,11192,4,2048,51200,256,1,1,1,119.955,75.158,43.631,161.347,107.596,0.0007,144.859,0.1425,62.896,0.0763,215.191,0.2202,115.249
8,11200,4,2048,51200,256,1,1,1,133.495,189.168,169.436,171.258,137.408,0.0007,173.049,0.1167,76.895,0.0598,274.817,0.1779,142.821
8,11208,4,2048,51200,256,1,1,1,101.444,75.124,43.484,119.864,98.699,0.0007,143.643,0.1571,57.175,0.0834,197.398,0.242,105.166
8,11216,4,2048,51200,256,1,1,1,133.423,145.862,129.254,124.878,133.472,0.0007,150.468,0.1309,68.748,0.0618,266.944,0.1941,131.318
8,11224,4,2048,51200,256,1,1,1,98.125,77.955,43.638,120.074,138.878,0.0007,145.561,0.1584,56.863,0.0594,277.756,0.2193,116.361
8,11232,4,2048,51200,256,1,1,1,137.708,190.391,144.755,177.232,135.096,0.0007,145.156,0.1262,71.495,0.0612,270.192,0.1888,135.353
8,11240,4,2048,51200,256,1,1,1,137.043,79.866,43.942,105.64,120.202,0.0007,144.891,0.1433,63.048,0.0689,240.405,0.2136,119.81
8,11248,4,2048,51200,256,1,1,1,110.782,155.902,143.554,142.726,151.539,0.0007,156.952,0.1358,66.603,0.0547,303.079,0.192,133.503
8,11256,4,2048,51200,256,1,1,1,101.908,75.924,44.08,121.255,97.8,0.0007,143.722,0.1575,57.527,0.0849,195.601,0.2438,105.267
8,11264,4,2048,51200,256,1,1,1,150.101,215.512,195.153,154.345,151.226,0.0007,145.769,0.1235,73.433,0.055,302.451,0.1799,142.826
8,11272,4,2048,51200,256,1,1,1,120.243,76.548,44.261,119.085,110.32,0.0007,143.12,0.149,60.973,0.0755,220.64,0.2259,113.93
8,11280,4,2048,51200,256,1,1,1,132.668,163.003,140.998,143.487,133.629,0.0007,150.128,0.1297,70.126,0.0624,267.258,0.1935,133.161
8,11288,4,2048,51200,256,1,1,1,114.069,80.231,44.462,118.499,134.564,0.0007,141.484,0.1527,59.651,0.0621,269.128,0.2162,119.381
8,11296,4,2048,51200,256,1,1,1,150.02,192.456,172.393,183.141,149.151,0.0007,143.322,0.1235,73.847,0.0561,298.301,0.181,142.784
8,11304,4,2048,51200,256,1,1,1,96.725,79.323,44.639,118.046,144.814,0.0007,146.13,0.1608,56.783,0.0578,289.629,0.2201,117.584
8,11312,4,2048,51200,256,1,1,1,112.092,154.976,145.589,137.518,110.753,0.0007,140.943,0.1437,63.624,0.0757,221.506,0.2209,117.325
8,11320,4,2048,51200,256,1,1,1,119.754,75.816,44.529,118.397,107.42,0.0007,145.565,0.1491,61.418,0.0782,214.84,0.2287,113.467
8,11328,4,2048,51200,256,1,1,1,135.373,211.8,169.508,168.392,162.898,0.0007,141.758,0.1301,70.458,0.0516,325.795,0.1832,141.853
8,11336,4,2048,51200,256,1,1,1,101.793,75.382,44.57,118.633,139.676,0.0007,141.016,0.1608,57.1,0.0603,279.352,0.2226,116.941
8,11344,4,2048,51200,256,1,1,1,132.93,160.24,132.565,149.034,124.622,0.0007,143.23,0.1334,68.919,0.0677,249.244,0.2025,128.679
8,11352,4,2048,51200,256,1,1,1,96.098,79.53,44.328,111.116,136.606,0.0007,141.615,0.1655,55.619,0.0618,273.212,0.2288,114.057
8,11360,4,2048,51200,256,1,1,1,138.195,205.155,179.354,179.389,135.153,0.0007,148.831,0.1257,73.349,0.0626,270.306,0.1897,137.756
8,11368,4,2048,51200,256,1,1,1,138.028,79.869,44.647,123.168,120.668,0.0007,156.156,0.1376,67.095,0.0702,241.336,0.2092,125.079
8,11376,4,2048,51200,256,1,1,1,133.203,150.671,135.187,109.173,132.762,0.0007,148.55,0.1368,67.592,0.0639,265.524,0.2021,129.673
8,11384,4,2048,51200,256,1,1,1,121.052,74.375,44.574,105.758,121.729,0.0007,155.094,0.148,62.558,0.0698,243.458,0.2192,119.722
8,11392,4,2048,51200,256,1,1,1,150.622,193.041,172.733,175.103,151.918,0.0007,143.027,0.1255,73.861,0.056,303.836,0.1829,143.664
8,11400,4,2048,51200,256,1,1,1,137.274,74.941,44.869,133.467,139.556,0.0007,161.355,0.1354,68.562,0.061,279.111,0.1979,132.999
8,11408,4,2048,51200,256,1,1,1,154.063,166.528,145.37,113.204,154.223,0.0007,128.577,0.1397,66.525,0.0553,308.445,0.1965,134.132
8,11416,4,2048,51200,256,1,1,1,121.557,79.512,44.762,155.497,136.908,0.0007,142.238,0.1471,63.257,0.0624,273.817,0.211,125.083
8,11424,4,2048,51200,256,1,1,1,149.555,194.716,153.35,182.614,164.744,0.0007,135.758,0.1297,71.878,0.0519,329.488,0.183,144.384
8,11432,4,2048,51200,256,1,1,1,129.358,80.897,44.738,118.943,136.666,0.0007,128.599,0.1555,59.995,0.0627,273.332,0.2197,120.461
8,11440,4,2048,51200,256,1,1,1,133.651,148.297,141.126,125.02,134.466,0.0007,143.885,0.1373,68.067,0.0638,268.933,0.2025,130.843
8,11448,4,2048,51200,256,1,1,1,107.687,75.182,44.714,119.942,143.721,0.0007,164.921,0.1497,62.527,0.0598,287.442,0.2109,125.839
8,11456,4,2048,51200,256,1,1,1,149.221,189.741,170.996,184.523,138.741,0.0007,144.61,0.1256,74.594,0.062,277.482,0.189,140.556
8,11464,4,2048,51200,256,1,1,1,132.866,74.658,44.626,105.67,120.223,0.0007,144.477,0.1493,62.829,0.0716,240.445,0.2224,119.627
8,11472,4,2048,51200,256,1,1,1,124.374,150.112,154.722,135.816,110.586,0.0007,131.691,0.146,64.342,0.078,221.173,0.2255,118.182
8,11480,4,2048,51200,256,1,1,1,128.094,78.452,44.667,119.742,141.729,0.0007,128.47,0.1571,59.883,0.0609,283.458,0.2195,121.559
8,11488,4,2048,51200,256,1,1,1,149.01,194.009,149.02,153.607,147.862,0.0007,144.319,0.129,73.047,0.0585,295.723,0.1889,141.441
8,11496,4,2048,51200,256,1,1,1,106.79,77.772,44.965,119.476,135.52,0.0007,162.061,0.152,62.059,0.0639,271.039,0.2174,123.089
8,11504,4,2048,51200,256,1,1,1,133.206,158.222,145.143,134.55,150.886,0.0007,129.025,0.1448,65.211,0.0575,301.772,0.2038,131.475
8,11512,4,2048,51200,256,1,1,1,120.814,73.966,45.022,105.539,120.04,0.0007,142.116,0.1562,60.532,0.0724,240.08,0.2301,116.617
8,11520,4,2048,51200,256,1,1,1,157.546,222.041,216.054,147.962,131.33,0.0007,132.634,0.1325,71.481,0.0662,262.659,0.2002,134.219
8,11528,4,2048,51200,256,1,1,1,117.881,72.406,45.298,124.443,134.312,0.0007,129.875,0.1612,58.81,0.0648,268.624,0.2276,118.221
8,11536,4,2048,51200,256,1,1,1,133.624,159.079,145.071,122.911,133.442,0.0007,142.548,0.1397,67.982,0.0654,266.883,0.2065,130.457
8,11544,4,2048,51200,256,1,1,1,142.279,78.69,45.24,118.069,139.166,0.0007,165.125,0.1367,69.576,0.0628,278.331,0.2009,134.287
8,11552,4,2048,51200,256,1,1,1,171.83,203.326,166.007,173.174,138.382,0.0007,144.337,0.1222,77.927,0.0632,276.764,0.1868,144.58
8,11560,4,2048,51200,256,1,1,1,139.828,80.649,44.861,105.862,121.489,0.0007,142.786,0.149,63.972,0.0721,242.978,0.2226,121.527
8,11568,4,2048,51200,256,1,1,1,125.473,167.304,138.878,134.578,111.978,0.0007,131.38,0.1477,64.637,0.0783,223.955,0.2275,119.078
8,11576,4,2048,51200,256,1,1,1,140.634,75.294,45.12,118.723,140.432,0.0007,128.337,0.1548,61.766,0.0625,280.865,0.2188,123.986
8,11584,4,2048,51200,256,1,1,1,150.33,200.391,170.528,152.255,150.0,0.0007,143.902,0.1301,73.593,0.0586,300.0,0.1901,142.84
8,11592,4,2048,51200,256,1,1,1,108.096,75.971,45.167,119.371,135.026,0.0007,166.46,0.1517,63.182,0.0652,270.052,0.2184,124.541
8,11600,4,2048,51200,256,1,1,1,132.257,165.304,147.026,132.47,152.398,0.0007,129.036,0.1471,65.257,0.0579,304.797,0.2064,131.952
8,11608,4,2048,51200,256,1,1,1,115.008,79.708,44.86,98.939,115.464,0.0007,141.64,0.1622,59.239,0.0765,230.927,0.2402,113.552
8,11616,4,2048,51200,256,1,1,1,149.199,208.174,158.525,172.522,134.745,0.0007,131.692,0.1356,70.967,0.0656,269.489,0.2027,134.74
8,11624,4,2048,51200,256,1,1,1,139.724,78.351,45.285,119.368,120.925,0.0007,144.795,0.147,65.54,0.0732,241.85,0.2217,123.341
8,11632,4,2048,51200,256,1,1,1,133.343,154.251,155.788,113.42,135.935,0.0007,145.964,0.1413,68.277,0.0652,271.869,0.208,131.644
8,11640,4,2048,51200,256,1,1,1,139.923,74.267,45.538,121.77,120.527,0.0007,150.799,0.1444,66.896,0.0737,241.055,0.2195,124.89
8,11648,4,2048,51200,256,1,1,1,150.136,188.528,180.338,133.257,147.495,0.0007,163.086,0.1253,77.23,0.0603,294.99,0.187,146.835
8,11656,4,2048,51200,256,1,1,1,119.779,73.76,45.672,102.425,120.358,0.0007,143.872,0.1593,60.8,0.074,240.716,0.2348,117.115
8,11664,4,2048,51200,256,1,1,1,156.679,163.9,145.889,133.56,134.044,0.0007,143.486,0.1326,73.127,0.0665,268.089,0.2006,137.236
8,11672,4,2048,51200,256,1,1,1,120.493,79.247,45.483,99.436,120.351,0.0007,160.622,0.1525,63.669,0.0742,240.701,0.2282,120.816
8,11680,4,2048,51200,256,1,1,1,150.394,193.68,165.131,138.627,149.797,0.0007,165.025,0.1245,78.121,0.0597,299.594,0.1856,148.72
8,11688,4,2048,51200,256,1,1,1,106.442,79.273,45.707,119.001,119.992,0.0007,143.608,0.1637,59.485,0.0746,239.984,0.2398,115.287
8,11696,4,2048,51200,256,1,1,1,132.874,164.702,132.421,112.637,134.205,0.0007,151.571,0.1406,69.356,0.0668,268.409,0.2088,132.539
8,11704,4,2048,51200,256,1,1,1,120.271,75.388,45.612,102.598,121.541,0.0007,165.566,0.151,64.665,0.0739,243.082,0.2263,122.476
8,11712,4,2048,51200,256,1,1,1,150.473,183.434,162.958,181.941,152.466,0.0007,142.953,0.1304,74.943,0.059,304.932,0.1909,145.42
8,11720,4,2048,51200,256,1,1,1,142.077,75.449,45.51,108.854,139.703,0.0007,150.041,0.1476,66.33,0.0644,279.405,0.2135,130.186
8,11728,4,2048,51200,256,1,1,1,148.613,165.086,144.964,114.304,152.969,0.0007,130.323,0.1458,67.226,0.0589,305.939,0.2062,134.971
8,11736,4,2048,51200,256,1,1,1,120.537,78.607,45.328,136.654,140.054,0.0007,143.868,0.1548,63.397,0.0645,280.107,0.2207,126.254
8,11744,4,2048,51200,256,1,1,1,151.024,196.945,179.773,180.564,167.785,0.0007,167.952,0.1203,81.719,0.0539,335.569,0.1756,158.922
8,11752,4,2048,51200,256,1,1,1,139.1,80.329,45.957,126.066,140.574,0.0007,129.883,0.1561,63.018,0.0644,281.148,0.222,125.866
8,11760,4,2048,51200,256,1,1,1,133.44,157.961,151.676,127.127,134.127,0.0007,145.216,0.1418,69.484,0.0676,268.254,0.2108,132.706
8,11768,4,2048,51200,256,1,1,1,142.746,76.383,46.134,120.546,141.232,0.0007,163.264,0.1407,70.117,0.0643,282.463,0.2064,135.721
8,11776,4,2048,51200,256,1,1,1,166.095,225.473,216.404,184.079,139.398,0.0007,131.032,0.1323,74.64,0.0652,278.797,0.199,140.978
8,11784,4,2048,51200,256,1,1,1,120.802,76.989,46.244,106.665,121.57,0.0007,142.007,0.1611,61.388,0.0749,243.139,0.2375,118.307
8,11792,4,2048,51200,256,1,1,1,125.217,161.336,158.457,133.979,151.157,0.0007,159.288,0.1386,71.44,0.0603,302.313,0.2004,140.375
8,11800,4,2048,51200,256,1,1,1,120.75,80.381,46.269,144.578,140.678,0.0007,129.49,0.1624,61.072,0.0649,281.355,0.2287,123.153
8,11808,4,2048,51200,256,1,1,1,151.737,197.261,154.418,151.024,149.977,0.0007,145.893,0.1328,74.797,0.0609,299.955,0.1951,144.534
8,11816,4,2048,51200,256,1,1,1,108.081,81.969,46.424,118.821,137.413,0.0007,166.48,0.1557,63.875,0.0666,274.827,0.2237,126.241
8,11824,4,2048,51200,256,1,1,1,150.408,165.709,151.163,133.9,154.167,0.0007,127.563,0.1456,68.393,0.0594,308.334,0.2065,136.973
8,11832,4,2048,51200,256,1,1,1,121.237,76.298,46.398,107.556,121.431,0.0007,142.497,0.1615,61.728,0.0756,242.862,0.2385,118.724
8,11840,4,2048,51200,256,1,1,1,150.316,186.806,183.737,166.683,136.835,0.0007,130.082,0.1403,71.166,0.0671,273.671,0.2089,135.766
8,11848,4,2048,51200,256,1,1,1,139.894,76.182,46.286,120.052,102.564,0.0007,144.196,0.1512,66.098,0.0897,205.129,0.2424,117.147
8,11856,4,2048,51200,256,1,1,1,156.897,175.468,144.49,127.002,133.942,0.0007,145.685,0.1355,73.881,0.0688,267.883,0.2057,138.22
8,11864,4,2048,51200,256,1,1,1,108.433,79.457,46.769,118.993,140.094,0.0007,136.65,0.1695,59.107,0.0658,280.188,0.2369,120.199
8,11872,4,2048,51200,256,1,1,1,167.83,189.803,181.098,165.479,145.925,0.0007,144.036,0.1287,77.978,0.0633,291.85,0.1934,147.375
8,11880,4,2048,51200,256,1,1,1,141.172,79.086,46.596,107.953,137.017,0.0007,143.401,0.1536,65.387,0.0675,274.034,0.2226,128.22
8,11888,4,2048,51200,256,1,1,1,125.986,152.446,135.612,134.829,111.739,0.0007,131.586,0.1537,65.47,0.0829,223.477,0.238,120.094
8,11896,4,2048,51200,256,1,1,1,139.124,73.153,46.904,118.597,102.326,0.0007,143.599,0.153,65.832,0.0906,204.651,0.2451,116.767
8,11904,4,2048,51200,256,1,1,1,166.264,217.395,196.633,151.701,149.986,0.0007,144.766,0.13,77.556,0.0619,299.971,0.1934,148.168
8,11912,4,2048,51200,256,1,1,1,106.377,73.475,47.06,119.451,115.638,0.0007,131.005,0.1752,57.629,0.0804,231.276,0.2571,111.608
8,11920,4,2048,51200,256,1,1,1,140.49,167.357,149.385,132.785,113.538,0.0007,146.134,0.1407,71.849,0.082,227.077,0.2242,128.158
8,11928,4,2048,51200,256,1,1,1,139.159,78.972,46.836,106.139,120.496,0.0007,144.577,0.155,65.305,0.0774,240.992,0.2339,123.02
8,11936,4,2048,51200,256,1,1,1,149.344,181.067,163.707,172.936,149.838,0.0007,144.281,0.1344,75.407,0.0623,299.676,0.1982,145.355
8,11944,4,2048,51200,256,1,1,1,137.718,77.893,46.899,148.638,120.119,0.0007,144.404,0.1497,67.801,0.0778,240.238,0.229,125.968
8,11952,4,2048,51200,256,1,1,1,133.464,152.455,132.096,112.586,134.225,0.0007,165.41,0.1397,72.767,0.0697,268.449,0.2109,136.976
8,11960,4,2048,51200,256,1,1,1,106.389,74.415,46.741,119.511,120.69,0.0007,141.914,0.1704,59.734,0.0777,241.379,0.2495,115.927
8,11968,4,2048,51200,256,1,1,1,150.057,187.626,179.687,135.68,149.768,0.0007,157.168,0.1325,76.926,0.0627,299.536,0.1966,147.318
8,11976,4,2048,51200,256,1,1,1,138.53,74.589,46.557,103.042,120.047,0.0007,163.307,0.1492,68.372,0.0783,240.095,0.229,126.645
8,11984,4,2048,51200,256,1,1,1,124.887,149.171,133.441,133.615,148.503,0.0007,142.775,0.1503,67.994,0.0634,297.006,0.2151,135.007
8,11992,4,2048,51200,256,1,1,1,138.908,80.011,46.648,98.627,120.121,0.0007,166.14,0.149,68.663,0.0785,240.242,0.2289,127.028
8,12000,4,2048,51200,256,1,1,1,150.104,200.07,185.431,140.472,171.862,0.0007,128.767,0.1463,70.007,0.0549,343.724,0.2027,143.657
8,12008,4,2048,51200,256,1,1,1,122.045,78.304,46.966,106.382,119.959,0.0007,142.524,0.1647,62.276,0.0788,239.918,0.2449,119.035
8,12016,4,2048,51200,256,1,1,1,153.385,160.383,155.681,136.708,152.905,0.0007,155.762,0.1334,76.984,0.0619,305.81,0.1967,148.385
8,12024,4,2048,51200,256,1,1,1,139.247,75.268,47.212,121.487,132.824,0.0007,129.763,0.1622,63.403,0.0713,265.647,0.235,124.403
8,12032,4,2048,51200,256,1,1,1,151.701,202.959,209.393,153.688,149.806,0.0007,144.45,0.1361,75.627,0.0633,299.611,0.2009,145.674
8,12040,4,2048,51200,256,1,1,1,106.176,76.203,47.448,118.44,137.737,0.0007,163.223,0.1629,63.297,0.069,275.474,0.2333,125.623
8,12048,4,2048,51200,256,1,1,1,151.89,166.952,147.223,135.341,150.744,0.0007,129.423,0.1478,69.833,0.0631,301.489,0.2124,138.184
8,12056,4,2048,51200,256,1,1,1,120.091,78.484,47.39,105.371,120.514,0.0007,140.939,0.1675,61.685,0.079,241.028,0.248,118.467
8,12064,4,2048,51200,256,1,1,1,149.973,197.402,186.709,165.674,135.928,0.0007,130.946,0.1436,72.062,0.0702,271.855,0.2152,136.707
8,12072,4,2048,51200,256,1,1,1,127.527,78.318,47.292,118.067,101.763,0.0007,128.295,0.1691,61.284,0.0939,203.527,0.2644,111.435
8,12080,4,2048,51200,256,1,1,1,133.485,141.544,146.547,123.096,133.206,0.0007,144.661,0.1488,69.702,0.0718,266.412,0.2221,132.828
8,12088,4,2048,51200,256,1,1,1,105.956,75.92,47.806,118.059,141.998,0.0007,134.401,0.1773,58.574,0.0674,283.996,0.2463,119.957
8,12096,4,2048,51200,256,1,1,1,146.422,194.608,171.539,128.66,145.604,0.0007,143.69,0.1428,72.825,0.0659,291.208,0.2101,140.757
8,12104,4,2048,51200,256,1,1,1,137.802,75.495,47.447,104.49,136.799,0.0007,129.266,0.1677,62.091,0.0702,273.597,0.2394,123.724
8,12112,4,2048,51200,256,1,1,1,134.105,150.871,145.546,164.911,151.432,0.0007,131.402,0.1512,68.984,0.0635,302.864,0.2161,137.227
8,12120,4,2048,51200,256,1,1,1,119.201,80.593,47.273,99.458,119.994,0.0007,144.599,0.1687,61.875,0.0802,239.989,0.2504,118.571
8,12128,4,2048,51200,256,1,1,1,149.181,201.014,177.452,151.289,149.474,0.0007,142.681,0.14,74.661,0.0645,298.949,0.206,144.355
8,12136,4,2048,51200,256,1,1,1,120.023,80.182,47.462,102.809,139.166,0.0007,130.878,0.1752,59.731,0.0694,278.332,0.2461,120.991
8,12144,4,2048,51200,256,1,1,1,133.769,162.376,157.277,111.608,134.382,0.0007,153.888,0.1471,71.226,0.0719,268.764,0.2205,135.178
8,12152,4,2048,51200,256,1,1,1,139.623,75.182,47.843,133.779,140.169,0.0007,130.37,0.1622,64.69,0.069,280.337,0.2327,128.259
8,12160,4,2048,51200,256,1,1,1,150.446,200.711,192.936,140.648,150.42,0.0007,144.471,0.1403,74.893,0.0644,300.839,0.2062,144.961
8,12168,4,2048,51200,256,1,1,1,138.939,74.777,47.996,121.428,137.085,0.0007,149.064,0.1548,67.958,0.0708,274.169,0.2271,131.8
8,12176,4,2048,51200,256,1,1,1,133.612,164.63,147.498,133.555,125.758,0.0007,146.651,0.1476,71.351,0.0773,251.516,0.2264,132.379
8,12184,4,2048,51200,256,1,1,1,139.942,79.715,47.824,102.976,132.621,0.0007,131.083,0.1674,62.999,0.0734,265.242,0.2422,123.86
8,12192,4,2048,51200,256,1,1,1,172.909,198.459,178.289,162.723,165.139,0.0007,144.167,0.1325,79.685,0.059,330.278,0.193,155.682
8,12200,4,2048,51200,256,1,1,1,120.694,80.29,47.842,119.924,108.215,0.0007,145.449,0.165,64.093,0.0901,216.431,0.2566,117.24
8,12208,4,2048,51200,256,1,1,1,111.196,168.812,151.666,147.778,147.24,0.0007,144.681,0.1583,66.871,0.0663,294.48,0.2261,133.208
8,12216,4,2048,51200,256,1,1,1,102.935,75.983,47.908,119.978,139.062,0.0007,144.984,0.1763,60.134,0.0703,278.124,0.2481,121.576
8,12224,4,2048,51200,256,1,1,1,149.591,194.452,169.66,168.622,150.099,0.0007,145.409,0.1387,76.539,0.0652,300.198,0.2054,147.041
8,12232,4,2048,51200,256,1,1,1,120.593,75.878,47.729,108.015,120.605,0.0007,145.589,0.1682,63.19,0.0813,241.211,0.2509,120.495
8,12240,4,2048,51200,256,1,1,1,150.953,160.302,153.08,133.634,133.852,0.0007,164.324,0.1349,78.884,0.0734,267.704,0.2097,144.375
8,12248,4,2048,51200,256,1,1,1,120.119,78.5,47.823,119.755,138.076,0.0007,144.702,0.1667,63.891,0.0712,276.151,0.2394,126.62
8,12256,4,2048,51200,256,1,1,1,151.671,189.22,158.982,152.409,149.343,0.0007,160.949,0.1335,79.921,0.0659,298.685,0.2009,151.131
8,12264,4,2048,51200,256,1,1,1,108.494,78.407,48.5,140.8,121.462,0.0007,147.895,0.1689,63.219,0.0812,242.924,0.2516,120.817
8,12272,4,2048,51200,256,1,1,1,134.558,152.195,134.232,112.059,135.255,0.0007,146.039,0.1533,69.756,0.073,270.511,0.2277,133.629
8,12280,4,2048,51200,256,1,1,1,137.356,76.614,48.566,109.558,141.073,0.0007,130.451,0.1693,63.226,0.0701,282.145,0.2409,126.505
8,12288,4,2048,51200,256,1,1,1,150.59,207.838,211.323,140.365,149.589,0.0007,132.136,0.1489,72.018,0.0662,299.177,0.2165,140.95
8,12296,4,2048,51200,256,1,1,1,136.961,76.448,40.183,100.68,121.612,0.0008,144.198,0.1661,64.638,0.0815,243.224,0.249,122.671
8,12304,4,2048,51200,256,1,1,1,153.152,168.319,136.971,157.536,127.097,0.0008,143.978,0.1415,75.959,0.0781,254.193,0.221,138.384
8,12312,4,2048,51200,256,1,1,1,143.873,80.258,39.76,110.668,137.267,0.0008,141.223,0.1629,66.056,0.0724,274.535,0.2368,129.355
8,12320,4,2048,51200,256,1,1,1,166.29,204.633,162.063,181.952,166.293,0.0008,144.037,0.1349,79.894,0.0598,332.585,0.1962,156.314
8,12328,4,2048,51200,256,1,1,1,120.347,80.106,40.474,119.075,107.873,0.0008,144.927,0.1697,63.559,0.0923,215.747,0.2636,116.503
8,12336,4,2048,51200,256,1,1,1,158.094,169.426,141.543,111.272,159.361,0.0008,148.156,0.1449,74.523,0.0626,318.723,0.209,147.082
8,12344,4,2048,51200,256,1,1,1,137.994,76.098,39.825,121.843,137.093,0.0008,153.388,0.1581,68.396,0.0728,274.186,0.2325,132.42
8,12352,4,2048,51200,256,1,1,1,151.609,188.386,156.709,151.266,150.337,0.0008,145.034,0.1423,76.104,0.0665,300.673,0.2103,146.571
8,12360,4,2048,51200,256,1,1,1,97.266,76.065,40.24,109.861,127.352,0.0008,144.826,0.1873,57.872,0.0786,254.704,0.2675,115.39
8,12368,4,2048,51200,256,1,1,1,150.792,169.882,139.408,133.737,151.53,0.0008,143.195,0.1465,74.108,0.0662,303.06,0.2142,144.305
8,12376,4,2048,51200,256,1,1,1,120.213,80.081,39.647,119.284,107.645,0.0008,145.105,0.1709,63.607,0.0932,215.29,0.2657,116.482
8,12384,4,2048,51200,256,1,1,1,170.035,195.257,151.44,174.281,166.04,0.0008,144.452,0.1355,80.286,0.0605,332.08,0.1976,156.803
8,12392,4,2048,51200,256,1,1,1,100.504,78.829,40.483,119.306,139.99,0.0008,142.761,0.1845,59.038,0.0719,279.979,0.258,120.254
8,12400,4,2048,51200,256,1,1,1,133.852,165.487,119.975,132.586,125.596,0.0008,144.323,0.1535,71.06,0.0802,251.192,0.2353,132.023
8,12408,4,2048,51200,256,1,1,1,115.047,75.027,40.111,110.244,132.142,0.0008,144.52,0.1766,61.846,0.0764,264.284,0.2545,122.207
8,12416,4,2048,51200,256,1,1,1,139.065,211.727,169.68,150.717,136.381,0.0008,144.164,0.1479,73.936,0.0741,272.762,0.2235,139.342
8,12424,4,2048,51200,256,1,1,1,135.559,74.887,40.548,141.594,122.018,0.0008,145.464,0.1613,67.874,0.0829,244.037,0.2458,126.878
8,12432,4,2048,51200,256,1,1,1,111.357,155.296,134.829,133.004,150.435,0.0008,144.481,0.1652,66.356,0.0673,300.869,0.2341,133.382
8,12440,4,2048,51200,256,1,1,1,100.817,78.281,39.917,119.685,135.016,0.0008,144.311,0.1847,59.419,0.0751,270.032,0.2614,119.597
8,12448,4,2048,51200,256,1,1,1,148.632,195.993,136.292,209.1,150.723,0.0008,155.54,0.1357,80.982,0.0674,301.445,0.2046,152.964
8,12456,4,2048,51200,256,1,1,1,97.779,79.165,40.395,119.353,138.392,0.0008,144.907,0.187,58.837,0.0735,276.785,0.262,119.601
8,12464,4,2048,51200,256,1,1,1,111.934,153.276,131.965,132.802,110.751,0.0008,144.542,0.1656,66.524,0.0919,221.502,0.2591,121.118
8,12472,4,2048,51200,256,1,1,1,118.553,75.514,39.85,148.32,106.672,0.0008,145.802,0.1695,65.09,0.0956,213.344,0.2666,117.859
8,12480,4,2048,51200,256,1,1,1,129.447,187.98,156.076,149.242,163.18,0.0008,164.387,0.1448,76.258,0.0626,326.361,0.2089,150.579
8,12488,4,2048,51200,256,1,1,1,119.18,75.567,40.454,119.138,119.434,0.0008,166.887,0.1644,67.25,0.0856,238.867,0.2516,125.216
8,12496,4,2048,51200,256,1,1,1,132.077,154.658,128.483,163.367,124.299,0.0008,145.487,0.1518,72.94,0.0823,248.598,0.2357,133.827
8,12504,4,2048,51200,256,1,1,1,119.252,79.157,39.732,106.615,119.966,0.0008,168.95,0.1664,66.615,0.0854,239.932,0.2534,124.631
8,12512,4,2048,51200,256,1,1,1,138.629,189.469,154.532,181.521,162.093,0.0008,133.805,0.153,72.54,0.0633,324.186,0.2178,145.143
8,12520,4,2048,51200,256,1,1,1,119.734,79.07,40.019,98.957,120.054,0.0008,145.817,0.1781,62.385,0.0856,240.107,0.2653,119.351
8,12528,4,2048,51200,256,1,1,1,133.888,165.73,121.669,124.901,152.666,0.0008,130.968,0.1644,67.664,0.0674,305.332,0.2334,135.836
8,12536,4,2048,51200,256,1,1,1,119.747,74.572,40.739,134.211,137.66,0.0008,133.018,0.1787,62.337,0.0748,275.32,0.2551,124.427
8,12544,4,2048,51200,256,1,1,1,150.231,211.664,204.102,134.42,147.602,0.0008,146.298,0.1466,76.065,0.0699,295.204,0.218,145.759
8,12552,4,2048,51200,256,1,1,1,136.856,74.797,40.605,106.19,142.832,0.0008,127.571,0.1794,62.239,0.0723,285.664,0.2533,125.634
8,12560,4,2048,51200,256,1,1,1,133.459,156.03,118.285,113.939,152.792,0.0008,132.041,0.1668,67.018,0.0677,305.585,0.236,134.968
8,12568,4,2048,51200,256,1,1,1,119.266,79.912,40.423,97.354,119.656,0.0008,143.394,0.1809,61.882,0.0865,239.313,0.269,118.594
8,12576,4,2048,51200,256,1,1,1,148.743,207.178,143.781,151.478,149.338,0.0008,145.04,0.1471,76.211,0.0694,298.676,0.218,146.491
8,12584,4,2048,51200,256,1,1,1,138.433,78.669,40.307,101.25,139.912,0.0008,130.07,0.1789,62.748,0.0742,279.823,0.2546,125.614
8,12592,4,2048,51200,256,1,1,1,151.536,167.352,138.993,110.214,134.12,0.0008,152.108,0.15,74.905,0.0775,268.241,0.229,139.801
8,12600,4,2048,51200,256,1,1,1,139.855,75.347,40.494,123.971,140.411,0.0008,128.734,0.1749,64.31,0.0741,280.822,0.2506,127.934
8,12608,4,2048,51200,256,1,1,1,148.437,203.634,143.311,138.9,151.733,0.0008,144.08,0.1498,75.181,0.0687,303.465,0.22,145.889
8,12616,4,2048,51200,256,1,1,1,136.888,75.272,40.84,123.364,141.952,0.0008,150.491,0.1646,68.514,0.0735,283.903,0.2396,134.114
8,12624,4,2048,51200,256,1,1,1,132.445,164.127,137.662,131.272,123.958,0.0008,144.247,0.1581,71.417,0.0843,247.915,0.2439,131.931
8,12632,4,2048,51200,256,1,1,1,133.493,80.382,40.955,100.954,135.341,0.0008,130.363,0.1816,62.268,0.0773,270.682,0.2604,123.74
8,12640,4,2048,51200,256,1,1,1,171.713,195.877,162.109,190.839,165.581,0.0008,142.069,0.1389,81.51,0.0632,331.163,0.2036,158.411
8,12648,4,2048,51200,256,1,1,1,119.77,79.67,40.495,118.146,106.771,0.0008,143.497,0.1776,63.818,0.0982,213.542,0.2773,116.47
8,12656,4,2048,51200,256,1,1,1,152.169,164.1,143.611,111.854,151.282,0.0008,143.844,0.1546,73.416,0.0694,302.564,0.2255,143.423
8,12664,4,2048,51200,256,1,1,1,137.593,74.56,40.546,120.796,135.15,0.0008,146.872,0.1676,67.801,0.0778,270.301,0.2469,131.16
8,12672,4,2048,51200,256,1,1,1,146.693,201.709,173.807,148.745,145.048,0.0008,144.789,0.1495,76.099,0.0726,290.096,0.2235,145.037
8,12680,4,2048,51200,256,1,1,1,137.885,72.831,40.953,102.244,138.015,0.0008,146.364,0.172,66.216,0.0763,276.03,0.2499,129.912
8,12688,4,2048,51200,256,1,1,1,150.66,162.854,146.242,132.071,152.057,0.0008,142.228,0.1529,74.594,0.0694,304.113,0.2238,145.243
8,12696,4,2048,51200,256,1,1,1,119.778,78.407,40.473,118.533,106.439,0.0008,145.105,0.1778,64.212,0.0992,212.878,0.2786,116.818
8,12704,4,2048,51200,256,1,1,1,175.041,193.466,143.168,149.861,174.67,0.0008,144.996,0.1416,80.693,0.0606,349.339,0.2037,159.919
8,12712,4,2048,51200,256,1,1,1,100.938,78.706,40.43,119.123,133.323,0.0008,143.387,0.1913,59.834,0.0794,266.646,0.2722,119.835
8,12720,4,2048,51200,256,1,1,1,132.211,145.499,126.849,132.375,125.955,0.0008,144.172,0.1605,71.391,0.0842,251.91,0.2462,132.659
8,12728,4,2048,51200,256,1,1,1,130.692,75.395,40.61,110.816,137.713,0.0008,144.29,0.1751,65.528,0.0771,275.426,0.2537,128.906
8,12736,4,2048,51200,256,1,1,1,149.714,206.809,156.273,150.548,149.367,0.0008,162.274,0.1415,81.141,0.0712,298.734,0.2143,152.827
8,12744,4,2048,51200,256,1,1,1,97.327,74.349,40.308,120.196,138.094,0.0008,149.748,0.1919,59.919,0.0771,276.187,0.2705,121.185
8,12752,4,2048,51200,256,1,1,1,133.057,164.708,124.705,126.253,134.446,0.0008,164.746,0.1521,75.676,0.0793,268.893,0.233,140.913
8,12760,4,2048,51200,256,1,1,1,137.191,79.796,40.331,127.704,120.716,0.0008,155.981,0.1638,70.359,0.0884,241.432,0.2538,129.51
8,12768,4,2048,51200,256,1,1,1,135.887,189.601,129.461,149.108,149.828,0.0008,145.244,0.1562,73.888,0.0713,299.657,0.2291,143.671
8,12776,4,2048,51200,256,1,1,1,120.429,79.496,40.69,107.255,120.876,0.0008,168.977,0.1709,67.608,0.0885,241.753,0.261,126.256
8,12784,4,2048,51200,256,1,1,1,114.093,152.833,128.204,133.412,134.042,0.0008,133.039,0.1772,65.271,0.0799,268.084,0.2587,127.519
8,12792,4,2048,51200,256,1,1,1,123.388,76.465,40.877,99.233,108.003,0.0008,145.411,0.1821,63.601,0.0993,216.007,0.283,116.728
8,12800,4,2048,51200,256,1,1,1,149.989,211.109,187.934,151.201,149.205,0.0008,130.459,0.1581,73.363,0.072,298.41,0.2316,142.817
8,12808,4,2048,51200,256,1,1,1,120.836,76.228,41.13,156.979,138.592,0.0008,129.831,0.1827,63.552,0.0776,277.185,0.2618,126.47
8,12816,4,2048,51200,256,1,1,1,132.932,158.609,132.084,108.658,134.349,0.0008,144.288,0.166,70.037,0.0801,268.698,0.2476,133.871
8,12824,4,2048,51200,256,1,1,1,135.231,79.009,41.256,105.793,138.142,0.0008,128.38,0.1849,62.939,0.078,276.285,0.2645,125.499
8,12832,4,2048,51200,256,1,1,1,150.011,200.377,147.666,138.76,159.092,0.0008,131.33,0.1604,72.635,0.0678,318.184,0.2298,144.617
8,12840,4,2048,51200,256,1,1,1,139.695,80.428,41.553,97.723,120.724,0.0008,144.867,0.1757,66.389,0.0895,241.447,0.2668,124.727
8,12848,4,2048,51200,256,1,1,1,153.774,161.614,136.109,138.09,126.434,0.0008,146.826,0.1516,77.053,0.0856,252.868,0.2387,139.568
8,12856,4,2048,51200,256,1,1,1,138.009,76.051,40.959,131.658,126.648,0.0008,153.324,0.166,70.459,0.0855,253.295,0.2531,131.813
8,12864,4,2048,51200,256,1,1,1,166.084,189.417,148.876,203.44,151.043,0.0008,144.654,0.1421,82.408,0.0718,302.085,0.2154,155.027
8,12872,4,2048,51200,256,1,1,1,140.318,76.082,41.046,122.783,121.519,0.0008,150.314,0.1682,69.7,0.0894,243.038,0.2591,129.056
8,12880,4,2048,51200,256,1,1,1,133.257,146.327,117.285,112.752,112.928,0.0008,162.604,0.1584,74.102,0.0963,225.856,0.2562,130.669
8,12888,4,2048,51200,256,1,1,1,120.413,78.583,40.937,102.239,120.891,0.0008,143.897,0.1856,63.305,0.09,241.782,0.2772,120.915
8,12896,4,2048,51200,256,1,1,1,149.195,185.207,151.436,149.439,149.181,0.0008,142.215,0.1543,76.252,0.0731,298.362,0.2289,146.622
8,12904,4,2048,51200,256,1,1,1,119.874,76.227,41.203,97.452,120.031,0.0008,144.148,0.1876,62.801,0.0909,240.063,0.28,119.996
8,12912,4,2048,51200,256,1,1,1,133.114,150.173,123.702,112.435,133.359,0.0008,162.518,0.1589,74.219,0.0819,266.718,0.2424,138.806
8,12920,4,2048,51200,256,1,1,1,106.301,74.424,41.73,118.265,120.253,0.0008,143.402,0.1921,61.461,0.091,240.506,0.2846,118.344
8,12928,4,2048,51200,256,1,1,1,149.801,185.781,165.377,142.208,151.538,0.0008,164.139,0.1451,81.454,0.0723,303.075,0.2189,154.045
8,12936,4,2048,51200,256,1,1,1,120.352,74.212,41.596,102.035,120.754,0.0008,161.371,0.1787,66.212,0.0908,241.508,0.2711,124.553
8,12944,4,2048,51200,256,1,1,1,124.489,149.653,123.436,133.53,133.49,0.0008,160.399,0.1608,73.676,0.0823,266.98,0.2446,138.205
8,12952,4,2048,51200,256,1,1,1,104.618,77.78,42.109,149.888,120.415,0.0008,145.261,0.1879,63.15,0.0913,240.83,0.2807,120.587
8,12960,4,2048,51200,256,1,1,1,149.375,207.656,152.439,144.865,174.182,0.0008,130.791,0.1623,73.166,0.0632,348.364,0.2271,149.246
8,12968,4,2048,51200,256,1,1,1,120.08,78.83,41.161,129.415,119.892,0.0008,154.345,0.1767,67.298,0.0919,239.785,0.2702,125.591
8,12976,4,2048,51200,256,1,1,1,141.858,152.944,133.108,169.543,134.271,0.0008,145.591,0.1555,76.566,0.0822,268.543,0.2392,142.011
8,12984,4,2048,51200,256,1,1,1,139.393,76.015,41.475,144.011,101.387,0.0008,144.703,0.1701,70.062,0.109,202.773,0.2807,121.196
8,12992,4,2048,51200,256,1,1,1,133.968,213.637,157.515,174.054,149.811,0.0008,154.654,0.1531,77.95,0.0738,299.622,0.2285,149.051
8,13000,4,2048,51200,256,1,1,1,119.988,76.046,41.181,106.095,120.56,0.0008,145.575,0.1866,64.041,0.0919,241.119,0.28,121.779
8,13008,4,2048,51200,256,1,1,1,149.221,159.989,127.625,132.134,133.771,0.0008,160.07,0.151,79.202,0.0829,267.542,0.2355,144.97
8,13016,4,2048,51200,256,1,1,1,96.619,79.741,41.799,122.422,133.644,0.0008,145.463,0.1998,59.928,0.0831,267.288,0.2845,120.15
8,13024,4,2048,51200,256,1,1,1,148.734,188.667,141.121,152.413,149.647,0.0008,165.017,0.1459,82.177,0.0743,299.295,0.2218,154.328
8,13032,4,2048,51200,256,1,1,1,139.432,80.406,41.706,130.124,120.177,0.0008,145.758,0.1722,69.723,0.0926,240.353,0.2664,128.64
8,13040,4,2048,51200,256,1,1,1,111.443,166.005,138.795,133.857,150.09,0.0008,152.561,0.1733,69.354,0.0742,300.181,0.2491,137.713
8,13048,4,2048,51200,256,1,1,1,114.276,76.142,41.727,100.169,116.597,0.0008,144.685,0.193,62.359,0.0957,233.194,0.2902,118.346
8,13056,4,2048,51200,256,1,1,1,168.787,220.286,194.816,174.993,145.218,0.0008,145.094,0.1453,82.903,0.0769,290.436,0.2238,153.668
8,13064,4,2048,51200,256,1,1,1,138.063,75.799,42.297,104.831,141.934,0.0008,142.967,0.1802,66.922,0.0788,283.869,0.2606,132.123
8,13072,4,2048,51200,256,1,1,1,123.616,166.498,130.979,149.861,132.298,0.0008,143.08,0.1692,71.35,0.0846,264.596,0.2555,134.947
8,13080,4,2048,51200,256,1,1,1,140.679,78.045,42.005,117.709,100.841,0.0008,143.712,0.176,68.69,0.1112,201.681,0.2888,119.524
8,13088,4,2048,51200,256,1,1,1,163.186,193.702,147.038,149.559,149.452,0.0008,145.963,0.1508,80.251,0.0751,298.904,0.2275,151.887
8,13096,4,2048,51200,256,1,1,1,106.659,79.332,41.834,150.755,120.858,0.0008,129.995,0.1982,61.135,0.093,241.716,0.2928,118.162
8,13104,4,2048,51200,256,1,1,1,155.21,161.264,133.904,131.617,113.407,0.0008,143.783,0.1582,76.685,0.0992,226.814,0.259,133.735
8,13112,4,2048,51200,256,1,1,1,139.435,76.354,41.952,105.661,120.995,0.0008,147.958,0.1779,68.299,0.0931,241.99,0.2726,127.248
8,13120,4,2048,51200,256,1,1,1,149.909,182.639,153.619,189.049,149.685,0.0008,147.45,0.1513,80.393,0.0754,299.369,0.2282,152.159
8,13128,4,2048,51200,256,1,1,1,139.302,75.697,42.492,150.671,101.443,0.0008,143.778,0.1723,70.653,0.1113,202.886,0.2853,121.876
8,13136,4,2048,51200,256,1,1,1,154.206,162.124,150.85,123.171,141.528,0.0008,145.28,0.1594,76.454,0.0799,283.055,0.2409,144.475
8,13144,4,2048,51200,256,1,1,1,106.881,77.282,41.827,133.74,97.507,0.0008,130.104,0.2016,60.533,0.1161,195.013,0.3193,109.139
8,13152,4,2048,51200,256,1,1,1,160.92,216.395,136.668,147.917,148.18,0.0008,147.11,0.1523,80.25,0.0765,296.36,0.2303,151.481
8,13160,4,2048,51200,256,1,1,1,107.056,78.27,41.974,136.102,93.542,0.0008,142.393,0.1941,63.04,0.1213,187.084,0.317,110.21
8,13168,4,2048,51200,256,1,1,1,130.868,161.876,145.831,120.275,130.802,0.0008,153.413,0.1665,73.555,0.0869,261.604,0.255,137.179
8,13176,4,2048,51200,256,1,1,1,97.688,74.351,42.313,118.44,139.491,0.0008,142.767,0.2052,59.761,0.0816,278.983,0.2883,121.449
8,13184,4,2048,51200,256,1,1,1,137.675,200.369,150.511,173.827,148.64,0.0008,145.404,0.1596,76.895,0.0766,297.279,0.2378,147.409
8,13192,4,2048,51200,256,1,1,1,140.182,74.385,42.424,124.43,120.38,0.0008,156.32,0.1711,71.827,0.0947,240.759,0.2674,131.255
8,13200,4,2048,51200,256,1,1,1,133.163,165.842,133.554,160.755,117.993,0.0008,166.651,0.1545,79.641,0.0968,235.986,0.2528,138.989
8,13208,4,2048,51200,256,1,1,1,121.231,78.714,42.103,127.035,119.543,0.0008,146.218,0.1852,66.532,0.0956,239.086,0.2824,124.603
8,13216,4,2048,51200,256,1,1,1,149.745,192.445,152.73,148.531,148.365,0.0008,144.06,0.1588,77.686,0.0772,296.729,0.2375,148.334
8,13224,4,2048,51200,256,1,1,1,119.558,79.727,42.053,97.893,119.5,0.0008,156.183,0.1883,65.575,0.0959,239.001,0.2858,123.411
8,13232,4,2048,51200,256,1,1,1,133.581,150.632,121.783,111.736,133.498,0.0008,146.444,0.1725,71.672,0.086,266.996,0.26,135.805
8,13240,4,2048,51200,256,1,1,1,106.456,75.805,42.449,118.974,120.062,0.0008,143.333,0.1989,62.229,0.0957,240.124,0.2962,119.373
8,13248,4,2048,51200,256,1,1,1,147.94,207.747,144.152,129.633,148.055,0.0008,161.327,0.1546,80.148,0.0777,296.111,0.2339,151.351
8,13256,4,2048,51200,256,1,1,1,119.529,73.994,42.014,101.589,119.759,0.0008,157.844,0.1876,66.112,0.0962,239.518,0.2854,124.173
8,13264,4,2048,51200,256,1,1,1,123.991,173.0,120.682,132.697,148.502,0.0008,143.718,0.1751,70.913,0.0776,297.003,0.2544,139.482
8,13272,4,2048,51200,256,1,1,1,131.018,79.958,42.105,99.914,121.42,0.0008,153.562,0.1836,67.722,0.0951,242.84,0.2803,126.744
8,13280,4,2048,51200,256,1,1,1,149.49,203.896,150.798,137.884,161.218,0.0008,132.443,0.1682,74.016,0.0717,322.436,0.2415,147.288
8,13288,4,2048,51200,256,1,1,1,121.129,79.285,42.515,107.366,135.315,0.0008,142.079,0.1932,64.524,0.0855,270.63,0.2803,127.049
8,13296,4,2048,51200,256,1,1,1,150.707,159.879,134.61,132.932,151.72,0.0008,157.931,0.1562,79.898,0.0764,303.44,0.2341,152.271
8,13304,4,2048,51200,256,1,1,1,139.126,76.856,43.17,128.371,141.326,0.0008,134.841,0.184,67.88,0.0821,282.652,0.2677,133.329
8,13312,4,2048,51200,256,1,1,1,152.03,222.937,189.772,152.75,149.366,0.0008,144.44,0.158,79.173,0.0778,298.731,0.2373,150.603
8,13320,4,2048,51200,256,1,1,1,108.787,76.356,42.875,119.439,143.627,0.0008,164.415,0.1887,66.343,0.081,287.253,0.2713,131.885
8,13328,4,2048,51200,256,1,1,1,133.636,165.856,142.909,131.261,113.095,0.0008,134.432,0.1765,71.025,0.1029,226.19,0.281,127.464
8,13336,4,2048,51200,256,1,1,1,121.074,79.827,42.674,105.783,121.202,0.0008,147.253,0.1918,65.432,0.0962,242.405,0.2896,123.85
8,13344,4,2048,51200,256,1,1,1,148.927,208.629,155.945,147.56,150.055,0.0008,147.992,0.1592,78.929,0.0778,300.11,0.2385,150.515
8,13352,4,2048,51200,256,1,1,1,96.948,78.176,43.021,118.779,134.701,0.0008,146.664,0.2075,60.627,0.0867,269.401,0.2958,121.518
8,13360,4,2048,51200,256,1,1,1,112.993,145.484,145.912,131.939,155.096,0.0008,143.804,0.1839,68.485,0.0754,310.192,0.2609,137.942
8,13368,4,2048,51200,256,1,1,1,119.693,76.373,42.582,118.198,106.809,0.0008,143.975,0.1925,65.516,0.1096,213.617,0.3037,118.648
8,13376,4,2048,51200,256,1,1,1,136.467,203.818,158.752,149.117,161.704,0.0008,168.1,0.1559,80.981,0.0725,323.407,0.23,156.865
8,13384,4,2048,51200,256,1,1,1,100.428,76.516,42.675,118.164,139.938,0.0008,142.283,0.2078,60.814,0.0839,279.875,0.2933,123.143
8,13392,4,2048,51200,256,1,1,1,134.041,159.533,148.649,153.259,111.323,0.0008,133.331,0.175,72.285,0.1056,222.647,0.2822,128.133
8,13400,4,2048,51200,256,1,1,1,140.926,78.108,43.431,117.574,100.69,0.0008,129.836,0.1903,66.551,0.1169,201.38,0.3088,117.236
8,13408,4,2048,51200,256,1,1,1,148.571,201.625,146.245,151.443,149.727,0.0008,147.913,0.1603,79.124,0.0787,299.454,0.2405,150.677
8,13416,4,2048,51200,256,1,1,1,105.756,78.965,42.915,117.765,137.788,0.0008,132.425,0.2099,60.495,0.0856,275.575,0.2971,122.152
8,13424,4,2048,51200,256,1,1,1,152.971,164.83,137.818,131.816,112.741,0.0008,147.151,0.1628,78.062,0.1048,225.482,0.2692,134.974
8,13432,4,2048,51200,256,1,1,1,138.513,75.265,43.065,104.843,119.966,0.0008,144.189,0.1868,68.117,0.0986,239.933,0.287,126.75
8,13440,4,2048,51200,256,1,1,1,136.979,204.178,158.351,142.835,127.825,0.0008,133.469,0.1751,72.773,0.0926,255.651,0.2692,135.255
8,13448,4,2048,51200,256,1,1,1,136.972,74.119,43.709,117.944,99.804,0.0008,143.258,0.1852,68.878,0.1188,199.609,0.3055,119.336
8,13456,4,2048,51200,256,1,1,1,134.06,156.054,142.22,123.439,134.152,0.0008,149.969,0.1718,74.346,0.0885,268.303,0.2618,139.434
8,13464,4,2048,51200,256,1,1,1,106.271,78.44,43.352,118.588,138.271,0.0008,160.676,0.1954,65.436,0.0859,276.542,0.2829,129.192
8,13472,4,2048,51200,256,1,1,1,149.9,196.003,158.983,150.45,137.704,0.0008,149.026,0.1603,79.861,0.0864,275.408,0.2482,147.399
8,13480,4,2048,51200,256,1,1,1,139.215,80.601,42.741,105.362,120.098,0.0008,147.314,0.1854,69.123,0.0992,240.196,0.2861,128.025
8,13488,4,2048,51200,256,1,1,1,123.823,156.542,129.114,132.169,111.135,0.0008,133.057,0.1862,68.893,0.1073,222.271,0.2951,124.287
8,13496,4,2048,51200,256,1,1,1,127.48,74.963,43.0,119.181,100.965,0.0008,131.526,0.1979,64.889,0.1182,201.929,0.3177,115.555
8,13504,4,2048,51200,256,1,1,1,149.003,201.293,147.665,150.369,149.875,0.0008,147.782,0.162,79.367,0.0797,299.751,0.2433,151.072
8,13512,4,2048,51200,256,1,1,1,120.39,75.557,42.863,119.451,121.817,0.0008,148.17,0.1927,66.812,0.0982,243.634,0.2925,125.83
8,13520,4,2048,51200,256,1,1,1,111.019,153.287,142.609,132.36,147.021,0.0008,162.913,0.1793,71.867,0.0815,294.043,0.2624,140.425
8,13528,4,2048,51200,256,1,1,1,100.31,78.37,42.603,119.131,134.094,0.0008,145.105,0.2095,61.583,0.0894,268.188,0.3005,122.744
8,13536,4,2048,51200,256,1,1,1,148.432,183.42,159.134,151.197,150.016,0.0008,146.179,0.1635,78.981,0.08,300.032,0.2452,150.639
8,13544,4,2048,51200,256,1,1,1,119.243,77.722,42.932,118.925,140.062,0.0008,147.616,0.1943,66.556,0.0858,280.125,0.2817,131.249
8,13552,4,2048,51200,256,1,1,1,113.342,148.935,130.724,133.007,111.86,0.0008,144.562,0.1874,69.066,0.1076,223.72,0.2966,124.794
8,13560,4,2048,51200,256,1,1,1,140.312,76.206,43.934,148.885,120.423,0.0008,150.71,0.1764,73.451,0.1001,240.845,0.2781,133.258
8,13568,4,2048,51200,256,1,1,1,136.242,205.045,184.875,149.613,138.042,0.0008,166.306,0.1597,81.249,0.0874,276.084,0.2487,149.214
8,13576,4,2048,51200,256,1,1,1,120.122,76.814,43.188,139.062,120.693,0.0008,142.318,0.1936,67.086,0.1001,241.385,0.2953,125.799
8,13584,4,2048,51200,256,1,1,1,154.943,162.675,138.283,136.436,133.778,0.0008,142.624,0.1667,78.017,0.0904,267.556,0.2587,143.777
8,13592,4,2048,51200,256,1,1,1,120.092,78.259,43.052,137.351,139.146,0.0008,156.98,0.1867,69.733,0.087,278.292,0.2753,135.246
8,13600,4,2048,51200,256,1,1,1,139.562,187.498,145.202,140.05,150.968,0.0008,145.807,0.1706,76.403,0.0803,301.937,0.2525,147.645
8,13608,4,2048,51200,256,1,1,1,129.15,79.677,43.685,118.551,120.497,0.0008,141.314,0.193,67.601,0.1007,240.993,0.2953,126.365
8,13616,4,2048,51200,256,1,1,1,133.667,150.095,127.009,109.212,113.323,0.0008,145.875,0.1809,72.205,0.1072,226.646,0.2897,128.958
8,13624,4,2048,51200,256,1,1,1,121.133,76.313,42.867,100.776,121.218,0.0008,145.391,0.2008,65.148,0.1004,242.436,0.3027,123.578
8,13632,4,2048,51200,256,1,1,1,148.862,206.817,154.14,148.414,149.323,0.0008,143.745,0.1666,78.59,0.0816,298.646,0.2498,149.95
8,13640,4,2048,51200,256,1,1,1,120.697,76.734,42.845,96.75,120.627,0.0008,149.835,0.2003,65.449,0.1011,241.255,0.303,123.758
8,13648,4,2048,51200,256,1,1,1,134.359,173.703,136.552,158.134,139.43,0.0008,142.974,0.1735,75.635,0.0876,278.86,0.2626,142.92
8,13656,4,2048,51200,256,1,1,1,120.087,78.996,42.79,106.909,120.274,0.0008,146.288,0.1997,65.78,0.1016,240.549,0.3029,124.056
8,13664,4,2048,51200,256,1,1,1,148.758,196.371,149.88,148.125,149.119,0.0008,145.946,0.1663,79.104,0.0821,298.237,0.2499,150.547
8,13672,4,2048,51200,256,1,1,1,96.77,77.922,43.092,118.559,133.809,0.0008,145.53,0.2161,60.929,0.0915,267.618,0.3093,121.798
8,13680,4,2048,51200,256,1,1,1,112.191,157.161,146.175,131.428,150.014,0.0008,142.569,0.1919,68.706,0.0818,300.028,0.2752,137.021
8,13688,4,2048,51200,256,1,1,1,120.123,75.071,43.988,119.008,107.776,0.0008,144.624,0.1984,66.515,0.1139,215.553,0.3139,120.262
8,13696,4,2048,51200,256,1,1,1,136.396,215.191,170.486,150.257,170.523,0.0008,165.274,0.1624,81.358,0.0721,341.046,0.2361,160.121
8,13704,4,2048,51200,256,1,1,1,100.76,74.997,43.264,119.391,140.271,0.0008,143.109,0.2145,61.674,0.0877,280.542,0.3038,124.562
8,13712,4,2048,51200,256,1,1,1,132.907,165.694,157.395,153.054,132.997,0.0008,147.316,0.1734,76.35,0.0926,265.993,0.2677,141.535
8,13720,4,2048,51200,256,1,1,1,97.448,78.401,43.911,118.351,132.836,0.0008,146.374,0.216,61.379,0.0929,265.672,0.3105,122.176
8,13728,4,2048,51200,256,1,1,1,137.275,181.736,141.195,148.597,136.299,0.0008,147.47,0.1721,77.098,0.0906,272.598,0.2644,143.649
8,13736,4,2048,51200,256,1,1,1,134.797,79.547,42.969,105.657,119.774,0.0008,145.555,0.1937,68.581,0.1032,239.549,0.2986,127.329
8,13744,4,2048,51200,256,1,1,1,111.382,155.587,122.574,132.646,156.222,0.0008,162.877,0.1842,72.214,0.0792,312.444,0.265,143.605
8,13752,4,2048,51200,256,1,1,1,100.157,74.42,42.889,118.984,139.216,0.0008,142.902,0.2165,61.499,0.089,278.433,0.3072,124.054
8,13760,4,2048,51200,256,1,1,1,148.855,198.608,154.936,151.415,150.158,0.0008,156.345,0.1621,82.224,0.0826,300.315,0.2464,154.845
8,13768,4,2048,51200,256,1,1,1,119.771,72.767,42.974,118.604,139.776,0.0008,146.801,0.1998,66.817,0.0889,279.553,0.2902,131.595
8,13776,4,2048,51200,256,1,1,1,112.349,153.623,124.124,133.037,111.797,0.0008,142.545,0.1942,68.804,0.1112,223.595,0.307,124.529
8,13784,4,2048,51200,256,1,1,1,137.994,79.709,43.491,147.455,106.163,0.0008,148.469,0.1831,73.056,0.1173,212.326,0.302,126.758
8,13792,4,2048,51200,256,1,1,1,135.536,181.751,152.155,149.993,148.699,0.0008,146.754,0.1742,76.882,0.0838,297.397,0.2596,147.62
8,13800,4,2048,51200,256,1,1,1,102.513,78.29,42.956,134.732,96.763,0.0008,141.938,0.2127,63.025,0.129,193.526,0.3433,111.761
8,13808,4,2048,51200,256,1,1,1,133.964,163.94,142.535,123.294,133.019,0.0008,156.399,0.1754,76.509,0.0939,266.037,0.271,141.763
8,13816,4,2048,51200,256,1,1,1,118.92,71.765,43.557,118.107,137.08,0.0008,147.48,0.2011,66.829,0.0913,274.159,0.2939,130.845
8,13824,4,2048,51200,256,1,1,1,129.13,202.148,194.983,155.182,127.676,0.0008,146.7,0.1766,76.154,0.0981,255.351,0.2763,139.337
8,13832,4,2048,51200,256,1,1,1,136.115,72.063,43.474,103.358,119.702,0.0008,148.349,0.1947,69.15,0.1047,239.404,0.3011,128.015
8,13840,4,2048,51200,256,1,1,1,110.408,148.096,146.058,131.64,153.805,0.0008,144.398,0.1958,68.845,0.0816,307.61,0.279,138.291
8,13848,4,2048,51200,256,1,1,1,99.73,78.484,43.139,117.486,136.824,0.0008,141.717,0.2199,61.373,0.0919,273.648,0.3134,123.282
8,13856,4,2048,51200,256,1,1,1,149.987,210.765,147.845,174.305,150.557,0.0008,153.257,0.1622,83.328,0.0836,301.114,0.2473,156.381
8,13864,4,2048,51200,256,1,1,1,119.449,78.662,43.044,117.656,137.897,0.0008,145.47,0.2025,66.791,0.0913,275.793,0.2955,131.044
8,13872,4,2048,51200,256,1,1,1,113.241,155.296,144.186,131.776,111.221,0.0008,142.797,0.1952,69.388,0.1134,222.442,0.3102,124.985
8,13880,4,2048,51200,256,1,1,1,138.731,75.827,43.02,144.188,106.617,0.0008,144.604,0.1876,72.253,0.1184,213.234,0.3077,126.143
8,13888,4,2048,51200,256,1,1,1,133.317,185.322,159.259,148.159,135.857,0.0008,159.74,0.1708,79.458,0.093,271.714,0.2654,146.368
8,13896,4,2048,51200,256,1,1,1,101.269,75.737,42.897,135.516,134.61,0.0008,141.465,0.2165,62.761,0.094,269.221,0.3121,124.627
8,13904,4,2048,51200,256,1,1,1,133.856,162.499,142.743,123.711,133.797,0.0008,146.96,0.1821,74.7,0.0947,267.594,0.2784,139.882
8,13912,4,2048,51200,256,1,1,1,118.557,77.794,43.133,118.601,139.659,0.0008,144.969,0.2043,66.655,0.0908,279.319,0.2967,131.384
8,13920,4,2048,51200,256,1,1,1,149.086,200.711,154.139,149.193,148.45,0.0008,165.642,0.161,84.669,0.0855,296.9,0.2482,157.281
8,13928,4,2048,51200,256,1,1,1,112.006,78.901,43.883,118.548,131.666,0.0008,146.334,0.2084,65.503,0.0966,263.331,0.3065,127.479
8,13936,4,2048,51200,256,1,1,1,123.373,144.354,138.531,122.656,133.603,0.0008,145.014,0.1905,71.705,0.0953,267.206,0.2874,136.106
8,13944,4,2048,51200,256,1,1,1,143.363,75.049,43.322,108.63,120.659,0.0008,144.035,0.1942,70.422,0.1056,241.318,0.3014,129.918
8,13952,4,2048,51200,256,1,1,1,135.548,201.518,173.082,148.743,149.919,0.0008,145.57,0.1775,77.165,0.0851,299.839,0.2641,148.44
8,13960,4,2048,51200,256,1,1,1,120.78,74.703,43.425,106.916,121.032,0.0008,157.972,0.2004,68.42,0.1055,242.065,0.3075,127.656
8,13968,4,2048,51200,256,1,1,1,112.801,156.067,140.933,155.244,133.457,0.0008,161.375,0.1845,74.366,0.0958,266.914,0.2819,139.375
8,13976,4,2048,51200,256,1,1,1,120.835,78.172,43.109,119.564,106.846,0.0008,145.077,0.2039,67.378,0.1198,213.691,0.3253,120.931
8,13984,4,2048,51200,256,1,1,1,150.683,204.744,145.646,151.968,149.473,0.0008,153.154,0.167,82.371,0.0857,298.947,0.2543,154.869
8,13992,4,2048,51200,256,1,1,1,120.978,79.395,43.059,145.494,120.961,0.0008,131.335,0.2078,66.271,0.1061,241.922,0.3155,124.996
8,14000,4,2048,51200,256,1,1,1,134.112,156.817,134.754,110.925,125.661,0.0008,144.612,0.1885,73.137,0.1022,251.323,0.2923,135.049
8,14008,4,2048,51200,256,1,1,1,120.422,75.792,43.158,107.07,138.737,0.0008,162.152,0.1997,69.11,0.0927,277.474,0.294,134.431
8,14016,4,2048,51200,256,1,1,1,137.422,188.114,152.437,192.816,159.061,0.0008,131.783,0.1818,76.007,0.0809,318.122,0.2643,149.694
8,14024,4,2048,51200,256,1,1,1,121.007,76.463,43.132,97.242,121.456,0.0008,145.403,0.211,65.548,0.1061,242.911,0.3187,124.273
8,14032,4,2048,51200,256,1,1,1,148.672,164.366,134.442,132.886,133.626,0.0008,143.102,0.178,77.787,0.0966,267.252,0.2762,143.586
8,14040,4,2048,51200,256,1,1,1,135.268,79.68,43.435,135.131,139.159,0.0008,165.029,0.1837,75.472,0.0928,278.318,0.2781,142.749
8,14048,4,2048,51200,256,1,1,1,166.772,203.122,149.616,179.264,137.884,0.0008,145.602,0.1626,85.335,0.0938,275.767,0.258,154.036
8,14056,4,2048,51200,256,1,1,1,120.437,78.584,43.607,107.703,120.667,0.0008,145.254,0.2087,66.568,0.1073,241.334,0.3176,125.277
8,14064,4,2048,51200,256,1,1,1,126.129,153.213,145.393,133.201,156.947,0.0008,131.993,0.1971,70.55,0.0826,313.893,0.2813,141.592
8,14072,4,2048,51200,256,1,1,1,139.59,77.062,44.496,120.318,133.357,0.0008,129.813,0.2044,68.123,0.0973,266.715,0.3033,131.482
8,14080,4,2048,51200,256,1,1,1,149.214,212.08,202.607,151.606,150.058,0.0008,144.911,0.1728,80.658,0.0866,300.116,0.261,152.98
8,14088,4,2048,51200,256,1,1,1,107.603,77.432,43.836,119.858,143.653,0.0008,141.033,0.2185,63.863,0.0905,287.306,0.3106,128.666
8,14096,4,2048,51200,256,1,1,1,145.036,161.357,139.447,131.756,121.838,0.0008,146.44,0.1791,77.982,0.1069,243.675,0.2876,139.124
8,14104,4,2048,51200,256,1,1,1,140.149,79.811,43.823,106.64,120.916,0.0008,146.377,0.1979,70.663,0.1078,241.831,0.3073,130.346
8,14112,4,2048,51200,256,1,1,1,149.408,189.166,145.954,149.326,147.97,0.0008,146.26,0.1741,80.427,0.0882,295.94,0.2639,151.98
8,14120,4,2048,51200,256,1,1,1,139.999,80.445,43.616,141.014,101.605,0.0008,146.003,0.191,73.355,0.1286,203.209,0.3212,124.969
8,14128,4,2048,51200,256,1,1,1,152.246,168.296,154.476,123.682,153.136,0.0008,147.897,0.1769,79.306,0.0854,306.273,0.2639,152.283
8,14136,4,2048,51200,256,1,1,1,120.773,77.025,43.728,120.276,121.358,0.0008,154.301,0.2024,69.389,0.1079,242.716,0.3119,128.993
8,14144,4,2048,51200,256,1,1,1,135.725,197.879,151.018,149.31,149.355,0.0008,166.308,0.1713,82.085,0.0878,298.709,0.2607,154.528
8,14152,4,2048,51200,256,1,1,1,97.736,74.96,44.06,120.229,140.769,0.0008,148.444,0.2251,62.529,0.0932,281.538,0.32,126.036
8,14160,4,2048,51200,256,1,1,1,125.34,163.289,130.648,125.771,134.06,0.0008,146.428,0.1924,73.231,0.098,268.12,0.292,138.237
8,14168,4,2048,51200,256,1,1,1,133.876,79.676,44.418,127.033,119.945,0.0008,146.293,0.1975,71.423,0.1097,239.89,0.3088,130.885
8,14176,4,2048,51200,256,1,1,1,135.242,191.166,149.702,148.348,148.48,0.0008,147.094,0.1817,77.701,0.0887,296.96,0.2721,148.728
8,14184,4,2048,51200,256,1,1,1,120.439,78.26,43.796,107.468,121.027,0.0008,165.084,0.2018,70.053,0.1089,242.054,0.3124,129.68
8,14192,4,2048,51200,256,1,1,1,113.024,153.706,149.528,161.517,133.614,0.0008,133.235,0.2037,69.49,0.0988,267.228,0.3041,133.367
8,14200,4,2048,51200,256,1,1,1,120.927,73.998,43.796,119.494,107.501,0.0008,146.269,0.2084,67.995,0.1229,215.002,0.3329,121.947
8,14208,4,2048,51200,256,1,1,1,149.806,202.793,160.905,148.815,149.272,0.0008,145.675,0.1756,80.774,0.0886,298.543,0.2658,152.9
8,14216,4,2048,51200,256,1,1,1,142.515,74.701,43.962,98.155,120.538,0.0008,154.51,0.1979,71.764,0.1099,241.076,0.3093,131.53
8,14224,4,2048,51200,256,1,1,1,133.356,168.821,135.779,113.32,133.451,0.0008,161.342,0.1841,77.199,0.0994,266.902,0.2851,142.88
8,14232,4,2048,51200,256,1,1,1,106.598,77.581,43.663,119.097,137.238,0.0008,145.147,0.2206,64.502,0.0967,274.476,0.3189,127.854
8,14240,4,2048,51200,256,1,1,1,149.498,212.031,146.146,135.91,149.498,0.0008,154.289,0.1741,81.839,0.0889,298.996,0.2646,154.306
8,14248,4,2048,51200,256,1,1,1,136.552,79.286,43.808,102.239,139.444,0.0008,131.222,0.2136,66.752,0.0954,278.887,0.3107,131.557
8,14256,4,2048,51200,256,1,1,1,133.285,157.32,128.457,125.448,133.115,0.0008,144.907,0.1908,74.828,0.1001,266.23,0.2925,139.899
8,14264,4,2048,51200,256,1,1,1,137.151,72.376,44.098,122.506,138.251,0.0008,162.3,0.1913,74.699,0.0964,276.501,0.2894,141.54
8,14272,4,2048,51200,256,1,1,1,168.834,204.234,158.493,150.689,148.946,0.0008,146.192,0.1687,84.803,0.0896,297.892,0.2599,157.748
8,14280,4,2048,51200,256,1,1,1,136.869,74.22,43.851,119.52,135.108,0.0008,151.094,0.1978,72.39,0.0989,270.216,0.2984,137.578
8,14288,4,2048,51200,256,1,1,1,132.444,165.905,151.196,132.611,123.957,0.0008,147.075,0.1885,76.047,0.1079,247.914,0.2981,137.865
8,14296,4,2048,51200,256,1,1,1,137.86,78.586,43.914,102.039,131.358,0.0008,137.498,0.2099,68.372,0.102,262.717,0.3135,131.226
8,14304,4,2048,51200,256,1,1,1,151.777,202.072,150.214,150.691,161.576,0.0008,145.512,0.1765,81.393,0.083,323.153,0.2611,157.721
8,14312,4,2048,51200,256,1,1,1,118.56,78.819,44.202,118.338,104.66,0.0008,146.32,0.2123,67.759,0.1283,209.321,0.3422,120.503
8,14320,4,2048,51200,256,1,1,1,151.334,161.946,156.453,111.25,151.626,0.0008,146.509,0.1848,77.908,0.0886,303.253,0.2751,150.057
8,14328,4,2048,51200,256,1,1,1,117.25,70.803,45.095,117.426,98.648,0.0008,148.666,0.213,67.678,0.1364,197.295,0.351,117.728
8,14336,4,2048,51200,256,1,1,1,130.358,199.866,188.861,140.116,130.368,0.0008,147.406,0.1881,76.736,0.1033,260.736,0.293,141.206
8,14344,4,2048,51200,256,1,1,1,101.992,70.512,39.844,115.024,134.89,0.0008,161.941,0.2217,65.172,0.1,269.78,0.3232,128.121
8,14352,4,2048,51200,256,1,1,1,151.073,169.149,143.99,130.013,147.304,0.0008,128.244,0.193,74.917,0.0916,294.608,0.2863,144.816
8,14360,4,2048,51200,256,1,1,1,117.781,78.039,39.854,104.217,128.762,0.0008,143.509,0.2207,65.607,0.105,257.523,0.3272,126.834
8,14368,4,2048,51200,256,1,1,1,148.514,203.883,160.699,147.744,149.273,0.0008,144.336,0.1801,80.481,0.0906,298.545,0.2723,152.576
8,14376,4,2048,51200,256,1,1,1,136.55,79.369,39.421,99.484,129.15,0.0008,143.218,0.2109,68.781,0.1049,258.3,0.3174,131.041
8,14384,4,2048,51200,256,1,1,1,152.139,170.542,138.736,134.557,149.884,0.0008,141.82,0.1834,79.185,0.0905,299.768,0.2755,151.149
8,14392,4,2048,51200,256,1,1,1,118.538,73.284,39.863,116.518,118.691,0.0008,144.315,0.2174,66.891,0.1144,237.383,0.3334,125.057
8,14400,4,2048,51200,256,1,1,1,145.577,190.194,156.561,146.214,131.289,0.0008,131.085,0.191,76.199,0.1035,262.577,0.2962,140.925
8,14408,4,2048,51200,256,1,1,1,132.237,73.583,39.399,118.237,119.285,0.0008,145.649,0.2077,70.14,0.1141,238.569,0.3234,129.181
8,14416,4,2048,51200,256,1,1,1,133.459,151.903,144.157,131.335,133.15,0.0008,144.683,0.1926,75.743,0.1023,266.3,0.2965,141.069
8,14424,4,2048,51200,256,1,1,1,119.143,78.964,39.287,117.927,119.666,0.0008,144.729,0.2168,67.36,0.1139,239.332,0.3324,125.987
8,14432,4,2048,51200,256,1,1,1,148.313,194.575,151.221,148.218,148.477,0.0008,144.016,0.1818,80.408,0.0919,296.955,0.2754,152.233
8,14440,4,2048,51200,256,1,1,1,119.708,79.631,39.602,118.572,120.037,0.0008,143.782,0.217,67.441,0.1138,240.073,0.3325,126.223
8,14448,4,2048,51200,256,1,1,1,132.377,167.175,141.122,131.813,133.576,0.0008,143.918,0.194,75.514,0.1024,267.153,0.298,140.955
8,14456,4,2048,51200,256,1,1,1,120.956,75.151,39.863,119.494,121.241,0.0008,144.696,0.216,67.895,0.113,242.482,0.3306,127.216
8,14464,4,2048,51200,256,1,1,1,149.027,211.551,181.473,148.936,149.071,0.0008,144.073,0.1812,81.023,0.092,298.142,0.2748,153.226
8,14472,4,2048,51200,256,1,1,1,120.95,75.156,40.251,119.961,121.361,0.0008,143.807,0.2167,67.834,0.1131,242.722,0.3314,127.192
8,14480,4,2048,51200,256,1,1,1,133.306,172.494,143.575,132.934,133.394,0.0008,146.534,0.1922,76.531,0.103,266.789,0.2969,142.131
8,14488,4,2048,51200,256,1,1,1,120.171,79.042,39.806,119.236,120.342,0.0008,143.964,0.2175,67.724,0.1143,240.684,0.3334,126.693
8,14496,4,2048,51200,256,1,1,1,148.878,201.287,150.199,148.307,149.442,0.0008,144.949,0.1821,80.951,0.0922,298.885,0.2759,153.265
8,14504,4,2048,51200,256,1,1,1,120.928,79.868,39.895,119.763,121.151,0.0008,148.39,0.2146,68.789,0.1138,242.302,0.33,128.286
8,14512,4,2048,51200,256,1,1,1,133.008,159.985,140.881,132.561,134.503,0.0008,144.276,0.1947,75.877,0.1026,269.007,0.299,141.752
8,14520,4,2048,51200,256,1,1,1,120.493,76.547,40.31,120.166,121.461,0.0008,144.914,0.2173,68.084,0.1138,242.922,0.3326,127.544
8,14528,4,2048,51200,256,1,1,1,148.8,193.875,161.622,149.138,149.992,0.0008,144.382,0.1828,80.982,0.0922,299.984,0.2767,153.503
8,14536,4,2048,51200,256,1,1,1,120.282,76.037,40.417,120.2,121.053,0.0008,144.172,0.2182,67.931,0.1144,242.105,0.3342,127.213
8,14544,4,2048,51200,256,1,1,1,133.397,168.077,145.008,133.0,133.654,0.0008,144.189,0.1949,76.143,0.1037,267.309,0.3002,141.774
8,14552,4,2048,51200,256,1,1,1,120.443,79.696,40.731,120.233,120.561,0.0008,145.001,0.2176,68.273,0.1151,241.123,0.3343,127.456
8,14560,4,2048,51200,256,1,1,1,148.485,198.676,147.161,148.536,148.544,0.0008,144.554,0.1838,80.891,0.0935,297.087,0.279,152.901
8,14568,4,2048,51200,256,1,1,1,119.451,81.243,40.983,119.16,119.866,0.0008,144.503,0.219,67.966,0.116,239.733,0.3367,126.833
8,14576,4,2048,51200,256,1,1,1,133.442,158.688,143.532,133.42,133.79,0.0008,145.394,0.1949,76.446,0.1041,267.579,0.3006,142.199
8,14584,4,2048,51200,256,1,1,1,121.149,77.261,40.711,120.328,121.531,0.0008,144.558,0.2182,68.356,0.1147,243.062,0.3346,127.914
8,14592,4,2048,51200,256,1,1,1,149.96,228.302,196.53,148.982,149.162,0.0008,144.775,0.1824,81.876,0.0936,298.325,0.2776,154.359
8,14600,4,2048,51200,256,1,1,1,120.594,76.996,41.026,119.516,121.16,0.0008,143.659,0.2197,68.058,0.1153,242.32,0.3366,127.426
8,14608,4,2048,51200,256,1,1,1,133.264,166.564,134.221,132.484,133.764,0.0008,144.371,0.1966,76.132,0.1045,267.529,0.3027,141.823
8,14616,4,2048,51200,256,1,1,1,120.23,79.303,40.894,119.233,120.803,0.0008,143.676,0.2202,68.033,0.1159,241.606,0.3377,127.271
8,14624,4,2048,51200,256,1,1,1,149.078,204.234,156.143,147.526,148.414,0.0008,143.733,0.1852,80.996,0.0944,296.827,0.2812,153.01
8,14632,4,2048,51200,256,1,1,1,120.043,81.246,41.274,118.758,120.49,0.0008,143.814,0.2205,68.09,0.1164,240.979,0.3386,127.228
8,14640,4,2048,51200,256,1,1,1,133.042,165.484,139.047,131.603,133.552,0.0008,142.939,0.1983,75.794,0.1052,267.104,0.3051,141.343
8,14648,4,2048,51200,256,1,1,1,120.559,76.711,41.465,119.286,121.037,0.0008,143.737,0.2207,68.169,0.1162,242.074,0.3385,127.526
8,14656,4,2048,51200,256,1,1,1,149.055,206.281,157.612,147.376,148.984,0.0008,148.086,0.1832,82.192,0.0945,297.967,0.2793,154.701
8,14664,4,2048,51200,256,1,1,1,120.978,76.627,41.044,119.416,121.125,0.0008,144.066,0.2207,68.324,0.1163,242.25,0.3386,127.75
8,14672,4,2048,51200,256,1,1,1,134.042,163.172,144.241,132.226,133.355,0.0008,143.993,0.1975,76.411,0.1058,266.71,0.3049,142.024
8,14680,4,2048,51200,256,1,1,1,119.927,80.119,41.033,118.922,120.427,0.0008,144.114,0.2216,68.173,0.1173,240.854,0.3405,127.317
8,14688,4,2048,51200,256,1,1,1,147.911,209.153,157.713,147.523,148.194,0.0008,147.483,0.1847,81.896,0.0954,296.388,0.2817,154.066
8,14696,4,2048,51200,256,1,1,1,119.789,78.966,41.52,118.622,120.012,0.0008,144.085,0.2221,68.16,0.1179,240.024,0.3417,127.153
8,14704,4,2048,51200,256,1,1,1,132.81,157.005,144.406,131.367,133.937,0.0008,144.736,0.1988,76.253,0.1058,267.873,0.3062,142.055
8,14712,4,2048,51200,256,1,1,1,119.977,75.463,41.652,119.057,120.458,0.0008,147.49,0.2205,68.799,0.1178,240.916,0.3399,128.094
8,14720,4,2048,51200,256,1,1,1,149.814,205.574,180.892,150.47,149.056,0.0008,144.543,0.1852,81.99,0.0953,298.112,0.2821,154.504
8,14728,4,2048,51200,256,1,1,1,120.367,74.761,41.982,119.982,120.455,0.0008,144.113,0.2223,68.392,0.118,240.911,0.3419,127.608
8,14736,4,2048,51200,256,1,1,1,133.452,156.395,142.321,131.59,133.719,0.0008,145.023,0.1989,76.525,0.1064,267.438,0.3069,142.318
8,14744,4,2048,51200,256,1,1,1,119.567,75.892,41.829,118.532,119.495,0.0008,144.408,0.2234,68.199,0.1192,238.989,0.3443,127.025
8,14752,4,2048,51200,256,1,1,1,149.65,200.858,157.931,147.981,148.634,0.0008,144.483,0.1868,81.641,0.096,297.269,0.2844,153.927
8,14760,4,2048,51200,256,1,1,1,119.583,79.307,41.521,118.602,119.878,0.0008,144.525,0.2235,68.318,0.1191,239.756,0.3442,127.312
8,14768,4,2048,51200,256,1,1,1,133.093,161.862,143.217,131.683,133.118,0.0008,144.522,0.1999,76.451,0.1074,266.236,0.3089,142.012
8,14776,4,2048,51200,256,1,1,1,118.872,75.038,41.714,118.893,119.548,0.0008,147.241,0.223,68.598,0.1197,239.097,0.3444,127.532
8,14784,4,2048,51200,256,1,1,1,148.39,203.36,146.43,147.615,150.063,0.0008,144.692,0.1882,81.385,0.0955,300.127,0.2853,154.115
8,14792,4,2048,51200,256,1,1,1,118.822,72.82,41.532,118.299,119.117,0.0008,144.679,0.2253,68.038,0.1204,238.234,0.3474,126.7
8,14800,4,2048,51200,256,1,1,1,132.967,161.164,138.782,132.501,132.988,0.0008,144.749,0.2005,76.556,0.1079,265.977,0.3101,142.097
8,14808,4,2048,51200,256,1,1,1,118.978,78.848,41.055,119.28,119.693,0.0008,144.834,0.2249,68.323,0.1201,239.385,0.3466,127.26
8,14816,4,2048,51200,256,1,1,1,149.32,202.915,158.617,149.404,148.569,0.0008,145.072,0.1876,81.991,0.0968,297.139,0.286,154.355
8,14824,4,2048,51200,256,1,1,1,119.678,78.87,41.435,118.792,119.387,0.0008,144.677,0.2248,68.482,0.1206,238.774,0.3471,127.343
8,14832,4,2048,51200,256,1,1,1,132.973,164.051,143.189,131.864,133.006,0.0008,145.631,0.2006,76.834,0.1084,266.013,0.3106,142.447
8,14840,4,2048,51200,256,1,1,1,119.688,75.915,41.928,118.716,119.576,0.0008,147.522,0.2237,68.984,0.1207,239.152,0.346,128.021
8,14848,4,2048,51200,256,1,1,1,148.913,216.608,206.578,148.958,148.938,0.0008,145.653,0.1872,82.485,0.097,297.876,0.2859,155.117
8,14856,4,2048,51200,256,1,1,1,118.792,75.982,42.136,117.182,119.104,0.0008,145.222,0.2264,68.295,0.1214,238.207,0.3494,127.026
8,14864,4,2048,51200,256,1,1,1,132.356,161.171,143.975,131.431,133.435,0.0008,145.372,0.2019,76.649,0.1085,266.87,0.3121,142.398
8,14872,4,2048,51200,256,1,1,1,119.024,79.557,42.324,117.295,119.052,0.0008,145.344,0.2261,68.514,0.1218,238.103,0.3495,127.272
8,14880,4,2048,51200,256,1,1,1,148.618,205.145,154.266,147.103,148.557,0.0008,143.292,0.1907,81.341,0.0977,297.113,0.29,153.57
8,14888,4,2048,51200,256,1,1,1,119.602,80.219,42.031,117.589,119.703,0.0008,143.228,0.2273,68.308,0.1214,239.405,0.3503,127.268
8,14896,4,2048,51200,256,1,1,1,133.734,156.997,142.035,132.521,133.132,0.0008,143.405,0.2028,76.625,0.1092,266.265,0.3137,142.263
8,14904,4,2048,51200,256,1,1,1,119.756,76.243,41.803,118.284,119.846,0.0008,143.34,0.2277,68.331,0.1215,239.692,0.3508,127.35
8,14912,4,2048,51200,256,1,1,1,149.538,213.233,170.275,147.612,148.797,0.0008,144.28,0.1898,82.072,0.0979,297.593,0.2893,154.568
8,14920,4,2048,51200,256,1,1,1,119.554,75.509,42.415,117.896,119.993,0.0008,144.375,0.2276,68.504,0.1216,239.987,0.3508,127.617
8,14928,4,2048,51200,256,1,1,1,133.552,161.435,134.877,131.966,133.528,0.0008,145.588,0.2025,77.063,0.1094,267.057,0.3135,142.943
8,14936,4,2048,51200,256,1,1,1,118.66,79.467,42.097,118.304,119.007,0.0008,143.48,0.2288,68.268,0.1229,238.014,0.3533,126.972
8,14944,4,2048,51200,256,1,1,1,149.04,206.014,159.462,147.56,148.502,0.0008,145.63,0.1901,82.263,0.0986,297.004,0.2903,154.709
8,14952,4,2048,51200,256,1,1,1,118.903,80.123,42.212,117.709,119.312,0.0008,143.624,0.229,68.358,0.1228,238.623,0.3535,127.196
8,14960,4,2048,51200,256,1,1,1,133.095,170.332,142.27,131.777,132.895,0.0008,146.559,0.2026,77.358,0.1104,265.79,0.3146,143.068
8,14968,4,2048,51200,256,1,1,1,118.53,74.722,42.643,118.338,119.561,0.0008,143.724,0.2298,68.269,0.1228,239.121,0.3542,127.185
8,14976,4,2048,51200,256,1,1,1,146.97,206.761,193.9,147.158,146.723,0.0008,146.028,0.191,82.204,0.1002,293.446,0.2928,154.022
8,14984,4,2048,51200,256,1,1,1,118.696,73.338,42.747,118.088,119.146,0.0008,143.706,0.2302,68.285,0.1235,238.292,0.3553,127.057
8,14992,4,2048,51200,256,1,1,1,132.602,166.273,142.146,131.538,132.745,0.0008,146.011,0.204,77.135,0.111,265.49,0.3166,142.756
8,15000,4,2048,51200,256,1,1,1,118.922,79.01,42.566,118.31,119.465,0.0008,144.59,0.2294,68.675,0.1234,238.93,0.3544,127.649
8,15008,4,2048,51200,256,1,1,1,149.256,202.458,166.918,149.11,148.188,0.0008,144.849,0.1913,82.41,0.0996,296.375,0.2926,154.797
8,15016,4,2048,51200,256,1,1,1,119.558,80.232,42.759,118.488,119.464,0.0008,143.942,0.2294,68.794,0.1237,238.927,0.3548,127.795
8,15024,4,2048,51200,256,1,1,1,132.686,163.816,144.534,131.861,133.317,0.0008,144.926,0.2052,77.008,0.111,266.635,0.3178,142.823
8,15032,4,2048,51200,256,1,1,1,120.061,75.845,42.525,120.081,120.98,0.0008,144.182,0.2293,68.979,0.1224,241.96,0.3533,128.583
8,15040,4,2048,51200,256,1,1,1,149.434,206.536,167.728,150.457,149.241,0.0008,144.972,0.1915,82.676,0.0993,298.483,0.2925,155.512
8,15048,4,2048,51200,256,1,1,1,120.334,75.63,42.144,120.29,120.656,0.0008,144.058,0.2296,69.027,0.123,241.311,0.3543,128.524
8,15056,4,2048,51200,256,1,1,1,133.916,159.581,134.992,132.659,133.278,0.0008,144.224,0.2057,77.142,0.1115,266.556,0.3188,142.979
8,15064,4,2048,51200,256,1,1,1,120.489,79.611,42.108,120.074,120.442,0.0008,144.335,0.2294,69.224,0.1235,240.885,0.3546,128.686
8,15072,4,2048,51200,256,1,1,1,149.321,201.738,163.718,149.642,148.337,0.0008,144.223,0.1929,82.417,0.1004,296.675,0.2949,154.879
8,15080,4,2048,51200,256,1,1,1,119.819,79.232,42.711,119.559,120.493,0.0008,144.25,0.2304,69.083,0.1237,240.985,0.3557,128.539
8,15088,4,2048,51200,256,1,1,1,133.61,169.921,146.99,132.22,133.111,0.0008,145.18,0.2056,77.504,0.1121,266.221,0.3193,143.355
8,15096,4,2048,51200,256,1,1,1,121.281,76.287,43.191,119.938,121.488,0.0008,145.047,0.2292,69.593,0.1229,242.977,0.3537,129.526
8,15104,4,2048,51200,256,1,1,1,149.113,219.336,215.354,149.198,149.069,0.0008,145.025,0.1923,83.027,0.1003,298.138,0.2942,155.904
8,15112,4,2048,51200,256,1,1,1,120.608,77.634,43.574,119.269,120.781,0.0008,144.632,0.2303,69.403,0.1239,241.562,0.3558,129.043
8,15120,4,2048,51200,256,1,1,1,133.477,164.427,137.155,131.995,133.642,0.0008,143.812,0.2075,77.079,0.1121,267.283,0.3213,143.059
8,15128,4,2048,51200,256,1,1,1,120.468,79.571,43.437,119.541,120.74,0.0008,143.858,0.231,69.316,0.1242,241.48,0.3569,128.924
8,15136,4,2048,51200,256,1,1,1,148.201,207.997,170.773,147.642,148.465,0.0008,144.073,0.195,82.226,0.1011,296.93,0.2977,154.71
8,15144,4,2048,51200,256,1,1,1,120.038,80.744,43.062,119.058,120.563,0.0008,144.162,0.2317,69.26,0.1247,241.126,0.358,128.794
8,15152,4,2048,51200,256,1,1,1,133.806,160.586,150.114,131.885,133.387,0.0008,144.607,0.2073,77.484,0.1128,266.774,0.3217,143.454
8,15160,4,2048,51200,256,1,1,1,120.131,76.579,43.253,118.806,120.444,0.0008,144.017,0.2324,69.177,0.1251,240.887,0.3591,128.653
8,15168,4,2048,51200,256,1,1,1,148.984,215.944,175.958,148.539,149.68,0.0008,144.065,0.1948,82.606,0.1007,299.36,0.2972,155.618
8,15176,4,2048,51200,256,1,1,1,120.388,76.765,43.397,119.051,120.475,0.0008,144.131,0.2324,69.323,0.1253,240.95,0.3593,128.842
8,15184,4,2048,51200,256,1,1,1,133.293,167.516,143.986,132.736,133.402,0.0008,144.312,0.2083,77.423,0.1133,266.804,0.3232,143.395
8,15192,4,2048,51200,256,1,1,1,119.697,80.22,43.15,118.29,120.228,0.0008,144.09,0.2334,69.187,0.1258,240.455,0.3608,128.59
8,15200,4,2048,51200,256,1,1,1,147.092,211.58,162.276,147.194,147.161,0.0008,145.164,0.1963,82.326,0.1029,294.322,0.3008,154.386
8,15208,4,2048,51200,256,1,1,1,118.762,79.31,43.653,118.001,119.614,0.0008,144.242,0.2344,69.018,0.1267,239.228,0.3628,128.161
8,15216,4,2048,51200,256,1,1,1,133.162,161.371,142.507,131.986,133.528,0.0008,144.22,0.2095,77.318,0.1136,267.056,0.3247,143.325
8,15224,4,2048,51200,256,1,1,1,116.545,75.267,43.827,116.136,117.168,0.0008,144.229,0.2374,68.276,0.1296,234.337,0.3687,126.356
8,15232,4,2048,51200,256,1,1,1,147.751,205.011,176.92,144.96,146.094,0.0008,144.566,0.1972,82.3,0.1041,292.188,0.3029,153.986
8,15240,4,2048,51200,256,1,1,1,119.266,74.816,44.258,119.016,119.195,0.0008,144.312,0.2347,69.221,0.1277,238.39,0.364,128.259
8,15248,4,2048,51200,256,1,1,1,132.751,174.668,135.561,132.707,133.017,0.0008,144.397,0.2101,77.403,0.1146,266.034,0.3263,143.245
8,15256,4,2048,51200,256,1,1,1,118.832,80.115,44.235,117.664,118.769,0.0008,144.855,0.235,69.267,0.1284,237.539,0.3651,128.153
8,15264,4,2048,51200,256,1,1,1,148.084,206.689,164.907,146.952,147.275,0.0008,144.651,0.1974,82.535,0.1037,294.55,0.3027,154.704
8,15272,4,2048,51200,256,1,1,1,118.768,81.214,44.16,117.973,119.019,0.0008,144.476,0.2355,69.257,0.1284,238.038,0.3656,128.24
8,15280,4,2048,51200,256,1,1,1,133.331,172.305,148.488,132.648,133.812,0.0008,144.644,0.21,77.763,0.1143,267.625,0.3259,143.981
8,15288,4,2048,51200,256,1,1,1,119.515,75.873,43.485,119.086,119.984,0.0008,144.385,0.2357,69.352,0.1277,239.968,0.365,128.72
8,15296,4,2048,51200,256,1,1,1,148.647,210.811,165.821,150.139,149.297,0.0008,147.987,0.1951,83.84,0.1027,298.595,0.2995,157.036
8,15304,4,2048,51200,256,1,1,1,120.179,76.007,43.452,119.613,120.524,0.0008,147.707,0.2334,70.176,0.1274,241.047,0.3624,129.911
8,15312,4,2048,51200,256,1,1,1,133.264,162.937,143.138,132.868,132.977,0.0008,144.682,0.2109,77.726,0.1155,265.954,0.3281,143.627
8,15320,4,2048,51200,256,1,1,1,120.228,80.518,43.487,119.849,120.43,0.0008,144.9,0.2349,69.848,0.1277,240.86,0.3643,129.488
8,15328,4,2048,51200,256,1,1,1,148.468,207.81,162.333,148.34,148.716,0.0008,145.023,0.198,82.945,0.1035,297.431,0.3032,155.738
8,15336,4,2048,51200,256,1,1,1,120.616,79.46,44.146,120.177,120.946,0.0008,148.246,0.2328,70.624,0.1274,241.893,0.3619,130.614
8,15344,4,2048,51200,256,1,1,1,132.842,164.408,155.187,132.217,133.474,0.0008,144.908,0.2116,77.799,0.1156,266.947,0.3288,143.911
8,15352,4,2048,51200,256,1,1,1,113.719,77.331,44.317,112.051,107.499,0.0008,144.797,0.2436,67.649,0.1437,214.998,0.3889,121.804
8,15360,4,2048,51200,256,1,1,1,122.938,219.056,213.574,121.235,123.429,0.0008,147.309,0.2184,75.5,0.1253,246.859,0.3453,137.305
8,15368,4,2048,51200,256,1,1,1,103.325,77.351,44.679,106.859,102.622,0.0008,143.196,0.2568,64.289,0.1508,205.243,0.4093,115.978
8,15376,4,2048,51200,256,1,1,1,132.014,161.771,147.087,130.345,131.721,0.0008,143.428,0.2144,77.091,0.1176,263.441,0.3336,142.414
8,15384,4,2048,51200,256,1,1,1,120.323,79.455,44.177,119.28,120.585,0.0008,143.367,0.2374,69.688,0.1286,241.171,0.3676,129.371
8,15392,4,2048,51200,256,1,1,1,148.52,216.778,174.295,148.525,148.382,0.0008,143.788,0.1997,82.928,0.1046,296.764,0.306,155.617
8,15400,4,2048,51200,256,1,1,1,120.496,80.007,44.399,119.439,120.807,0.0008,144.14,0.237,69.942,0.1287,241.614,0.3673,129.762
8,15408,4,2048,51200,256,1,1,1,133.125,168.626,146.514,131.887,133.63,0.0008,143.488,0.2138,77.601,0.1164,267.259,0.3319,143.75
8,15416,4,2048,51200,256,1,1,1,119.789,76.296,44.431,119.287,120.375,0.0008,144.223,0.2382,69.716,0.1294,240.751,0.3693,129.331
8,15424,4,2048,51200,256,1,1,1,148.887,211.408,172.459,148.017,148.885,0.0008,143.64,0.2004,82.966,0.1047,297.77,0.3067,155.855
8,15432,4,2048,51200,256,1,1,1,120.181,76.829,44.115,119.004,120.535,0.0008,143.519,0.2389,69.675,0.1295,241.07,0.37,129.344
8,15440,4,2048,51200,256,1,1,1,133.298,172.62,149.582,131.541,133.182,0.0008,143.654,0.2142,77.767,0.1173,266.363,0.3332,143.785
8,15448,4,2048,51200,256,1,1,1,119.11,78.39,44.343,118.102,119.846,0.0008,144.437,0.2396,69.599,0.1305,239.692,0.3718,128.998
8,15456,4,2048,51200,256,1,1,1,147.993,207.606,167.464,148.7,147.673,0.0008,143.883,0.2014,82.898,0.106,295.346,0.309,155.34
8,15464,4,2048,51200,256,1,1,1,117.518,78.601,44.624,116.736,117.154,0.0008,143.663,0.2421,69.018,0.1338,234.309,0.3775,127.283
8,15472,4,2048,51200,256,1,1,1,116.261,163.705,140.677,120.513,111.323,0.0008,143.832,0.2308,72.457,0.1409,222.645,0.3734,128.816
8,15480,4,2048,51200,256,1,1,1,99.284,75.117,45.089,104.809,99.039,0.0008,144.348,0.2645,63.305,0.1586,198.077,0.4247,113.377
8,15488,4,2048,51200,256,1,1,1,148.496,209.013,194.036,145.003,147.356,0.0008,144.085,0.2018,83.037,0.1067,294.711,0.3102,155.412
8,15496,4,2048,51200,256,1,1,1,119.196,75.08,45.331,118.212,118.883,0.0008,143.933,0.241,69.611,0.1324,237.765,0.375,128.66
8,15504,4,2048,51200,256,1,1,1,133.391,164.197,154.458,131.343,133.327,0.0008,144.773,0.2149,78.135,0.1182,266.655,0.3347,144.298
8,15512,4,2048,51200,256,1,1,1,119.394,80.799,45.091,117.598,118.95,0.0008,144.864,0.2404,69.929,0.1326,237.899,0.3746,129.066
8,15520,4,2048,51200,256,1,1,1,148.441,203.125,167.88,148.476,148.001,0.0008,144.714,0.202,83.317,0.1067,296.002,0.3103,155.99
8,15528,4,2048,51200,256,1,1,1,119.061,79.318,44.424,117.669,119.268,0.0008,144.07,0.2418,69.654,0.1325,238.536,0.376,128.862
8,15536,4,2048,51200,256,1,1,1,132.402,162.254,144.533,132.007,132.91,0.0008,144.07,0.2168,77.757,0.119,265.821,0.3375,143.695
8,15544,4,2048,51200,256,1,1,1,118.826,75.722,44.443,118.377,119.344,0.0008,146.127,0.2412,69.962,0.1327,238.689,0.3756,129.261
8,15552,4,2048,51200,256,1,1,1,149.309,203.493,172.89,146.847,149.022,0.0008,144.19,0.2027,83.361,0.1064,298.044,0.3107,156.422
8,15560,4,2048,51200,256,1,1,1,118.923,75.557,44.295,117.875,118.648,0.0008,144.078,0.243,69.591,0.1337,237.296,0.3784,128.558
8,15568,4,2048,51200,256,1,1,1,132.967,169.532,150.847,132.142,133.444,0.0008,144.152,0.2168,78.089,0.119,266.887,0.3375,144.301
8,15576,4,2048,51200,256,1,1,1,119.542,79.988,44.636,118.917,119.708,0.0008,145.063,0.2415,70.167,0.1328,239.415,0.376,129.65
8,15584,4,2048,51200,256,1,1,1,148.406,200.276,163.3,148.75,148.04,0.0008,144.208,0.2037,83.29,0.1075,296.08,0.3128,155.987
8,15592,4,2048,51200,256,1,1,1,120.317,79.423,44.779,119.53,120.561,0.0008,144.918,0.2412,70.404,0.1322,241.121,0.375,130.26
8,15600,4,2048,51200,256,1,1,1,133.173,171.017,144.023,132.644,134.032,0.0008,145.078,0.2168,78.402,0.119,268.063,0.3374,144.904
8,15608,4,2048,51200,256,1,1,1,120.662,76.96,44.645,120.495,120.552,0.0008,145.081,0.2411,70.551,0.1324,241.104,0.3752,130.435
8,15616,4,2048,51200,256,1,1,1,149.222,223.406,222.889,150.541,148.842,0.0008,144.821,0.202,84.298,0.1074,297.684,0.311,157.525
8,15624,4,2048,51200,256,1,1,1,120.133,77.339,44.838,119.022,120.134,0.0008,143.569,0.2432,70.081,0.1332,240.267,0.3781,129.724
8,15632,4,2048,51200,256,1,1,1,133.361,169.735,146.975,131.498,133.191,0.0008,143.64,0.2185,78.108,0.1202,266.381,0.3403,144.247
8,15640,4,2048,51200,256,1,1,1,119.918,79.822,45.036,118.441,120.395,0.0008,143.61,0.2437,70.093,0.1332,240.789,0.3785,129.841
8,15648,4,2048,51200,256,1,1,1,148.642,207.062,162.204,148.5,149.304,0.0008,144.564,0.2046,83.582,0.1075,298.609,0.3137,156.821
8,15656,4,2048,51200,256,1,1,1,119.575,80.098,44.809,118.427,119.762,0.0008,144.628,0.2438,70.211,0.1341,239.525,0.3795,129.741
8,15664,4,2048,51200,256,1,1,1,133.18,157.323,149.243,131.577,133.278,0.0008,144.539,0.2189,78.268,0.1206,266.557,0.3412,144.475
8,15672,4,2048,51200,256,1,1,1,119.598,76.368,44.617,118.922,119.839,0.0008,143.722,0.2449,70.014,0.1343,239.677,0.3809,129.539
8,15680,4,2048,51200,256,1,1,1,149.115,208.162,176.394,147.838,150.482,0.0008,144.174,0.205,83.719,0.1071,300.963,0.3137,157.422
8,15688,4,2048,51200,256,1,1,1,119.527,76.708,45.083,118.79,120.08,0.0008,143.994,0.2451,70.107,0.1343,240.161,0.3811,129.746
8,15696,4,2048,51200,256,1,1,1,133.411,162.862,145.85,131.52,133.187,0.0008,143.891,0.2198,78.246,0.1212,266.373,0.3427,144.418
8,15704,4,2048,51200,256,1,1,1,119.397,80.522,44.621,117.995,119.958,0.0008,143.9,0.2457,70.079,0.1347,239.916,0.3821,129.668
8,15712,4,2048,51200,256,1,1,1,148.373,209.043,171.944,149.437,149.369,0.0008,144.188,0.2058,83.719,0.1083,298.738,0.3158,157.03
8,15720,4,2048,51200,256,1,1,1,119.403,80.071,45.051,118.505,119.989,0.0008,144.081,0.2457,70.205,0.135,239.979,0.3823,129.833
8,15728,4,2048,51200,256,1,1,1,132.676,163.384,151.456,132.271,133.035,0.0008,144.905,0.22,78.47,0.1219,266.07,0.3436,144.635
8,15736,4,2048,51200,256,1,1,1,119.435,75.687,45.509,118.489,119.936,0.0008,144.02,0.2464,70.152,0.1353,239.872,0.3833,129.754
8,15744,4,2048,51200,256,1,1,1,148.57,211.787,192.376,149.946,148.71,0.0008,148.772,0.2031,85.184,0.1092,297.419,0.314,158.583
8,15752,4,2048,51200,256,1,1,1,119.504,75.14,45.466,118.963,120.134,0.0008,144.318,0.2464,70.272,0.1354,240.267,0.3835,129.978
8,15760,4,2048,51200,256,1,1,1,132.863,168.161,156.7,131.825,133.162,0.0008,144.272,0.2209,78.472,0.1222,266.324,0.3448,144.696
8,15768,4,2048,51200,256,1,1,1,119.16,79.177,44.687,,119.375,0.0008,144.083,,0.0,0.1365,238.75,,0.0
8,15776,4,2048,51200,256,1,1,1,149.202,211.343,153.936,150.177,148.351,0.0008,144.458,0.2067,84.034,0.1099,296.702,0.3183,157.064
8,15784,4,2048,51200,256,1,1,1,119.987,81.774,44.783,119.093,120.322,0.0008,144.336,0.2464,70.571,0.1357,240.644,0.3837,130.411
8,15792,4,2048,51200,256,1,1,1,133.079,159.587,147.061,132.769,134.384,0.0008,144.523,0.2215,78.582,0.1216,268.767,0.3447,145.302
8,15800,4,2048,51200,256,1,1,1,120.269,75.637,44.729,120.308,120.809,0.0008,145.14,0.2462,70.758,0.1354,241.617,0.3833,130.821
8,15808,4,2048,51200,256,1,1,1,148.9,210.387,168.814,149.424,149.111,0.0008,144.683,0.2072,84.157,0.1098,298.222,0.3187,157.498
8,15816,4,2048,51200,256,1,1,1,120.668,75.973,45.032,120.759,121.177,0.0008,144.555,0.2464,70.845,0.1353,242.354,0.3833,131.069
8,15824,4,2048,51200,256,1,1,1,133.247,161.836,142.204,133.936,133.554,0.0008,144.606,0.2218,78.771,0.1229,267.108,0.3463,145.215
8,15832,4,2048,51200,256,1,1,1,120.277,79.894,44.979,120.092,120.84,0.0008,145.323,0.2465,70.957,0.1359,241.681,0.3841,131.078
8,15840,4,2048,51200,256,1,1,1,148.487,203.466,151.965,149.632,148.131,0.0008,144.776,0.2084,83.996,0.111,296.263,0.3211,156.953
8,15848,4,2048,51200,256,1,1,1,120.325,79.636,44.794,120.203,120.497,0.0008,145.38,0.2468,70.996,0.1366,240.994,0.3851,130.994
8,15856,4,2048,51200,256,1,1,1,133.24,156.342,145.927,132.325,133.84,0.0008,145.393,0.2224,78.868,0.1231,267.68,0.3472,145.445
8,15864,4,2048,51200,256,1,1,1,120.746,77.167,45.124,120.785,121.238,0.0008,145.326,0.2468,71.128,0.136,242.477,0.3846,131.437
8,15872,4,2048,51200,256,1,1,1,149.544,215.862,220.693,149.316,150.077,0.0008,144.714,0.2073,84.769,0.11,300.155,0.319,158.619
8,15880,4,2048,51200,256,1,1,1,120.447,77.974,45.509,119.179,120.903,0.0008,144.124,0.2485,70.781,0.1367,241.806,0.3869,130.905
8,15888,4,2048,51200,256,1,1,1,132.354,162.59,146.721,131.072,132.876,0.0008,144.135,0.2247,78.376,0.1245,265.752,0.3508,144.507
8,15896,4,2048,51200,256,1,1,1,120.173,80.226,45.226,118.373,120.32,0.0008,144.315,0.2492,70.743,0.1376,240.64,0.3884,130.639
8,15904,4,2048,51200,256,1,1,1,148.579,205.864,180.673,149.195,148.667,0.0008,144.125,0.2096,84.193,0.1115,297.335,0.3227,157.409
8,15912,4,2048,51200,256,1,1,1,119.967,81.118,44.899,118.99,120.38,0.0008,144.161,0.2497,70.739,0.1378,240.761,0.3892,130.66
8,15920,4,2048,51200,256,1,1,1,133.362,161.382,143.039,132.142,133.576,0.0008,144.283,0.2244,78.767,0.1243,267.153,0.3504,145.244
8,15928,4,2048,51200,256,1,1,1,120.993,76.617,45.335,119.467,121.019,0.0008,144.413,0.2491,71.025,0.1374,242.038,0.3882,131.249
8,15936,4,2048,51200,256,1,1,1,149.677,208.096,158.687,149.109,149.07,0.0008,145.332,0.2092,84.659,0.1116,298.141,0.3225,158.132
8,15944,4,2048,51200,256,1,1,1,120.805,77.042,45.453,119.479,121.112,0.0008,144.254,0.2497,70.999,0.1376,242.224,0.3889,131.254
8,15952,4,2048,51200,256,1,1,1,133.609,149.956,146.422,133.007,133.517,0.0008,146.359,0.2236,79.366,0.1249,267.035,0.3502,145.932
8,15960,4,2048,51200,256,1,1,1,120.217,80.642,45.245,119.634,120.577,0.0008,144.526,0.2501,71.017,0.1384,241.153,0.3902,131.075
8,15968,4,2048,51200,256,1,1,1,149.139,204.453,164.428,148.208,148.593,0.0008,144.701,0.2107,84.406,0.1125,297.185,0.3248,157.654
8,15976,4,2048,51200,256,1,1,1,120.117,79.866,45.445,119.267,120.48,0.0008,144.69,0.2506,71.016,0.1388,240.961,0.3911,131.039
8,15984,4,2048,51200,256,1,1,1,132.995,162.168,152.454,131.637,133.53,0.0008,144.567,0.2258,78.905,0.1254,267.06,0.3528,145.403
8,15992,4,2048,51200,256,1,1,1,121.027,75.005,45.296,120.25,121.084,0.0008,144.609,0.2505,71.199,0.1384,242.169,0.3906,131.492
8,16000,4,2048,51200,256,1,1,1,149.541,206.514,181.155,150.449,149.035,0.0008,144.859,0.2102,84.908,0.1126,298.071,0.3244,158.442
8,16008,4,2048,51200,256,1,1,1,120.566,75.034,45.233,120.156,120.388,0.0008,145.568,0.2507,71.275,0.1395,240.775,0.3918,131.318
8,16016,4,2048,51200,256,1,1,1,133.962,166.17,147.844,133.164,133.303,0.0008,144.765,0.2254,79.367,0.1261,266.606,0.3531,145.869
8,16024,4,2048,51200,256,1,1,1,120.463,79.157,45.215,119.885,120.536,0.0008,144.83,0.2514,71.226,0.1396,241.072,0.3926,131.321
8,16032,4,2048,51200,256,1,1,1,149.559,198.973,172.648,148.931,148.355,0.0008,144.839,0.2114,84.762,0.1135,296.709,0.3266,158.017
8,16040,4,2048,51200,256,1,1,1,119.819,79.845,45.249,118.797,119.65,0.0008,145.589,0.2521,71.158,0.1409,239.299,0.3947,130.901
8,16048,4,2048,51200,256,1,1,1,132.795,167.559,145.898,132.005,133.081,0.0008,145.6,0.2267,79.218,0.1268,266.161,0.3551,145.613
8,16056,4,2048,51200,256,1,1,1,118.315,73.474,44.994,118.593,118.987,0.0008,144.883,0.255,70.485,0.142,237.975,0.3986,129.851
8,16064,4,2048,51200,256,1,1,1,149.284,204.211,185.041,148.793,148.636,0.0008,145.725,0.2114,85.097,0.1138,297.273,0.3268,158.534
8,16072,4,2048,51200,256,1,1,1,119.461,75.342,45.315,119.565,119.963,0.0008,145.854,0.2532,71.126,0.1411,239.926,0.3959,130.99
8,16080,4,2048,51200,256,1,1,1,132.686,162.341,143.13,132.039,133.111,0.0008,145.224,0.2278,79.109,0.1273,266.222,0.3568,145.503
8,16088,4,2048,51200,256,1,1,1,118.645,80.287,44.728,118.245,119.072,0.0008,144.736,0.2551,70.719,0.1425,238.145,0.3992,130.166
8,16096,4,2048,51200,256,1,1,1,149.377,194.239,163.648,149.674,148.623,0.0008,145.73,0.2123,85.048,0.1142,297.246,0.3282,158.478
8,16104,4,2048,51200,256,1,1,1,118.512,78.96,45.085,117.96,118.997,0.0008,145.661,0.2552,70.847,0.1428,237.993,0.3996,130.29
8,16112,4,2048,51200,256,1,1,1,132.076,154.706,146.789,131.481,131.711,0.0008,146.054,0.2287,79.126,0.1292,263.422,0.3595,144.98
8,16120,4,2048,51200,256,1,1,1,117.624,73.324,45.556,117.066,117.418,0.0008,145.007,0.2575,70.348,0.145,234.837,0.4042,129.088
8,16128,4,2048,51200,256,1,1,1,144.457,215.535,222.68,144.47,143.498,0.0008,145.436,0.216,83.943,0.1188,286.996,0.3364,155.24
8,16136,4,2048,51200,256,1,1,1,116.405,70.8,45.506,115.681,116.467,0.0008,143.318,0.2608,69.578,0.1465,232.934,0.409,127.819
8,16144,4,2048,51200,256,1,1,1,131.587,157.074,154.243,130.868,132.348,0.0008,144.205,0.2309,78.681,0.1291,264.696,0.3616,144.724
8,16152,4,2048,51200,256,1,1,1,116.964,79.034,44.893,116.396,117.482,0.0008,143.47,0.2597,70.002,0.1455,234.965,0.4069,128.718
8,16160,4,2048,51200,256,1,1,1,148.394,207.126,172.231,147.661,149.155,0.0008,144.536,0.215,84.634,0.1147,298.309,0.3314,158.196
8,16168,4,2048,51200,256,1,1,1,118.319,79.929,45.327,117.541,118.789,0.0008,144.267,0.2578,70.662,0.1442,237.578,0.4037,130.008
8,16176,4,2048,51200,256,1,1,1,132.628,163.388,154.25,131.308,132.955,0.0008,143.674,0.2309,78.966,0.129,265.911,0.3615,145.3
8,16184,4,2048,51200,256,1,1,1,118.258,74.195,45.041,117.335,118.633,0.0008,143.47,0.2594,70.349,0.1447,237.266,0.4058,129.581
8,16192,4,2048,51200,256,1,1,1,149.225,217.249,178.929,147.576,148.594,0.0008,143.808,0.2155,84.793,0.1156,297.189,0.3327,158.189
8,16200,4,2048,51200,256,1,1,1,119.108,75.541,45.28,118.37,119.224,0.0008,144.251,0.258,70.868,0.1443,238.448,0.4039,130.425
8,16208,4,2048,51200,256,1,1,1,132.728,160.447,155.021,131.553,133.33,0.0008,144.594,0.2309,79.262,0.1291,266.659,0.3617,145.8
8,16216,4,2048,51200,256,1,1,1,119.272,80.927,45.15,118.742,119.502,0.0008,143.763,0.258,71.001,0.1442,239.005,0.4039,130.694
8,16224,4,2048,51200,256,1,1,1,148.973,203.75,174.671,148.604,148.541,0.0008,143.99,0.2162,84.835,0.1161,297.083,0.3339,158.227
8,16232,4,2048,51200,256,1,1,1,120.152,79.892,44.659,119.531,120.983,0.0008,143.746,0.2576,71.25,0.1427,241.966,0.402,131.564
8,16240,4,2048,51200,256,1,1,1,132.872,163.57,150.688,132.311,133.397,0.0008,144.064,0.2317,79.291,0.1296,266.793,0.363,145.867
8,16248,4,2048,51200,256,1,1,1,120.766,75.319,44.996,120.368,120.717,0.0008,143.948,0.2574,71.446,0.1433,241.434,0.4024,131.697
8,16256,4,2048,51200,256,1,1,1,148.801,211.997,195.64,149.13,149.052,0.0008,144.265,0.2162,85.146,0.1162,298.104,0.334,158.806
8,16264,4,2048,51200,256,1,1,1,120.553,75.406,45.483,119.666,120.906,0.0008,143.755,0.2582,71.364,0.1434,241.811,0.4032,131.681
8,16272,4,2048,51200,256,1,1,1,132.684,156.608,153.729,131.896,132.846,0.0008,144.188,0.2327,79.269,0.1306,265.693,0.3649,145.637
8,16280,4,2048,51200,256,1,1,1,120.462,78.976,45.309,119.507,120.187,0.0008,144.005,0.2583,71.479,0.1445,240.373,0.4045,131.538
8,16288,4,2048,51200,256,1,1,1,148.402,203.342,157.036,147.964,148.322,0.0008,144.622,0.2179,84.812,0.1172,296.645,0.3368,158.137
8,16296,4,2048,51200,256,1,1,1,120.191,80.41,45.669,120.082,120.251,0.0008,144.238,0.2584,71.589,0.1447,240.502,0.4048,131.694
8,16304,4,2048,51200,256,1,1,1,133.121,162.37,146.464,132.544,133.358,0.0008,144.176,0.233,79.473,0.1306,266.715,0.3653,146.081
8,16312,4,2048,51200,256,1,1,1,120.321,76.655,45.407,119.722,121.275,0.0008,144.466,0.259,71.548,0.1438,242.55,0.4045,132.049
8,16320,4,2048,51200,256,1,1,1,148.766,196.659,178.355,148.572,147.79,0.0008,143.622,0.2185,84.88,0.1181,295.579,0.3383,158.029
8,16328,4,2048,51200,256,1,1,1,120.375,76.826,45.304,120.178,121.172,0.0008,144.246,0.2594,71.584,0.1442,242.343,0.4052,132.052
8,16336,4,2048,51200,256,1,1,1,132.816,165.904,156.37,131.655,132.909,0.0008,144.378,0.2337,79.529,0.1316,265.818,0.3669,145.978
8,16344,4,2048,51200,256,1,1,1,119.187,80.233,45.793,118.773,119.253,0.0008,144.474,0.2607,71.353,0.1468,238.505,0.4092,131.034
8,16352,4,2048,51200,256,1,1,1,147.495,198.321,171.549,148.323,147.431,0.0008,144.42,0.2196,84.8,0.1189,294.863,0.3401,157.804
8,16360,4,2048,51200,256,1,1,1,119.523,80.224,45.932,119.404,119.636,0.0008,143.726,0.2611,71.393,0.1466,239.273,0.4093,131.234
8,16368,4,2048,51200,256,1,1,1,133.139,164.256,152.098,132.801,133.369,0.0008,144.618,0.2339,79.776,0.1316,266.739,0.3672,146.456
8,16376,4,2048,51200,256,1,1,1,120.255,77.646,46.453,119.711,120.446,0.0008,144.383,0.2604,71.723,0.1459,240.893,0.4079,131.943
8,16384,4,2048,51200,256,1,1,1,149.521,217.061,218.685,148.249,149.364,0.0008,143.881,0.2185,85.554,0.1178,298.728,0.3379,159.459
8,16392,4,2048,51200,256,1,1,1,120.569,78.003,41.324,119.477,121.11,0.0008,143.922,0.2623,71.331,0.1454,242.22,0.4094,131.731
8,16400,4,2048,51200,256,1,1,1,133.234,158.116,146.66,131.878,133.113,0.0008,143.779,0.2356,79.503,0.1324,266.227,0.3697,146.026
8,16408,4,2048,51200,256,1,1,1,119.559,80.339,41.593,118.491,119.652,0.0009,143.913,0.2636,71.101,0.1475,239.303,0.4128,130.893
8,16416,4,2048,51200,256,1,1,1,147.304,202.047,177.935,147.381,149.539,0.0009,144.018,0.2213,84.776,0.1181,299.079,0.3411,158.54
8,16424,4,2048,51200,256,1,1,1,119.306,80.888,41.201,118.242,119.546,0.0009,143.866,0.2645,71.013,0.1479,239.092,0.4141,130.748
8,16432,4,2048,51200,256,1,1,1,132.683,171.066,139.536,132.065,132.89,0.0009,144.063,0.2364,79.526,0.1332,265.78,0.3713,145.96
8,16440,4,2048,51200,256,1,1,1,120.841,77.722,41.574,119.267,121.168,0.0009,143.948,0.2632,71.48,0.1462,242.336,0.4111,131.927
8,16448,4,2048,51200,256,1,1,1,148.741,209.709,170.471,148.566,149.468,0.0009,145.927,0.2197,85.742,0.1186,298.936,0.34,159.689
8,16456,4,2048,51200,256,1,1,1,120.955,77.914,41.598,119.939,121.058,0.0009,144.412,0.263,71.682,0.1466,242.116,0.4113,132.125
8,16464,4,2048,51200,256,1,1,1,133.399,164.793,137.221,132.289,133.352,0.0009,145.814,0.2355,80.11,0.1332,266.703,0.3705,146.829
8,16472,4,2048,51200,256,1,1,1,119.87,80.927,40.895,119.691,120.323,0.0009,144.022,0.2647,71.357,0.1478,240.646,0.4142,131.458
8,16480,4,2048,51200,256,1,1,1,149.106,206.095,157.257,147.933,147.975,0.0009,144.36,0.2216,85.322,0.1203,295.951,0.3436,158.632
8,16488,4,2048,51200,256,1,1,1,119.911,79.466,41.266,119.611,120.471,0.0009,144.136,0.265,71.406,0.1479,240.943,0.4146,131.577
8,16496,4,2048,51200,256,1,1,1,132.61,158.509,136.213,131.692,133.657,0.0009,145.158,0.2376,79.716,0.1334,267.314,0.3728,146.497
8,16504,4,2048,51200,256,1,1,1,120.654,76.075,41.731,120.014,120.758,0.0009,144.419,0.2646,71.66,0.1478,241.516,0.4141,131.99
8,16512,4,2048,51200,256,1,1,1,148.636,210.897,195.756,150.014,148.74,0.0009,146.901,0.2197,86.379,0.1201,297.48,0.3415,160.193
8,16520,4,2048,51200,256,1,1,1,120.568,75.405,41.833,120.382,120.603,0.0009,144.3,0.265,71.665,0.1483,241.206,0.4151,131.937
8,16528,4,2048,51200,256,1,1,1,133.271,163.233,142.847,132.508,133.219,0.0009,144.539,0.2377,79.973,0.1344,266.438,0.3739,146.625
8,16536,4,2048,51200,256,1,1,1,120.813,79.503,41.766,119.582,120.528,0.0009,144.343,0.2651,71.79,0.1487,241.057,0.4155,132.056
8,16544,4,2048,51200,256,1,1,1,148.578,211.776,155.556,149.594,148.572,0.0009,144.747,0.2226,85.573,0.1207,297.144,0.3451,159.163
8,16552,4,2048,51200,256,1,1,1,119.695,79.895,41.711,119.65,119.642,0.0009,144.777,0.2662,71.624,0.1501,239.284,0.418,131.514
8,16560,4,2048,51200,256,1,1,1,132.568,160.211,142.779,132.183,132.202,0.0009,145.44,0.2385,80.0,0.1359,264.405,0.3762,146.258
8,16568,4,2048,51200,256,1,1,1,118.581,75.438,41.188,118.299,119.421,0.0009,144.5,0.2688,71.05,0.1506,238.842,0.4212,130.756
8,16576,4,2048,51200,256,1,1,1,148.382,207.766,178.123,148.225,150.459,0.0009,145.659,0.2226,85.872,0.1197,300.918,0.3441,160.237
8,16584,4,2048,51200,256,1,1,1,119.026,74.261,41.325,118.914,118.862,0.0009,145.503,0.268,71.398,0.1516,237.724,0.4214,130.946
8,16592,4,2048,51200,256,1,1,1,131.935,156.446,134.443,132.295,132.371,0.0009,144.713,0.2405,79.637,0.1363,264.742,0.3786,145.908
8,16600,4,2048,51200,256,1,1,1,118.269,79.71,41.221,117.905,118.422,0.0009,144.727,0.2695,71.135,0.1525,236.843,0.4238,130.468
8,16608,4,2048,51200,256,1,1,1,148.463,197.094,174.304,149.46,149.237,0.0009,144.844,0.2238,85.765,0.1211,298.474,0.3466,159.658
8,16616,4,2048,51200,256,1,1,1,118.162,78.581,41.38,117.759,118.947,0.0009,145.578,0.2696,71.257,0.1521,237.894,0.4235,130.822
8,16624,4,2048,51200,256,1,1,1,132.028,162.324,140.145,131.807,132.252,0.0009,145.727,0.2403,79.997,0.1369,264.504,0.379,146.287
8,16632,4,2048,51200,256,1,1,1,117.367,73.122,41.583,117.384,118.208,0.0009,145.743,0.2712,70.952,0.1534,236.417,0.4264,130.177
8,16640,4,2048,51200,256,1,1,1,145.717,224.257,212.804,143.9,145.624,0.0009,145.728,0.2258,85.301,0.1246,291.248,0.3522,157.746
8,16648,4,2048,51200,256,1,1,1,116.594,71.605,41.973,115.333,116.956,0.0009,143.23,0.2748,70.157,0.1553,233.913,0.4319,128.754
8,16656,4,2048,51200,256,1,1,1,131.119,171.184,147.628,130.067,131.831,0.0009,143.455,0.2434,79.292,0.1379,263.662,0.3831,145.305
8,16664,4,2048,51200,256,1,1,1,117.275,78.938,41.62,116.045,117.744,0.0009,143.395,0.2736,70.605,0.1546,235.488,0.4299,129.591
8,16672,4,2048,51200,256,1,1,1,149.254,202.167,171.45,146.922,148.261,0.0009,144.275,0.2255,85.743,0.1229,296.523,0.3501,159.276
8,16680,4,2048,51200,256,1,1,1,118.648,80.326,41.608,116.761,118.485,0.0009,143.273,0.2724,71.052,0.1539,236.97,0.428,130.408
8,16688,4,2048,51200,256,1,1,1,132.874,155.744,144.644,131.996,132.786,0.0009,144.183,0.2421,79.998,0.1374,265.572,0.3814,146.51
8,16696,4,2048,51200,256,1,1,1,119.219,75.79,41.525,117.496,119.193,0.0009,144.407,0.2717,71.37,0.1533,238.386,0.4267,131.062
8,16704,4,2048,51200,256,1,1,1,149.286,211.367,180.683,146.52,148.517,0.0009,143.893,0.2262,85.795,0.1231,297.033,0.3511,159.443
8,16712,4,2048,51200,256,1,1,1,119.409,74.291,41.066,117.283,118.92,0.0009,143.447,0.2729,71.177,0.1539,237.839,0.4286,130.732
8,16720,4,2048,51200,256,1,1,1,132.621,157.759,139.402,131.002,132.772,0.0009,143.493,0.2439,79.718,0.138,265.544,0.3837,146.185
8,16728,4,2048,51200,256,1,1,1,118.783,78.272,40.894,118.469,119.778,0.0009,143.556,0.2731,71.251,0.1531,239.557,0.428,131.159
8,16736,4,2048,51200,256,1,1,1,149.18,208.68,162.626,149.036,149.265,0.0009,144.692,0.2262,86.097,0.123,298.529,0.351,160.094
8,16744,4,2048,51200,256,1,1,1,119.636,79.9,41.23,119.05,119.784,0.0009,143.573,0.2723,71.613,0.1534,239.569,0.4274,131.589
8,16752,4,2048,51200,256,1,1,1,133.091,150.675,151.331,132.787,133.654,0.0009,144.135,0.2432,80.243,0.1376,267.308,0.3826,147.153
8,16760,4,2048,51200,256,1,1,1,120.427,75.166,41.604,119.533,120.959,0.0009,143.705,0.272,71.819,0.1522,241.919,0.426,132.296
8,16768,4,2048,51200,256,1,1,1,149.597,213.251,179.937,148.785,148.849,0.0009,143.88,0.2269,86.181,0.1238,297.697,0.3524,160.046
8,16776,4,2048,51200,256,1,1,1,120.206,75.19,41.656,120.312,120.519,0.0009,143.66,0.2724,71.853,0.153,241.037,0.4272,132.162
8,16784,4,2048,51200,256,1,1,1,133.137,155.564,141.781,132.653,133.272,0.0009,143.961,0.2442,80.218,0.1385,266.544,0.3845,146.977
8,16792,4,2048,51200,256,1,1,1,120.301,80.044,41.581,119.561,120.51,0.0009,143.683,0.2725,71.956,0.1533,241.02,0.4276,132.284
8,16800,4,2048,51200,256,1,1,1,148.54,203.484,177.059,149.528,148.237,0.0009,144.095,0.2281,86.043,0.1248,296.473,0.3546,159.652
8,16808,4,2048,51200,256,1,1,1,120.089,80.367,41.296,119.354,120.405,0.0009,144.025,0.273,71.955,0.1538,240.81,0.4285,132.244
8,16816,4,2048,51200,256,1,1,1,132.992,153.817,141.286,132.303,133.46,0.0009,144.09,0.2451,80.218,0.1389,266.919,0.3857,147.058
8,16824,4,2048,51200,256,1,1,1,120.674,76.24,41.571,120.515,120.994,0.0009,143.769,0.2729,72.105,0.1533,241.987,0.428,132.654
8,16832,4,2048,51200,256,1,1,1,148.74,215.535,162.172,149.761,149.005,0.0009,144.945,0.2281,86.339,0.1246,298.01,0.3545,160.304
8,16840,4,2048,51200,256,1,1,1,120.522,76.678,41.742,120.146,120.897,0.0009,144.76,0.2728,72.265,0.1537,241.793,0.4283,132.806
8,16848,4,2048,51200,256,1,1,1,133.076,161.525,136.336,133.152,133.216,0.0009,144.87,0.245,80.553,0.1396,266.432,0.3864,147.356
8,16856,4,2048,51200,256,1,1,1,119.821,80.275,41.548,119.741,119.821,0.0009,144.799,0.2737,72.155,0.1554,239.641,0.4309,132.254
8,16864,4,2048,51200,256,1,1,1,149.179,203.08,165.31,148.447,148.233,0.0009,144.579,0.2291,86.275,0.1257,296.467,0.3567,159.944
8,16872,4,2048,51200,256,1,1,1,119.919,80.063,41.982,120.105,119.83,0.0009,144.135,0.2743,72.15,0.1557,239.661,0.4317,132.255
8,16880,4,2048,51200,256,1,1,1,132.861,158.616,132.763,132.214,133.451,0.0009,144.472,0.2466,80.327,0.1399,266.901,0.3883,147.196
8,16888,4,2048,51200,256,1,1,1,120.434,77.695,42.737,120.512,120.457,0.0009,144.669,0.2737,72.444,0.1552,240.913,0.4306,132.85
8,16896,4,2048,51200,256,1,1,1,149.252,226.253,206.086,149.261,149.066,0.0009,145.348,0.2281,86.984,0.1255,298.132,0.3554,161.116
8,16904,4,2048,51200,256,1,1,1,120.934,77.631,42.6,119.536,120.955,0.0009,143.934,0.2744,72.369,0.1548,241.909,0.4311,132.961
8,16912,4,2048,51200,256,1,1,1,132.56,159.367,143.408,132.509,132.697,0.0009,143.847,0.2476,80.301,0.1413,265.393,0.3906,146.869
8,16920,4,2048,51200,256,1,1,1,119.847,80.339,42.739,118.892,119.864,0.0009,143.919,0.2758,72.135,0.1565,239.727,0.4342,132.26
8,16928,4,2048,51200,256,1,1,1,148.264,207.983,171.356,146.494,148.56,0.0009,144.058,0.2317,85.968,0.1264,297.12,0.3599,159.713
8,16936,4,2048,51200,256,1,1,1,119.53,81.052,42.803,118.64,119.788,0.0009,144.132,0.2764,72.117,0.1569,239.576,0.4351,132.209
8,16944,4,2048,51200,256,1,1,1,133.14,164.453,134.046,132.248,133.278,0.0009,144.486,0.2476,80.573,0.1412,266.555,0.3906,147.422
8,16952,4,2048,51200,256,1,1,1,120.497,76.795,42.451,119.744,120.767,0.0009,143.916,0.2762,72.317,0.1559,241.534,0.4339,132.835
8,16960,4,2048,51200,256,1,1,1,149.511,206.627,183.244,147.642,148.863,0.0009,144.072,0.2311,86.498,0.1266,297.726,0.3595,160.469
8,16968,4,2048,51200,256,1,1,1,120.497,76.55,42.896,119.67,120.37,0.0009,144.814,0.2759,72.527,0.1568,240.741,0.4344,132.925
8,16976,4,2048,51200,256,1,1,1,133.57,160.171,141.241,131.939,132.962,0.0009,144.315,0.2481,80.716,0.142,265.923,0.3919,147.468
8,16984,4,2048,51200,256,1,1,1,119.413,79.803,42.537,118.754,120.192,0.0009,144.507,0.2777,72.189,0.1573,240.383,0.4367,132.463
8,16992,4,2048,51200,256,1,1,1,147.599,210.826,177.615,147.921,147.97,0.0009,144.678,0.2326,86.266,0.1279,295.941,0.3622,159.858
8,17000,4,2048,51200,256,1,1,1,118.981,78.973,43.103,118.767,119.203,0.0009,144.372,0.2785,72.106,0.1589,238.406,0.4392,131.975
8,17008,4,2048,51200,256,1,1,1,132.119,165.61,141.113,131.392,132.258,0.0009,144.556,0.2499,80.436,0.1433,264.516,0.395,146.868
8,17016,4,2048,51200,256,1,1,1,118.683,75.074,43.413,118.399,118.848,0.0009,144.637,0.2794,71.996,0.1597,237.696,0.4409,131.708
8,17024,4,2048,51200,256,1,1,1,148.448,207.419,203.412,147.821,147.814,0.0009,144.811,0.2323,86.695,0.1285,295.629,0.3625,160.316
8,17032,4,2048,51200,256,1,1,1,119.009,74.835,43.277,118.364,119.149,0.0009,144.597,0.2796,72.079,0.1596,238.297,0.441,131.926
8,17040,4,2048,51200,256,1,1,1,133.061,156.006,142.07,131.621,132.69,0.0009,144.786,0.2498,80.75,0.1434,265.38,0.395,147.41
8,17048,4,2048,51200,256,1,1,1,118.992,80.225,43.033,118.64,119.018,0.0009,144.635,0.2795,72.243,0.16,238.036,0.4413,132.069
8,17056,4,2048,51200,256,1,1,1,148.219,208.183,166.915,147.95,148.747,0.0009,144.914,0.2336,86.515,0.1282,297.495,0.3636,160.466
8,17064,4,2048,51200,256,1,1,1,119.266,80.473,43.327,119.009,119.55,0.0009,144.844,0.2792,72.438,0.1596,239.1,0.4407,132.511
8,17072,4,2048,51200,256,1,1,1,132.289,160.741,142.552,132.126,132.955,0.0009,144.749,0.2509,80.679,0.1437,265.911,0.3964,147.441
8,17080,4,2048,51200,256,1,1,1,118.722,75.962,43.108,118.829,119.243,0.0009,144.783,0.2808,72.168,0.1603,238.485,0.4429,132.075
8,17088,4,2048,51200,256,1,1,1,148.169,206.032,174.866,148.483,148.518,0.0009,145.004,0.234,86.68,0.1288,297.036,0.3646,160.585
8,17096,4,2048,51200,256,1,1,1,119.06,76.045,42.949,119.386,119.49,0.0009,144.998,0.2806,72.357,0.1603,238.981,0.4427,132.397
8,17104,4,2048,51200,256,1,1,1,132.773,163.759,155.102,132.012,133.051,0.0009,144.846,0.2509,80.999,0.1441,266.101,0.3968,147.856
8,17112,4,2048,51200,256,1,1,1,119.468,79.841,42.86,118.91,119.642,0.0009,145.15,0.2803,72.56,0.1604,239.284,0.4425,132.695
8,17120,4,2048,51200,256,1,1,1,148.44,200.191,153.722,149.21,148.05,0.0009,144.131,0.2355,86.449,0.1297,296.101,0.367,160.137
8,17128,4,2048,51200,256,1,1,1,119.901,79.651,43.873,120.094,120.165,0.0009,144.906,0.2798,72.834,0.16,240.33,0.4416,133.227
8,17136,4,2048,51200,256,1,1,1,133.006,168.173,144.86,132.85,133.187,0.0009,144.886,0.2513,81.144,0.1445,266.373,0.3976,148.085
8,17144,4,2048,51200,256,1,1,1,120.221,77.044,43.959,120.468,120.674,0.0009,145.055,0.2798,72.944,0.1596,241.348,0.4413,133.561
8,17152,4,2048,51200,256,1,1,1,149.745,219.432,217.416,150.003,148.845,0.0009,145.334,0.233,87.699,0.1295,297.689,0.3643,161.931
8,17160,4,2048,51200,256,1,1,1,120.06,77.567,44.054,119.146,120.062,0.0009,143.439,0.2819,72.544,0.1607,240.124,0.4444,132.853
8,17168,4,2048,51200,256,1,1,1,133.026,156.597,138.554,132.121,133.29,0.0009,143.67,0.2535,80.733,0.1449,266.581,0.4003,147.658
8,17176,4,2048,51200,256,1,1,1,119.985,80.371,43.956,118.743,119.894,0.0009,143.3,0.2824,72.548,0.1613,239.787,0.4455,132.794
8,17184,4,2048,51200,256,1,1,1,148.086,208.243,170.12,148.065,148.269,0.0009,143.835,0.2371,86.497,0.1305,296.538,0.3694,160.289
8,17192,4,2048,51200,256,1,1,1,119.3,81.859,43.442,118.583,119.634,0.0009,143.463,0.2835,72.404,0.1619,239.267,0.4472,132.525
8,17200,4,2048,51200,256,1,1,1,132.915,172.667,147.217,132.297,133.092,0.0009,143.629,0.2538,80.953,0.1457,266.184,0.4012,147.837
8,17208,4,2048,51200,256,1,1,1,119.161,75.8,43.811,118.617,119.511,0.0009,143.655,0.2843,72.315,0.1624,239.022,0.4485,132.374
8,17216,4,2048,51200,256,1,1,1,148.671,209.855,181.846,149.031,148.63,0.0009,143.77,0.237,86.851,0.1307,297.26,0.3694,160.857
8,17224,4,2048,51200,256,1,1,1,119.552,76.087,43.899,118.889,119.762,0.0009,144.403,0.2837,72.613,0.1623,239.525,0.4478,132.827
8,17232,4,2048,51200,256,1,1,1,132.362,162.532,138.806,130.969,132.33,0.0009,144.54,0.2551,80.804,0.1471,264.661,0.404,147.364
8,17240,4,2048,51200,256,1,1,1,118.367,80.42,43.815,117.634,118.886,0.0009,144.621,0.2852,72.351,0.1638,237.772,0.4509,132.173
8,17248,4,2048,51200,256,1,1,1,148.78,207.531,171.251,146.924,147.878,0.0009,144.078,0.238,86.764,0.1318,295.755,0.3717,160.474
8,17256,4,2048,51200,256,1,1,1,118.301,80.632,44.094,118.284,118.573,0.0009,144.66,0.2853,72.449,0.1646,237.146,0.4517,132.161
8,17264,4,2048,51200,256,1,1,1,132.504,165.43,147.376,131.016,132.628,0.0009,144.699,0.2553,81.032,0.1473,265.257,0.4044,147.755
8,17272,4,2048,51200,256,1,1,1,118.647,75.1,43.871,118.022,119.317,0.0009,144.058,0.2865,72.285,0.1639,238.633,0.4522,132.274
8,17280,4,2048,51200,256,1,1,1,144.734,231.536,199.47,144.123,143.638,0.0009,144.146,0.2413,85.896,0.1362,287.276,0.3794,157.809
8,17288,4,2048,51200,256,1,1,1,118.013,74.011,43.928,117.417,116.97,0.0009,143.966,0.288,72.049,0.1675,233.94,0.4572,131.052
8,17296,4,2048,51200,256,1,1,1,132.704,162.329,139.975,132.244,132.511,0.0009,143.916,0.2564,80.99,0.148,265.022,0.4062,147.663
8,17304,4,2048,51200,256,1,1,1,118.67,80.829,44.043,118.234,118.795,0.0009,143.99,0.2867,72.499,0.1652,237.589,0.4537,132.317
8,17312,4,2048,51200,256,1,1,1,147.004,206.19,171.27,147.706,145.767,0.0009,144.142,0.2404,86.532,0.1347,291.533,0.377,159.393
8,17320,4,2048,51200,256,1,1,1,118.633,80.402,43.878,118.794,119.412,0.0009,144.147,0.2869,72.568,0.1646,238.824,0.4534,132.648
8,17328,4,2048,51200,256,1,1,1,132.711,159.822,137.699,132.294,132.869,0.0009,144.144,0.2571,81.062,0.1481,265.737,0.407,147.898
8,17336,4,2048,51200,256,1,1,1,119.378,76.191,43.684,119.584,119.949,0.0009,144.852,0.2863,72.868,0.1642,239.899,0.4523,133.213
8,17344,4,2048,51200,256,1,1,1,148.464,200.679,164.744,148.081,148.714,0.0009,144.207,0.2402,86.921,0.1326,297.427,0.3746,160.999
8,17352,4,2048,51200,256,1,1,1,119.87,75.717,43.683,119.733,120.0,0.0009,144.145,0.2867,72.897,0.1644,240.001,0.4529,133.271
8,17360,4,2048,51200,256,1,1,1,132.813,156.392,144.686,132.414,133.158,0.0009,144.228,0.2575,81.213,0.1483,266.315,0.4077,148.194
8,17368,4,2048,51200,256,1,1,1,119.851,80.359,43.792,119.965,120.186,0.0009,144.409,0.2864,73.106,0.1645,240.372,0.4527,133.59
8,17376,4,2048,51200,256,1,1,1,148.159,203.832,169.457,147.743,148.028,0.0009,144.79,0.2406,87.08,0.1337,296.056,0.3761,160.929
8,17384,4,2048,51200,256,1,1,1,120.011,80.41,44.348,119.376,120.134,0.0009,145.103,0.2862,73.289,0.1649,240.268,0.4528,133.783
8,17392,4,2048,51200,256,1,1,1,129.92,154.897,137.691,130.984,129.646,0.0009,144.392,0.2613,80.326,0.1529,259.293,0.416,145.749
8,17400,4,2048,51200,256,1,1,1,98.449,77.417,44.563,105.096,95.358,0.0009,144.355,0.3201,65.631,0.2081,190.716,0.53,114.512
8,17408,4,2048,51200,256,1,1,1,121.039,220.255,213.337,121.036,110.467,0.0009,144.782,0.2703,77.787,0.1798,220.933,0.4519,134.424
8,17416,4,2048,51200,256,1,1,1,112.976,77.769,44.255,110.755,105.2,0.0009,145.407,0.298,70.621,0.189,210.4,0.4888,124.39
8,17424,4,2048,51200,256,1,1,1,132.7,160.112,143.325,130.785,132.685,0.0009,145.546,0.2586,81.449,0.15,265.37,0.4104,148.284
8,17432,4,2048,51200,256,1,1,1,119.953,80.801,44.128,118.589,120.353,0.0009,143.578,0.2888,72.997,0.1655,240.705,0.4561,133.542
8,17440,4,2048,51200,256,1,1,1,147.946,211.669,183.101,147.776,148.837,0.0009,146.045,0.2409,87.601,0.1339,297.673,0.3767,161.872
8,17448,4,2048,51200,256,1,1,1,119.981,80.714,44.388,118.58,120.415,0.0009,143.998,0.2889,73.121,0.1657,240.829,0.4564,133.714
8,17456,4,2048,51200,256,1,1,1,133.419,153.821,146.131,131.863,133.077,0.0009,145.979,0.2582,81.865,0.1501,266.154,0.4101,148.929
8,17464,4,2048,51200,256,1,1,1,119.693,76.989,44.262,118.959,119.44,0.0009,145.689,0.2887,73.305,0.1673,238.88,0.4578,133.531
8,17472,4,2048,51200,256,1,1,1,147.997,203.745,193.17,147.91,150.324,0.0009,146.567,0.2411,87.838,0.1331,300.648,0.376,162.734
8,17480,4,2048,51200,256,1,1,1,118.767,77.045,44.678,117.803,118.524,0.0009,143.855,0.2916,72.689,0.1689,237.048,0.4624,132.453
8,17488,4,2048,51200,256,1,1,1,132.461,158.055,139.152,131.319,132.647,0.0009,146.224,0.2599,81.635,0.1511,265.293,0.4128,148.497
8,17496,4,2048,51200,256,1,1,1,118.447,79.625,44.508,118.15,118.879,0.0009,145.788,0.2907,73.047,0.1688,237.759,0.4613,133.011
8,17504,4,2048,51200,256,1,1,1,147.531,199.731,180.262,148.255,,,,,,,,,
