num_attention_heads,hidden_size,train_micro_batch_size_per_gpu,seq_length,vocab_size,train_batch_size,tensor_mp_size,pipeline_mp_size,dp_size,attention_key_value_query_transform,attention_key_query_prob,attention_prob_times_values,attention_linear_projection,mlp_h_to_4h,transformer_layer_norm,logit_block,estimated_attention_duration,estimated_attention_throughput,estimated_mlp_duration,estimated_mlp_throughput,estimated_duration,estimated_throughput
24,24,4,2048,51200,256,1,1,1,0.625,1.007,0.928,0.202,0.834,0.0,18.443,0.0029,0.578,0.0,1.667,0.003,0.58
24,48,4,2048,51200,256,1,1,1,2.578,2.334,1.853,0.805,3.358,0.0,33.617,0.0028,1.184,0.0,6.717,0.003,1.238
24,72,4,2048,51200,256,1,1,1,5.718,2.926,2.709,1.846,7.503,0.0,55.124,0.0029,1.781,0.0,15.006,0.003,1.934
24,96,4,2048,51200,256,1,1,1,10.221,4.653,3.678,3.305,13.929,0.0,73.04,0.0028,2.552,0.0,27.859,0.0029,2.865
24,120,4,2048,51200,256,1,1,1,16.204,4.803,4.472,5.314,23.221,0.0,87.091,0.003,3.016,0.0,46.443,0.0031,3.513
24,144,4,2048,51200,256,1,1,1,23.506,6.715,5.46,7.611,29.802,0.0,95.097,0.003,3.72,0.0,59.603,0.0031,4.458
24,168,4,2048,51200,256,1,1,1,31.702,6.717,6.229,10.231,40.922,0.0,109.254,0.0031,4.202,0.0,81.845,0.0032,5.185
24,192,4,2048,51200,256,1,1,1,39.946,8.95,7.253,12.994,51.534,0.0,124.038,0.003,5.103,0.0,103.068,0.0031,6.45
24,216,4,2048,51200,256,1,1,1,45.501,8.548,7.888,16.972,82.372,0.0,135.771,0.0032,5.491,0.0,164.744,0.0033,7.151
24,240,4,2048,51200,256,1,1,1,53.865,10.875,8.973,20.551,66.366,0.0001,150.883,0.0031,6.474,0.0001,132.731,0.0032,8.492
24,264,4,2048,51200,256,1,1,1,57.867,10.42,9.598,24.03,68.377,0.0,138.703,0.0035,6.41,0.0001,136.754,0.0036,8.632
24,288,4,2048,51200,256,1,1,1,73.431,13.102,10.745,30.012,83.783,0.0001,146.497,0.0034,7.311,0.0001,167.565,0.0036,9.993
24,312,4,2048,51200,256,1,1,1,73.384,12.179,11.282,35.986,86.584,0.0,136.714,0.0038,7.167,0.0001,173.169,0.004,10.077
24,336,4,2048,51200,256,1,1,1,87.14,15.094,12.433,40.422,91.659,0.0,152.184,0.0036,8.284,0.0001,183.319,0.0038,11.812
24,360,4,2048,51200,256,1,1,1,80.757,13.978,12.992,45.063,99.782,0.0,168.078,0.0037,8.786,0.0001,199.565,0.0039,12.745
24,384,4,2048,51200,256,1,1,1,97.626,16.555,14.319,57.195,105.499,0.0,181.933,0.0036,9.939,0.0001,210.997,0.0037,14.626
24,408,4,2048,51200,256,1,1,1,93.917,17.123,10.803,56.537,115.468,0.0,181.88,0.0041,9.376,0.0001,230.935,0.0043,14.057
24,432,4,2048,51200,256,1,1,1,102.468,18.485,12.706,67.887,160.591,0.0,184.23,0.004,10.237,0.0001,321.181,0.0042,15.646
24,456,4,2048,51200,256,1,1,1,118.402,18.91,12.047,57.548,111.116,0.0,204.024,0.0041,10.789,0.0001,222.232,0.0043,16.556
24,480,4,2048,51200,256,1,1,1,122.773,19.397,13.972,79.841,135.3,0.0,192.938,0.0042,11.239,0.0001,270.6,0.0044,17.54
24,504,4,2048,51200,256,1,1,1,112.765,20.878,13.231,76.168,128.371,0.0001,204.767,0.0043,11.688,0.0001,256.743,0.0046,18.384
24,528,4,2048,51200,256,1,1,1,126.223,22.217,15.257,60.675,124.934,0.0001,125.961,0.0057,9.49,0.0001,249.869,0.006,15.162
24,552,4,2048,51200,256,1,1,1,121.961,22.732,14.479,65.826,120.878,0.0001,135.945,0.0057,10.004,0.0002,241.756,0.006,16.123
24,576,4,2048,51200,256,1,1,1,144.57,23.046,16.689,80.698,141.632,0.0001,138.785,0.0057,10.674,0.0002,283.263,0.006,17.435
24,600,4,2048,51200,256,1,1,1,113.661,24.528,14.766,73.361,130.956,0.0001,144.492,0.0059,10.817,0.0002,261.911,0.0062,17.816
24,624,4,2048,51200,256,1,1,1,131.374,26.029,18.163,74.181,149.194,0.0001,146.477,0.0058,11.695,0.0002,298.388,0.0061,19.443
24,648,4,2048,51200,256,1,1,1,120.951,25.85,15.844,83.411,130.446,0.0001,154.701,0.006,11.873,0.0002,260.891,0.0063,19.881
24,672,4,2048,51200,256,1,1,1,161.216,25.823,19.32,100.855,155.96,0.0001,157.84,0.0058,12.828,0.0002,311.92,0.0062,21.73
24,696,4,2048,51200,256,1,1,1,120.156,27.705,17.047,93.858,139.093,0.0001,169.172,0.0059,13.193,0.0002,278.187,0.0063,22.446
24,720,4,2048,51200,256,1,1,1,136.463,29.007,21.043,101.499,152.158,0.0001,158.468,0.0061,13.573,0.0002,304.316,0.0064,23.34
24,744,4,2048,51200,256,1,1,1,122.424,29.364,18.224,98.406,143.499,0.0001,166.519,0.0063,13.722,0.0003,286.998,0.0067,23.744
24,768,4,2048,51200,256,1,1,1,160.775,32.377,22.345,119.128,177.903,0.0001,179.304,0.0058,15.541,0.0002,355.805,0.0062,27.168
24,792,4,2048,51200,256,1,1,1,139.989,29.478,21.111,100.441,141.324,0.0001,171.677,0.0064,14.837,0.0003,282.648,0.0068,25.963
24,816,4,2048,51200,256,1,1,1,157.105,31.779,24.356,113.45,161.143,0.0001,178.474,0.0061,16.063,0.0003,322.286,0.0066,28.347
24,840,4,2048,51200,256,1,1,1,141.72,31.201,22.562,107.281,148.212,0.0001,182.086,0.0064,16.096,0.0003,296.424,0.0068,28.529
24,864,4,2048,51200,256,1,1,1,162.238,35.731,25.015,130.113,199.977,0.0001,189.181,0.0061,17.463,0.0002,399.954,0.0065,31.417
24,888,4,2048,51200,256,1,1,1,134.429,32.784,23.462,114.535,158.833,0.0001,195.231,0.0064,17.398,0.0003,317.667,0.0069,31.221
24,912,4,2048,51200,256,1,1,1,165.594,35.197,27.143,122.548,191.395,0.0001,188.739,0.0064,18.056,0.0003,382.789,0.0069,32.783
24,936,4,2048,51200,256,1,1,1,136.756,34.504,24.663,118.51,167.179,0.0001,199.133,0.0066,18.32,0.0003,334.357,0.0071,33.281
24,960,4,2048,51200,256,1,1,1,185.954,39.433,27.581,147.918,204.379,0.0001,188.445,0.0066,18.901,0.0003,408.757,0.0071,34.821
24,984,4,2048,51200,256,1,1,1,149.886,35.979,25.183,132.199,149.575,0.0001,197.89,0.0068,18.938,0.0004,299.15,0.0074,34.568
24,1008,4,2048,51200,256,1,1,1,172.165,39.406,29.749,146.542,174.243,0.0001,198.368,0.0067,20.15,0.0004,348.486,0.0072,37.16
24,1032,4,2048,51200,256,1,1,1,143.845,37.659,26.275,116.391,170.171,0.0001,162.034,0.0081,17.18,0.0004,340.342,0.0087,31.855
24,1056,4,2048,51200,256,1,1,1,184.128,41.927,30.163,148.106,204.55,0.0001,146.151,0.0085,16.931,0.0004,409.1,0.0091,31.858
24,1080,4,2048,51200,256,1,1,1,149.237,39.037,27.269,122.251,176.555,0.0001,153.706,0.0087,17.133,0.0004,353.11,0.0094,32.189
24,1104,4,2048,51200,256,1,1,1,174.799,42.792,32.188,141.906,182.499,0.0001,148.834,0.0087,17.652,0.0004,364.999,0.0094,33.338
24,1128,4,2048,51200,256,1,1,1,156.288,41.019,28.475,124.562,162.408,0.0001,153.44,0.009,17.703,0.0005,324.817,0.0098,33.421
24,1152,4,2048,51200,256,1,1,1,174.71,44.361,32.91,150.577,189.401,0.0001,157.164,0.0087,18.856,0.0005,378.803,0.0094,35.934
24,1176,4,2048,51200,256,1,1,1,163.278,35.769,28.026,131.737,163.036,0.0001,164.476,0.0091,18.638,0.0006,326.071,0.0099,35.375
24,1200,4,2048,51200,256,1,1,1,179.35,43.581,34.635,145.636,179.496,0.0001,180.771,0.0082,21.299,0.0005,358.992,0.009,40.395
24,1224,4,2048,51200,256,1,1,1,164.99,37.212,29.238,142.313,158.546,0.0001,167.461,0.0093,19.477,0.0006,317.092,0.0101,37.181
24,1248,4,2048,51200,256,1,1,1,203.127,29.366,35.558,175.07,207.262,0.0001,164.76,0.0095,19.601,0.0005,414.525,0.0102,38.129
24,1272,4,2048,51200,256,1,1,1,177.389,38.133,30.312,143.137,166.389,0.0001,162.295,0.0097,19.66,0.0006,332.777,0.0106,37.962
24,1296,4,2048,51200,256,1,1,1,169.284,47.537,37.181,149.494,190.97,0.0001,172.928,0.009,21.79,0.0006,381.941,0.0099,42.187
24,1320,4,2048,51200,256,1,1,1,152.389,38.918,31.281,137.195,155.555,0.0001,165.88,0.01,20.279,0.0007,311.11,0.011,39.233
24,1344,4,2048,51200,256,1,1,1,198.606,50.408,38.405,164.052,217.674,0.0001,172.135,0.0092,22.558,0.0005,435.349,0.01,44.34
24,1368,4,2048,51200,256,1,1,1,169.763,39.67,30.922,139.522,155.279,0.0001,169.732,0.0102,21.099,0.0008,310.558,0.0112,41.014
24,1392,4,2048,51200,256,1,1,1,194.304,50.853,40.542,159.115,183.21,0.0001,176.491,0.0094,23.506,0.0007,366.421,0.0103,45.948
24,1416,4,2048,51200,256,1,1,1,169.661,41.393,32.007,158.853,165.096,0.0001,173.124,0.0103,22.024,0.0008,330.192,0.0113,43.156
24,1440,4,2048,51200,256,1,1,1,220.381,52.708,40.89,190.095,219.271,0.0001,176.751,0.0096,24.288,0.0006,438.542,0.0105,48.206
24,1464,4,2048,51200,256,1,1,1,154.886,42.844,32.824,151.205,177.209,0.0001,187.18,0.0101,23.596,0.0008,354.418,0.0112,46.528
24,1488,4,2048,51200,256,1,1,1,184.232,54.2,43.001,170.601,195.308,0.0001,188.727,0.0095,25.787,0.0007,390.616,0.0105,50.96
24,1512,4,2048,51200,256,1,1,1,155.894,43.912,33.861,166.383,172.117,0.0001,187.874,0.0104,24.278,0.0009,344.235,0.0115,47.984
24,1536,4,2048,51200,256,1,1,1,209.14,60.538,44.489,188.744,218.339,0.0001,190.601,0.0095,27.043,0.0007,436.678,0.0105,54.051
24,1560,4,2048,51200,256,1,1,1,177.325,42.353,40.744,149.356,173.056,0.0001,195.74,0.0101,26.033,0.0009,346.112,0.0113,51.457
24,1584,4,2048,51200,256,1,1,1,200.908,54.994,45.53,168.201,204.133,0.0001,189.023,0.01,27.015,0.0008,408.267,0.0111,54.063
24,1608,4,2048,51200,256,1,1,1,111.962,43.795,42.001,154.431,174.609,0.0001,187.119,0.0111,24.91,0.001,349.217,0.0124,49.82
24,1632,4,2048,51200,256,1,1,1,208.036,59.214,49.689,194.186,211.668,0.0001,160.166,0.0114,24.857,0.0008,423.337,0.0125,50.578
24,1656,4,2048,51200,256,1,1,1,157.305,44.044,43.12,146.068,177.226,0.0001,168.371,0.012,24.308,0.001,354.453,0.0132,49.101
24,1680,4,2048,51200,256,1,1,1,191.252,57.857,47.889,172.391,187.337,0.0001,190.832,0.0105,28.273,0.001,374.673,0.0118,56.672
24,1704,4,2048,51200,256,1,1,1,171.027,44.241,44.395,160.632,167.959,0.0001,172.729,0.012,25.416,0.0011,335.919,0.0134,51.165
24,1728,4,2048,51200,256,1,1,1,212.091,60.814,52.38,194.569,210.963,0.0001,176.057,0.0112,27.734,0.0009,421.926,0.0124,56.567
24,1752,4,2048,51200,256,1,1,1,167.353,45.013,44.42,163.07,183.089,0.0001,178.083,0.0121,26.359,0.0011,366.177,0.0135,53.566
24,1776,4,2048,51200,256,1,1,1,201.636,60.72,50.43,182.634,204.293,0.0001,169.564,0.012,27.156,0.001,408.586,0.0133,55.66
24,1800,4,2048,51200,256,1,1,1,160.64,45.303,45.684,140.049,157.876,0.0001,156.322,0.0137,24.343,0.0013,315.752,0.0153,49.534
24,1824,4,2048,51200,256,1,1,1,216.834,63.133,54.595,185.204,222.923,0.0001,154.06,0.0131,26.046,0.001,445.846,0.0143,54.231
24,1848,4,2048,51200,256,1,1,1,171.86,47.793,46.733,143.322,176.91,0.0001,156.535,0.0139,25.033,0.0013,353.82,0.0154,51.543
24,1872,4,2048,51200,256,1,1,1,192.791,64.327,52.863,168.513,205.35,0.0001,157.474,0.0134,26.572,0.0011,410.7,0.0148,55.176
24,1896,4,2048,51200,256,1,1,1,172.107,48.505,47.656,153.06,189.393,0.0001,160.163,0.014,25.938,0.0012,378.786,0.0155,53.783
24,1920,4,2048,51200,256,1,1,1,205.361,67.73,58.301,188.085,204.462,0.0001,174.111,0.0125,29.611,0.0012,408.923,0.014,61.169
24,1944,4,2048,51200,256,1,1,1,165.531,46.979,44.215,151.788,169.34,0.0001,178.979,0.0135,27.999,0.0015,338.679,0.0152,57.312
24,1968,4,2048,51200,256,1,1,1,118.76,64.407,55.011,175.447,205.451,0.0001,157.998,0.0146,26.361,0.0012,410.902,0.0161,55.338
24,1992,4,2048,51200,256,1,1,1,171.158,49.266,48.937,156.341,174.269,0.0001,166.52,0.0143,27.509,0.0015,348.538,0.0161,56.842
24,2016,4,2048,51200,256,1,1,1,226.0,68.346,58.708,198.275,230.938,0.0001,194.166,0.0121,33.272,0.0012,461.877,0.0135,69.21
24,2040,4,2048,51200,256,1,1,1,173.69,50.468,50.525,174.902,188.166,0.0001,163.806,0.0147,27.818,0.0014,376.331,0.0164,58.063
24,2064,4,2048,51200,256,1,1,1,191.345,66.059,57.66,171.779,209.778,0.0002,165.409,0.0142,29.379,0.0013,419.556,0.016,60.902
24,2088,4,2048,51200,256,1,1,1,175.303,50.799,50.416,152.238,175.858,0.0002,164.273,0.0151,28.159,0.0016,351.716,0.0172,57.859
24,2112,4,2048,51200,256,1,1,1,227.962,71.664,61.653,183.511,231.315,0.0002,190.089,0.0128,33.862,0.0013,462.629,0.0146,69.907
24,2136,4,2048,51200,256,1,1,1,163.195,51.215,51.394,155.371,182.286,0.0002,166.48,0.0154,28.702,0.0016,364.572,0.0175,59.317
24,2160,4,2048,51200,256,1,1,1,123.691,69.423,59.847,181.588,203.366,0.0002,174.112,0.0149,30.175,0.0015,406.732,0.0169,62.744
24,2184,4,2048,51200,256,1,1,1,165.402,52.348,51.865,150.033,174.052,0.0003,168.166,0.0156,29.348,0.0018,348.104,0.018,60.38
24,2208,4,2048,51200,256,1,1,1,228.584,73.518,62.596,204.517,203.517,0.0002,192.157,0.0133,35.245,0.0016,407.034,0.0153,72.15
24,2232,4,2048,51200,256,1,1,1,179.848,54.104,52.993,156.942,158.792,0.0002,174.113,0.0154,30.861,0.0021,317.584,0.018,62.787
24,2256,4,2048,51200,256,1,1,1,203.555,72.337,61.616,179.806,191.862,0.0002,172.115,0.015,32.409,0.0017,383.724,0.0172,66.977
24,2280,4,2048,51200,256,1,1,1,175.982,53.758,52.744,163.563,153.273,0.0002,173.01,0.0159,31.048,0.0022,306.545,0.0186,63.095
24,2304,4,2048,51200,256,1,1,1,209.271,81.044,69.976,175.774,216.157,0.0002,218.829,0.0126,39.779,0.0016,432.315,0.0147,81.393
24,2328,4,2048,51200,256,1,1,1,181.391,49.676,56.932,154.673,149.114,0.0002,154.022,0.0177,28.948,0.0024,298.228,0.0205,59.471
24,2352,4,2048,51200,256,1,1,1,179.385,71.33,65.314,180.432,196.921,0.0002,162.189,0.0165,31.543,0.0018,393.841,0.0188,66.113
24,2376,4,2048,51200,256,1,1,1,188.026,52.264,56.688,146.37,169.502,0.0003,172.035,0.0166,31.845,0.0022,339.004,0.0193,65.733
24,2400,4,2048,51200,256,1,1,1,223.729,79.2,67.383,215.579,220.96,0.0003,160.893,0.0164,32.782,0.0017,441.919,0.0186,69.389
24,2424,4,2048,51200,256,1,1,1,175.102,52.673,58.468,157.22,175.532,0.0003,158.535,0.018,30.391,0.0022,351.064,0.0207,63.61
24,2448,4,2048,51200,256,1,1,1,209.438,73.598,68.68,191.497,193.269,0.0003,161.264,0.017,32.833,0.002,386.538,0.0195,68.853
24,2472,4,2048,51200,256,1,1,1,183.163,52.278,60.291,161.274,169.895,0.0003,187.552,0.0163,34.79,0.0024,339.79,0.0191,71.443
24,2496,4,2048,51200,256,1,1,1,235.61,81.243,70.12,218.067,218.983,0.0003,163.667,0.0168,34.302,0.0019,437.967,0.0192,72.698
24,2520,4,2048,51200,256,1,1,1,107.63,52.824,60.405,164.566,165.973,0.0003,163.988,0.0194,30.133,0.0025,331.945,0.0224,63.184
24,2544,4,2048,51200,256,1,1,1,207.199,77.535,70.19,188.301,193.73,0.0003,158.318,0.0179,33.242,0.0022,387.46,0.0206,70.089
24,2568,4,2048,51200,256,1,1,1,164.564,54.845,61.842,156.371,164.685,0.0003,182.438,0.0174,34.677,0.0026,329.369,0.0206,71.422
24,2592,4,2048,51200,256,1,1,1,224.241,82.857,69.574,202.196,210.872,0.0003,160.358,0.0179,34.362,0.0021,421.744,0.0205,73.02
24,2616,4,2048,51200,256,1,1,1,153.297,55.349,62.835,169.186,177.635,0.0003,154.314,0.0201,31.108,0.0025,355.27,0.0231,65.865
24,2640,4,2048,51200,256,1,1,1,198.1,79.995,72.217,189.558,201.542,0.0003,195.496,0.016,39.636,0.0023,403.085,0.0188,82.45
24,2664,4,2048,51200,256,1,1,1,161.536,54.217,64.346,155.515,156.79,0.0003,202.554,0.017,37.925,0.003,313.58,0.0205,76.958
24,2688,4,2048,51200,256,1,1,1,222.018,86.473,76.738,202.262,222.536,0.0002,155.24,0.0189,34.547,0.0021,445.071,0.0215,74.291
24,2712,4,2048,51200,256,1,1,1,111.105,51.86,63.43,170.26,164.205,0.0003,160.575,0.0213,31.147,0.0029,328.41,0.0248,65.751
24,2736,4,2048,51200,256,1,1,1,194.486,78.113,76.311,195.62,196.964,0.0003,163.424,0.0189,35.594,0.0025,393.928,0.0219,75.44
24,2760,4,2048,51200,256,1,1,1,155.032,53.092,65.226,166.214,173.637,0.0003,181.475,0.0191,35.857,0.0029,347.274,0.0225,74.891
24,2784,4,2048,51200,256,1,1,1,234.824,85.816,76.731,210.494,203.12,0.0003,159.141,0.0192,36.174,0.0025,406.241,0.0222,77.015
24,2808,4,2048,51200,256,1,1,1,167.246,55.951,63.815,170.844,154.421,0.0003,173.202,0.0198,35.555,0.0033,308.842,0.0237,73.393
24,2832,4,2048,51200,256,1,1,1,192.343,80.596,76.109,181.697,195.715,0.0003,164.409,0.0197,36.421,0.0027,391.431,0.0228,77.345
24,2856,4,2048,51200,256,1,1,1,163.236,55.02,63.952,155.064,173.893,0.0003,133.563,0.0245,29.647,0.0031,347.785,0.0281,63.936
24,2880,4,2048,51200,256,1,1,1,215.926,87.903,77.3,205.206,211.9,0.0003,143.452,0.0217,33.892,0.0026,423.799,0.0248,73.501
24,2904,4,2048,51200,256,1,1,1,163.905,56.004,66.334,152.357,162.004,0.0003,142.107,0.0238,31.427,0.0034,324.008,0.0277,66.869
24,2928,4,2048,51200,256,1,1,1,193.135,82.946,76.866,186.172,194.747,0.0003,167.85,0.02,37.856,0.0029,389.494,0.0234,80.328
24,2952,4,2048,51200,256,1,1,1,166.146,58.162,65.328,165.173,163.056,0.0003,148.087,0.0234,32.895,0.0035,326.112,0.0274,69.767
24,2976,4,2048,51200,256,1,1,1,239.586,91.876,80.938,218.56,210.965,0.0003,144.17,0.0221,35.273,0.0028,421.931,0.0254,76.467
24,3000,4,2048,51200,256,1,1,1,161.302,59.314,67.858,171.317,165.938,0.0003,162.877,0.0222,35.582,0.0036,331.876,0.0263,74.931
24,3024,4,2048,51200,256,1,1,1,189.485,86.601,81.851,197.595,191.832,0.0003,195.858,0.0185,43.379,0.0031,383.664,0.0221,90.415
24,3048,4,2048,51200,256,1,1,1,175.613,57.947,68.64,184.67,167.171,0.0003,149.489,0.0238,34.2,0.0036,334.342,0.0279,72.702
24,3072,4,2048,51200,256,1,1,1,193.003,99.046,87.007,223.438,223.923,0.0002,145.804,0.023,35.861,0.0028,447.846,0.0263,78.517
24,3096,4,2048,51200,256,1,1,1,171.886,56.142,53.054,167.682,176.141,0.0003,145.353,0.0254,32.971,0.0036,352.283,0.0294,71.066
24,3120,4,2048,51200,256,1,1,1,194.233,83.956,68.806,191.325,188.628,0.0003,170.395,0.0214,39.548,0.0034,377.255,0.0253,83.835
24,3144,4,2048,51200,256,1,1,1,175.308,59.5,53.934,177.376,160.136,0.0003,150.108,0.025,34.375,0.004,320.271,0.0295,72.908
24,3168,4,2048,51200,256,1,1,1,229.502,93.588,89.298,219.011,227.609,0.0003,143.321,0.0238,36.617,0.0029,455.217,0.0272,80.434
24,3192,4,2048,51200,256,1,1,1,150.961,59.726,54.888,173.01,173.165,0.0003,145.269,0.0265,33.332,0.0039,346.33,0.0308,71.904
24,3216,4,2048,51200,256,1,1,1,191.171,87.409,74.644,202.871,183.595,0.0003,171.051,0.0219,40.719,0.0037,367.189,0.0262,85.978
24,3240,4,2048,51200,256,1,1,1,152.83,58.906,55.663,167.061,167.847,0.0003,147.181,0.0267,33.947,0.0041,335.694,0.0313,72.894
24,3264,4,2048,51200,256,1,1,1,186.666,94.867,92.072,218.406,219.361,0.0003,156.228,0.0235,39.074,0.0032,438.723,0.0272,85.129
24,3288,4,2048,51200,256,1,1,1,175.105,57.879,56.379,179.773,166.538,0.0003,148.555,0.0264,35.129,0.0043,333.076,0.0312,75.124
24,3312,4,2048,51200,256,1,1,1,205.387,89.415,73.911,208.32,191.45,0.0003,157.767,0.0238,39.47,0.0038,382.9,0.0281,84.596
24,3336,4,2048,51200,256,1,1,1,172.076,61.461,56.944,164.267,114.921,0.0003,145.72,0.0273,34.942,0.0063,229.842,0.0342,70.62
24,3360,4,2048,51200,256,1,1,1,227.197,98.222,93.815,218.784,204.979,0.0003,144.58,0.0251,38.411,0.0036,409.958,0.0293,83.534
24,3384,4,2048,51200,256,1,1,1,170.37,62.562,57.756,157.094,159.8,0.0003,175.285,0.0245,39.944,0.0047,319.599,0.0297,83.458
24,3408,4,2048,51200,256,1,1,1,201.25,91.536,80.685,203.581,193.382,0.0003,132.003,0.0281,35.233,0.0039,386.763,0.0326,77.158
24,3432,4,2048,51200,256,1,1,1,167.895,58.935,58.248,170.949,151.012,0.0003,148.538,0.0279,35.935,0.0051,302.024,0.0335,75.936
24,3456,4,2048,51200,256,1,1,1,130.706,99.783,98.401,210.148,201.509,0.0003,148.684,0.0273,37.22,0.0039,403.018,0.0317,81.496
24,3480,4,2048,51200,256,1,1,1,164.594,55.77,59.154,179.895,147.719,0.0003,194.006,0.0238,43.098,0.0054,295.439,0.0297,87.928
24,3504,4,2048,51200,256,1,1,1,189.7,90.632,75.388,195.562,181.732,0.0003,148.24,0.0269,38.661,0.0044,363.464,0.0318,83.179
24,3528,4,2048,51200,256,1,1,1,157.248,59.242,58.91,177.539,171.932,0.0003,172.045,0.0262,40.096,0.0047,343.863,0.0315,85.082
24,3552,4,2048,51200,256,1,1,1,229.701,101.673,100.888,230.705,200.648,0.0003,149.164,0.0259,41.089,0.0041,401.297,0.0306,88.924
24,3576,4,2048,51200,256,1,1,1,154.479,56.427,60.316,168.355,151.43,0.0003,153.985,0.0289,37.29,0.0055,302.859,0.035,78.741
24,3600,4,2048,51200,256,1,1,1,180.636,92.003,78.09,203.794,174.301,0.0003,158.768,0.0264,41.247,0.0049,348.601,0.0319,87.573
24,3624,4,2048,51200,256,1,1,1,153.415,58.334,61.256,170.516,151.523,0.0003,143.421,0.0307,35.916,0.0057,303.045,0.037,76.461
24,3648,4,2048,51200,256,1,1,1,141.749,99.94,102.47,233.865,220.035,0.0003,143.797,0.0292,38.19,0.004,440.069,0.0337,84.789
24,3672,4,2048,51200,256,1,1,1,145.072,58.706,59.057,182.562,172.221,0.0003,167.113,0.0284,39.797,0.0051,344.442,0.0341,85.062
24,3696,4,2048,51200,256,1,1,1,178.028,95.333,84.767,205.016,115.93,0.0003,149.583,0.0284,40.321,0.0077,231.86,0.0366,80.129
24,3720,4,2048,51200,256,1,1,1,155.03,61.303,59.392,185.466,158.593,0.0003,145.404,0.0312,37.058,0.0057,317.187,0.0375,79.29
24,3744,4,2048,51200,256,1,1,1,227.371,103.51,102.55,237.491,215.121,0.0003,171.53,0.0247,47.277,0.0043,430.242,0.0296,101.76
24,3768,4,2048,51200,256,1,1,1,161.051,62.583,59.932,183.533,150.651,0.0003,168.123,0.0285,41.475,0.0062,301.302,0.0352,86.381
24,3792,4,2048,51200,256,1,1,1,196.242,92.052,83.701,211.405,184.889,0.0003,145.349,0.0295,40.566,0.0051,369.779,0.0351,87.681
24,3816,4,2048,51200,256,1,1,1,113.223,61.246,60.585,190.512,151.196,0.0003,146.607,0.0336,36.011,0.0063,302.392,0.0405,77.076
24,3840,4,2048,51200,256,1,1,1,192.994,110.703,111.107,173.229,185.327,0.0003,177.299,0.0256,47.737,0.0052,370.653,0.0314,100.58
24,3864,4,2048,51200,256,1,1,1,166.27,58.925,63.849,159.441,139.211,0.0003,168.478,0.0294,42.076,0.007,278.422,0.037,86.384
24,3888,4,2048,51200,256,1,1,1,175.317,97.143,86.503,198.25,117.452,0.0003,144.711,0.0309,40.536,0.0084,234.905,0.0398,81.137
24,3912,4,2048,51200,256,1,1,1,173.772,61.85,64.029,178.374,140.125,0.0003,143.815,0.0327,38.67,0.0072,280.25,0.0404,80.933
24,3936,4,2048,51200,256,1,1,1,208.375,109.956,108.618,231.269,211.957,0.0003,185.384,0.025,51.22,0.0048,423.914,0.0303,109.212
24,3960,4,2048,51200,256,1,1,1,159.881,62.571,64.992,183.94,172.615,0.0003,130.243,0.0359,36.038,0.006,345.23,0.0424,79.017
24,3984,4,2048,51200,256,1,1,1,181.256,101.329,86.644,205.308,180.599,0.0003,147.417,0.0311,42.039,0.0058,361.197,0.0374,90.591
24,4008,4,2048,51200,256,1,1,1,113.258,60.796,66.906,164.069,147.447,0.0003,146.622,0.0357,36.994,0.0071,294.895,0.0434,78.957
24,4032,4,2048,51200,256,1,1,1,201.964,113.393,111.568,198.903,202.996,0.0003,188.497,0.0256,52.096,0.0052,405.992,0.0314,110.308
24,4056,4,2048,51200,256,1,1,1,155.904,61.045,67.006,177.391,173.641,0.0003,182.384,0.0296,45.586,0.0062,347.281,0.0364,96.412
24,4080,4,2048,51200,256,1,1,1,199.905,97.11,86.267,212.344,118.641,0.0003,148.99,0.0313,43.538,0.0092,237.282,0.0411,86.337
24,4104,4,2048,51200,256,1,1,1,156.684,65.207,66.443,174.318,146.609,0.0005,178.912,0.0303,45.529,0.0075,293.217,0.0388,92.402
24,4128,4,2048,51200,256,1,1,1,230.924,108.484,115.566,228.201,199.541,0.0005,165.919,0.0282,49.431,0.0056,399.082,0.0348,104.219
24,4152,4,2048,51200,256,1,1,1,143.029,64.055,68.648,170.881,145.718,0.0005,142.095,0.0363,38.807,0.0078,291.436,0.0451,81.4
24,4176,4,2048,51200,256,1,1,1,199.429,106.322,89.055,206.696,159.627,0.0005,144.232,0.0329,43.309,0.0072,319.255,0.041,90.38
24,4200,4,2048,51200,256,1,1,1,111.754,62.648,68.647,179.236,154.449,0.0005,145.661,0.0379,37.978,0.0075,308.897,0.0464,80.879
24,4224,4,2048,51200,256,1,1,1,209.775,111.982,119.176,242.844,230.37,0.0005,182.163,0.0273,53.233,0.0051,460.741,0.0333,113.708
24,4248,4,2048,51200,256,1,1,1,141.705,59.965,68.297,171.599,176.213,0.0005,161.485,0.0345,42.526,0.0067,352.426,0.0422,90.725
24,4272,4,2048,51200,256,1,1,1,184.63,100.426,87.89,214.324,175.966,0.0005,145.548,0.0339,43.695,0.0068,351.931,0.0418,92.804
24,4296,4,2048,51200,256,1,1,1,152.932,63.062,70.601,181.473,139.254,0.0005,162.656,0.0341,43.948,0.0087,278.509,0.0438,89.442
24,4320,4,2048,51200,256,1,1,1,212.254,112.55,117.697,222.006,196.081,0.0005,185.886,0.0277,54.593,0.0062,392.162,0.035,113.19
24,4344,4,2048,51200,256,1,1,1,175.151,64.64,68.525,186.302,138.044,0.0005,150.282,0.0356,42.945,0.009,276.088,0.0456,87.816
24,4368,4,2048,51200,256,1,1,1,119.041,103.355,89.087,204.067,159.537,0.0005,151.131,0.0367,42.037,0.0078,319.074,0.0456,88.722
24,4392,4,2048,51200,256,1,1,1,163.432,63.232,70.808,155.722,137.122,0.0005,144.738,0.0377,41.353,0.0092,274.244,0.0479,85.249
24,4416,4,2048,51200,256,1,1,1,218.094,113.933,120.109,222.138,207.377,0.0005,181.449,0.0288,54.698,0.0062,414.753,0.036,114.812
24,4440,4,2048,51200,256,1,1,1,150.615,63.67,69.651,176.027,112.426,0.0005,175.339,0.034,46.777,0.0115,224.853,0.0465,89.733
24,4464,4,2048,51200,256,1,1,1,181.779,100.615,90.224,197.699,181.532,0.0005,147.828,0.0355,45.201,0.0072,363.064,0.0437,96.408
24,4488,4,2048,51200,256,1,1,1,155.256,66.947,70.03,170.975,137.153,0.0005,178.037,0.0339,47.89,0.0096,274.306,0.0445,95.749
24,4512,4,2048,51200,256,1,1,1,202.418,115.521,119.031,232.768,217.448,0.0005,131.309,0.0378,43.325,0.0061,434.896,0.0449,95.785
24,4536,4,2048,51200,256,1,1,1,157.768,65.976,71.572,162.847,174.782,0.0005,147.128,0.0388,42.625,0.0077,349.564,0.0475,91.543
24,4560,4,2048,51200,256,1,1,1,118.1,102.349,98.69,203.679,154.499,0.0005,148.621,0.0391,42.668,0.0088,308.998,0.049,89.752
24,4584,4,2048,51200,256,1,1,1,153.431,64.17,69.923,152.616,139.017,0.0005,182.719,0.0346,48.651,0.0099,278.034,0.0456,97.357
24,4608,4,2048,51200,256,1,1,1,180.036,118.493,133.43,206.734,177.375,0.0005,173.023,0.0323,52.682,0.0078,354.75,0.0411,109.032
24,4632,4,2048,51200,256,1,1,1,143.785,60.648,75.428,164.671,103.386,0.0005,150.93,0.0398,43.1,0.0136,206.771,0.0545,83.143
24,4656,4,2048,51200,256,1,1,1,171.553,107.786,95.044,195.902,153.878,0.0005,167.431,0.0344,50.317,0.0092,307.756,0.0447,102.301
24,4680,4,2048,51200,256,1,1,1,155.217,66.028,74.801,166.665,142.864,0.0005,169.157,0.0368,47.572,0.01,285.728,0.0479,96.526
24,4704,4,2048,51200,256,1,1,1,221.157,116.67,130.36,227.348,226.782,0.0005,131.508,0.0391,45.183,0.0064,453.565,0.0465,100.306
24,4728,4,2048,51200,256,1,1,1,148.728,64.982,74.339,173.828,162.429,0.0005,146.442,0.0412,43.308,0.009,324.858,0.0512,92.011
24,4752,4,2048,51200,256,1,1,1,126.031,110.197,101.026,193.178,155.656,0.0005,144.542,0.0413,43.527,0.0095,311.312,0.0519,91.733
24,4776,4,2048,51200,256,1,1,1,146.757,62.337,75.698,165.481,159.215,0.0005,161.224,0.0394,46.034,0.0094,318.43,0.0499,96.37
24,4800,4,2048,51200,256,1,1,1,206.735,118.966,133.038,213.83,218.408,0.0005,154.643,0.0358,51.111,0.0069,436.816,0.0438,110.779
24,4824,4,2048,51200,256,1,1,1,142.133,63.237,75.368,170.839,139.347,0.0006,174.027,0.0382,48.348,0.0109,278.693,0.0503,97.409
24,4848,4,2048,51200,256,1,1,1,172.473,107.06,107.735,189.468,154.911,0.0005,165.089,0.0364,51.263,0.0099,309.822,0.0474,104.41
24,4872,4,2048,51200,256,1,1,1,158.292,67.107,77.06,159.866,138.423,0.0005,143.772,0.0428,43.998,0.0112,276.846,0.0551,90.688
24,4896,4,2048,51200,256,1,1,1,153.734,117.191,128.539,219.987,170.102,0.0005,143.872,0.0407,46.699,0.0092,340.204,0.051,98.929
24,4920,4,2048,51200,256,1,1,1,149.312,66.553,79.446,153.92,140.537,0.0005,173.172,0.0389,49.223,0.0113,281.074,0.0513,99.263
24,4944,4,2048,51200,256,1,1,1,158.426,108.116,105.466,183.207,157.364,0.0005,181.759,0.0357,54.173,0.0102,314.729,0.0469,109.486
24,4968,4,2048,51200,256,1,1,1,172.884,64.396,79.226,153.759,107.188,0.0005,145.909,0.0429,45.474,0.0151,214.375,0.059,87.839
24,4992,4,2048,51200,256,1,1,1,203.841,120.882,134.252,233.191,186.32,0.0005,174.199,0.0344,57.16,0.0088,372.64,0.0442,118.388
24,5016,4,2048,51200,256,1,1,1,148.404,62.092,77.979,174.536,140.396,0.0005,180.893,0.0388,51.14,0.0117,280.792,0.0516,102.374
24,5040,4,2048,51200,256,1,1,1,157.041,107.078,110.764,189.111,163.988,0.0005,130.789,0.0456,43.941,0.0102,327.977,0.0568,93.914
24,5064,4,2048,51200,256,1,1,1,135.187,65.285,77.312,172.965,148.623,0.0005,147.496,0.0454,44.548,0.0113,297.245,0.0577,93.262
24,5088,4,2048,51200,256,1,1,1,142.332,117.845,135.067,209.782,178.369,0.0005,173.096,0.0383,53.168,0.0095,356.739,0.0489,111.087
24,5112,4,2048,51200,256,1,1,1,139.449,67.046,78.019,166.691,172.252,0.0005,146.526,0.0458,44.881,0.0099,344.503,0.0568,96.511
24,5136,4,2048,51200,256,1,1,1,152.939,108.996,113.182,180.879,184.671,0.0005,148.685,0.0429,48.278,0.0094,369.342,0.0534,103.644
24,5160,4,2048,51200,256,1,1,1,137.634,63.336,79.968,167.237,114.225,0.0005,146.494,0.0466,44.911,0.0153,228.451,0.0629,88.736
24,5184,4,2048,51200,256,1,1,1,200.948,119.396,135.337,218.334,174.399,0.0005,170.228,0.0369,57.191,0.0101,348.798,0.048,117.244
24,5208,4,2048,51200,256,1,1,1,138.853,63.953,79.424,174.923,137.684,0.0005,183.447,0.0409,52.02,0.0129,275.369,0.0549,103.567
24,5232,4,2048,51200,256,1,1,1,181.146,115.231,108.459,190.31,156.15,0.0005,148.032,0.0426,50.384,0.0115,312.299,0.0551,104.001
24,5256,4,2048,51200,256,1,1,1,111.404,66.867,80.34,168.595,139.324,0.0005,147.382,0.0496,43.594,0.013,278.648,0.0637,90.842
24,5280,4,2048,51200,256,1,1,1,199.814,119.391,137.025,242.627,186.244,0.0005,180.196,0.0361,60.431,0.0098,372.488,0.047,124.264
24,5304,4,2048,51200,256,1,1,1,139.697,67.563,79.012,151.324,127.255,0.0005,170.354,0.0439,50.05,0.0145,254.511,0.0595,98.955
24,5328,4,2048,51200,256,1,1,1,198.626,112.473,106.624,206.94,113.646,0.0005,148.806,0.0426,52.097,0.0164,227.292,0.06,98.981
24,5352,4,2048,51200,256,1,1,1,140.169,61.283,81.912,157.167,122.813,0.0005,149.927,0.0481,46.496,0.0153,245.627,0.0644,92.967
24,5376,4,2048,51200,256,1,1,1,177.246,130.256,152.82,222.068,170.025,0.0005,176.693,0.0382,58.973,0.0111,340.05,0.0504,119.896
24,5400,4,2048,51200,256,1,1,1,168.451,58.602,83.153,173.669,126.562,0.0005,127.126,0.0522,43.583,0.0151,253.123,0.0683,89.209
24,5424,4,2048,51200,256,1,1,1,154.716,114.367,114.31,192.812,163.56,0.0005,142.398,0.047,48.785,0.0118,327.119,0.0598,102.754
24,5448,4,2048,51200,256,1,1,1,116.434,65.561,85.455,170.58,120.156,0.0005,142.309,0.0524,44.08,0.0162,240.312,0.0697,88.994
24,5472,4,2048,51200,256,1,1,1,188.485,125.719,143.526,222.096,176.102,0.0005,142.028,0.0451,51.68,0.0111,352.205,0.0573,109.165
24,5496,4,2048,51200,256,1,1,1,139.407,67.033,86.224,148.02,143.492,0.0005,159.975,0.0477,49.23,0.0138,286.984,0.0626,100.817
24,5520,4,2048,51200,256,1,1,1,177.553,116.708,112.086,195.898,123.413,0.0005,143.548,0.0465,50.932,0.0162,246.826,0.0637,99.831
24,5544,4,2048,51200,256,1,1,1,140.199,59.943,87.425,161.897,113.088,0.0005,144.23,0.0514,46.462,0.0178,226.177,0.0702,91.336
24,5568,4,2048,51200,256,1,1,1,180.06,135.487,144.884,237.243,172.892,0.0005,167.543,0.0412,58.455,0.0118,345.784,0.054,119.889
24,5592,4,2048,51200,256,1,1,1,140.562,64.897,83.299,166.403,121.36,0.0006,171.856,0.0465,52.195,0.0169,242.721,0.0645,101.177
24,5616,4,2048,51200,256,1,1,1,157.2,125.749,110.702,197.864,155.281,0.0005,158.562,0.0454,53.847,0.0133,310.563,0.0598,110.066
24,5640,4,2048,51200,256,1,1,1,151.07,69.977,84.326,164.386,120.848,0.0005,148.956,0.0502,49.037,0.0173,241.697,0.0685,96.758
24,5664,4,2048,51200,256,1,1,1,143.575,124.478,145.934,226.191,180.759,0.0005,144.706,0.049,50.696,0.0116,361.517,0.0617,108.441
24,5688,4,2048,51200,256,1,1,1,136.24,66.812,87.553,152.651,124.922,0.0005,176.848,0.0472,53.052,0.017,249.844,0.0652,103.4
24,5712,4,2048,51200,256,1,1,1,154.365,116.691,116.68,172.492,135.698,0.0005,162.985,0.0462,54.613,0.0158,271.396,0.063,107.9
24,5736,4,2048,51200,256,1,1,1,167.578,66.986,88.03,173.145,169.16,0.0005,153.86,0.0491,51.759,0.0127,338.32,0.0629,108.929
24,5760,4,2048,51200,256,1,1,1,163.209,137.832,154.431,199.793,161.905,0.0005,168.968,0.044,58.251,0.0134,323.809,0.0584,118.236
24,5784,4,2048,51200,256,1,1,1,138.163,64.545,86.22,173.583,120.14,0.0005,169.642,0.0489,52.754,0.0182,240.281,0.0682,102.071
24,5808,4,2048,51200,256,1,1,1,153.632,114.015,115.837,196.297,176.684,0.0005,132.833,0.0537,48.446,0.0125,353.369,0.0673,104.392
24,5832,4,2048,51200,256,1,1,1,140.021,68.623,87.741,173.717,120.301,0.0005,148.111,0.0533,49.2,0.0185,240.601,0.0729,97.139
24,5856,4,2048,51200,256,1,1,1,141.3,123.037,143.393,228.976,159.25,0.0005,149.153,0.0503,52.508,0.0141,318.499,0.0655,108.982
24,5880,4,2048,51200,256,1,1,1,135.285,67.708,87.202,166.506,162.535,0.0005,178.592,0.0488,54.563,0.0139,325.07,0.0638,112.775
24,5904,4,2048,51200,256,1,1,1,153.978,124.588,120.572,157.543,155.393,0.0005,170.505,0.047,56.996,0.0147,310.786,0.0628,115.409
24,5928,4,2048,51200,256,1,1,1,108.567,65.791,91.637,169.915,104.085,0.0005,154.138,0.0568,47.589,0.0221,208.17,0.08,91.375
24,5952,4,2048,51200,256,1,1,1,173.941,131.482,152.232,228.068,157.474,0.0005,170.034,0.0448,60.806,0.0147,314.948,0.0606,121.575
24,5976,4,2048,51200,256,1,1,1,137.551,66.149,91.676,166.411,120.18,0.0005,163.256,0.0522,52.517,0.0195,240.36,0.0728,102.011
24,6000,4,2048,51200,256,1,1,1,184.918,118.752,122.533,185.111,123.434,0.0005,129.859,0.0549,50.352,0.0191,246.868,0.0751,99.668
24,6024,4,2048,51200,256,1,1,1,135.639,69.463,88.518,170.094,138.045,0.0005,145.898,0.0565,49.269,0.0172,276.09,0.0748,100.817
24,6048,4,2048,51200,256,1,1,1,139.933,125.835,156.221,228.866,153.148,0.0005,165.605,0.049,57.189,0.0157,306.296,0.0658,115.542
24,6072,4,2048,51200,256,1,1,1,136.47,70.4,89.745,176.627,155.774,0.0005,146.819,0.0566,49.928,0.0155,311.547,0.0731,104.668
24,6096,4,2048,51200,256,1,1,1,153.84,118.664,116.906,185.929,159.476,0.0005,147.994,0.0532,53.494,0.0153,318.953,0.0695,110.956
24,6120,4,2048,51200,256,1,1,1,128.989,67.43,87.674,165.014,120.958,0.0005,147.825,0.0581,49.31,0.0203,241.917,0.0795,97.808
24,6144,4,2048,51200,256,1,1,1,174.44,138.154,172.894,223.296,153.478,0.0005,169.53,0.0465,62.079,0.0161,306.957,0.0637,123.036
24,6168,4,2048,51200,256,1,1,1,141.18,65.863,34.931,160.834,141.357,0.0005,177.697,0.0553,52.566,0.0176,282.714,0.074,106.609
24,6192,4,2048,51200,256,1,1,1,118.588,123.455,84.44,194.165,135.476,0.0006,148.914,0.0582,50.356,0.0185,270.952,0.0778,102.232
24,6216,4,2048,51200,256,1,1,1,104.594,70.563,34.917,160.831,124.457,0.0006,153.284,0.065,45.347,0.0203,248.913,0.0865,92.649
24,6240,4,2048,51200,256,1,1,1,137.464,132.936,109.779,236.981,152.494,0.0006,163.778,0.0521,57.063,0.0167,304.987,0.0699,115.513
24,6264,4,2048,51200,256,1,1,1,119.719,70.422,34.777,150.181,121.104,0.0006,170.07,0.0603,49.603,0.0212,242.209,0.0827,98.412
24,6288,4,2048,51200,256,1,1,1,193.512,127.768,87.469,165.483,149.755,0.0006,155.972,0.0518,58.126,0.0173,299.509,0.0702,116.665
24,6312,4,2048,51200,256,1,1,1,119.891,67.199,35.101,161.258,113.173,0.0006,158.241,0.063,48.147,0.0231,226.346,0.0872,94.676
24,6336,4,2048,51200,256,1,1,1,168.083,135.65,118.75,211.468,150.482,0.0006,154.063,0.0527,57.984,0.0175,300.965,0.0713,116.66
24,6360,4,2048,51200,256,1,1,1,119.685,67.273,34.96,167.501,152.577,0.0006,175.519,0.0602,51.09,0.0174,305.153,0.0787,106.438
24,6384,4,2048,51200,256,1,1,1,192.294,109.033,90.4,194.999,134.232,0.0006,147.491,0.0545,56.885,0.0199,268.463,0.0755,111.804
24,6408,4,2048,51200,256,1,1,1,169.593,70.677,35.132,163.331,159.91,0.0006,144.671,0.0623,50.067,0.0168,319.82,0.0803,105.914
24,6432,4,2048,51200,256,1,1,1,140.584,129.148,124.966,225.332,153.46,0.0006,158.622,0.0549,57.263,0.0177,306.919,0.0737,116.262
24,6456,4,2048,51200,256,1,1,1,120.371,69.318,35.368,158.251,152.294,0.0006,144.071,0.0682,46.421,0.0179,304.587,0.0872,98.903
24,6480,4,2048,51200,256,1,1,1,152.482,115.922,83.912,154.96,163.26,0.0006,165.07,0.0554,57.551,0.0169,326.52,0.0734,118.478
24,6504,4,2048,51200,256,1,1,1,118.264,66.585,35.499,146.602,103.699,0.0006,151.002,0.0679,47.281,0.0267,207.398,0.0957,91.443
24,6528,4,2048,51200,256,1,1,1,173.677,143.3,129.141,210.743,150.888,0.0006,164.556,0.0519,62.281,0.0185,301.776,0.0715,123.331
24,6552,4,2048,51200,256,1,1,1,120.354,66.14,35.022,144.033,120.18,0.0006,157.91,0.0668,48.682,0.0234,240.359,0.0914,97.2
24,6576,4,2048,51200,256,1,1,1,134.327,117.13,92.715,188.304,163.945,0.0006,129.401,0.0665,49.268,0.0173,327.891,0.0849,105.35
24,6600,4,2048,51200,256,1,1,1,119.704,70.251,34.897,152.076,120.372,0.0006,145.261,0.0702,46.981,0.0237,240.744,0.095,94.772
24,6624,4,2048,51200,256,1,1,1,139.736,130.156,117.775,199.032,150.66,0.0006,175.689,0.0543,61.179,0.0191,301.319,0.0745,121.79
24,6648,4,2048,51200,256,1,1,1,121.586,69.6,35.106,168.037,148.757,0.0006,152.077,0.0684,48.864,0.0195,297.515,0.089,102.634
24,6672,4,2048,51200,256,1,1,1,136.259,120.285,92.86,177.452,167.936,0.0006,161.278,0.0591,56.898,0.0174,335.872,0.0776,118.494
24,6696,4,2048,51200,256,1,1,1,123.565,67.743,34.981,160.516,104.124,0.0006,145.675,0.0707,47.911,0.0282,208.248,0.1001,92.587
24,6720,4,2048,51200,256,1,1,1,178.318,139.893,113.707,202.883,149.687,0.0006,166.059,0.0536,63.586,0.0198,299.375,0.0745,125.174
24,6744,4,2048,51200,256,1,1,1,119.083,67.629,34.084,162.963,119.648,0.0006,168.517,0.0669,51.318,0.0249,239.295,0.093,101.071
24,6768,4,2048,51200,256,1,1,1,161.23,108.418,83.342,183.539,135.17,0.0006,145.851,0.0618,55.925,0.0222,270.341,0.0851,111.106
24,6792,4,2048,51200,256,1,1,1,136.275,71.367,34.362,155.479,150.395,0.0006,148.007,0.0698,49.828,0.0201,300.791,0.0911,104.617
24,6816,4,2048,51200,256,1,1,1,141.339,129.782,110.21,225.32,152.368,0.0006,169.578,0.0571,61.344,0.02,304.737,0.0782,122.63
24,6840,4,2048,51200,256,1,1,1,119.827,69.346,34.47,154.726,142.585,0.0006,147.293,0.0731,48.245,0.0215,285.17,0.0957,100.891
24,6864,4,2048,51200,256,1,1,1,134.872,119.425,86.055,186.82,167.836,0.0006,163.41,0.0611,58.033,0.0184,335.672,0.0807,120.505
24,6888,4,2048,51200,256,1,1,1,107.434,62.502,34.938,160.153,135.126,0.0006,155.298,0.0741,48.213,0.023,270.251,0.0982,99.652
24,6912,4,2048,51200,256,1,1,1,147.844,143.94,135.27,200.827,146.76,0.0006,164.421,0.0584,61.587,0.0213,293.519,0.0808,121.937
24,6936,4,2048,51200,256,1,1,1,118.607,61.591,36.003,138.359,118.797,0.0006,169.332,0.0702,51.515,0.0265,237.593,0.0979,101.343
24,6960,4,2048,51200,256,1,1,1,134.978,116.727,88.652,180.497,166.477,0.0006,132.688,0.0707,51.529,0.0191,332.955,0.0909,109.926
24,6984,4,2048,51200,256,1,1,1,120.796,69.407,36.537,147.647,121.486,0.0006,149.626,0.0742,49.394,0.0263,242.971,0.1017,98.931
24,7008,4,2048,51200,256,1,1,1,140.14,143.321,112.581,220.966,151.9,0.0006,164.201,0.0604,61.076,0.0212,303.799,0.0827,122.387
24,7032,4,2048,51200,256,1,1,1,121.371,67.735,36.722,152.506,145.66,0.0006,148.06,0.0751,49.443,0.0222,291.32,0.0985,103.499
24,7056,4,2048,51200,256,1,1,1,134.908,124.406,84.055,158.608,135.435,0.0006,179.087,0.0611,61.199,0.0241,270.869,0.0863,118.927
24,7080,4,2048,51200,256,1,1,1,108.84,66.282,36.998,162.489,136.196,0.0006,149.63,0.0774,48.589,0.0241,272.392,0.1027,100.631
24,7104,4,2048,51200,256,1,1,1,155.871,138.279,123.842,229.93,156.465,0.0006,170.909,0.058,65.213,0.0211,312.93,0.0803,129.486
24,7128,4,2048,51200,256,1,1,1,119.486,62.21,37.473,143.359,120.184,0.0006,172.633,0.0716,53.208,0.0277,240.368,0.1004,104.226
24,7152,4,2048,51200,256,1,1,1,183.717,123.595,94.654,173.348,120.996,0.0006,135.641,0.0672,57.003,0.0277,241.993,0.0961,109.661
24,7176,4,2048,51200,256,1,1,1,133.112,65.528,37.333,145.188,139.679,0.0006,145.319,0.0764,50.493,0.0242,279.358,0.1017,104.293
24,7200,4,2048,51200,256,1,1,1,138.794,131.62,126.446,194.504,150.917,0.0006,162.362,0.0637,60.947,0.0225,301.834,0.0873,122.226
24,7224,4,2048,51200,256,1,1,1,120.598,70.101,37.557,113.16,139.156,0.0006,171.283,0.0741,52.685,0.0246,278.312,0.0999,107.603
24,7248,4,2048,51200,256,1,1,1,155.535,115.723,93.192,184.246,157.289,0.0006,163.201,0.0632,62.133,0.0219,314.577,0.0863,125.326
24,7272,4,2048,51200,256,1,1,1,121.302,67.601,38.09,149.616,107.892,0.0006,145.205,0.0792,49.892,0.0321,215.784,0.1125,96.726
24,7296,4,2048,51200,256,1,1,1,153.742,143.575,129.224,206.74,151.653,0.0006,161.294,0.0628,63.366,0.023,303.307,0.0869,126.024
24,7320,4,2048,51200,256,1,1,1,137.519,66.078,38.176,159.228,147.423,0.0006,129.092,0.0824,48.588,0.0238,294.846,0.1074,102.696
24,7344,4,2048,51200,256,1,1,1,133.238,116.66,93.45,173.517,159.294,0.0006,146.51,0.0718,56.103,0.0222,318.589,0.0951,116.641
24,7368,4,2048,51200,256,1,1,1,103.517,70.632,38.313,164.25,140.838,0.0006,147.115,0.0832,48.729,0.0253,281.677,0.1096,101.906
24,7392,4,2048,51200,256,1,1,1,152.291,134.86,120.588,225.444,183.499,0.0006,148.232,0.0673,60.549,0.0195,366.997,0.088,127.694
24,7416,4,2048,51200,256,1,1,1,120.149,71.355,38.574,114.722,120.882,0.0006,162.084,0.0787,52.14,0.0298,241.765,0.1097,103.142
24,7440,4,2048,51200,256,1,1,1,120.842,121.693,97.931,167.364,114.498,0.0006,146.321,0.0752,54.888,0.0317,228.996,0.108,105.357
24,7464,4,2048,51200,256,1,1,1,135.672,67.664,38.592,141.663,118.909,0.0006,161.068,0.0757,54.854,0.0307,237.817,0.1076,106.484
24,7488,4,2048,51200,256,1,1,1,171.897,148.23,128.275,198.352,149.46,0.0006,173.953,0.0604,69.126,0.0246,298.92,0.0862,133.753
24,7512,4,2048,51200,256,1,1,1,139.65,68.281,38.176,173.347,115.338,0.0006,131.278,0.0835,50.333,0.0321,230.675,0.1167,99.364
24,7536,4,2048,51200,256,1,1,1,135.685,122.427,92.411,169.526,137.272,0.0006,146.842,0.0739,57.196,0.0271,274.545,0.1022,114.197
24,7560,4,2048,51200,256,1,1,1,120.908,71.811,38.417,121.857,122.26,0.0006,164.547,0.0796,53.432,0.0306,244.521,0.1114,105.419
24,7584,4,2048,51200,256,1,1,1,154.04,141.269,124.15,213.939,152.515,0.0006,166.776,0.0648,66.07,0.0247,305.031,0.0906,130.382
24,7608,4,2048,51200,256,1,1,1,108.192,72.989,38.712,150.382,123.924,0.0006,147.352,0.086,50.042,0.0306,247.847,0.1178,100.947
24,7632,4,2048,51200,256,1,1,1,170.29,128.915,98.574,163.6,133.523,0.0006,164.711,0.0661,65.5,0.0286,267.045,0.0959,124.806
24,7656,4,2048,51200,256,1,1,1,120.645,68.93,39.332,112.303,120.531,0.0006,167.986,0.0809,53.82,0.0319,241.061,0.114,105.622
24,7680,4,2048,51200,256,1,1,1,149.071,159.317,137.307,157.063,130.813,0.0006,148.614,0.0724,60.472,0.0295,261.627,0.1031,117.427
24,7704,4,2048,51200,256,1,1,1,139.234,67.606,40.062,144.572,141.233,0.0006,145.464,0.0824,53.491,0.0275,282.467,0.1111,109.683
24,7728,4,2048,51200,256,1,1,1,110.857,115.763,95.691,188.382,132.225,0.0006,160.884,0.0769,57.627,0.0296,264.45,0.1077,113.836
24,7752,4,2048,51200,256,1,1,1,119.253,71.625,40.662,139.908,142.084,0.0006,145.564,0.0865,51.539,0.0277,284.168,0.1154,106.873
24,7776,4,2048,51200,256,1,1,1,152.549,146.19,123.466,177.261,174.751,0.0006,145.809,0.0737,60.844,0.0227,349.502,0.0976,127.193
24,7800,4,2048,51200,256,1,1,1,120.15,71.926,40.923,151.416,103.463,0.0006,160.611,0.0822,54.844,0.0385,206.926,0.122,102.36
24,7824,4,2048,51200,256,1,1,1,173.392,127.595,95.722,170.155,135.051,0.0006,170.012,0.0667,68.068,0.0297,270.101,0.0975,128.776
24,7848,4,2048,51200,256,1,1,1,120.351,69.677,41.122,159.101,137.332,0.0006,169.552,0.0805,56.679,0.0294,274.664,0.1111,113.753
24,7872,4,2048,51200,256,1,1,1,175.099,146.108,128.864,212.208,152.872,0.0006,146.32,0.0712,64.488,0.0266,305.744,0.0989,128.53
24,7896,4,2048,51200,256,1,1,1,142.401,69.23,41.735,156.628,148.443,0.0006,145.96,0.0836,55.216,0.0275,296.885,0.1123,113.86
24,7920,4,2048,51200,256,1,1,1,115.589,114.052,94.517,161.73,155.263,0.0006,136.324,0.0869,53.419,0.0265,310.526,0.1146,112.287
24,7944,4,2048,51200,256,1,1,1,121.315,74.44,41.419,113.31,139.836,0.0006,165.945,0.0849,55.014,0.0296,279.671,0.1156,111.916
24,7968,4,2048,51200,256,1,1,1,185.838,142.153,128.956,219.575,140.656,0.0006,162.392,0.0666,70.458,0.0296,281.312,0.0974,133.644
24,7992,4,2048,51200,256,1,1,1,141.435,74.44,42.116,146.233,122.472,0.0006,173.762,0.0779,60.615,0.0342,244.943,0.1133,115.594
24,8016,4,2048,51200,256,1,1,1,134.918,128.058,94.329,165.664,153.91,0.0006,157.208,0.0775,61.286,0.0274,307.82,0.106,124.213
24,8040,4,2048,51200,256,1,1,1,147.71,69.476,42.47,169.237,114.518,0.0006,131.572,0.0893,53.503,0.037,229.035,0.1274,103.952
24,8064,4,2048,51200,256,1,1,1,145.807,153.336,147.357,185.038,168.638,0.0006,147.43,0.0772,62.243,0.0253,337.277,0.1036,128.625
24,8088,4,2048,51200,256,1,1,1,101.303,66.156,42.704,111.145,136.575,0.0006,171.061,0.0915,52.784,0.0314,273.151,0.1241,108.029
24,8112,4,2048,51200,256,1,1,1,134.365,123.927,95.837,172.353,162.748,0.0006,147.836,0.0814,59.672,0.0265,325.495,0.1091,123.601
24,8136,4,2048,51200,256,1,1,1,147.506,72.021,43.071,113.24,121.783,0.0006,167.904,0.0824,59.265,0.0356,243.565,0.1192,113.74
24,8160,4,2048,51200,256,1,1,1,145.825,139.202,137.806,195.531,139.869,0.0006,160.944,0.0745,65.918,0.0312,279.739,0.1069,127.588
24,8184,4,2048,51200,256,1,1,1,122.547,74.341,42.994,121.737,123.327,0.0006,149.528,0.0919,53.756,0.0356,246.655,0.1287,106.613
24,8208,4,2048,51200,256,1,1,1,154.948,120.546,100.502,160.488,166.374,0.0006,128.277,0.087,57.114,0.0265,332.748,0.1147,120.251
24,8232,4,2048,51200,256,1,1,1,120.97,69.427,43.31,144.247,122.682,0.0006,145.405,0.0931,53.648,0.0362,245.364,0.1305,106.293
24,8256,4,2048,51200,256,1,1,1,142.191,144.236,137.676,213.614,169.808,0.0006,163.365,0.0751,66.844,0.0263,339.616,0.1027,135.896
24,8280,4,2048,51200,256,1,1,1,119.942,68.072,42.512,144.793,134.411,0.0006,146.447,0.0939,53.768,0.0334,268.822,0.1286,109.13
24,8304,4,2048,51200,256,1,1,1,133.285,124.971,94.45,113.64,133.887,0.0006,157.861,0.0847,59.95,0.0338,267.774,0.1197,117.91
24,8328,4,2048,51200,256,1,1,1,106.493,71.552,42.829,132.582,136.277,0.0006,145.928,0.0989,51.617,0.0334,272.554,0.1335,106.302
24,8352,4,2048,51200,256,1,1,1,152.582,151.099,140.135,218.909,150.674,0.0006,146.529,0.0794,64.667,0.0303,301.349,0.111,128.609
24,8376,4,2048,51200,256,1,1,1,120.559,73.927,43.425,162.948,138.072,0.0007,169.52,0.0874,59.052,0.0333,276.144,0.122,117.686
24,8400,4,2048,51200,256,1,1,1,161.039,123.539,107.948,166.281,134.628,0.0007,146.579,0.0815,63.692,0.0343,269.255,0.1171,123.28
24,8424,4,2048,51200,256,1,1,1,139.618,69.464,43.675,158.223,138.877,0.0007,146.88,0.091,57.329,0.0335,277.755,0.1258,115.421
24,8448,4,2048,51200,256,1,1,1,140.304,156.405,153.259,187.36,154.154,0.0006,145.29,0.0837,62.668,0.0303,308.309,0.1153,126.591
24,8472,4,2048,51200,256,1,1,1,121.273,67.912,44.062,111.74,140.427,0.0007,167.412,0.0927,56.874,0.0335,280.853,0.1275,115.125
24,8496,4,2048,51200,256,1,1,1,154.147,130.297,102.49,154.028,162.997,0.0007,146.365,0.0844,62.836,0.029,325.994,0.1147,128.707
24,8520,4,2048,51200,256,1,1,1,120.704,72.586,44.799,151.039,108.055,0.0007,166.896,0.0906,58.834,0.044,216.109,0.1359,109.203
24,8544,4,2048,51200,256,1,1,1,188.07,156.908,134.94,173.344,152.199,0.0007,168.089,0.0726,73.826,0.0314,304.397,0.1053,141.72
24,8568,4,2048,51200,256,1,1,1,122.692,72.183,44.892,140.966,139.954,0.0007,130.833,0.1033,52.158,0.0344,279.909,0.139,108.0
24,8592,4,2048,51200,256,1,1,1,134.885,117.866,110.173,166.45,134.602,0.0007,147.332,0.0882,61.425,0.0359,269.204,0.1254,120.325
24,8616,4,2048,51200,256,1,1,1,144.174,68.603,45.236,141.497,120.113,0.0007,166.542,0.0879,61.921,0.0405,240.226,0.1297,116.951
24,8640,4,2048,51200,256,1,1,1,148.182,144.654,141.846,182.04,168.841,0.0007,147.492,0.0847,64.63,0.029,337.682,0.115,132.703
24,8664,4,2048,51200,256,1,1,1,119.904,68.93,45.095,112.262,120.37,0.0007,157.154,0.0986,55.769,0.0409,240.739,0.1408,108.917
24,8688,4,2048,51200,256,1,1,1,116.775,132.741,101.403,159.965,154.025,0.0007,147.943,0.0938,58.931,0.0321,308.05,0.1273,121.177
24,8712,4,2048,51200,256,1,1,1,116.241,71.915,45.244,133.398,103.551,0.0007,161.298,0.0972,57.16,0.048,207.102,0.1466,105.761
24,8736,4,2048,51200,256,1,1,1,151.767,147.385,145.68,170.717,153.365,0.0007,163.207,0.0809,69.033,0.0326,306.73,0.1149,135.721
24,8760,4,2048,51200,256,1,1,1,143.056,74.192,45.871,133.876,134.295,0.0007,132.285,0.1017,55.243,0.0374,268.589,0.1405,111.594
24,8784,4,2048,51200,256,1,1,1,128.868,131.859,107.576,155.222,128.776,0.0007,146.99,0.0927,60.922,0.0393,257.551,0.1333,118.239
24,8808,4,2048,51200,256,1,1,1,139.16,69.563,46.062,137.896,133.62,0.0007,147.196,0.0975,58.221,0.0381,267.24,0.1369,115.759
24,8832,4,2048,51200,256,1,1,1,141.617,158.328,141.11,183.632,152.758,0.0007,147.094,0.0884,64.553,0.0335,305.516,0.1232,129.324
24,8856,4,2048,51200,256,1,1,1,120.902,68.572,46.47,114.087,121.034,0.0007,163.87,0.0992,57.799,0.0425,242.068,0.143,111.968
24,8880,4,2048,51200,256,1,1,1,150.279,127.309,105.035,172.878,153.833,0.0007,147.8,0.0888,64.877,0.0336,307.666,0.1238,130.064
24,8904,4,2048,51200,256,1,1,1,120.511,73.248,46.665,152.57,120.317,0.0007,163.191,0.0971,59.663,0.0432,240.633,0.1416,114.274
24,8928,4,2048,51200,256,1,1,1,180.861,140.74,154.547,148.894,152.514,0.0007,166.873,0.0794,73.355,0.0343,305.029,0.115,141.514
24,8952,4,2048,51200,256,1,1,1,142.348,73.553,46.504,148.175,109.877,0.0007,134.108,0.1031,56.783,0.0478,219.754,0.1522,107.455
24,8976,4,2048,51200,256,1,1,1,133.615,120.985,114.84,148.913,152.54,0.0007,147.307,0.0947,62.098,0.0346,305.081,0.1307,125.809
24,9000,4,2048,51200,256,1,1,1,102.848,70.443,46.783,161.345,120.425,0.0007,170.072,0.1021,57.925,0.0441,240.849,0.1475,112.059
24,9024,4,2048,51200,256,1,1,1,153.711,148.884,139.955,230.979,176.963,0.0007,173.044,0.0798,74.504,0.0302,353.927,0.1113,149.337
24,9048,4,2048,51200,256,1,1,1,138.19,70.017,46.436,106.523,137.393,0.0007,148.724,0.1036,57.638,0.039,274.786,0.144,115.975
24,9072,4,2048,51200,256,1,1,1,134.57,126.933,114.829,152.288,115.655,0.0007,161.776,0.091,65.958,0.0466,231.311,0.139,120.793
24,9096,4,2048,51200,256,1,1,1,143.729,72.736,46.64,159.891,122.068,0.0007,166.289,0.0934,64.591,0.0444,244.137,0.1392,121.262
24,9120,4,2048,51200,256,1,1,1,152.667,148.974,148.765,179.32,175.107,0.0007,133.083,0.096,63.172,0.0311,350.214,0.1285,132.06
24,9144,4,2048,51200,256,1,1,1,120.476,74.759,47.16,170.744,121.612,0.0007,148.572,0.1044,58.379,0.0451,243.225,0.1508,113.087
24,9168,4,2048,51200,256,1,1,1,165.911,133.024,108.724,168.873,134.255,0.0007,164.92,0.0848,72.188,0.041,268.511,0.1272,134.73
24,9192,4,2048,51200,256,1,1,1,118.715,70.771,47.19,125.752,120.049,0.0007,170.916,0.102,60.335,0.0461,240.097,0.1495,115.251
24,9216,4,2048,51200,256,1,1,1,137.774,170.488,157.852,122.509,155.976,0.0007,171.491,0.0905,68.329,0.0357,311.952,0.1276,135.766
24,9240,4,2048,51200,256,1,1,1,135.376,68.344,48.176,101.461,134.885,0.0007,159.129,0.1045,59.496,0.0415,269.77,0.1473,118.153
24,9264,4,2048,51200,256,1,1,1,133.56,133.041,108.309,153.6,115.031,0.0007,147.937,0.0985,63.428,0.0489,230.062,0.1487,117.627
24,9288,4,2048,51200,256,1,1,1,135.355,72.655,48.012,162.491,121.671,0.0007,141.559,0.1058,59.303,0.0465,243.342,0.1537,114.417
24,9312,4,2048,51200,256,1,1,1,152.751,156.148,146.705,207.253,157.936,0.0007,131.66,0.0982,64.221,0.036,315.872,0.1356,130.366
24,9336,4,2048,51200,256,1,1,1,121.389,74.288,48.521,142.558,123.078,0.0007,147.178,0.1092,58.05,0.0464,246.156,0.157,113.152
24,9360,4,2048,51200,256,1,1,1,166.1,129.905,110.24,189.003,155.542,0.0007,160.085,0.0878,72.52,0.0369,311.085,0.1261,141.563
24,9384,4,2048,51200,256,1,1,1,121.198,68.748,48.663,139.678,123.946,0.0007,147.707,0.1104,57.986,0.0466,247.892,0.1583,113.334
24,9408,4,2048,51200,256,1,1,1,150.514,156.992,159.919,138.4,153.096,0.0007,165.771,0.091,70.701,0.0379,306.192,0.1302,138.466
24,9432,4,2048,51200,256,1,1,1,119.97,69.788,49.053,140.698,138.199,0.0007,148.192,0.1112,58.13,0.0422,276.398,0.1547,117.119
24,9456,4,2048,51200,256,1,1,1,165.378,139.638,108.287,184.061,134.802,0.0007,147.745,0.0934,69.515,0.0435,269.605,0.1383,131.73
24,9480,4,2048,51200,256,1,1,1,120.381,74.143,49.099,137.213,138.809,0.0007,167.821,0.1056,61.81,0.0424,277.618,0.1494,122.534
24,9504,4,2048,51200,256,1,1,1,175.503,151.184,150.806,169.86,151.705,0.0007,146.104,0.0928,70.661,0.039,303.411,0.1332,138.115
24,9528,4,2048,51200,256,1,1,1,138.304,73.913,49.144,169.908,147.146,0.0007,146.191,0.1065,61.856,0.0404,294.292,0.1483,124.636
24,9552,4,2048,51200,256,1,1,1,112.777,140.084,127.123,128.902,133.533,0.0007,132.776,0.1165,56.819,0.0448,267.065,0.1627,114.212
24,9576,4,2048,51200,256,1,1,1,120.454,69.55,49.796,147.334,140.488,0.0007,146.383,0.1136,58.577,0.0428,280.977,0.1577,118.385
24,9600,4,2048,51200,256,1,1,1,176.714,159.853,165.184,141.985,172.796,0.0007,146.63,0.0952,70.244,0.035,345.593,0.1315,142.715
24,9624,4,2048,51200,256,1,1,1,120.803,69.17,49.863,140.882,120.649,0.0007,164.909,0.1086,61.865,0.0503,241.298,0.1603,117.665
24,9648,4,2048,51200,256,1,1,1,150.331,132.543,114.387,120.514,135.015,0.0007,146.986,0.1034,65.244,0.0452,270.029,0.15,126.339
24,9672,4,2048,51200,256,1,1,1,119.007,72.969,49.828,137.859,134.889,0.0007,166.322,0.1095,61.918,0.0455,269.778,0.1563,121.806
24,9696,4,2048,51200,256,1,1,1,144.557,146.62,160.299,176.538,152.42,0.0007,147.99,0.0999,68.187,0.0404,304.84,0.1417,135.035
24,9720,4,2048,51200,256,1,1,1,140.076,72.952,50.351,170.453,121.112,0.0007,169.87,0.1012,67.641,0.0511,242.224,0.1537,125.108
24,9744,4,2048,51200,256,1,1,1,133.58,125.397,118.63,152.36,155.418,0.0007,145.214,0.1068,64.386,0.04,310.837,0.1482,130.357
24,9768,4,2048,51200,256,1,1,1,119.694,71.265,49.904,103.37,143.453,0.0007,159.608,0.1168,59.144,0.0436,286.907,0.1618,120.005
24,9792,4,2048,51200,256,1,1,1,134.818,151.586,143.659,170.701,164.154,0.0007,151.75,0.1027,67.556,0.0383,328.308,0.1424,136.991
24,9816,4,2048,51200,256,1,1,1,119.915,70.11,49.618,138.703,120.384,0.0007,170.573,0.1105,63.115,0.0525,240.767,0.1643,119.288
24,9840,4,2048,51200,256,1,1,1,134.744,136.328,113.046,121.408,135.484,0.0007,161.86,0.1047,66.897,0.0468,270.968,0.1529,128.781
24,9864,4,2048,51200,256,1,1,1,146.976,74.612,49.777,138.547,139.479,0.0007,130.114,0.1187,59.284,0.0457,278.958,0.1658,119.344
24,9888,4,2048,51200,256,1,1,1,150.635,150.424,151.722,172.032,169.318,0.0007,147.81,0.1017,69.513,0.0378,338.636,0.141,141.081
24,9912,4,2048,51200,256,1,1,1,140.045,75.549,50.153,103.507,121.6,0.0007,162.046,0.1124,63.214,0.053,243.2,0.1667,119.845
24,9936,4,2048,51200,256,1,1,1,116.365,134.473,117.41,157.449,150.953,0.0007,148.321,0.1135,62.886,0.0429,301.907,0.1577,127.275
24,9960,4,2048,51200,256,1,1,1,139.663,72.369,50.907,125.463,121.936,0.0007,147.434,0.1157,61.957,0.0533,243.871,0.1704,118.36
24,9984,4,2048,51200,256,1,1,1,152.324,163.45,178.804,180.237,165.627,0.0007,133.046,0.1081,66.63,0.0394,331.254,0.1489,136.095
24,10008,4,2048,51200,256,1,1,1,120.515,70.992,51.342,135.876,121.147,0.0007,146.577,0.1215,59.566,0.0542,242.293,0.1771,115.013
24,10032,4,2048,51200,256,1,1,1,162.108,131.594,115.173,156.697,134.553,0.0007,164.338,0.0977,74.379,0.049,269.106,0.1481,138.123
24,10056,4,2048,51200,256,1,1,1,120.841,70.998,51.666,138.16,139.825,0.0007,134.689,0.127,57.48,0.0474,279.651,0.1758,116.908
24,10080,4,2048,51200,256,1,1,1,151.332,161.061,155.305,136.373,151.919,0.0007,160.46,0.1022,71.786,0.0438,303.839,0.1474,140.106
24,10104,4,2048,51200,256,1,1,1,118.594,71.985,51.904,140.085,138.002,0.0007,146.915,0.1232,59.817,0.0485,276.003,0.1731,119.895
24,10128,4,2048,51200,256,1,1,1,134.874,139.014,115.056,169.561,133.722,0.0007,133.677,0.1162,63.675,0.0503,267.444,0.1679,124.151
24,10152,4,2048,51200,256,1,1,1,120.151,72.37,52.039,136.959,120.015,0.0007,161.287,0.1185,62.724,0.0563,240.029,0.1762,118.851
24,10176,4,2048,51200,256,1,1,1,178.12,165.181,140.003,208.382,152.074,0.0007,148.009,0.0989,75.526,0.0446,304.147,0.1449,145.199
24,10200,4,2048,51200,256,1,1,1,138.035,71.222,52.331,154.029,136.722,0.0007,147.802,0.1174,63.936,0.0499,273.445,0.1686,125.364
24,10224,4,2048,51200,256,1,1,1,114.254,135.855,116.51,119.876,135.794,0.0007,133.866,0.1288,58.517,0.0504,271.588,0.1806,117.566
24,10248,4,2048,51200,256,1,1,1,120.566,75.819,52.244,102.988,139.474,0.0007,146.838,0.1292,58.601,0.0493,278.948,0.1799,118.569
24,10272,4,2048,51200,256,1,1,1,171.074,164.073,166.882,195.846,182.628,0.0007,153.972,0.0993,76.601,0.0379,365.257,0.1385,154.715
24,10296,4,2048,51200,256,1,1,1,119.715,72.793,52.428,139.759,120.668,0.0007,167.961,0.1187,64.344,0.0576,241.337,0.1777,121.179
24,10320,4,2048,51200,256,1,1,1,133.841,135.878,124.813,121.596,133.489,0.0007,162.317,0.1121,68.43,0.0523,266.977,0.1658,130.456
24,10344,4,2048,51200,256,1,1,1,134.587,70.994,53.312,139.503,136.15,0.0007,129.992,0.1298,59.374,0.0515,272.3,0.1827,118.935
24,10368,4,2048,51200,256,1,1,1,149.012,151.775,169.677,171.862,163.048,0.0007,146.664,0.1093,70.788,0.0432,326.097,0.154,141.794
24,10392,4,2048,51200,256,1,1,1,100.684,69.324,52.946,107.824,139.537,0.0007,162.404,0.1344,57.839,0.0507,279.074,0.1866,117.547
24,10416,4,2048,51200,256,1,1,1,133.318,118.376,117.532,154.418,151.159,0.0007,147.484,0.1167,66.928,0.047,302.318,0.1651,133.405
24,10440,4,2048,51200,256,1,1,1,145.431,74.322,53.123,105.014,120.816,0.0007,163.516,0.1187,66.075,0.0591,241.631,0.1793,123.456
24,10464,4,2048,51200,256,1,1,1,148.24,143.335,161.197,179.552,139.054,0.0007,167.873,0.1032,76.329,0.0516,278.107,0.1562,142.287
24,10488,4,2048,51200,256,1,1,1,135.644,74.884,53.168,108.114,121.733,0.0007,147.239,0.1276,62.012,0.0592,243.466,0.1882,118.628
24,10512,4,2048,51200,256,1,1,1,147.788,132.935,108.416,156.2,157.037,0.0007,132.876,0.1206,65.892,0.0461,314.074,0.1681,133.402
24,10536,4,2048,51200,256,1,1,1,108.905,71.161,52.613,132.689,121.8,0.0007,147.782,0.1353,58.995,0.0597,243.599,0.1965,114.693
24,10560,4,2048,51200,256,1,1,1,166.923,157.225,153.333,223.608,161.99,0.0007,162.789,0.1,80.178,0.0451,323.98,0.1465,154.471
24,10584,4,2048,51200,256,1,1,1,120.883,69.983,52.973,137.447,121.171,0.0007,148.503,0.1305,61.714,0.0606,242.342,0.1925,118.113
24,10608,4,2048,51200,256,1,1,1,133.704,134.258,118.182,111.557,134.358,0.0007,161.177,0.1188,68.087,0.0549,268.717,0.1751,130.431
24,10632,4,2048,51200,256,1,1,1,106.751,73.471,52.919,139.507,120.005,0.0007,148.072,0.1372,59.216,0.0617,240.009,0.2003,114.511
24,10656,4,2048,51200,256,1,1,1,151.893,160.241,153.473,138.423,141.015,0.0007,161.172,0.1102,74.013,0.0528,282.029,0.1644,140.147
24,10680,4,2048,51200,256,1,1,1,106.989,72.635,53.566,125.147,138.897,0.0007,160.059,0.1349,60.711,0.0538,277.795,0.1902,121.688
24,10704,4,2048,51200,256,1,1,1,133.64,120.371,123.534,154.274,113.549,0.0007,162.583,0.1154,71.275,0.0661,227.097,0.183,127.031
24,10728,4,2048,51200,256,1,1,1,137.666,67.644,53.856,107.957,120.601,0.0007,148.795,0.131,63.051,0.0625,241.203,0.195,119.721
24,10752,4,2048,51200,256,1,1,1,160.008,168.436,187.53,174.686,129.558,0.0007,134.781,0.1173,70.717,0.0585,259.116,0.1772,132.312
24,10776,4,2048,51200,256,1,1,1,119.615,66.347,54.168,117.658,119.963,0.0007,146.4,0.1378,60.493,0.0634,239.926,0.2026,116.241
24,10800,4,2048,51200,256,1,1,1,157.168,138.765,124.354,155.672,153.354,0.0007,165.164,0.1091,76.686,0.0498,306.708,0.1604,147.487
24,10824,4,2048,51200,256,1,1,1,121.474,70.989,54.29,118.681,120.982,0.0007,144.637,0.1382,60.831,0.0635,241.964,0.2031,117.016
24,10848,4,2048,51200,256,1,1,1,152.28,157.107,159.71,138.387,152.293,0.0007,163.294,0.1122,75.198,0.0506,304.585,0.1643,145.247
24,10872,4,2048,51200,256,1,1,1,107.651,74.815,53.892,118.594,138.071,0.0007,146.224,0.1443,58.733,0.0561,276.142,0.2019,118.743
24,10896,4,2048,51200,256,1,1,1,132.39,127.092,120.514,188.925,132.631,0.0007,134.148,0.1284,66.281,0.0587,265.262,0.1885,127.699
24,10920,4,2048,51200,256,1,1,1,135.189,72.096,54.518,106.127,121.3,0.0007,163.92,0.1295,66.031,0.0644,242.599,0.1953,123.789
24,10944,4,2048,51200,256,1,1,1,168.801,157.637,172.754,134.321,133.743,0.0007,147.158,0.1163,73.791,0.0587,267.485,0.1764,137.632
24,10968,4,2048,51200,256,1,1,1,119.905,70.41,54.194,119.563,130.231,0.0007,147.618,0.1401,61.508,0.0605,260.462,0.2021,120.661
24,10992,4,2048,51200,256,1,1,1,113.322,135.735,115.384,121.909,134.721,0.0007,134.076,0.1433,60.392,0.0588,269.441,0.2035,120.335
24,11016,4,2048,51200,256,1,1,1,120.025,71.001,54.31,119.263,139.203,0.0007,146.027,0.1417,61.359,0.0571,278.405,0.2002,122.846
24,11040,4,2048,51200,256,1,1,1,179.435,163.484,172.202,138.383,152.692,0.0007,147.087,0.1152,75.77,0.0523,305.384,0.1689,146.225
24,11064,4,2048,51200,256,1,1,1,121.062,68.838,55.242,118.489,143.169,0.0007,158.488,0.1373,63.837,0.056,286.337,0.1948,127.374
24,11088,4,2048,51200,256,1,1,1,148.46,132.429,119.058,115.784,133.306,0.0007,147.045,0.1273,69.144,0.0604,266.611,0.1892,131.712
24,11112,4,2048,51200,256,1,1,1,120.952,68.372,55.563,119.577,140.007,0.0007,171.147,0.1337,66.09,0.0578,280.013,0.193,129.669
24,11136,4,2048,51200,256,1,1,1,168.381,177.266,184.754,172.475,153.31,0.0007,146.796,0.1157,76.671,0.053,306.62,0.1702,147.657
24,11160,4,2048,51200,256,1,1,1,138.516,69.429,55.693,121.661,133.123,0.0007,167.511,0.129,69.094,0.0613,266.245,0.1917,131.62
24,11184,4,2048,51200,256,1,1,1,113.31,121.69,120.212,154.914,139.968,0.0007,134.503,0.1434,62.379,0.0586,279.937,0.2035,124.564
24,11208,4,2048,51200,256,1,1,1,120.742,74.446,55.813,102.421,138.602,0.0007,148.083,0.1465,61.324,0.0594,277.203,0.2074,122.732
24,11232,4,2048,51200,256,1,1,1,141.12,154.253,174.561,168.422,165.936,0.0007,148.39,0.1243,72.573,0.0498,331.872,0.1756,145.568
24,11256,4,2048,51200,256,1,1,1,121.082,73.395,56.046,143.531,121.04,0.0007,156.745,0.138,65.634,0.0686,242.081,0.2081,123.352
24,11280,4,2048,51200,256,1,1,1,134.749,134.607,122.038,120.024,135.067,0.0007,161.236,0.1284,70.849,0.0617,270.134,0.1916,134.542
24,11304,4,2048,51200,256,1,1,1,140.583,71.555,56.308,117.74,137.258,0.0007,128.728,0.1482,61.643,0.061,274.517,0.2106,122.885
24,11328,4,2048,51200,256,1,1,1,141.681,155.755,187.658,176.262,152.805,0.0007,146.174,0.1259,72.824,0.055,305.61,0.1824,142.494
24,11352,4,2048,51200,256,1,1,1,102.436,71.315,56.156,105.429,139.402,0.0007,149.328,0.1578,58.364,0.0606,278.803,0.2198,118.741
24,11376,4,2048,51200,256,1,1,1,134.816,142.525,124.146,116.074,134.994,0.0007,145.994,0.1366,67.693,0.0628,269.988,0.2008,130.486
24,11400,4,2048,51200,256,1,1,1,138.429,72.957,56.678,120.755,121.661,0.0007,160.724,0.1353,68.619,0.07,243.322,0.2067,127.297
24,11424,4,2048,51200,256,1,1,1,170.039,158.719,165.05,176.741,152.155,0.0007,147.784,0.1194,78.049,0.0562,304.311,0.1771,149.241
24,11448,4,2048,51200,256,1,1,1,138.704,73.379,57.43,162.793,139.385,0.0007,168.708,0.1285,72.831,0.0616,278.769,0.1916,138.524
24,11472,4,2048,51200,256,1,1,1,114.674,126.212,136.201,120.28,135.029,0.0007,146.697,0.1458,64.431,0.0639,270.058,0.2111,126.194
24,11496,4,2048,51200,256,1,1,1,120.407,72.293,58.038,105.831,133.097,0.0007,149.841,0.1507,62.571,0.0651,266.195,0.2173,123.14
24,11520,4,2048,51200,256,1,1,1,161.479,174.858,204.056,150.003,152.257,0.0007,147.994,0.1243,76.194,0.0571,304.514,0.1829,146.914
24,11544,4,2048,51200,256,1,1,1,119.649,69.269,58.435,118.195,135.273,0.0007,161.396,0.1454,65.376,0.0646,270.546,0.2115,127.565
24,11568,4,2048,51200,256,1,1,1,159.647,134.732,129.569,115.113,135.543,0.0007,146.843,0.1322,72.207,0.0647,271.086,0.1984,136.546
24,11592,4,2048,51200,256,1,1,1,121.102,71.947,58.787,119.411,136.605,0.0007,160.6,0.1455,65.85,0.0645,273.209,0.2115,128.604
24,11616,4,2048,51200,256,1,1,1,146.719,171.734,184.514,217.388,152.036,0.0007,147.164,0.126,76.388,0.0582,304.073,0.1856,147.147
24,11640,4,2048,51200,256,1,1,1,133.477,72.113,58.756,141.521,134.836,0.0007,163.926,0.1372,70.409,0.0659,269.671,0.2045,134.062
24,11664,4,2048,51200,256,1,1,1,133.425,144.582,132.837,134.143,151.6,0.0007,147.125,0.1389,69.83,0.0588,303.2,0.1992,138.243
24,11688,4,2048,51200,256,1,1,1,119.877,70.089,59.247,110.385,133.436,0.0007,162.949,0.1487,65.494,0.0671,266.872,0.2172,127.247
24,11712,4,2048,51200,256,1,1,1,143.409,176.184,191.411,184.203,161.934,0.0007,155.708,0.1266,77.219,0.0555,323.869,0.1836,151.196
24,11736,4,2048,51200,256,1,1,1,120.897,70.422,59.395,144.572,121.23,0.0007,162.131,0.1445,67.894,0.0745,242.46,0.2205,126.394
24,11760,4,2048,51200,256,1,1,1,134.335,143.562,145.001,117.065,135.858,0.0007,168.507,0.134,73.543,0.0667,271.716,0.2021,138.411
24,11784,4,2048,51200,256,1,1,1,139.43,75.442,59.619,120.001,136.158,0.0007,130.274,0.1557,63.543,0.0668,272.316,0.224,125.429
24,11808,4,2048,51200,256,1,1,1,147.693,150.848,177.845,162.107,151.988,0.0007,146.56,0.1329,74.699,0.0601,303.976,0.1945,145.001
24,11832,4,2048,51200,256,1,1,1,103.056,73.456,60.1,105.833,139.857,0.0007,158.241,0.1632,61.092,0.0656,279.714,0.2302,122.991
24,11856,4,2048,51200,256,1,1,1,134.205,123.873,120.005,133.883,147.51,0.0007,146.588,0.1431,69.956,0.0625,295.019,0.207,137.369
24,11880,4,2048,51200,256,1,1,1,136.094,71.452,60.269,104.328,137.053,0.0007,162.331,0.1467,68.475,0.0675,274.106,0.2157,132.35
24,11904,4,2048,51200,256,1,1,1,140.556,173.66,193.854,164.834,165.226,0.0007,163.51,0.1291,78.14,0.0562,330.452,0.1867,153.473
24,11928,4,2048,51200,256,1,1,1,137.611,70.377,61.048,119.126,119.852,0.0007,146.34,0.151,67.049,0.0778,239.705,0.2303,124.95
24,11952,4,2048,51200,256,1,1,1,134.163,149.446,129.952,111.889,122.947,0.0007,157.115,0.1428,71.158,0.0761,245.894,0.2204,131.039
24,11976,4,2048,51200,256,1,1,1,105.935,73.389,60.991,123.002,138.483,0.0007,146.606,0.1662,61.376,0.0679,276.967,0.2356,123.104
24,12000,4,2048,51200,256,1,1,1,151.575,171.342,174.369,179.875,150.665,0.0007,145.385,0.1337,76.602,0.0626,301.33,0.1978,147.193
24,12024,4,2048,51200,256,1,1,1,137.427,72.174,61.408,119.362,131.411,0.0007,159.096,0.1471,69.891,0.0721,262.823,0.2207,132.457
24,12048,4,2048,51200,256,1,1,1,150.267,143.454,133.241,112.922,114.995,0.0007,130.443,0.1519,67.961,0.0827,229.991,0.2361,124.317
24,12072,4,2048,51200,256,1,1,1,118.589,69.287,61.469,118.037,119.828,0.0007,147.017,0.1619,63.977,0.0797,239.657,0.2431,121.182
24,12096,4,2048,51200,256,1,1,1,163.391,171.882,165.463,132.119,149.511,0.0007,132.942,0.1433,72.579,0.0641,299.022,0.2089,141.586
24,12120,4,2048,51200,256,1,1,1,120.261,68.667,60.972,118.42,133.683,0.0007,147.136,0.1621,64.425,0.072,267.365,0.2355,126.066
24,12144,4,2048,51200,256,1,1,1,151.78,142.657,137.843,112.05,135.505,0.0007,160.101,0.1388,75.524,0.0713,271.01,0.2116,140.904
24,12168,4,2048,51200,256,1,1,1,109.773,72.685,61.555,119.775,139.916,0.0007,155.987,0.1642,64.053,0.0694,279.832,0.2351,127.313
24,12192,4,2048,51200,256,1,1,1,152.571,162.546,165.16,141.684,152.427,0.0007,148.16,0.1391,75.916,0.0639,304.853,0.2045,146.925
24,12216,4,2048,51200,256,1,1,1,119.927,74.61,61.769,119.745,134.039,0.0007,164.174,0.1561,67.891,0.073,268.079,0.2306,130.804
24,12240,4,2048,51200,256,1,1,1,154.826,141.525,136.335,133.769,116.147,0.0007,146.311,0.142,74.927,0.0845,232.295,0.228,132.786
24,12264,4,2048,51200,256,1,1,1,121.304,73.118,62.64,120.532,121.558,0.0007,147.746,0.1632,65.434,0.0811,243.117,0.2458,123.661
24,12288,4,2048,51200,256,1,1,1,139.997,192.743,191.178,143.187,162.468,0.0007,134.779,0.1511,70.964,0.0609,324.936,0.2134,142.953
24,12312,4,2048,51200,256,1,1,1,121.129,72.403,33.079,163.185,140.01,0.0008,147.955,0.1647,65.322,0.071,280.019,0.2372,129.128
24,12336,4,2048,51200,256,1,1,1,147.95,139.844,108.353,112.436,135.027,0.0008,156.198,0.1458,74.1,0.0739,270.055,0.2212,139.032
24,12360,4,2048,51200,256,1,1,1,121.379,73.294,39.104,120.612,140.011,0.0008,147.483,0.1692,64.081,0.0715,280.022,0.2422,127.421
24,12384,4,2048,51200,256,1,1,1,164.892,161.844,134.911,141.3,151.876,0.0008,147.737,0.1395,78.027,0.0662,303.752,0.2072,149.556
24,12408,4,2048,51200,256,1,1,1,136.904,77.416,39.303,120.457,134.598,0.0008,132.146,0.171,63.892,0.075,269.197,0.2475,125.688
24,12432,4,2048,51200,256,1,1,1,115.674,138.551,99.44,134.862,135.539,0.0008,148.344,0.162,67.692,0.0747,271.079,0.2382,131.066
24,12456,4,2048,51200,256,1,1,1,138.097,71.613,39.327,160.866,135.775,0.0008,153.819,0.1554,70.802,0.0749,271.549,0.2318,135.174
24,12480,4,2048,51200,256,1,1,1,132.234,154.487,152.801,152.042,160.023,0.0008,148.491,0.1506,73.324,0.0638,320.047,0.2159,145.68
24,12504,4,2048,51200,256,1,1,1,133.88,71.591,39.336,101.814,119.685,0.0008,161.464,0.1641,67.575,0.0856,239.371,0.2512,125.705
24,12528,4,2048,51200,256,1,1,1,114.932,139.792,113.653,136.609,147.44,0.0008,147.591,0.1639,67.905,0.0698,294.881,0.2352,134.796
24,12552,4,2048,51200,256,1,1,1,119.657,75.922,39.305,136.414,126.63,0.0008,160.755,0.1654,67.518,0.0815,253.261,0.2485,128.051
24,12576,4,2048,51200,256,1,1,1,170.505,165.586,147.307,140.598,152.438,0.0008,163.051,0.1341,83.563,0.068,304.875,0.2037,156.813
24,12600,4,2048,51200,256,1,1,1,136.453,75.699,39.86,118.946,140.308,0.0008,129.972,0.1766,63.714,0.0742,280.616,0.2523,127.077
24,12624,4,2048,51200,256,1,1,1,115.572,141.677,102.098,152.38,134.6,0.0008,146.812,0.1642,68.773,0.0776,269.2,0.2433,132.248
24,12648,4,2048,51200,256,1,1,1,119.521,70.476,40.083,118.599,135.91,0.0008,160.787,0.1705,66.474,0.0771,271.82,0.2492,129.626
24,12672,4,2048,51200,256,1,1,1,165.287,168.192,137.866,134.202,150.643,0.0008,147.303,0.1451,78.37,0.0699,301.286,0.2165,149.742
24,12696,4,2048,51200,256,1,1,1,120.063,71.238,39.704,119.445,138.304,0.0008,161.5,0.1708,66.855,0.0764,276.608,0.2487,130.857
24,12720,4,2048,51200,256,1,1,1,150.372,143.441,101.579,133.693,135.132,0.0008,147.56,0.1522,75.275,0.0785,270.265,0.2322,140.658
24,12744,4,2048,51200,256,1,1,1,120.653,72.359,39.589,127.917,133.444,0.0008,146.614,0.1766,65.116,0.0798,266.888,0.2579,127.119
24,12768,4,2048,51200,256,1,1,1,140.126,155.154,150.51,146.718,152.929,0.0008,146.825,0.1539,74.967,0.0699,305.859,0.2254,146.023
24,12792,4,2048,51200,256,1,1,1,120.764,73.837,33.321,102.999,142.252,0.0008,165.142,0.1763,65.696,0.0754,284.504,0.2533,130.421
24,12816,4,2048,51200,256,1,1,1,155.788,131.153,103.179,132.877,135.562,0.0008,155.795,0.1485,78.264,0.0794,271.125,0.2295,144.466
24,12840,4,2048,51200,256,1,1,1,120.605,70.469,39.44,118.708,137.857,0.0008,147.11,0.1802,64.741,0.0784,275.713,0.2601,127.912
24,12864,4,2048,51200,256,1,1,1,174.414,164.053,140.028,141.405,152.77,0.0008,147.384,0.1447,80.892,0.071,305.539,0.2173,153.704
24,12888,4,2048,51200,256,1,1,1,137.646,71.39,39.33,119.099,137.512,0.0008,163.857,0.1652,71.131,0.0792,275.025,0.2459,136.305
24,12912,4,2048,51200,256,1,1,1,151.742,142.939,105.075,133.327,134.558,0.0008,147.551,0.1551,76.056,0.0812,269.117,0.2378,141.471
24,12936,4,2048,51200,256,1,1,1,120.431,74.038,39.26,120.58,120.286,0.0008,147.491,0.1815,65.196,0.0912,240.572,0.2743,123.126
24,12960,4,2048,51200,256,1,1,1,137.831,175.287,138.298,141.115,152.081,0.0008,147.894,0.1585,74.92,0.0724,304.163,0.2325,145.792
24,12984,4,2048,51200,256,1,1,1,120.227,73.718,39.734,119.462,132.725,0.0008,160.2,0.1769,67.379,0.0832,265.45,0.2617,129.971
24,13008,4,2048,51200,256,1,1,1,114.757,136.916,106.196,134.528,134.798,0.0008,148.365,0.1739,68.777,0.0823,269.595,0.2578,132.449
24,13032,4,2048,51200,256,1,1,1,120.348,71.82,39.889,119.519,120.954,0.0008,149.02,0.1831,65.58,0.092,241.908,0.2767,123.857
24,13056,4,2048,51200,256,1,1,1,159.716,188.175,169.454,125.724,150.544,0.0008,135.188,0.1606,75.015,0.0742,301.089,0.2364,145.501
24,13080,4,2048,51200,256,1,1,1,119.649,69.492,34.454,118.719,135.284,0.0008,148.237,0.187,64.665,0.0829,270.567,0.2714,127.164
24,13104,4,2048,51200,256,1,1,1,159.614,133.222,108.234,112.847,134.716,0.0008,172.264,0.149,81.438,0.0835,269.432,0.2341,147.976
24,13128,4,2048,51200,256,1,1,1,105.375,73.181,40.625,118.933,139.145,0.0008,146.48,0.1962,62.066,0.0812,278.291,0.2789,124.639
24,13152,4,2048,51200,256,1,1,1,150.713,160.284,149.058,142.177,151.391,0.0008,146.494,0.1574,77.643,0.0749,302.783,0.2338,149.22
24,13176,4,2048,51200,256,1,1,1,132.311,73.281,40.614,119.305,130.514,0.0008,160.364,0.1742,70.398,0.0872,261.028,0.2629,133.176
24,13200,4,2048,51200,256,1,1,1,149.067,139.458,114.748,171.566,115.525,0.0008,132.504,0.1647,74.713,0.0988,231.051,0.2651,132.56
24,13224,4,2048,51200,256,1,1,1,119.979,71.172,40.773,147.12,120.181,0.0008,148.986,0.1827,67.59,0.0954,240.363,0.2796,126.125
24,13248,4,2048,51200,256,1,1,1,166.179,165.081,139.124,135.662,151.235,0.0008,133.931,0.162,76.502,0.0761,302.47,0.2396,147.726
24,13272,4,2048,51200,256,1,1,1,120.228,69.763,34.19,119.644,131.012,0.0008,152.573,0.1885,65.961,0.0881,262.025,0.2782,127.68
24,13296,4,2048,51200,256,1,1,1,134.018,137.623,113.941,133.86,148.935,0.0008,149.832,0.1681,74.242,0.0778,297.871,0.2474,144.068
24,13320,4,2048,51200,256,1,1,1,121.54,73.715,40.287,138.196,102.378,0.0008,163.114,0.1784,70.17,0.1136,204.755,0.2936,121.854
24,13344,4,2048,51200,256,1,1,1,165.302,163.939,146.753,140.182,176.234,0.0008,160.45,0.1493,84.157,0.0662,352.467,0.2171,165.377
24,13368,4,2048,51200,256,1,1,1,135.862,74.866,40.897,134.038,141.868,0.0008,130.833,0.1892,66.654,0.0826,283.735,0.2733,131.836
24,13392,4,2048,51200,256,1,1,1,133.941,123.693,114.453,132.547,135.073,0.0008,149.78,0.1705,74.188,0.087,270.146,0.2592,139.531
24,13416,4,2048,51200,256,1,1,1,137.336,70.673,41.118,146.978,132.746,0.0008,157.095,0.1734,73.203,0.0889,265.492,0.2639,137.51
24,13440,4,2048,51200,256,1,1,1,144.94,170.461,167.245,144.051,158.852,0.0008,149.814,0.1624,78.449,0.0745,317.704,0.2385,152.695
24,13464,4,2048,51200,256,1,1,1,138.313,70.167,40.956,101.67,134.564,0.0008,165.751,0.1792,71.321,0.0883,269.129,0.2691,135.792
24,13488,4,2048,51200,256,1,1,1,113.799,129.179,112.292,132.514,148.095,0.0008,151.578,0.1832,70.002,0.0805,296.189,0.2653,138.208
24,13512,4,2048,51200,256,1,1,1,120.489,74.41,41.0,136.89,135.631,0.0008,163.14,0.183,70.354,0.0882,271.263,0.2728,134.918
24,13536,4,2048,51200,256,1,1,1,159.014,165.895,138.931,139.759,151.588,0.0008,168.361,0.1516,85.218,0.0792,303.176,0.2324,158.934
24,13560,4,2048,51200,256,1,1,1,143.474,76.213,40.724,120.182,133.959,0.0008,173.082,0.1709,75.826,0.09,267.917,0.2625,141.197
24,13584,4,2048,51200,256,1,1,1,114.929,134.038,116.581,133.403,135.035,0.0008,146.941,0.1864,69.753,0.0896,270.069,0.2776,133.983
24,13608,4,2048,51200,256,1,1,1,138.909,70.539,40.764,146.949,134.377,0.0008,161.071,0.1747,74.688,0.0903,268.754,0.2666,139.984
24,13632,4,2048,51200,256,1,1,1,137.649,154.007,139.544,151.68,153.392,0.0008,148.179,0.1699,77.088,0.0794,306.785,0.2508,149.303
24,13656,4,2048,51200,256,1,1,1,134.026,72.715,34.0,101.616,134.587,0.0008,156.214,0.1916,68.581,0.0908,269.175,0.284,132.337
24,13680,4,2048,51200,256,1,1,1,114.789,138.658,107.694,133.705,135.2,0.0008,148.784,0.1878,70.207,0.0907,270.401,0.2801,134.647
24,13704,4,2048,51200,256,1,1,1,120.756,74.417,40.193,145.611,134.68,0.0008,166.626,0.1842,71.816,0.0914,269.36,0.2772,136.537
24,13728,4,2048,51200,256,1,1,1,170.886,164.899,138.799,140.604,166.108,0.0008,149.09,0.1595,83.2,0.0744,332.216,0.2355,161.271
24,13752,4,2048,51200,256,1,1,1,139.32,71.374,40.86,101.056,120.288,0.0008,159.397,0.1875,71.018,0.103,240.576,0.2921,130.43
24,13776,4,2048,51200,256,1,1,1,114.441,132.692,107.196,133.966,153.161,0.0008,149.272,0.1899,70.351,0.0812,306.322,0.2727,140.196
24,13800,4,2048,51200,256,1,1,1,119.433,67.096,40.788,140.36,132.975,0.0008,162.215,0.1902,70.48,0.0939,265.949,0.2857,134.303
24,13824,4,2048,51200,256,1,1,1,160.561,179.267,160.225,130.94,149.04,0.0008,150.076,0.1652,81.444,0.084,298.08,0.2508,153.523
24,13848,4,2048,51200,256,1,1,1,134.248,66.582,41.044,117.771,119.971,0.0008,146.029,0.1947,69.308,0.1048,239.942,0.3011,128.307
24,13872,4,2048,51200,256,1,1,1,147.967,134.656,107.659,111.547,134.707,0.0008,160.074,0.1727,78.431,0.0936,269.413,0.2679,144.708
24,13896,4,2048,51200,256,1,1,1,119.825,71.308,41.188,119.394,137.04,0.0008,146.948,0.2029,66.969,0.0923,274.08,0.2968,131.036
24,13920,4,2048,51200,256,1,1,1,151.985,181.251,141.666,141.442,151.795,0.0008,147.331,0.1702,80.08,0.0837,303.59,0.2555,152.76
24,13944,4,2048,51200,256,1,1,1,139.387,75.933,41.33,119.49,138.344,0.0008,157.139,0.1871,73.09,0.0921,276.688,0.2809,139.441
24,13968,4,2048,51200,256,1,1,1,148.279,138.351,108.104,133.287,116.607,0.0008,147.466,0.1758,78.048,0.1097,233.214,0.2871,136.879
24,13992,4,2048,51200,256,1,1,1,120.756,70.419,41.414,120.015,120.808,0.0008,147.93,0.2038,67.576,0.1062,241.616,0.3116,126.552
24,14016,4,2048,51200,256,1,1,1,164.862,176.926,164.178,141.761,152.553,0.0008,147.905,0.1663,83.078,0.0844,305.106,0.2523,156.825
24,14040,4,2048,51200,256,1,1,1,120.717,71.577,34.659,139.352,138.767,0.0008,147.763,0.2033,68.173,0.0931,277.534,0.298,133.204
24,14064,4,2048,51200,256,1,1,1,149.902,136.995,114.896,113.938,135.175,0.0008,147.961,0.1806,77.008,0.0959,270.349,0.2781,143.232
24,14088,4,2048,51200,256,1,1,1,121.076,73.672,41.409,120.652,137.335,0.0008,157.609,0.2003,69.645,0.0947,274.671,0.2967,134.725
24,14112,4,2048,51200,256,1,1,1,152.786,182.078,134.084,141.298,151.193,0.0008,148.913,0.1728,81.015,0.0863,302.385,0.2607,153.813
24,14136,4,2048,51200,256,1,1,1,120.991,74.724,41.74,120.451,136.993,0.0008,156.101,0.202,69.515,0.0956,273.986,0.2992,134.459
24,14160,4,2048,51200,256,1,1,1,158.545,141.314,116.426,133.293,115.439,0.0008,149.195,0.1739,81.043,0.1138,230.878,0.2893,139.546
24,14184,4,2048,51200,256,1,1,1,120.709,70.287,41.966,120.474,121.123,0.0008,157.846,0.2028,69.717,0.1089,242.245,0.3132,129.312
24,14208,4,2048,51200,256,1,1,1,139.735,172.198,174.431,143.092,152.784,0.0008,149.322,0.1794,79.041,0.0866,305.567,0.2676,151.861
24,14232,4,2048,51200,256,1,1,1,136.504,68.943,35.43,102.029,134.608,0.0008,159.588,0.2007,70.908,0.0986,269.216,0.3009,135.52
24,14256,4,2048,51200,256,1,1,1,113.674,137.806,112.127,134.049,147.515,0.0008,156.83,0.1967,72.574,0.0903,295.029,0.2886,141.761
24,14280,4,2048,51200,256,1,1,1,119.301,68.536,42.379,147.632,138.359,0.0008,167.3,0.1965,72.871,0.0966,276.718,0.2948,139.269
24,14304,4,2048,51200,256,1,1,1,165.291,158.802,158.19,142.67,170.425,0.0008,160.092,0.1653,86.902,0.0787,340.851,0.2456,167.674
24,14328,4,2048,51200,256,1,1,1,136.769,69.934,42.524,138.928,135.829,0.0008,134.326,0.2056,70.099,0.0991,271.657,0.3063,134.904
24,14352,4,2048,51200,256,1,1,1,113.457,136.969,110.457,131.455,132.707,0.0008,145.749,0.2054,70.415,0.1017,265.413,0.3087,134.299
24,14376,4,2048,51200,256,1,1,1,133.856,70.55,42.474,145.284,131.916,0.0008,157.82,0.1938,74.865,0.1027,263.832,0.2981,139.542
24,14400,4,2048,51200,256,1,1,1,133.205,160.522,163.344,148.054,166.877,0.0008,149.247,0.1864,78.104,0.0814,333.754,0.2694,154.91
24,14424,4,2048,51200,256,1,1,1,134.021,71.527,42.288,101.387,135.725,0.0008,153.755,0.2068,70.603,0.1005,271.451,0.3089,135.547
24,14448,4,2048,51200,256,1,1,1,122.404,135.882,117.799,133.923,148.526,0.0008,147.288,0.1993,73.496,0.0921,297.053,0.2931,143.351
24,14472,4,2048,51200,256,1,1,1,121.25,73.316,42.372,105.507,131.899,0.0008,164.547,0.2093,70.224,0.1041,263.797,0.315,133.818
24,14496,4,2048,51200,256,1,1,1,170.144,159.427,165.932,140.738,176.111,0.0008,167.735,0.1636,90.098,0.0782,352.222,0.2435,173.69
24,14520,4,2048,51200,256,1,1,1,137.921,74.596,42.909,145.285,106.051,0.0008,131.057,0.2097,70.524,0.1303,212.102,0.3416,124.178
24,14544,4,2048,51200,256,1,1,1,134.713,139.213,111.652,133.866,135.183,0.0008,147.712,0.1935,76.67,0.1025,270.365,0.2977,142.97
24,14568,4,2048,51200,256,1,1,1,138.637,72.228,42.838,126.589,137.751,0.0008,164.253,0.1953,76.226,0.101,275.502,0.2979,143.352
24,14592,4,2048,51200,256,1,1,1,150.666,189.754,173.863,152.618,167.723,0.0008,148.094,0.1804,82.793,0.0832,335.446,0.2652,161.561
24,14616,4,2048,51200,256,1,1,1,120.747,71.654,43.695,119.407,134.802,0.0008,159.364,0.2113,70.908,0.1039,269.605,0.3168,135.69
24,14640,4,2048,51200,256,1,1,1,149.383,137.83,122.873,133.243,147.772,0.0008,160.058,0.1812,82.956,0.0951,295.545,0.2778,155.198
24,14664,4,2048,51200,256,1,1,1,121.973,73.465,41.835,104.832,121.365,0.0008,133.445,0.2309,65.294,0.1161,242.729,0.3487,124.082
24,14688,4,2048,51200,256,1,1,1,151.117,163.485,159.357,151.191,163.014,0.0008,158.15,0.1776,85.176,0.0867,326.027,0.2659,163.212
24,14712,4,2048,51200,256,1,1,1,104.747,78.473,44.03,111.771,105.119,0.0008,131.7,0.2445,62.053,0.1349,210.238,0.3811,114.259
24,14736,4,2048,51200,256,1,1,1,134.511,131.424,123.773,132.658,134.894,0.0008,155.651,0.1933,78.72,0.1055,269.787,0.3005,145.383
24,14760,4,2048,51200,256,1,1,1,138.448,72.326,41.496,104.797,130.995,0.0008,135.337,0.2217,68.876,0.109,261.991,0.3323,131.878
24,14784,4,2048,51200,256,1,1,1,150.609,164.693,146.295,151.734,165.074,0.0008,159.178,0.1792,85.448,0.0868,330.149,0.2676,164.264
24,14808,4,2048,51200,256,1,1,1,111.119,72.295,44.577,101.494,119.799,0.0008,162.389,0.2269,67.712,0.12,239.598,0.3485,126.559
24,14832,4,2048,51200,256,1,1,1,114.169,135.951,127.409,133.733,149.124,0.0008,162.614,0.2057,74.912,0.0967,298.248,0.3041,145.523
24,14856,4,2048,51200,256,1,1,1,130.197,75.201,39.976,104.164,119.714,0.0008,133.263,0.2306,67.032,0.1208,239.429,0.3531,125.712
24,14880,4,2048,51200,256,1,1,1,153.649,163.68,162.229,152.891,153.472,0.0008,168.724,0.1747,88.794,0.0945,306.945,0.2708,164.414
24,14904,4,2048,51200,256,1,1,1,128.771,75.892,44.821,118.466,104.784,0.0008,147.003,0.2183,71.266,0.1389,209.567,0.3589,124.481
24,14928,4,2048,51200,256,1,1,1,134.708,130.201,108.667,154.012,147.865,0.0008,158.45,0.1925,81.069,0.0988,295.73,0.2929,153.0
24,14952,4,2048,51200,256,1,1,1,100.419,72.815,45.415,104.281,131.249,0.0008,135.045,0.2554,61.303,0.1116,262.497,0.3686,121.956
24,14976,4,2048,51200,256,1,1,1,149.835,178.367,162.819,169.085,162.016,0.0008,160.792,0.1793,87.563,0.0907,324.032,0.2717,166.01
24,15000,4,2048,51200,256,1,1,1,138.574,71.1,45.634,100.859,119.56,0.0008,154.102,0.2161,72.887,0.1233,239.12,0.3411,132.645
24,15024,4,2048,51200,256,1,1,1,134.127,138.596,117.902,133.844,153.249,0.0008,153.051,0.2006,78.767,0.0965,306.497,0.2988,151.913
24,15048,4,2048,51200,256,1,1,1,136.317,74.538,45.46,125.854,132.843,0.0008,167.369,0.2044,77.533,0.1117,265.685,0.3178,143.275
24,15072,4,2048,51200,256,1,1,1,166.996,150.936,166.614,153.007,151.464,0.0008,149.394,0.1822,87.26,0.0983,302.928,0.2821,161.892
24,15096,4,2048,51200,256,1,1,1,141.163,75.721,39.028,140.837,140.167,0.0008,161.023,0.2042,78.11,0.1066,280.334,0.3124,146.68
24,15120,4,2048,51200,256,1,1,1,116.252,137.063,124.468,115.396,135.007,0.0008,147.217,0.2231,71.719,0.111,270.013,0.3356,136.938
24,15144,4,2048,51200,256,1,1,1,138.346,71.593,38.019,102.811,129.257,0.0008,146.71,0.2251,71.291,0.1163,258.514,0.343,134.407
24,15168,4,2048,51200,256,1,1,1,153.821,170.241,168.537,154.02,152.247,0.0008,147.731,0.1901,84.657,0.099,304.494,0.2908,159.054
24,15192,4,2048,51200,256,1,1,1,119.862,63.569,38.728,103.97,131.978,0.0008,163.062,0.2303,70.089,0.1146,263.955,0.3466,133.86
24,15216,4,2048,51200,256,1,1,1,149.818,147.004,120.628,112.837,134.661,0.0008,146.819,0.2042,79.299,0.1127,269.321,0.3185,146.111
24,15240,4,2048,51200,256,1,1,1,129.096,75.02,39.017,118.629,135.857,0.0008,160.678,0.22,73.838,0.112,271.714,0.3337,139.919
24,15264,4,2048,51200,256,1,1,1,139.613,167.64,165.628,151.573,150.784,0.0008,151.414,0.1979,82.322,0.1013,301.569,0.3008,155.681
24,15288,4,2048,51200,256,1,1,1,105.174,73.982,46.472,119.028,135.261,0.0008,150.153,0.2448,66.767,0.1132,270.523,0.3597,130.615
24,15312,4,2048,51200,256,1,1,1,134.678,130.873,121.26,114.517,134.293,0.0008,136.563,0.2213,74.065,0.1144,268.585,0.3374,139.674
24,15336,4,2048,51200,256,1,1,1,128.223,72.755,46.721,104.85,121.131,0.0008,148.337,0.2317,70.959,0.1272,242.263,0.3606,131.08
24,15360,4,2048,51200,256,1,1,1,142.144,181.105,194.225,122.884,140.941,0.0008,134.887,0.2141,77.046,0.1097,281.881,0.3254,145.721
24,15384,4,2048,51200,256,1,1,1,104.794,73.038,46.815,119.142,105.231,0.0008,145.964,0.2501,66.155,0.1474,210.462,0.3991,119.177
24,15408,4,2048,51200,256,1,1,1,134.747,129.192,113.958,133.395,135.102,0.0008,164.415,0.2029,81.773,0.1152,270.205,0.3197,149.228
24,15432,4,2048,51200,256,1,1,1,138.995,75.317,46.909,115.472,134.489,0.0008,162.362,0.2156,77.175,0.116,268.978,0.3333,143.566
24,15456,4,2048,51200,256,1,1,1,163.088,177.565,161.499,150.073,150.375,0.0008,147.383,0.1922,86.861,0.1041,300.749,0.2979,161.127
24,15480,4,2048,51200,256,1,1,1,105.192,72.312,46.825,123.472,97.106,0.0008,147.307,0.2502,66.921,0.1617,194.211,0.4136,116.429
24,15504,4,2048,51200,256,1,1,1,150.977,131.466,109.325,165.319,140.351,0.0008,132.627,0.2089,80.407,0.1122,280.701,0.3227,149.657
24,15528,4,2048,51200,256,1,1,1,118.949,53.928,47.171,118.17,133.476,0.0008,133.491,0.2514,67.014,0.1184,266.952,0.3714,130.45
24,15552,4,2048,51200,256,1,1,1,152.336,168.945,157.735,145.102,134.825,0.0008,168.072,0.1894,89.216,0.1176,269.651,0.3086,157.486
24,15576,4,2048,51200,256,1,1,1,104.271,70.671,47.56,119.801,120.716,0.0008,148.919,0.2537,66.8,0.1317,241.431,0.387,125.948
24,15600,4,2048,51200,256,1,1,1,134.879,125.11,111.294,158.226,143.783,0.0008,168.534,0.2004,84.801,0.1109,287.566,0.313,156.215
24,15624,4,2048,51200,256,1,1,1,131.907,74.984,47.393,104.148,120.67,0.0008,147.77,0.2361,72.197,0.1326,241.339,0.3703,132.428
24,15648,4,2048,51200,256,1,1,1,163.268,183.362,166.284,170.584,140.449,0.0008,147.292,0.1924,88.875,0.1143,280.898,0.3083,159.574
24,15672,4,2048,51200,256,1,1,1,119.98,72.518,39.901,118.666,120.268,0.0008,160.098,0.2371,72.331,0.1338,240.535,0.3726,132.433
24,15696,4,2048,51200,256,1,1,1,148.06,141.032,117.052,113.325,145.729,0.0008,133.44,0.2243,76.675,0.1108,291.457,0.3368,146.962
24,15720,4,2048,51200,256,1,1,1,119.447,59.11,48.003,118.654,122.646,0.0008,147.283,0.2453,70.335,0.132,245.292,0.379,130.989
24,15744,4,2048,51200,256,1,1,1,166.084,185.904,181.62,138.904,152.09,0.0008,147.449,0.1979,87.417,0.1068,304.18,0.3064,162.525
24,15768,4,2048,51200,256,1,1,1,119.179,67.813,40.504,139.431,136.743,0.0008,166.992,0.2318,74.85,0.1192,273.486,0.3526,141.62
24,15792,4,2048,51200,256,1,1,1,155.09,142.551,124.64,113.912,135.124,0.0008,147.6,0.2126,81.851,0.121,270.247,0.3352,149.425
24,15816,4,2048,51200,256,1,1,1,125.613,72.662,48.174,120.304,131.745,0.0008,160.584,0.2329,74.95,0.1244,263.49,0.359,139.957
24,15840,4,2048,51200,256,1,1,1,140.155,178.07,171.758,151.455,151.809,0.0008,148.189,0.2109,83.016,0.1083,303.619,0.3208,157.063
24,15864,4,2048,51200,256,1,1,1,104.378,75.583,48.294,120.551,121.647,0.0008,150.844,0.259,67.791,0.1356,243.295,0.3962,127.558
24,15888,4,2048,51200,256,1,1,1,134.14,136.668,127.544,114.639,120.527,0.0008,133.522,0.2365,74.468,0.1373,241.053,0.3754,135.054
24,15912,4,2048,51200,256,1,1,1,140.212,73.128,47.947,104.415,120.271,0.0008,153.252,0.234,75.467,0.138,240.543,0.3736,136.087
24,15936,4,2048,51200,256,1,1,1,159.038,180.889,175.789,153.063,155.756,0.0008,162.575,0.1939,91.351,0.1069,311.513,0.3024,168.651
24,15960,4,2048,51200,256,1,1,1,138.59,72.216,40.404,104.24,134.76,0.0008,134.074,0.2509,70.803,0.1239,269.52,0.3764,135.884
24,15984,4,2048,51200,256,1,1,1,134.368,129.297,112.836,133.74,155.226,0.0008,147.789,0.2244,79.401,0.1079,310.452,0.3339,153.648
24,16008,4,2048,51200,256,1,1,1,140.007,75.344,39.213,101.006,139.032,0.0008,157.76,0.2375,75.242,0.1208,278.064,0.3599,142.966
24,16032,4,2048,51200,256,1,1,1,139.77,181.689,174.621,151.211,164.803,0.0008,163.285,0.2066,86.722,0.1022,329.605,0.3105,166.216
24,16056,4,2048,51200,256,1,1,1,138.937,74.92,41.03,103.462,119.444,0.0008,133.982,0.2529,71.073,0.1414,238.888,0.396,130.721
24,16080,4,2048,51200,256,1,1,1,133.802,142.866,127.468,132.036,152.987,0.0008,169.995,0.2144,84.059,0.1108,305.973,0.3268,158.838
24,16104,4,2048,51200,256,1,1,1,139.076,71.375,49.32,118.535,126.485,0.0008,157.516,0.2318,77.987,0.1344,252.969,0.3678,141.559
24,16128,4,2048,51200,256,1,1,1,127.344,178.787,174.759,146.522,145.637,0.0008,147.914,0.2271,79.838,0.117,291.274,0.3458,151.038
24,16152,4,2048,51200,256,1,1,1,119.515,70.404,49.498,116.239,126.771,0.0008,146.88,0.255,71.311,0.1349,253.543,0.3915,133.79
24,16176,4,2048,51200,256,1,1,1,145.139,145.541,135.868,150.681,118.47,0.0008,131.165,0.2282,79.888,0.1447,236.941,0.3746,140.218
24,16200,4,2048,51200,256,1,1,1,119.644,66.514,49.465,135.241,119.938,0.0008,146.961,0.2512,72.784,0.1434,239.876,0.3963,132.945
24,16224,4,2048,51200,256,1,1,1,165.627,172.283,148.658,140.654,152.582,0.0008,132.123,0.2186,83.892,0.1131,305.165,0.3333,158.532
24,16248,4,2048,51200,256,1,1,1,120.847,55.821,39.768,120.364,134.105,0.0008,147.238,0.2594,70.913,0.129,268.21,0.39,135.873
24,16272,4,2048,51200,256,1,1,1,147.268,146.386,122.215,112.211,134.104,0.0008,153.452,0.2242,82.274,0.1294,268.207,0.3552,149.623
24,16296,4,2048,51200,256,1,1,1,104.879,60.619,49.43,120.312,136.423,0.0008,147.561,0.2733,67.671,0.1276,272.847,0.4026,132.413
24,16320,4,2048,51200,256,1,1,1,152.031,173.342,172.421,149.262,152.482,0.0008,147.628,0.2144,86.516,0.1145,304.965,0.3305,161.744
24,16344,4,2048,51200,256,1,1,1,119.714,72.306,49.489,119.751,138.036,0.0008,158.37,0.2515,73.98,0.1268,276.072,0.3799,141.116
24,16368,4,2048,51200,256,1,1,1,149.7,147.929,131.317,149.83,134.936,0.0008,147.789,0.2181,85.555,0.1301,269.872,0.3498,153.709
24,16392,4,2048,51200,256,1,1,1,133.521,75.969,48.962,100.853,137.882,0.0008,163.116,0.2453,76.26,0.1277,275.764,0.3747,143.905
24,16416,4,2048,51200,256,1,1,1,136.805,165.561,170.849,150.149,153.267,0.0009,148.214,0.2257,83.135,0.1152,306.534,0.3426,157.846
24,16440,4,2048,51200,256,1,1,1,131.891,75.272,49.66,122.219,121.421,0.0009,147.01,0.2492,75.505,0.1459,242.842,0.3968,136.694
24,16464,4,2048,51200,256,1,1,1,135.709,150.765,135.058,134.018,142.021,0.0009,163.869,0.2233,84.484,0.1251,284.042,0.3502,155.352
24,16488,4,2048,51200,256,1,1,1,136.544,71.796,49.82,135.388,104.981,0.0009,132.001,0.2543,74.397,0.1697,209.961,0.4258,128.125
24,16512,4,2048,51200,256,1,1,1,152.453,181.238,175.368,152.161,164.158,0.0009,134.73,0.2263,83.86,0.1088,328.316,0.3369,162.422
24,16536,4,2048,51200,256,1,1,1,121.179,71.895,50.261,104.599,133.354,0.0009,133.192,0.2766,68.788,0.1344,266.708,0.4128,132.929
24,16560,4,2048,51200,256,1,1,1,133.635,136.577,114.354,150.227,147.589,0.0009,150.096,0.2323,82.167,0.1218,295.178,0.3558,154.67
24,16584,4,2048,51200,256,1,1,1,134.888,72.014,50.169,100.106,119.124,0.0009,150.821,0.2563,74.67,0.1513,238.247,0.4094,134.81
24,16608,4,2048,51200,256,1,1,1,144.861,161.229,147.858,173.465,158.859,0.0009,135.124,0.23,83.45,0.1138,317.718,0.3455,160.18
24,16632,4,2048,51200,256,1,1,1,136.297,73.129,50.717,101.676,118.047,0.0009,150.064,0.2559,75.193,0.1536,236.094,0.4113,134.953
24,16656,4,2048,51200,256,1,1,1,152.312,148.147,120.455,131.245,148.436,0.0009,161.559,0.2191,88.102,0.1225,296.873,0.3433,162.136
24,16680,4,2048,51200,256,1,1,1,110.096,71.177,50.485,117.876,102.79,0.0009,146.644,0.2772,69.804,0.1774,205.581,0.4564,122.303
24,16704,4,2048,51200,256,1,1,1,152.457,169.362,162.217,181.758,154.55,0.0009,132.987,0.2272,85.404,0.1183,309.099,0.3473,161.174
24,16728,4,2048,51200,256,1,1,1,101.249,72.672,50.283,103.327,136.766,0.0009,131.523,0.3058,63.642,0.1341,273.532,0.4417,127.108
24,16752,4,2048,51200,256,1,1,1,134.836,139.383,120.157,154.311,135.343,0.0009,147.291,0.2362,82.619,0.1359,270.686,0.3739,150.582
24,16776,4,2048,51200,256,1,1,1,134.763,58.223,42.117,139.598,129.277,0.0009,162.382,0.2454,79.755,0.1427,258.554,0.3898,144.826
24,16800,4,2048,51200,256,1,1,1,137.97,155.54,182.943,152.239,157.649,0.0009,149.534,0.2319,84.634,0.1173,315.297,0.351,161.314
24,16824,4,2048,51200,256,1,1,1,120.753,75.957,50.962,104.726,121.224,0.0009,147.366,0.2738,71.88,0.153,242.448,0.4286,132.479
24,16848,4,2048,51200,256,1,1,1,134.92,146.551,118.459,134.397,141.652,0.0009,130.784,0.2547,77.474,0.1313,283.304,0.3878,146.819
24,16872,4,2048,51200,256,1,1,1,104.058,73.826,51.072,119.797,119.9,0.0009,147.513,0.2881,68.686,0.1556,239.8,0.4455,128.176
24,16896,4,2048,51200,256,1,1,1,152.637,197.368,196.058,141.788,162.38,0.0009,134.135,0.2363,83.957,0.1152,324.76,0.3533,162.057
24,16920,4,2048,51200,256,1,1,1,120.46,54.735,51.516,118.95,127.191,0.0009,147.893,0.2736,72.722,0.1475,254.382,0.4229,135.773
24,16944,4,2048,51200,256,1,1,1,137.127,143.067,132.442,111.757,134.971,0.0009,147.526,0.2496,79.934,0.1394,269.943,0.3908,147.344
24,16968,4,2048,51200,256,1,1,1,120.597,57.162,42.843,120.258,138.233,0.0009,154.568,0.2719,73.581,0.1365,276.465,0.4102,140.769
24,16992,4,2048,51200,256,1,1,1,151.058,179.67,176.053,138.431,151.278,0.0009,148.308,0.2306,86.985,0.1251,302.556,0.3575,161.969
24,17016,4,2048,51200,256,1,1,1,119.513,75.023,51.482,118.384,135.427,0.0009,161.215,0.2664,75.518,0.1401,270.854,0.4083,142.214
24,17040,4,2048,51200,256,1,1,1,148.063,144.751,137.983,114.629,119.28,0.0009,147.452,0.2429,83.04,0.1595,238.56,0.4043,144.042
24,17064,4,2048,51200,256,1,1,1,119.679,55.643,42.712,118.684,119.945,0.0009,152.375,0.2774,72.914,0.1591,239.889,0.4383,133.218
24,17088,4,2048,51200,256,1,1,1,156.98,187.349,182.071,139.623,155.058,0.0009,147.956,0.2288,88.656,0.1234,310.115,0.354,165.414
24,17112,4,2048,51200,256,1,1,1,136.218,68.985,42.267,141.773,128.997,0.0009,148.116,0.2583,78.734,0.1488,257.993,0.4089,143.603
24,17136,4,2048,51200,256,1,1,1,149.191,141.205,131.617,113.058,134.596,0.0009,148.18,0.2447,83.328,0.143,269.191,0.3895,151.162
24,17160,4,2048,51200,256,1,1,1,119.78,57.443,43.295,119.735,126.0,0.0009,147.316,0.2822,72.474,0.1532,252.0,0.4371,135.075
24,17184,4,2048,51200,256,1,1,1,151.579,171.811,166.666,138.924,152.092,0.0009,146.815,0.2356,87.043,0.1272,304.184,0.3646,162.385
24,17208,4,2048,51200,256,1,1,1,130.458,71.995,52.746,118.435,134.22,0.0009,156.405,0.2638,77.945,0.1446,268.44,0.4102,144.746
24,17232,4,2048,51200,256,1,1,1,145.105,145.367,130.345,131.191,134.477,0.0009,147.765,0.2439,84.527,0.1447,268.955,0.3904,152.492
24,17256,4,2048,51200,256,1,1,1,134.465,72.439,42.168,99.524,131.458,0.0009,147.902,0.2775,74.506,0.1484,262.915,0.4277,139.579
24,17280,4,2048,51200,256,1,1,1,130.079,176.19,195.589,147.78,146.979,0.0009,148.137,0.25,82.901,0.1331,293.958,0.385,155.503
24,17304,4,2048,51200,256,1,1,1,119.531,54.369,43.956,102.48,134.52,0.0009,147.949,0.293,70.937,0.1459,269.039,0.4407,136.218
24,17328,4,2048,51200,256,1,1,1,145.318,143.845,126.176,112.39,120.759,0.0009,157.157,0.2465,84.556,0.163,241.518,0.4112,146.377
24,17352,4,2048,51200,256,1,1,1,103.657,56.84,52.814,120.851,120.553,0.0009,148.66,0.3028,69.018,0.1637,241.106,0.4683,128.899
24,17376,4,2048,51200,256,1,1,1,151.759,165.344,165.033,139.34,151.369,0.0009,147.603,0.2391,87.633,0.1307,302.738,0.3716,162.865
24,17400,4,2048,51200,256,1,1,1,96.389,75.331,53.135,103.491,95.283,0.0009,137.429,0.3273,64.197,0.2082,190.566,0.5373,112.951
24,17424,4,2048,51200,256,1,1,1,144.645,135.494,130.351,132.12,149.683,0.0009,164.632,0.2384,88.365,0.1329,299.366,0.3732,163.094
24,17448,4,2048,51200,256,1,1,1,125.799,72.052,52.976,119.293,104.621,0.0009,148.706,0.2784,75.881,0.1907,209.242,0.4709,129.593
24,17472,4,2048,51200,256,1,1,1,151.285,170.524,179.101,164.342,153.588,0.0009,134.075,0.2456,86.218,0.1303,307.177,0.3777,162.0
24,17496,4,2048,51200,256,1,1,1,119.369,73.783,53.103,105.954,119.336,0.0009,133.23,0.3026,70.187,0.1681,238.671,0.4725,129.859
24,17520,4,2048,51200,256,1,1,1,133.632,141.705,129.469,156.841,142.288,0.0009,150.568,0.2513,84.739,0.1414,284.577,0.3945,155.967
24,17544,4,2048,51200,256,1,1,1,109.959,75.44,43.139,86.766,108.636,0.0009,149.407,0.3157,67.633,0.1857,217.273,0.5032,122.604
24,17568,4,2048,51200,256,1,1,1,135.125,175.067,177.073,151.721,148.525,0.0009,150.801,0.25,85.617,0.1362,297.05,0.388,159.419
24,17592,4,2048,51200,256,1,1,1,120.0,75.677,53.443,119.095,103.621,0.0009,132.436,0.2996,71.634,0.1957,207.242,0.4972,124.755
24,17616,4,2048,51200,256,1,1,1,134.453,135.035,140.957,134.126,134.723,0.0009,154.527,0.2556,84.208,0.151,269.446,0.4083,152.308
24,17640,4,2048,51200,256,1,1,1,138.207,72.483,44.432,103.831,133.35,0.0009,133.708,0.2919,73.912,0.1529,266.7,0.4467,139.607
24,17664,4,2048,51200,256,1,1,1,151.989,180.985,201.42,152.447,153.794,0.0009,151.633,0.2384,90.755,0.133,307.588,0.3732,167.57
24,17688,4,2048,51200,256,1,1,1,135.058,72.801,54.048,100.103,120.572,0.0009,159.448,0.2773,78.233,0.1701,241.144,0.4492,139.591
24,17712,4,2048,51200,256,1,1,1,115.104,127.01,118.62,133.595,144.137,0.0009,150.196,0.2811,77.382,0.1426,288.274,0.4255,147.738
24,17736,4,2048,51200,256,1,1,1,120.365,57.335,43.957,102.181,134.842,0.0009,133.744,0.3141,69.433,0.1529,269.685,0.4688,134.467
24,17760,4,2048,51200,256,1,1,1,155.009,182.486,181.203,149.637,164.485,0.0009,157.183,0.2359,92.684,0.1257,328.97,0.3634,173.927
24,17784,4,2048,51200,256,1,1,1,137.749,75.676,54.537,134.631,102.622,0.0009,131.993,0.2832,77.405,0.202,205.243,0.487,130.128
24,17808,4,2048,51200,256,1,1,1,132.944,127.924,129.69,148.271,133.473,0.0009,149.918,0.2612,84.139,0.1557,266.945,0.4188,151.739
24,17832,4,2048,51200,256,1,1,1,119.168,61.849,54.786,118.683,127.958,0.0009,158.676,0.2899,76.007,0.1629,255.916,0.4546,140.145
24,17856,4,2048,51200,256,1,1,1,152.496,191.05,181.824,150.268,145.416,0.0009,151.701,0.2427,91.033,0.1437,290.832,0.3882,164.553
24,17880,4,2048,51200,256,1,1,1,119.075,55.285,44.73,138.384,122.734,0.0009,150.389,0.2938,75.393,0.1707,245.468,0.4664,137.345
24,17904,4,2048,51200,256,1,1,1,112.923,136.583,127.678,132.703,134.459,0.0009,153.581,0.286,77.655,0.1562,268.918,0.4441,144.623
24,17928,4,2048,51200,256,1,1,1,118.871,73.67,54.455,129.09,126.501,0.0009,132.962,0.306,72.765,0.1665,253.003,0.4744,135.746
24,17952,4,2048,51200,256,1,1,1,151.392,181.336,171.205,151.685,150.784,0.0009,165.833,0.2371,94.163,0.1401,301.568,0.379,170.354
24,17976,4,2048,51200,256,1,1,1,128.717,74.732,55.078,137.958,105.821,0.0009,131.366,0.2956,75.727,0.2001,211.642,0.4976,130.109
24,18000,4,2048,51200,256,1,1,1,133.324,125.856,134.201,132.77,133.716,0.0009,161.91,0.262,85.659,0.1588,267.432,0.4226,153.58
24,18024,4,2048,51200,256,1,1,1,138.836,72.326,45.463,103.283,124.232,0.0009,132.637,0.3022,74.453,0.1714,248.464,0.4754,136.884
24,18048,4,2048,51200,256,1,1,1,151.58,174.008,202.989,152.229,151.923,0.0009,151.121,0.2473,91.208,0.1405,303.846,0.3897,167.447
24,18072,4,2048,51200,256,1,1,1,137.036,72.461,55.316,100.073,126.534,0.0009,157.083,0.2865,78.954,0.1692,253.069,0.4575,143.011
24,18096,4,2048,51200,256,1,1,1,113.309,130.446,125.229,134.09,148.88,0.0009,161.857,0.2854,79.464,0.1441,297.76,0.4314,152.07
24,18120,4,2048,51200,256,1,1,1,120.022,56.927,45.006,103.517,130.367,0.0009,133.843,0.3242,70.126,0.1651,260.734,0.4911,133.92
24,18144,4,2048,51200,256,1,1,1,158.119,178.541,169.081,150.235,150.648,0.0009,156.958,0.2422,94.099,0.1432,301.296,0.3873,170.265
24,18168,4,2048,51200,256,1,1,1,136.097,75.565,55.497,143.968,120.706,0.0009,133.949,0.2896,78.905,0.1792,241.411,0.4707,140.466
24,18192,4,2048,51200,256,1,1,1,134.367,124.586,119.03,152.953,138.015,0.0009,150.261,0.2681,85.452,0.1571,276.031,0.4271,155.199
24,18216,4,2048,51200,256,1,1,1,102.01,73.858,54.883,99.218,120.13,0.0009,160.557,0.3293,69.758,0.181,240.26,0.5122,129.768
24,18240,4,2048,51200,256,1,1,1,138.638,164.986,164.567,179.017,160.212,0.0009,148.607,0.2588,88.982,0.1361,320.424,0.3967,167.957
24,18264,4,2048,51200,256,1,1,1,136.666,73.263,55.419,100.366,124.117,0.0009,155.583,0.2923,78.977,0.1761,248.234,0.4703,142.049
24,18288,4,2048,51200,256,1,1,1,112.464,132.784,122.535,132.354,137.447,0.0009,150.519,0.2991,77.379,0.1595,274.894,0.4605,145.47
24,18312,4,2048,51200,256,1,1,1,120.058,57.489,45.77,102.826,135.522,0.0009,149.792,0.3174,73.115,0.1622,271.045,0.4814,139.502
24,18336,4,2048,51200,256,1,1,1,171.952,173.903,170.419,138.592,154.633,0.0009,167.56,0.2348,99.084,0.1425,309.265,0.3791,177.588
24,18360,4,2048,51200,256,1,1,1,136.533,75.94,55.816,131.843,123.591,0.0009,131.829,0.2992,77.948,0.1787,247.181,0.4798,140.684
24,18384,4,2048,51200,256,1,1,1,112.448,127.151,120.802,133.535,133.959,0.0009,148.685,0.3029,77.203,0.1653,267.919,0.4701,143.976
24,18408,4,2048,51200,256,1,1,1,136.248,73.304,46.264,134.646,130.703,0.0009,148.375,0.2893,81.025,0.1699,261.406,0.4611,147.162
24,18432,4,2048,51200,256,1,1,1,103.323,193.375,214.617,136.149,121.836,0.0009,148.24,0.3129,75.114,0.1827,243.672,0.4975,136.753
24,18456,4,2048,51200,256,1,1,1,117.203,56.013,34.782,132.815,124.21,0.0009,149.896,0.317,74.324,0.1797,248.419,0.4986,136.794
24,18480,4,2048,51200,256,1,1,1,134.57,157.693,96.688,111.564,134.257,0.0009,132.181,0.3025,78.083,0.1667,268.515,0.4711,145.159
24,18504,4,2048,51200,256,1,1,1,118.831,78.326,40.95,118.209,135.683,0.0009,150.048,0.3156,75.031,0.1654,271.366,0.4829,141.98
24,18528,4,2048,51200,256,1,1,1,167.812,190.751,124.791,139.035,138.599,0.0009,147.61,0.2545,93.272,0.1623,277.197,0.4187,164.154
24,18552,4,2048,51200,256,1,1,1,120.187,57.203,35.01,133.335,120.286,0.0009,150.272,0.3153,75.493,0.1875,240.573,0.5047,136.549
24,18576,4,2048,51200,256,1,1,1,143.953,141.329,116.115,140.691,142.38,0.0009,147.4,0.2735,87.243,0.1588,284.76,0.4342,159.117
24,18600,4,2048,51200,256,1,1,1,133.782,54.914,34.144,141.497,123.647,0.0009,147.854,0.3023,79.12,0.1834,247.294,0.4876,142.059
24,18624,4,2048,51200,256,1,1,1,138.688,180.262,142.754,150.277,151.126,0.0009,150.57,0.2723,88.054,0.1504,302.252,0.4246,163.539
24,18648,4,2048,51200,256,1,1,1,119.694,73.239,40.986,119.441,124.862,0.0009,133.191,0.3318,72.466,0.1825,249.724,0.5162,134.88
24,18672,4,2048,51200,256,1,1,1,151.269,154.366,114.964,113.611,137.328,0.0009,148.338,0.2787,86.491,0.1664,274.656,0.4469,156.175
24,18696,4,2048,51200,256,1,1,1,128.562,75.326,35.56,120.024,133.165,0.0009,161.519,0.3044,79.371,0.172,266.331,0.4783,146.294
24,18720,4,2048,51200,256,1,1,1,136.199,162.427,119.737,150.362,151.325,0.0009,160.042,0.2719,89.091,0.1518,302.649,0.4255,164.865
24,18744,4,2048,51200,256,1,1,1,134.285,76.006,35.632,103.072,133.459,0.0009,132.961,0.3286,73.892,0.1725,266.918,0.503,139.815
24,18768,4,2048,51200,256,1,1,1,133.696,141.237,111.683,132.654,134.747,0.0009,147.598,0.2898,84.012,0.1713,269.494,0.463,152.305
24,18792,4,2048,51200,256,1,1,1,130.929,72.19,36.226,133.577,132.712,0.0009,147.682,0.3088,79.038,0.1744,265.423,0.4851,145.739
24,18816,4,2048,51200,256,1,1,1,149.88,190.762,138.617,168.491,154.868,0.0009,156.193,0.2595,94.296,0.1498,309.736,0.4112,172.37
24,18840,4,2048,51200,256,1,1,1,130.023,72.688,41.592,101.52,105.893,0.0009,132.695,0.3345,73.331,0.2197,211.785,0.556,127.781
24,18864,4,2048,51200,256,1,1,1,133.691,131.562,98.388,133.183,134.138,0.0009,164.042,0.2823,87.09,0.1739,268.276,0.4581,155.501
24,18888,4,2048,51200,256,1,1,1,136.522,74.848,36.039,102.707,136.903,0.0009,132.746,0.3308,74.518,0.1708,273.805,0.5034,141.841
24,18912,4,2048,51200,256,1,1,1,151.303,160.241,124.912,151.55,153.789,0.0009,148.298,0.2709,91.219,0.1524,307.578,0.4252,168.375
24,18936,4,2048,51200,256,1,1,1,132.846,76.144,41.138,99.704,123.248,0.0009,167.405,0.3103,79.834,0.1907,246.496,0.5028,142.728
24,18960,4,2048,51200,256,1,1,1,133.258,157.492,121.738,132.03,139.101,0.0009,159.177,0.2864,86.706,0.1694,278.203,0.4576,157.217
24,18984,4,2048,51200,256,1,1,1,130.842,72.42,41.236,128.321,127.322,0.0009,130.658,0.3275,76.002,0.1855,254.644,0.5149,140.078
24,19008,4,2048,51200,256,1,1,1,126.531,165.598,137.864,151.317,149.65,0.0009,147.02,0.2964,84.189,0.1582,299.301,0.4565,158.398
24,19032,4,2048,51200,256,1,1,1,130.658,72.736,35.677,118.45,125.118,0.001,158.292,0.3139,79.692,0.1897,250.236,0.5055,143.398
24,19056,4,2048,51200,256,1,1,1,144.57,149.234,108.022,131.972,133.547,0.0009,146.551,0.2878,87.127,0.1782,267.094,0.4679,155.312
24,19080,4,2048,51200,256,1,1,1,129.665,73.107,35.609,135.13,134.247,0.0009,147.17,0.3176,79.144,0.1777,268.494,0.4972,146.517
24,19104,4,2048,51200,256,1,1,1,138.627,181.737,130.283,151.126,150.936,0.0009,147.342,0.2862,88.057,0.1585,301.871,0.4465,163.563
24,19128,4,2048,51200,256,1,1,1,119.102,58.458,36.151,101.819,131.512,0.001,152.833,0.3436,73.523,0.1823,263.025,0.5278,138.719
24,19152,4,2048,51200,256,1,1,1,152.885,144.246,116.632,134.13,134.424,0.0009,165.534,0.2697,93.879,0.1788,268.849,0.4505,162.944
24,19176,4,2048,51200,256,1,1,1,137.53,55.534,35.793,134.55,131.194,0.001,132.245,0.3274,77.538,0.1837,262.388,0.513,143.441
24,19200,4,2048,51200,256,1,1,1,131.955,192.046,175.72,146.327,156.288,0.0009,148.147,0.2943,86.46,0.1546,312.576,0.4508,163.634
24,19224,4,2048,51200,256,1,1,1,119.083,73.345,36.118,101.479,126.738,0.001,131.513,0.3615,70.57,0.1911,253.476,0.5545,133.365
24,19248,4,2048,51200,256,1,1,1,144.824,141.367,111.296,132.298,133.252,0.0009,147.533,0.2914,87.745,0.1822,266.505,0.4755,155.889
24,19272,4,2048,51200,256,1,1,1,119.25,75.463,41.645,118.847,119.43,0.001,146.615,0.3387,75.695,0.2038,238.86,0.5444,136.517
24,19296,4,2048,51200,256,1,1,1,150.195,182.813,136.679,150.52,151.707,0.0009,146.806,0.2809,91.474,0.1608,303.414,0.4437,167.923
24,19320,4,2048,51200,256,1,1,1,119.104,75.555,41.914,118.294,119.24,0.001,146.642,0.3403,75.693,0.2052,238.48,0.5474,136.441
24,19344,4,2048,51200,256,1,1,1,129.639,153.307,111.274,129.739,129.68,0.001,146.946,0.3096,83.396,0.1891,259.359,0.5006,149.546
24,19368,4,2048,51200,256,1,1,1,119.042,73.062,42.102,118.306,118.662,0.001,146.836,0.3418,75.724,0.2072,237.325,0.5509,136.233
24,19392,4,2048,51200,256,1,1,1,150.678,181.659,140.724,150.419,150.999,0.0009,147.015,0.2825,91.85,0.1632,301.998,0.4476,168.09
24,19416,4,2048,51200,256,1,1,1,118.844,72.348,41.959,118.956,119.172,0.001,147.212,0.343,75.826,0.2073,238.344,0.5522,136.573
24,19440,4,2048,51200,256,1,1,1,133.659,144.342,114.844,132.966,133.32,0.001,147.792,0.3061,85.179,0.1858,266.641,0.4938,153.122
24,19464,4,2048,51200,256,1,1,1,119.145,76.668,41.982,118.704,119.705,0.001,146.721,0.3439,75.986,0.2074,239.41,0.5533,136.987
24,19488,4,2048,51200,256,1,1,1,150.394,182.995,127.194,151.523,150.326,0.001,147.745,0.2845,92.066,0.1656,300.651,0.452,168.08
24,19512,4,2048,51200,256,1,1,1,118.677,75.729,42.314,118.311,118.967,0.001,146.967,0.3459,75.92,0.2097,237.934,0.5575,136.602
24,19536,4,2048,51200,256,1,1,1,133.225,141.139,111.764,132.583,133.413,0.001,146.867,0.3101,84.896,0.1875,266.827,0.4995,152.861
24,19560,4,2048,51200,256,1,1,1,118.425,73.207,42.392,118.05,118.87,0.001,146.833,0.3481,75.803,0.2109,237.74,0.5609,136.436
24,19584,4,2048,51200,256,1,1,1,146.066,183.421,144.755,147.965,146.52,0.001,147.457,0.2911,90.872,0.1715,293.04,0.4645,165.161
24,19608,4,2048,51200,256,1,1,1,118.213,71.571,42.64,118.05,117.801,0.001,147.495,0.3494,75.889,0.2139,235.603,0.5652,136.074
24,19632,4,2048,51200,256,1,1,1,132.639,137.964,117.814,132.525,133.405,0.001,147.497,0.3125,85.046,0.1893,266.81,0.5037,153.039
24,19656,4,2048,51200,256,1,1,1,119.027,75.662,42.635,119.063,119.307,0.001,147.687,0.3485,76.431,0.2122,238.615,0.5627,137.338
24,19680,4,2048,51200,256,1,1,1,150.363,182.067,128.987,150.671,150.075,0.001,147.636,0.2893,92.306,0.1691,300.151,0.4603,168.288
24,19704,4,2048,51200,256,1,1,1,118.404,75.739,42.25,118.862,118.248,0.001,147.649,0.351,76.255,0.2152,236.496,0.5681,136.69
24,19728,4,2048,51200,256,1,1,1,133.002,137.366,113.026,132.538,133.365,0.001,146.913,0.3153,85.104,0.1913,266.73,0.5084,153.102
24,19752,4,2048,51200,256,1,1,1,118.856,72.589,42.33,118.292,119.301,0.001,146.791,0.353,76.178,0.2143,238.602,0.5693,137.068
24,19776,4,2048,51200,256,1,1,1,150.683,186.674,133.254,150.44,150.82,0.001,147.052,0.2915,92.476,0.1699,301.641,0.4634,168.807
24,19800,4,2048,51200,256,1,1,1,117.915,72.582,42.107,117.895,118.341,0.001,146.706,0.356,75.893,0.2171,236.682,0.5751,136.341
24,19824,4,2048,51200,256,1,1,1,132.881,142.728,123.067,132.593,133.328,0.001,147.12,0.317,85.436,0.1932,266.655,0.5121,153.472
24,19848,4,2048,51200,256,1,1,1,119.317,75.751,42.064,119.129,119.582,0.001,146.957,0.3544,76.61,0.2159,239.164,0.5722,137.684
24,19872,4,2048,51200,256,1,1,1,151.117,184.059,127.574,150.521,149.84,0.001,147.28,0.2935,92.733,0.1727,299.68,0.4681,168.712
24,19896,4,2048,51200,256,1,1,1,118.537,75.692,42.466,118.566,119.096,0.001,147.074,0.3569,76.437,0.2178,238.192,0.5766,137.286
24,19920,4,2048,51200,256,1,1,1,132.625,142.966,110.496,132.606,133.237,0.001,147.263,0.3203,85.368,0.1952,266.474,0.5174,153.371
24,19944,4,2048,51200,256,1,1,1,118.634,73.487,42.529,118.743,118.94,0.001,147.563,0.3579,76.575,0.2192,237.88,0.579,137.377
24,19968,4,2048,51200,256,1,1,1,150.958,193.744,178.877,152.125,150.838,0.001,147.947,0.2932,93.696,0.1732,301.676,0.4683,170.243
24,19992,4,2048,51200,256,1,1,1,118.681,73.097,43.064,118.114,118.924,0.001,146.782,0.36,76.491,0.2203,237.848,0.5822,137.283
24,20016,4,2048,51200,256,1,1,1,132.526,139.952,112.613,131.961,132.781,0.001,146.897,0.3234,85.342,0.1977,265.563,0.5231,153.159
24,20040,4,2048,51200,256,1,1,1,119.131,76.703,42.906,118.951,119.828,0.001,146.914,0.3599,76.871,0.2196,239.657,0.5814,138.109
24,20064,4,2048,51200,256,1,1,1,149.79,177.973,144.216,150.675,150.02,0.001,147.089,0.2987,92.817,0.1759,300.039,0.4765,168.917
24,20088,4,2048,51200,256,1,1,1,118.948,75.711,43.023,119.05,119.375,0.001,146.929,0.3615,76.876,0.2215,238.75,0.585,137.921
24,20112,4,2048,51200,256,1,1,1,132.63,139.456,111.434,132.66,133.188,0.001,147.166,0.3254,85.615,0.199,266.375,0.5264,153.654
24,20136,4,2048,51200,256,1,1,1,118.05,72.77,43.129,118.2,118.031,0.001,147.268,0.3647,76.572,0.2251,236.063,0.5917,137.0
24,20160,4,2048,51200,256,1,1,1,146.52,191.379,132.24,148.127,146.893,0.001,147.538,0.3046,91.895,0.1813,293.787,0.4878,166.579
24,20184,4,2048,51200,256,1,1,1,117.662,72.775,43.135,118.141,117.889,0.001,148.215,0.3659,76.664,0.2265,235.779,0.5943,137.045
24,20208,4,2048,51200,256,1,1,1,131.888,138.885,126.347,132.332,132.474,0.001,147.607,0.3278,85.769,0.202,264.947,0.5318,153.526
24,20232,4,2048,51200,256,1,1,1,117.886,76.263,42.986,117.488,118.383,0.001,146.371,0.3684,76.504,0.2266,236.766,0.5969,137.093
24,20256,4,2048,51200,256,1,1,1,150.12,176.068,136.287,150.464,150.108,0.001,146.547,0.3038,92.981,0.1791,300.216,0.4849,169.174
24,20280,4,2048,51200,256,1,1,1,119.013,75.832,43.069,117.811,119.119,0.001,147.184,0.3674,77.065,0.2263,238.239,0.5956,138.044
24,20304,4,2048,51200,256,1,1,1,133.028,139.016,112.883,132.4,133.271,0.001,146.626,0.3304,85.887,0.2027,266.541,0.5351,154.022
24,20328,4,2048,51200,256,1,1,1,118.034,72.391,43.497,117.998,118.943,0.001,146.581,0.3709,76.695,0.2277,237.885,0.6005,137.563
24,20352,4,2048,51200,256,1,1,1,150.07,186.166,154.704,150.677,150.441,0.001,147.692,0.3044,93.669,0.1804,300.883,0.4867,170.118
24,20376,4,2048,51200,256,1,1,1,118.63,73.124,43.428,118.48,118.874,0.001,146.711,0.371,77.019,0.2289,237.748,0.6019,137.898
24,20400,4,2048,51200,256,1,1,1,133.086,153.93,119.763,133.267,133.629,0.001,146.857,0.3315,86.39,0.2041,267.258,0.5376,154.748
24,20424,4,2048,51200,256,1,1,1,119.593,75.818,43.26,119.306,119.88,0.001,146.949,0.3702,77.548,0.228,239.761,0.6002,138.933
24,20448,4,2048,51200,256,1,1,1,149.954,172.191,134.55,150.175,149.788,0.001,147.285,0.3082,93.358,0.1829,299.575,0.4931,169.502
24,20472,4,2048,51200,256,1,1,1,119.341,75.998,43.484,119.307,119.68,0.001,147.986,0.371,77.726,0.2295,239.36,0.6025,139.046
24,20496,4,2048,51200,256,1,1,1,133.28,137.756,122.999,133.438,133.431,0.001,146.614,0.3344,86.454,0.2063,266.862,0.5426,154.737
24,20520,4,2048,51200,256,1,1,1,119.062,72.835,43.289,118.806,119.136,0.001,145.731,0.3754,77.183,0.2316,238.273,0.609,138.202
24,20544,4,2048,51200,256,1,1,1,149.528,185.048,131.413,150.689,149.765,0.001,146.142,0.3115,93.216,0.1847,299.531,0.4982,169.333
24,20568,4,2048,51200,256,1,1,1,118.118,72.699,43.218,118.583,118.178,0.001,146.875,0.3774,77.115,0.2346,236.356,0.614,137.706
24,20592,4,2048,51200,256,1,1,1,132.76,142.443,113.817,132.599,132.466,0.001,146.852,0.3379,86.323,0.2098,264.932,0.5497,154.174
24,20616,4,2048,51200,256,1,1,1,118.62,76.268,42.975,119.047,119.041,0.001,147.297,0.3772,77.516,0.234,238.082,0.6132,138.534
24,20640,4,2048,51200,256,1,1,1,150.16,177.21,140.593,150.225,149.774,0.001,147.503,0.3121,93.886,0.1864,299.548,0.5005,170.104
24,20664,4,2048,51200,256,1,1,1,118.392,73.56,43.626,118.513,118.809,0.001,148.162,0.3786,77.573,0.2355,237.617,0.6162,138.498
24,20688,4,2048,51200,256,1,1,1,132.328,140.756,123.799,132.945,132.563,0.001,147.478,0.3399,86.598,0.2116,265.126,0.5535,154.527
24,20712,4,2048,51200,256,1,1,1,117.887,71.551,43.743,118.343,118.109,0.001,147.394,0.3817,77.29,0.238,236.218,0.6218,137.881
24,20736,4,2048,51200,256,1,1,1,150.287,189.579,175.547,151.531,148.776,0.001,148.554,0.3118,94.826,0.1894,297.551,0.5032,170.749
24,20760,4,2048,51200,256,1,1,1,117.725,70.209,43.673,117.893,118.008,0.001,146.932,0.3842,77.136,0.2393,236.017,0.6256,137.671
24,20784,4,2048,51200,256,1,1,1,133.221,140.233,117.462,132.131,133.65,0.001,146.46,0.3429,86.629,0.2118,267.3,0.5567,155.055
24,20808,4,2048,51200,256,1,1,1,117.941,74.26,43.753,117.834,118.231,0.001,146.461,0.3852,77.293,0.24,236.463,0.6272,137.949
24,20832,4,2048,51200,256,1,1,1,149.931,195.039,130.593,150.429,150.893,0.001,146.664,0.3176,93.944,0.1885,301.785,0.5081,170.667
24,20856,4,2048,51200,256,1,1,1,118.441,75.222,43.611,118.534,119.16,0.001,147.412,0.3847,77.745,0.2392,238.321,0.6259,138.865
24,20880,4,2048,51200,256,1,1,1,133.68,140.126,115.615,133.368,132.811,0.001,146.934,0.3441,87.1,0.2151,265.622,0.5613,155.21
24,20904,4,2048,51200,256,1,1,1,118.438,73.156,43.382,118.182,118.582,0.001,146.977,0.387,77.626,0.2415,237.165,0.6305,138.48
24,20928,4,2048,51200,256,1,1,1,150.99,179.176,141.724,150.117,150.017,0.001,148.346,0.3176,94.8,0.1913,300.033,0.511,171.276
24,20952,4,2048,51200,256,1,1,1,118.449,73.641,43.555,118.641,,,,,,,,,
