num_attention_heads,hidden_size,train_micro_batch_size_per_gpu,seq_length,vocab_size,train_batch_size,tensor_mp_size,pipeline_mp_size,dp_size,actual_attention_duration,actual_attention_throughput,actual_mlp_duration,actual_mlp_throughput,actual_duration,actual_throughput
8,8,4,2048,51200,256,1,1,1,,,,,,
8,8,4,2048,51200,256,1,1,1,0.0011,0.484,0.0001,0.061,0.0015,0.37
8,16,4,2048,51200,256,1,1,1,,,,,,
8,8,4,2048,51200,256,1,1,1,,,,,,
8,8,4,2048,51200,256,1,1,1,,,,,,
8,8,4,2048,51200,256,1,1,1,,,,,,
8,8,4,2048,51200,256,1,1,1,0.001,0.53,0.0001,0.061,0.0014,0.396
8,16,4,2048,51200,256,1,1,1,,,,,,
8,8,4,2048,51200,256,1,1,1,,,,,,
8,8,4,2048,51200,256,1,1,1,,,,,,
8,8,4,2048,51200,256,1,1,1,0.0011,0.504,0.0001,0.06,0.0014,0.379
8,16,4,2048,51200,256,1,1,1,0.001,1.071,0.0001,0.245,0.0014,0.808
8,24,4,2048,51200,256,1,1,1,0.001,1.614,0.0001,0.548,0.0014,1.234
8,32,4,2048,51200,256,1,1,1,0.001,2.161,0.0001,0.969,0.0014,1.67
8,40,4,2048,51200,256,1,1,1,0.001,2.722,0.0001,1.516,0.0014,2.142
8,48,4,2048,51200,256,1,1,1,0.001,3.274,0.0001,2.201,0.0014,2.63
8,56,4,2048,51200,256,1,1,1,0.001,3.853,0.0001,2.944,0.0014,3.135
8,64,4,2048,51200,256,1,1,1,0.001,4.435,0.0001,3.952,0.0014,3.642
8,72,4,2048,51200,256,1,1,1,0.001,5.047,0.0001,4.887,0.0014,4.186
8,80,4,2048,51200,256,1,1,1,0.001,5.617,0.0001,6.04,0.0014,4.738
8,88,4,2048,51200,256,1,1,1,0.001,6.227,0.0001,7.304,0.0014,5.275
8,96,4,2048,51200,256,1,1,1,0.001,6.846,0.0001,8.673,0.0014,5.867
8,104,4,2048,51200,256,1,1,1,0.001,7.46,0.0001,10.063,0.0014,6.462
8,112,4,2048,51200,256,1,1,1,0.001,8.078,0.0001,11.677,0.0014,7.075
8,120,4,2048,51200,256,1,1,1,0.001,8.737,0.0001,13.505,0.0014,7.748
8,128,4,2048,51200,256,1,1,1,0.001,9.435,0.0001,15.295,0.0014,8.382
8,136,4,2048,51200,256,1,1,1,0.001,10.013,0.0001,17.619,0.0014,9.04
8,144,4,2048,51200,256,1,1,1,0.001,10.66,0.0001,19.718,0.0014,9.725
8,152,4,2048,51200,256,1,1,1,0.001,11.295,0.0001,22.667,0.0014,10.433
8,160,4,2048,51200,256,1,1,1,0.001,11.944,0.0001,24.485,0.0014,11.162
8,168,4,2048,51200,256,1,1,1,0.001,12.752,0.0001,27.249,0.0014,11.945
8,176,4,2048,51200,256,1,1,1,0.001,13.415,0.0001,29.506,0.0014,12.766
8,184,4,2048,51200,256,1,1,1,0.001,14.137,0.0001,32.438,0.0014,13.474
8,192,4,2048,51200,256,1,1,1,0.001,14.824,0.0001,35.341,0.0014,14.197
8,200,4,2048,51200,256,1,1,1,0.001,15.578,0.0001,37.97,0.0014,15.072
8,208,4,2048,51200,256,1,1,1,0.001,16.207,0.0001,44.637,0.0014,15.878
8,216,4,2048,51200,256,1,1,1,0.001,17.022,0.0001,43.531,0.0014,16.774
8,224,4,2048,51200,256,1,1,1,0.001,17.717,0.0001,44.269,0.0014,17.612
8,232,4,2048,51200,256,1,1,1,0.001,18.512,0.0001,48.374,0.0014,18.562
8,240,4,2048,51200,256,1,1,1,0.001,19.084,0.0001,50.574,0.0014,19.347
8,248,4,2048,51200,256,1,1,1,0.001,20.023,0.0001,54.706,0.0014,20.44
8,256,4,2048,51200,256,1,1,1,0.001,20.877,0.0002,53.156,0.0014,21.398
8,264,4,2048,51200,256,1,1,1,0.001,21.533,0.0002,52.549,0.0014,22.276
8,272,4,2048,51200,256,1,1,1,0.001,22.272,0.0002,55.885,0.0014,23.143
8,280,4,2048,51200,256,1,1,1,0.001,23.058,0.0002,64.001,0.0014,24.184
8,288,4,2048,51200,256,1,1,1,0.001,23.888,0.0002,60.994,0.0014,25.173
8,296,4,2048,51200,256,1,1,1,0.001,24.841,0.0002,61.689,0.0014,26.2
8,304,4,2048,51200,256,1,1,1,0.001,25.629,0.0002,63.888,0.0014,27.135
8,312,4,2048,51200,256,1,1,1,0.001,26.287,0.0002,67.408,0.0014,28.447
8,320,4,2048,51200,256,1,1,1,0.001,27.141,0.0002,65.129,0.0014,29.124
8,328,4,2048,51200,256,1,1,1,0.001,28.057,0.0002,70.142,0.0014,30.339
8,336,4,2048,51200,256,1,1,1,0.001,28.878,0.0002,72.141,0.0014,31.388
8,344,4,2048,51200,256,1,1,1,0.001,29.896,0.0002,74.398,0.0014,32.679
8,352,4,2048,51200,256,1,1,1,0.001,30.883,0.0002,74.607,0.0014,33.696
8,360,4,2048,51200,256,1,1,1,0.001,31.443,0.0002,76.85,0.0014,34.732
8,368,4,2048,51200,256,1,1,1,0.001,32.134,0.0002,81.723,0.0014,35.925
8,376,4,2048,51200,256,1,1,1,0.001,33.182,0.0002,81.617,0.0014,36.922
8,384,4,2048,51200,256,1,1,1,0.001,34.031,0.0002,82.455,0.0015,37.509
8,392,4,2048,51200,256,1,1,1,0.001,35.021,0.0002,86.665,0.0015,38.929
8,400,4,2048,51200,256,1,1,1,0.001,35.557,0.0002,91.819,0.0015,39.982
8,408,4,2048,51200,256,1,1,1,0.001,36.738,0.0002,90.79,0.0015,41.125
8,416,4,2048,51200,256,1,1,1,0.0011,36.967,0.0002,98.415,0.0015,40.915
8,424,4,2048,51200,256,1,1,1,0.001,38.567,0.0003,92.247,0.0015,42.825
8,432,4,2048,51200,256,1,1,1,0.001,39.379,0.0003,95.641,0.0015,44.508
8,440,4,2048,51200,256,1,1,1,0.0011,40.178,0.0003,95.339,0.0015,43.97
8,448,4,2048,51200,256,1,1,1,0.001,41.33,0.0003,99.919,0.0015,47.17
8,456,4,2048,51200,256,1,1,1,0.0011,41.317,0.0003,90.728,0.0016,44.688
8,464,4,2048,51200,256,1,1,1,0.0011,42.927,0.0003,102.037,0.0015,47.92
8,472,4,2048,51200,256,1,1,1,0.0011,42.596,0.0003,94.562,0.0016,46.581
8,480,4,2048,51200,256,1,1,1,0.0011,41.736,0.0003,97.871,0.0017,46.772
8,488,4,2048,51200,256,1,1,1,0.0011,44.015,0.0003,101.502,0.0017,47.163
8,496,4,2048,51200,256,1,1,1,0.0011,46.077,0.0003,105.572,0.0017,49.062
8,504,4,2048,51200,256,1,1,1,0.0011,45.626,0.0003,100.941,0.0017,49.389
8,512,4,2048,51200,256,1,1,1,0.0011,48.017,0.0003,116.332,0.0017,50.304
8,520,4,2048,51200,256,1,1,1,0.0011,47.071,0.0004,100.05,0.0017,52.602
8,528,4,2048,51200,256,1,1,1,0.0011,49.825,0.0004,99.534,0.0017,51.808
8,536,4,2048,51200,256,1,1,1,0.0011,48.245,0.0004,99.832,0.0018,52.675
8,544,4,2048,51200,256,1,1,1,0.0011,49.206,0.0004,98.051,0.0018,51.577
8,552,4,2048,51200,256,1,1,1,0.0012,49.556,0.0004,101.593,0.0018,52.716
8,560,4,2048,51200,256,1,1,1,0.0011,52.319,0.0004,105.201,0.0018,55.566
8,568,4,2048,51200,256,1,1,1,0.0012,50.62,0.0004,97.923,0.0019,54.093
8,576,4,2048,51200,256,1,1,1,0.0011,55.188,0.0004,109.241,0.0018,58.684
8,584,4,2048,51200,256,1,1,1,0.0012,51.717,0.0004,100.882,0.002,54.112
8,592,4,2048,51200,256,1,1,1,0.0011,55.229,0.0004,109.937,0.0019,57.38
8,600,4,2048,51200,256,1,1,1,0.0012,51.509,0.0004,108.284,0.002,55.589
8,608,4,2048,51200,256,1,1,1,0.0012,53.636,0.0004,115.694,0.002,57.007
8,616,4,2048,51200,256,1,1,1,0.0012,53.078,0.0004,111.117,0.002,56.857
8,624,4,2048,51200,256,1,1,1,0.0012,55.452,0.0004,120.687,0.0019,61.031
8,632,4,2048,51200,256,1,1,1,0.0013,54.018,0.0005,109.562,0.0021,58.994
8,640,4,2048,51200,256,1,1,1,0.0012,56.85,0.0005,115.307,0.002,61.44
8,648,4,2048,51200,256,1,1,1,0.0013,54.469,0.0005,108.873,0.0022,58.243
8,656,4,2048,51200,256,1,1,1,0.0012,58.356,0.0005,116.694,0.0021,61.183
8,664,4,2048,51200,256,1,1,1,0.0013,55.793,0.0005,107.255,0.0022,59.752
8,672,4,2048,51200,256,1,1,1,0.0013,55.357,0.0005,115.299,0.0021,62.436
8,680,4,2048,51200,256,1,1,1,0.0013,56.36,0.0006,108.29,0.0023,59.339
8,688,4,2048,51200,256,1,1,1,0.0013,57.837,0.0005,119.735,0.0022,63.85
8,696,4,2048,51200,256,1,1,1,0.0014,56.393,0.0006,103.154,0.0023,61.96
8,704,4,2048,51200,256,1,1,1,0.0013,59.764,0.0005,127.475,0.0022,66.028
8,712,4,2048,51200,256,1,1,1,0.0014,56.844,0.0006,112.56,0.0024,61.209
8,720,4,2048,51200,256,1,1,1,0.0014,60.903,0.0006,112.81,0.0023,66.321
8,728,4,2048,51200,256,1,1,1,0.0014,57.832,0.0006,119.571,0.0025,61.799
8,736,4,2048,51200,256,1,1,1,0.0015,57.782,0.0005,130.594,0.0024,65.475
8,744,4,2048,51200,256,1,1,1,0.0015,58.516,0.0006,123.306,0.0025,64.3
8,752,4,2048,51200,256,1,1,1,0.0015,57.532,0.0005,139.852,0.0024,68.688
8,760,4,2048,51200,256,1,1,1,0.0015,59.792,0.0006,119.201,0.0026,63.018
8,768,4,2048,51200,256,1,1,1,0.0014,66.617,0.0006,131.193,0.0022,74.478
8,776,4,2048,51200,256,1,1,1,0.0015,61.46,0.0007,118.997,0.0024,71.717
8,784,4,2048,51200,256,1,1,1,0.0015,63.453,0.0007,108.39,0.0025,69.411
8,792,4,2048,51200,256,1,1,1,0.0015,62.423,0.0007,125.714,0.0025,69.443
8,800,4,2048,51200,256,1,1,1,0.0015,62.51,0.0007,123.202,0.0024,74.104
8,808,4,2048,51200,256,1,1,1,0.0016,61.964,0.0008,105.26,0.0028,66.382
8,816,4,2048,51200,256,1,1,1,0.0015,66.529,0.0007,132.54,0.0024,76.966
8,824,4,2048,51200,256,1,1,1,0.0016,64.245,0.0007,132.149,0.0026,71.455
8,832,4,2048,51200,256,1,1,1,0.0014,70.403,0.0007,128.18,0.0025,78.145
8,840,4,2048,51200,256,1,1,1,0.0016,64.827,0.0007,133.927,0.0026,74.283
8,848,4,2048,51200,256,1,1,1,0.0016,66.669,0.0008,121.187,0.0025,78.099
8,856,4,2048,51200,256,1,1,1,0.0017,63.888,0.0008,124.82,0.0031,65.581
8,864,4,2048,51200,256,1,1,1,0.0016,65.489,0.0007,143.568,0.0026,78.873
8,872,4,2048,51200,256,1,1,1,0.0017,64.467,0.0009,106.946,0.0029,70.922
8,880,4,2048,51200,256,1,1,1,0.0016,68.798,0.0007,137.761,0.0029,72.501
8,888,4,2048,51200,256,1,1,1,0.0018,63.502,0.0008,136.498,0.003,71.462
8,896,4,2048,51200,256,1,1,1,0.0016,71.683,0.0008,133.496,0.0025,85.54
8,904,4,2048,51200,256,1,1,1,0.0017,65.558,0.0008,126.997,0.003,73.399
8,912,4,2048,51200,256,1,1,1,0.0016,70.153,0.0009,119.307,0.0027,84.715
8,920,4,2048,51200,256,1,1,1,0.0017,67.054,0.0011,97.892,0.0034,67.697
8,928,4,2048,51200,256,1,1,1,0.0017,68.682,0.0007,153.516,0.0028,82.141
8,936,4,2048,51200,256,1,1,1,0.0021,57.418,0.001,116.396,0.003,77.948
8,944,4,2048,51200,256,1,1,1,0.0017,70.547,0.0009,137.067,0.0032,73.772
8,952,4,2048,51200,256,1,1,1,0.0018,68.846,0.0008,152.829,0.0032,76.099
8,960,4,2048,51200,256,1,1,1,0.0017,74.459,0.001,123.191,0.003,82.151
8,968,4,2048,51200,256,1,1,1,0.0018,69.3,0.001,128.75,0.0036,69.308
8,976,4,2048,51200,256,1,1,1,0.0018,71.586,0.0009,131.827,0.003,84.146
8,984,4,2048,51200,256,1,1,1,0.0019,66.679,0.0011,120.592,0.0036,70.569
8,992,4,2048,51200,256,1,1,1,0.0018,71.726,0.0009,144.096,0.0032,82.458
8,1000,4,2048,51200,256,1,1,1,0.0019,69.884,0.0011,116.149,0.0033,80.405
8,1008,4,2048,51200,256,1,1,1,0.0018,72.95,0.0011,124.493,0.0035,76.952
8,1016,4,2048,51200,256,1,1,1,0.0019,72.6,0.001,140.797,0.0033,82.818
8,1024,4,2048,51200,256,1,1,1,0.0016,83.539,0.001,136.467,0.0029,93.598
8,1032,4,2048,51200,256,1,1,1,0.002,69.14,0.001,144.52,0.004,69.071
8,1040,4,2048,51200,256,1,1,1,0.002,71.897,0.001,143.85,0.0032,87.425
8,1048,4,2048,51200,256,1,1,1,0.0021,66.716,0.0013,114.397,0.0037,78.305
8,1056,4,2048,51200,256,1,1,1,0.002,71.025,0.0009,155.745,0.0037,77.63
8,1064,4,2048,51200,256,1,1,1,0.0022,66.655,0.0013,116.421,0.0036,80.612
8,1072,4,2048,51200,256,1,1,1,0.0022,66.652,0.0012,128.459,0.0034,87.365
8,1080,4,2048,51200,256,1,1,1,0.0021,69.619,0.0011,137.772,0.0043,69.909
8,1088,4,2048,51200,256,1,1,1,0.002,77.012,0.0011,146.197,0.0034,90.983
8,1096,4,2048,51200,256,1,1,1,0.0025,59.751,0.0015,105.527,0.0037,84.178
8,1104,4,2048,51200,256,1,1,1,0.0021,73.806,0.0015,104.228,0.0042,74.82
8,1112,4,2048,51200,256,1,1,1,0.0022,72.291,0.0011,141.744,0.0039,82.275
8,1120,4,2048,51200,256,1,1,1,0.0021,74.702,0.0013,130.39,0.0035,90.716
8,1128,4,2048,51200,256,1,1,1,0.0023,69.74,0.0015,113.532,0.0046,70.89
8,1136,4,2048,51200,256,1,1,1,0.002,80.005,0.0011,147.454,0.004,83.155
8,1144,4,2048,51200,256,1,1,1,0.0025,66.259,0.0015,112.535,0.004,83.239
8,1152,4,2048,51200,256,1,1,1,0.0021,78.286,0.0014,124.397,0.004,83.775
8,1160,4,2048,51200,256,1,1,1,0.0022,74.132,0.0013,131.974,0.0048,70.865
8,1168,4,2048,51200,256,1,1,1,0.0022,77.222,0.0015,122.373,0.0038,91.649
8,1176,4,2048,51200,256,1,1,1,0.0027,62.428,0.0015,117.5,0.0049,71.447
8,1184,4,2048,51200,256,1,1,1,0.0023,75.933,0.0011,161.655,0.0044,80.32
8,1192,4,2048,51200,256,1,1,1,0.0025,69.143,0.0012,151.569,0.0044,81.863
8,1200,4,2048,51200,256,1,1,1,0.0022,77.926,0.0014,130.709,0.0045,80.933
8,1208,4,2048,51200,256,1,1,1,0.0023,77.664,0.0014,141.287,0.005,73.357
8,1216,4,2048,51200,256,1,1,1,0.0022,83.022,0.0012,156.359,0.0038,98.832
8,1224,4,2048,51200,256,1,1,1,0.0023,77.327,0.0017,117.586,0.0051,74.049
8,1232,4,2048,51200,256,1,1,1,0.0023,80.677,0.0013,149.726,0.0048,79.465
8,1240,4,2048,51200,256,1,1,1,0.0028,65.851,0.0017,120.335,0.0044,88.063
8,1248,4,2048,51200,256,1,1,1,0.0024,78.049,0.0014,141.925,0.0046,85.694
8,1256,4,2048,51200,256,1,1,1,0.0024,79.131,0.0016,131.087,0.0052,75.516
8,1264,4,2048,51200,256,1,1,1,0.0025,76.861,0.0016,128.879,0.0041,96.554
8,1272,4,2048,51200,256,1,1,1,0.0025,77.817,0.0017,123.35,0.0052,77.207
8,1280,4,2048,51200,256,1,1,1,0.0023,85.735,0.0012,172.772,0.0044,92.815
8,1288,4,2048,51200,256,1,1,1,0.0027,71.982,0.0019,114.674,0.005,83.196
8,1296,4,2048,51200,256,1,1,1,0.0024,81.514,0.0018,124.43,0.0052,80.344
8,1304,4,2048,51200,256,1,1,1,0.0025,79.676,0.0019,118.39,0.0058,72.804
8,1312,4,2048,51200,256,1,1,1,0.0026,76.462,0.0016,137.587,0.0046,93.44
8,1320,4,2048,51200,256,1,1,1,0.0026,77.352,0.0019,119.216,0.0058,74.573
8,1328,4,2048,51200,256,1,1,1,0.0024,83.863,0.0018,128.517,0.0054,80.602
8,1336,4,2048,51200,256,1,1,1,0.003,69.245,0.002,118.607,0.0052,84.274
8,1344,4,2048,51200,256,1,1,1,0.0023,91.551,0.0018,132.695,0.005,89.389
8,1352,4,2048,51200,256,1,1,1,0.0026,80.909,0.002,119.459,0.0062,73.187
8,1360,4,2048,51200,256,1,1,1,0.0029,74.206,0.0019,128.07,0.0046,99.927
8,1368,4,2048,51200,256,1,1,1,0.0027,78.856,0.0021,118.783,0.006,76.323
8,1376,4,2048,51200,256,1,1,1,0.0026,84.499,0.0015,163.011,0.0053,87.004
8,1384,4,2048,51200,256,1,1,1,0.0034,63.828,0.0021,117.372,0.0049,96.019
8,1392,4,2048,51200,256,1,1,1,0.0029,77.012,0.0019,133.177,0.0056,85.064
8,1400,4,2048,51200,256,1,1,1,0.0027,83.837,0.0018,143.015,0.0059,81.622
8,1408,4,2048,51200,256,1,1,1,0.0026,86.858,0.0018,143.244,0.0045,108.188
8,1416,4,2048,51200,256,1,1,1,0.0027,84.509,0.0026,102.868,0.0063,78.108
8,1424,4,2048,51200,256,1,1,1,0.0026,88.821,0.0016,162.77,0.0053,92.802
8,1432,4,2048,51200,256,1,1,1,0.0032,71.75,0.0023,118.614,0.0051,97.619
8,1440,4,2048,51200,256,1,1,1,0.0029,80.075,0.0019,139.73,0.0057,88.989
8,1448,4,2048,51200,256,1,1,1,0.0027,85.752,0.0022,122.486,0.0061,84.051
8,1456,4,2048,51200,256,1,1,1,0.0033,72.1,0.0021,130.502,0.0049,104.712
8,1464,4,2048,51200,256,1,1,1,0.0029,83.723,0.0022,125.8,0.0067,77.877
8,1472,4,2048,51200,256,1,1,1,0.0026,94.143,0.0016,174.441,0.0056,93.03
8,1480,4,2048,51200,256,1,1,1,0.0033,74.66,0.0024,120.142,0.0054,98.559
8,1488,4,2048,51200,256,1,1,1,0.0032,76.685,0.0021,137.369,0.0061,87.587
8,1496,4,2048,51200,256,1,1,1,0.0029,85.357,0.0023,127.239,0.0065,82.872
8,1504,4,2048,51200,256,1,1,1,0.003,82.482,0.002,148.172,0.0049,110.927
8,1512,4,2048,51200,256,1,1,1,0.0035,71.657,0.0028,105.525,0.0067,82.11
8,1520,4,2048,51200,256,1,1,1,0.0034,73.607,0.0019,157.004,0.0058,96.393
8,1528,4,2048,51200,256,1,1,1,0.0037,69.471,0.0024,128.681,0.0057,98.999
8,1536,4,2048,51200,256,1,1,1,0.0028,93.409,0.0024,128.251,0.0055,102.621
8,1544,4,2048,51200,256,1,1,1,0.0038,68.589,0.002,158.247,0.0067,85.287
8,1552,4,2048,51200,256,1,1,1,0.0029,89.531,0.0024,132.31,0.0052,112.096
8,1560,4,2048,51200,256,1,1,1,0.003,88.449,0.0026,123.7,0.0071,81.93
8,1568,4,2048,51200,256,1,1,1,0.0033,80.593,0.0022,145.449,0.0055,107.242
8,1576,4,2048,51200,256,1,1,1,0.0043,61.873,0.0026,125.159,0.0073,81.743
8,1584,4,2048,51200,256,1,1,1,0.0028,96.278,0.0025,132.13,0.0065,92.674
8,1592,4,2048,51200,256,1,1,1,0.0038,71.655,0.0026,127.166,0.0058,105.02
8,1600,4,2048,51200,256,1,1,1,0.0028,96.923,0.0028,118.937,0.0061,99.987
8,1608,4,2048,51200,256,1,1,1,0.0041,67.935,0.0022,156.334,0.0071,86.659
8,1616,4,2048,51200,256,1,1,1,0.0031,90.848,0.0024,140.365,0.0069,90.757
8,1624,4,2048,51200,256,1,1,1,0.0032,88.965,0.0028,125.438,0.0077,80.982
8,1632,4,2048,51200,256,1,1,1,0.0036,80.017,0.0025,142.337,0.0059,107.554
8,1640,4,2048,51200,256,1,1,1,0.0034,84.177,0.0028,127.769,0.0077,83.034
8,1648,4,2048,51200,256,1,1,1,0.003,95.631,0.0026,138.837,0.0071,90.489
8,1656,4,2048,51200,256,1,1,1,0.0038,76.944,0.0028,127.037,0.0061,106.725
8,1664,4,2048,51200,256,1,1,1,0.0038,76.779,0.0023,155.885,0.0063,103.841
8,1672,4,2048,51200,256,1,1,1,0.0032,91.456,0.0026,141.642,0.0077,86.304
8,1680,4,2048,51200,256,1,1,1,0.0038,77.911,0.0027,134.523,0.0057,117.58
8,1688,4,2048,51200,256,1,1,1,0.0041,73.772,0.0035,107.055,0.0079,85.173
8,1696,4,2048,51200,256,1,1,1,0.0035,85.517,0.002,189.441,0.0064,106.01
8,1704,4,2048,51200,256,1,1,1,0.0036,85.203,0.003,126.285,0.0064,106.278
8,1712,4,2048,51200,256,1,1,1,0.0036,84.265,0.0028,134.867,0.0074,92.998
8,1720,4,2048,51200,256,1,1,1,0.0043,71.728,0.0026,152.045,0.0079,88.599
8,1728,4,2048,51200,256,1,1,1,0.0032,97.726,0.0028,140.227,0.0072,98.159
8,1736,4,2048,51200,256,1,1,1,0.0034,91.37,0.0031,128.601,0.0084,84.693
8,1744,4,2048,51200,256,1,1,1,0.004,78.575,0.0028,142.184,0.0066,108.027
8,1752,4,2048,51200,256,1,1,1,0.0037,85.044,0.0031,128.749,0.0087,83.021
8,1760,4,2048,51200,256,1,1,1,0.0035,92.808,0.0026,154.216,0.0073,99.998
8,1768,4,2048,51200,256,1,1,1,0.0042,77.695,0.0031,132.041,0.0067,109.076
8,1776,4,2048,51200,256,1,1,1,0.0035,92.032,0.003,140.117,0.0081,91.366
8,1784,4,2048,51200,256,1,1,1,0.0035,93.024,0.0032,128.666,0.0089,83.456
8,1792,4,2048,51200,256,1,1,1,0.0035,95.763,0.0029,147.063,0.006,124.615
8,1800,4,2048,51200,256,1,1,1,0.0045,74.565,0.0035,120.962,,
8,8,4,2048,51200,256,1,1,1,0.001,0.562,0.0001,0.063,0.0013,0.417
8,16,4,2048,51200,256,1,1,1,0.001,1.125,0.0001,0.24,0.0013,0.851
8,24,4,2048,51200,256,1,1,1,0.001,1.71,0.0001,0.546,0.0013,1.302
8,32,4,2048,51200,256,1,1,1,0.001,2.283,0.0001,0.97,0.0013,1.771
8,40,4,2048,51200,256,1,1,1,0.001,2.907,0.0001,1.538,0.0013,2.258
8,48,4,2048,51200,256,1,1,1,0.001,3.456,0.0001,2.168,0.0013,2.739
8,56,4,2048,51200,256,1,1,1,0.001,4.084,0.0001,2.941,0.0013,3.271
8,64,4,2048,51200,256,1,1,1,0.001,4.739,0.0001,3.855,0.0013,3.841
8,72,4,2048,51200,256,1,1,1,0.001,5.403,0.0001,4.84,0.0013,4.39
8,80,4,2048,51200,256,1,1,1,0.001,5.969,0.0001,6.065,0.0013,4.967
8,88,4,2048,51200,256,1,1,1,0.001,6.651,0.0001,7.313,0.0013,5.605
8,96,4,2048,51200,256,1,1,1,0.001,7.272,0.0001,9.437,0.0013,6.204
8,104,4,2048,51200,256,1,1,1,0.001,7.985,0.0001,10.214,0.0013,6.817
8,112,4,2048,51200,256,1,1,1,0.001,8.583,0.0001,11.963,0.0013,7.492
8,120,4,2048,51200,256,1,1,1,0.001,9.256,0.0001,13.459,0.0013,8.159
8,128,4,2048,51200,256,1,1,1,0.001,10.013,0.0001,15.383,0.0013,8.913
8,136,4,2048,51200,256,1,1,1,0.001,10.726,0.0001,18.366,0.0013,9.558
8,144,4,2048,51200,256,1,1,1,0.001,11.417,0.0001,20.127,0.0013,10.281
8,152,4,2048,51200,256,1,1,1,0.001,12.06,0.0001,22.008,0.0013,11.041
8,160,4,2048,51200,256,1,1,1,0.001,12.707,0.0001,24.499,0.0013,11.928
8,168,4,2048,51200,256,1,1,1,0.001,13.496,0.0001,26.576,0.0013,12.641
8,176,4,2048,51200,256,1,1,1,0.001,14.206,0.0001,29.592,0.0013,13.387
8,184,4,2048,51200,256,1,1,1,0.001,14.956,0.0001,32.344,0.0013,14.244
8,192,4,2048,51200,256,1,1,1,0.001,15.895,0.0001,37.891,0.0013,15.154
8,200,4,2048,51200,256,1,1,1,0.001,16.589,0.0001,38.894,0.0013,15.916
8,208,4,2048,51200,256,1,1,1,0.001,17.258,0.0001,40.528,0.0013,16.942
8,216,4,2048,51200,256,1,1,1,0.001,18.136,0.0001,43.831,0.0013,17.678
8,224,4,2048,51200,256,1,1,1,0.001,18.804,0.0001,44.776,0.0014,18.395
8,232,4,2048,51200,256,1,1,1,0.001,19.673,0.0001,55.081,0.0013,19.609
8,240,4,2048,51200,256,1,1,1,0.001,20.464,0.0001,51.233,0.0013,20.611
8,248,4,2048,51200,256,1,1,1,0.001,21.341,0.0001,54.44,0.0013,21.52
8,256,4,2048,51200,256,1,1,1,0.001,22.493,0.0002,55.234,0.0013,22.541
8,264,4,2048,51200,256,1,1,1,0.001,22.819,0.0002,52.915,0.0013,23.429
8,272,4,2048,51200,256,1,1,1,0.001,23.655,0.0002,55.198,0.0013,24.439
8,280,4,2048,51200,256,1,1,1,0.001,24.581,0.0002,57.965,0.0013,25.514
8,288,4,2048,51200,256,1,1,1,0.001,25.641,0.0002,56.132,0.0013,26.522
8,296,4,2048,51200,256,1,1,1,0.001,26.836,0.0002,59.343,0.0013,27.746
8,304,4,2048,51200,256,1,1,1,0.001,27.307,0.0002,66.323,0.0013,28.758
8,312,4,2048,51200,256,1,1,1,0.001,28.079,0.0002,67.125,0.0013,29.757
8,320,4,2048,51200,256,1,1,1,0.001,28.815,0.0002,68.675,0.0013,31.039
8,328,4,2048,51200,256,1,1,1,0.001,29.74,0.0002,71.711,0.0013,32.242
8,336,4,2048,51200,256,1,1,1,0.001,30.986,0.0002,73.024,0.0014,33.117
8,344,4,2048,51200,256,1,1,1,0.001,31.462,0.0002,74.085,0.0013,34.52
8,352,4,2048,51200,256,1,1,1,0.001,32.335,0.0002,70.463,0.0014,35.279
8,360,4,2048,51200,256,1,1,1,0.001,33.688,0.0002,78.411,0.0014,36.653
8,368,4,2048,51200,256,1,1,1,0.001,34.592,0.0002,82.729,0.0013,38.032
8,376,4,2048,51200,256,1,1,1,0.001,35.457,0.0002,94.235,0.0014,38.85
8,384,4,2048,51200,256,1,1,1,0.001,36.478,0.0003,75.948,0.0014,39.908
8,392,4,2048,51200,256,1,1,1,0.001,36.894,0.0002,81.005,0.0014,40.901
8,400,4,2048,51200,256,1,1,1,0.001,38.085,0.0002,89.256,0.0014,41.511
8,408,4,2048,51200,256,1,1,1,0.001,38.305,0.0002,94.405,0.0014,43.431
8,416,4,2048,51200,256,1,1,1,0.001,38.919,0.0003,85.376,0.0015,42.627
8,424,4,2048,51200,256,1,1,1,0.001,39.775,0.0003,92.858,0.0014,46.037
8,432,4,2048,51200,256,1,1,1,0.001,41.848,0.0003,92.938,0.0014,45.799
8,440,4,2048,51200,256,1,1,1,0.001,41.407,0.0003,98.784,0.0015,45.239
8,448,4,2048,51200,256,1,1,1,0.001,43.686,0.0003,95.702,0.0014,49.508
8,456,4,2048,51200,256,1,1,1,0.001,42.358,0.0003,94.95,0.0016,45.183
8,464,4,2048,51200,256,1,1,1,0.001,44.494,0.0003,98.394,0.0015,50.639
8,472,4,2048,51200,256,1,1,1,0.0011,43.703,0.0003,95.178,0.0016,48.028
8,480,4,2048,51200,256,1,1,1,0.0011,43.918,0.0003,105.091,0.0016,48.447
8,488,4,2048,51200,256,1,1,1,0.0011,44.774,0.0003,92.524,0.0016,50.563
8,496,4,2048,51200,256,1,1,1,0.0011,45.878,0.0003,101.504,0.0016,52.316
8,504,4,2048,51200,256,1,1,1,0.0011,46.673,0.0003,105.817,0.0016,51.397
8,512,4,2048,51200,256,1,1,1,0.0011,48.988,0.0003,108.459,0.0016,54.145
8,520,4,2048,51200,256,1,1,1,0.0011,48.916,0.0004,87.106,0.0017,52.287
8,528,4,2048,51200,256,1,1,1,0.001,51.531,0.0004,104.022,0.0016,56.59
8,536,4,2048,51200,256,1,1,1,0.0011,49.461,0.0004,93.301,0.0018,50.071
8,544,4,2048,51200,256,1,1,1,0.0011,50.923,0.0004,99.766,0.0018,52.348
8,552,4,2048,51200,256,1,1,1,0.0011,50.619,0.0004,98.312,0.0017,56.601
8,560,4,2048,51200,256,1,1,1,0.0011,53.743,0.0004,103.152,0.0017,56.793
8,568,4,2048,51200,256,1,1,1,0.0011,51.744,0.0004,101.749,0.0018,58.02
8,576,4,2048,51200,256,1,1,1,0.0011,56.447,0.0004,104.435,0.0017,62.182
8,584,4,2048,51200,256,1,1,1,0.0012,52.343,0.0004,101.119,0.0019,54.945
8,592,4,2048,51200,256,1,1,1,0.0011,56.236,0.0004,107.609,0.0018,60.852
8,600,4,2048,51200,256,1,1,1,0.0012,52.536,0.0005,103.751,0.0019,57.082
8,608,4,2048,51200,256,1,1,1,0.0012,54.975,0.0004,116.72,0.0019,60.147
8,616,4,2048,51200,256,1,1,1,0.0012,53.841,0.0005,104.911,0.0019,60.48
8,624,4,2048,51200,256,1,1,1,0.0012,56.653,0.0004,113.515,0.0019,62.219
8,632,4,2048,51200,256,1,1,1,0.0012,55.172,0.0004,117.807,0.002,61.933
8,640,4,2048,51200,256,1,1,1,0.0012,57.783,0.0005,113.207,0.0019,64.482
8,648,4,2048,51200,256,1,1,1,0.0013,54.954,0.0005,113.808,0.0022,58.511
8,656,4,2048,51200,256,1,1,1,0.0013,56.121,0.0005,119.502,0.002,63.348
8,664,4,2048,51200,256,1,1,1,0.0013,56.23,0.0005,112.099,0.0022,59.852
8,672,4,2048,51200,256,1,1,1,0.0013,58.894,0.0005,122.253,0.0023,58.624
8,680,4,2048,51200,256,1,1,1,0.0013,56.908,0.0006,107.828,0.0022,63.389
8,688,4,2048,51200,256,1,1,1,0.0014,56.572,0.0005,119.074,0.0021,65.639
8,696,4,2048,51200,256,1,1,1,0.0014,57.387,0.0006,113.951,0.0023,62.676
8,704,4,2048,51200,256,1,1,1,0.0013,61.822,0.0005,122.513,0.0021,68.975
8,712,4,2048,51200,256,1,1,1,0.0014,57.86,0.0006,109.143,0.0024,61.627
8,720,4,2048,51200,256,1,1,1,0.0014,60.081,0.0006,111.434,0.0022,68.058
8,728,4,2048,51200,256,1,1,1,0.0014,58.339,0.0006,113.745,0.0024,64.319
8,736,4,2048,51200,256,1,1,1,0.0015,58.347,0.0006,115.247,0.0023,68.681
8,744,4,2048,51200,256,1,1,1,0.0015,58.9,0.0006,120.264,0.0024,66.849
8,752,4,2048,51200,256,1,1,1,0.0014,61.893,0.0006,124.049,0.0024,68.742
8,760,4,2048,51200,256,1,1,1,0.0015,57.648,0.0006,116.717,0.0025,65.369
8,768,4,2048,51200,256,1,1,1,0.0013,68.255,0.0006,133.939,0.0022,77.405
8,776,4,2048,51200,256,1,1,1,0.0015,59.69,0.0007,118.086,0.0025,67.462
8,784,4,2048,51200,256,1,1,1,0.0014,67.144,0.0007,117.894,0.0023,74.77
8,792,4,2048,51200,256,1,1,1,0.0016,60.329,0.0007,119.238,0.0023,76.198
8,800,4,2048,51200,256,1,1,1,0.0015,62.924,0.0007,115.673,0.0025,72.818
8,808,4,2048,51200,256,1,1,1,0.0015,64.14,0.0007,130.716,0.0026,71.361
8,816,4,2048,51200,256,1,1,1,0.0015,64.299,0.0007,128.588,0.0024,76.819
8,824,4,2048,51200,256,1,1,1,0.0015,65.222,0.0007,124.322,0.0025,74.817
8,832,4,2048,51200,256,1,1,1,0.0014,72.381,0.0007,136.495,0.0023,83.848
8,840,4,2048,51200,256,1,1,1,0.0016,63.254,0.0008,118.388,0.0027,72.135
8,848,4,2048,51200,256,1,1,1,0.0015,70.317,0.0007,138.854,0.0025,79.935
8,856,4,2048,51200,256,1,1,1,0.0017,62.861,0.0008,125.067,0.0028,72.221
8,864,4,2048,51200,256,1,1,1,0.0016,67.936,0.0007,132.265,0.0027,75.687
8,872,4,2048,51200,256,1,1,1,0.0017,63.298,0.0007,134.595,0.0028,73.8
8,880,4,2048,51200,256,1,1,1,0.0017,65.993,0.0008,129.203,0.0026,81.652
8,888,4,2048,51200,256,1,1,1,0.0017,66.201,0.0008,126.625,0.0028,77.151
8,896,4,2048,51200,256,1,1,1,0.0015,75.266,0.0008,128.288,0.0024,89.596
8,904,4,2048,51200,256,1,1,1,0.0017,65.915,0.0008,133.585,0.0029,76.3
8,912,4,2048,51200,256,1,1,1,0.0016,74.034,0.0008,136.096,0.0027,84.694
8,920,4,2048,51200,256,1,1,1,0.0018,66.25,0.0008,131.958,0.003,75.057
8,928,4,2048,51200,256,1,1,1,0.0017,68.65,0.0008,149.959,0.003,76.823
8,936,4,2048,51200,256,1,1,1,0.0018,66.883,0.0008,135.185,0.0029,81.53
8,944,4,2048,51200,256,1,1,1,0.0017,70.118,0.0008,141.765,0.0029,82.878
8,952,4,2048,51200,256,1,1,1,0.0018,67.578,0.0008,147.077,0.003,79.874
8,960,4,2048,51200,256,1,1,1,0.0016,77.959,0.0009,129.188,0.0027,92.341
8,968,4,2048,51200,256,1,1,1,0.0018,68.388,0.001,125.931,0.0035,71.84
8,976,4,2048,51200,256,1,1,1,0.0018,71.602,0.0009,143.118,0.0028,90.478
8,984,4,2048,51200,256,1,1,1,0.002,65.368,0.001,122.919,0.0033,78.0
8,992,4,2048,51200,256,1,1,1,0.0018,72.067,0.0009,147.322,0.0032,81.817
8,1000,4,2048,51200,256,1,1,1,0.0019,69.184,0.0011,118.819,0.0032,81.334
8,1008,4,2048,51200,256,1,1,1,0.0018,72.855,0.001,135.497,0.0031,85.584
8,1016,4,2048,51200,256,1,1,1,0.0019,73.328,0.001,140.039,0.0034,79.188
8,1024,4,2048,51200,256,1,1,1,0.0017,82.822,0.0009,149.899,0.0029,95.723
8,1032,4,2048,51200,256,1,1,1,0.002,69.652,0.0011,131.644,0.0037,75.501
8,1040,4,2048,51200,256,1,1,1,0.002,71.927,0.0009,155.433,0.0032,87.722
8,1048,4,2048,51200,256,1,1,1,0.0021,68.497,0.0013,113.43,0.0035,80.989
8,1056,4,2048,51200,256,1,1,1,0.0019,73.965,0.001,150.188,0.0035,81.864
8,1064,4,2048,51200,256,1,1,1,0.0022,66.842,0.001,147.795,0.0034,85.264
8,1072,4,2048,51200,256,1,1,1,0.002,75.447,0.0012,126.026,0.0035,85.167
8,1080,4,2048,51200,256,1,1,1,0.0021,70.941,0.0011,142.285,0.004,75.813
8,1088,4,2048,51200,256,1,1,1,0.0019,77.347,0.001,148.185,0.0031,97.07
8,1096,4,2048,51200,256,1,1,1,0.0022,69.435,0.0014,110.684,0.0039,80.018
8,1104,4,2048,51200,256,1,1,1,0.002,75.71,0.0012,138.607,0.004,78.259
8,1112,4,2048,51200,256,1,1,1,0.0021,73.274,0.0012,138.064,0.0039,81.693
8,1120,4,2048,51200,256,1,1,1,0.0022,72.467,0.0012,133.092,0.0035,93.194
8,1128,4,2048,51200,256,1,1,1,0.0022,70.735,0.0018,93.866,0.0042,77.75
8,1136,4,2048,51200,256,1,1,1,0.002,80.553,0.0012,143.755,0.0037,88.44
8,1144,4,2048,51200,256,1,1,1,0.0024,68.135,0.0015,114.055,0.0039,85.718
8,1152,4,2048,51200,256,1,1,1,0.0019,86.134,0.0015,116.843,0.0042,81.493
8,1160,4,2048,51200,256,1,1,1,0.0022,74.786,0.0013,133.549,0.0045,75.345
8,1168,4,2048,51200,256,1,1,1,0.0022,74.756,0.0013,138.571,0.0037,92.982
8,1176,4,2048,51200,256,1,1,1,0.0023,73.097,0.0017,109.791,0.0046,76.028
8,1184,4,2048,51200,256,1,1,1,0.0022,77.766,0.0012,158.838,0.0043,83.045
8,1192,4,2048,51200,256,1,1,1,0.0025,70.52,0.0016,115.68,0.0042,85.092
8,1200,4,2048,51200,256,1,1,1,0.0022,77.998,0.0015,124.115,0.0045,80.38
8,1208,4,2048,51200,256,1,1,1,0.0024,74.935,0.0014,134.993,0.0049,75.605
8,1216,4,2048,51200,256,1,1,1,0.0022,79.451,0.0013,151.462,0.0036,103.919
8,1224,4,2048,51200,256,1,1,1,0.0024,75.63,0.0017,113.403,0.005,75.735
8,1232,4,2048,51200,256,1,1,1,0.0023,79.196,0.0014,143.356,0.0047,81.836
8,1240,4,2048,51200,256,1,1,1,0.0025,72.325,0.0017,117.582,0.0045,86.332
8,1248,4,2048,51200,256,1,1,1,0.0023,80.097,0.0015,140.002,0.0045,86.831
8,1256,4,2048,51200,256,1,1,1,0.0024,79.802,0.0015,137.855,0.005,79.607
8,1264,4,2048,51200,256,1,1,1,0.0024,79.001,0.0016,133.575,0.0041,98.002
8,1272,4,2048,51200,256,1,1,1,0.0024,81.197,0.0018,118.439,0.005,80.245
8,1280,4,2048,51200,256,1,1,1,0.0022,89.575,0.0013,164.806,0.0043,93.836
8,1288,4,2048,51200,256,1,1,1,0.0026,74.112,0.0016,132.91,0.0045,90.885
8,1296,4,2048,51200,256,1,1,1,0.0027,74.15,0.0018,121.77,0.0052,80.63
8,1304,4,2048,51200,256,1,1,1,0.0025,78.373,0.0018,122.935,0.0056,75.236
8,1312,4,2048,51200,256,1,1,1,0.0024,82.055,0.0016,142.754,0.0042,101.819
8,1320,4,2048,51200,256,1,1,1,0.0026,78.587,0.002,114.953,0.0058,74.647
8,1328,4,2048,51200,256,1,1,1,0.0024,85.625,0.0015,151.63,0.0052,84.471
8,1336,4,2048,51200,256,1,1,1,0.0026,78.491,0.002,118.262,0.0047,93.859
8,1344,4,2048,51200,256,1,1,1,0.0023,92.312,0.0018,129.78,0.0051,86.943
8,1352,4,2048,51200,256,1,1,1,0.0026,81.103,0.0018,132.164,0.0058,77.025
8,1360,4,2048,51200,256,1,1,1,0.0027,78.8,0.0019,130.154,0.0043,105.861
8,1368,4,2048,51200,256,1,1,1,0.0027,78.014,0.0021,118.384,0.0058,79.091
8,1376,4,2048,51200,256,1,1,1,0.0026,82.159,0.0016,160.051,0.0052,89.709
8,1384,4,2048,51200,256,1,1,1,0.003,73.493,0.0021,119.887,0.005,94.826
8,1392,4,2048,51200,256,1,1,1,0.0028,79.74,0.0019,133.58,0.0056,84.837
8,1400,4,2048,51200,256,1,1,1,0.0026,84.315,0.0021,124.487,0.006,80.089
8,1408,4,2048,51200,256,1,1,1,0.0024,91.966,0.0017,150.401,0.0043,112.217
8,1416,4,2048,51200,256,1,1,1,0.0027,84.378,0.0026,99.981,0.0063,77.361
8,1424,4,2048,51200,256,1,1,1,0.0025,91.259,0.0018,149.472,0.0048,103.19
8,1432,4,2048,51200,256,1,1,1,0.003,76.174,0.0023,118.681,0.0051,97.92
8,1440,4,2048,51200,256,1,1,1,0.0028,84.476,0.0025,106.987,0.0058,87.092
8,1448,4,2048,51200,256,1,1,1,0.0027,86.373,0.002,140.8,0.0054,94.811
8,1456,4,2048,51200,256,1,1,1,0.0027,86.258,0.0021,130.861,0.0048,106.822
8,1464,4,2048,51200,256,1,1,1,0.0028,85.655,0.0027,103.115,0.0065,79.406
8,1472,4,2048,51200,256,1,1,1,0.0026,93.282,0.0019,147.858,0.0051,102.114
8,1480,4,2048,51200,256,1,1,1,0.003,81.35,0.0023,122.869,0.0054,98.361
8,1488,4,2048,51200,256,1,1,1,0.0028,86.795,0.0028,105.079,0.0063,84.585
8,1496,4,2048,51200,256,1,1,1,0.0029,86.338,0.0023,127.78,0.0056,96.465
8,1504,4,2048,51200,256,1,1,1,0.0029,85.778,0.0019,156.0,0.0048,113.191
8,1512,4,2048,51200,256,1,1,1,0.0029,85.358,0.0024,124.34,0.0066,84.094
8,1520,4,2048,51200,256,1,1,1,0.003,85.875,0.0017,176.647,0.0053,104.883
8,1528,4,2048,51200,256,1,1,1,0.003,84.922,0.0024,129.295,0.0067,83.579
8,1536,4,2048,51200,256,1,1,1,0.0028,93.613,0.0019,164.007,0.0058,97.515
8,1544,4,2048,51200,256,1,1,1,0.0032,80.26,0.0026,122.279,0.0063,90.82
8,1552,4,2048,51200,256,1,1,1,0.0028,92.843,0.0023,135.119,0.0065,88.639
8,1560,4,2048,51200,256,1,1,1,0.003,89.528,0.0026,123.287,0.0058,99.697
8,1568,4,2048,51200,256,1,1,1,0.0029,92.236,0.0022,143.782,0.0053,110.893
8,1576,4,2048,51200,256,1,1,1,0.0031,86.365,0.0026,123.507,0.0074,80.732
8,1584,4,2048,51200,256,1,1,1,0.0028,96.86,0.0025,132.024,0.0067,89.496
8,1592,4,2048,51200,256,1,1,1,0.0035,76.925,0.0027,125.282,0.0057,105.639
8,1600,4,2048,51200,256,1,1,1,0.0029,94.575,0.0026,129.931,0.0059,104.0
8,1608,4,2048,51200,256,1,1,1,0.0039,71.004,0.0021,158.969,0.0063,97.275
8,1616,4,2048,51200,256,1,1,1,0.003,94.462,0.0025,137.775,0.0069,90.034
8,1624,4,2048,51200,256,1,1,1,0.0032,87.01,0.0027,126.366,0.0076,82.532
8,1632,4,2048,51200,256,1,1,1,0.0031,90.6,0.0023,152.969,0.0056,112.523
8,1640,4,2048,51200,256,1,1,1,0.0033,85.851,0.0028,127.47,0.0077,83.279
8,1648,4,2048,51200,256,1,1,1,0.0031,93.229,0.0025,140.681,0.0071,91.061
8,1656,4,2048,51200,256,1,1,1,0.0039,73.637,0.0027,130.829,0.0061,107.474
8,1664,4,2048,51200,256,1,1,1,0.0029,99.669,0.0025,147.939,0.0065,101.651
8,1672,4,2048,51200,256,1,1,1,0.0032,91.831,0.0024,150.154,0.0071,93.03
8,1680,4,2048,51200,256,1,1,1,0.0035,85.334,0.0028,134.304,0.0059,112.252
8,1688,4,2048,51200,256,1,1,1,0.0033,90.131,0.0034,109.046,0.0079,85.098
8,1696,4,2048,51200,256,1,1,1,0.0032,95.076,0.0021,180.081,0.0065,103.817
8,1704,4,2048,51200,256,1,1,1,0.0035,87.513,0.003,128.732,0.0065,105.031
8,1712,4,2048,51200,256,1,1,1,0.0032,94.509,0.0026,146.951,0.0076,90.911
8,1720,4,2048,51200,256,1,1,1,0.0038,80.825,0.0026,150.909,0.0074,93.776
8,1728,4,2048,51200,256,1,1,1,0.003,102.997,0.0027,143.421,0.007,100.938
8,1736,4,2048,51200,256,1,1,1,0.0034,93.348,0.0032,124.94,0.0074,96.193
8,1744,4,2048,51200,256,1,1,1,0.0036,87.761,0.0028,140.441,0.0064,111.381
8,1752,4,2048,51200,256,1,1,1,0.0036,87.841,0.0032,127.548,0.0084,85.603
8,1760,4,2048,51200,256,1,1,1,0.0033,98.463,0.0027,150.2,0.0075,97.012
8,1768,4,2048,51200,256,1,1,1,0.0043,75.952,0.0033,125.131,0.0067,109.128
8,1776,4,2048,51200,256,1,1,1,0.0034,95.753,0.0028,145.847,0.0077,95.481
8,1784,4,2048,51200,256,1,1,1,0.0035,94.3,0.0033,127.997,0.0078,95.431
8,1792,4,2048,51200,256,1,1,1,0.003,108.439,0.003,140.157,0.0058,128.847
8,1800,4,2048,51200,256,1,1,1,0.0038,87.213,0.0034,123.569,0.009,84.253
8,1808,4,2048,51200,256,1,1,1,0.0033,102.595,0.0032,132.436,0.0074,103.279
8,1816,4,2048,51200,256,1,1,1,0.0044,76.652,0.0035,125.126,0.0071,109.131
8,1824,4,2048,51200,256,1,1,1,0.0035,96.207,0.0028,153.185,0.0077,100.703
8,1832,4,2048,51200,256,1,1,1,0.0036,96.114,0.0035,125.395,0.0083,94.599
8,1840,4,2048,51200,256,1,1,1,0.0042,82.26,0.0032,139.669,0.0067,118.133
8,1848,4,2048,51200,256,1,1,1,0.0038,91.072,0.0035,128.359,0.0092,86.306
8,1856,4,2048,51200,256,1,1,1,0.0032,108.764,0.0029,154.44,0.0067,119.363
8,1864,4,2048,51200,256,1,1,1,0.0044,79.893,0.0035,131.215,0.0071,113.217
8,1872,4,2048,51200,256,1,1,1,0.0039,90.806,0.0032,142.002,0.0086,94.214
8,1880,4,2048,51200,256,1,1,1,0.0037,95.905,0.0036,128.987,0.0085,96.761
8,1888,4,2048,51200,256,1,1,1,0.0038,93.631,0.0031,151.338,0.0068,121.46
8,1896,4,2048,51200,256,1,1,1,0.004,91.044,0.0035,134.423,0.0095,87.782
8,1904,4,2048,51200,256,1,1,1,0.0035,104.226,0.0035,135.892,0.0084,99.646
8,1912,4,2048,51200,256,1,1,1,0.0047,78.454,0.0037,130.997,0.0074,113.931
8,1920,4,2048,51200,256,1,1,1,0.0037,101.185,0.0039,124.929,0.0088,96.769
8,1928,4,2048,51200,256,1,1,1,0.0038,98.443,0.0036,134.805,0.0088,98.135
8,1936,4,2048,51200,256,1,1,1,0.0046,81.325,0.0038,128.363,0.0071,121.278
8,1944,4,2048,51200,256,1,1,1,0.004,93.556,0.0038,129.896,0.01,87.678
8,1952,4,2048,51200,256,1,1,1,0.0037,101.563,0.0033,153.175,0.0078,112.142
8,1960,4,2048,51200,256,1,1,1,0.0049,77.61,0.0039,127.594,0.0076,116.327
8,1968,4,2048,51200,256,1,1,1,0.004,96.281,0.0035,145.657,0.0092,96.651
8,1976,4,2048,51200,256,1,1,1,0.0039,99.752,0.004,129.209,0.0098,91.992
8,1984,4,2048,51200,256,1,1,1,0.0038,103.453,0.0033,155.506,0.007,129.677
8,1992,4,2048,51200,256,1,1,1,0.0049,79.638,0.0046,112.343,0.0103,88.536
8,2000,4,2048,51200,256,1,1,1,0.004,98.437,0.0035,149.831,0.0085,108.613
8,2008,4,2048,51200,256,1,1,1,0.0048,83.077,0.004,132.96,0.0079,117.45
8,2016,4,2048,51200,256,1,1,1,0.0042,96.422,0.0044,121.081,0.0092,101.09
8,2024,4,2048,51200,256,1,1,1,0.0049,82.12,0.0034,158.571,0.0095,98.869
8,2032,4,2048,51200,256,1,1,1,0.0043,94.25,0.0037,147.678,0.0076,124.995
8,2040,4,2048,51200,256,1,1,1,0.0051,80.519,0.0048,114.109,0.0105,90.878
8,2048,4,2048,51200,256,1,1,1,0.0038,108.878,0.0028,197.714,0.0084,114.974
8,2056,4,2048,51200,256,1,1,1,0.0052,80.175,0.0042,130.805,0.0084,115.054
8,2064,4,2048,51200,256,1,1,1,0.005,84.356,0.0049,114.919,0.0106,91.945
8,2072,4,2048,51200,256,1,1,1,0.0049,85.485,0.0041,138.868,0.0101,97.431
8,2080,4,2048,51200,256,1,1,1,0.0042,100.458,0.0039,144.451,0.0083,119.902
8,2088,4,2048,51200,256,1,1,1,0.0048,89.476,0.0042,135.215,0.0117,85.48
8,2096,4,2048,51200,256,1,1,1,0.0041,105.583,0.0041,141.253,0.0101,99.854
8,2104,4,2048,51200,256,1,1,1,0.0056,77.714,0.0044,132.83,0.0094,107.283
8,2112,4,2048,51200,256,1,1,1,0.004,109.188,0.0037,157.215,0.0096,106.629
8,2120,4,2048,51200,256,1,1,1,0.0044,99.753,0.0044,134.003,0.0113,91.113
8,2128,4,2048,51200,256,1,1,1,0.0053,83.186,0.004,146.931,0.0085,122.103
8,2136,4,2048,51200,256,1,1,1,0.0049,90.515,0.0054,111.735,0.0119,87.496
8,2144,4,2048,51200,256,1,1,1,0.0042,104.862,0.0039,156.163,0.0096,109.437
8,2152,4,2048,51200,256,1,1,1,0.0056,79.755,0.0046,133.156,0.009,117.816
8,2160,4,2048,51200,256,1,1,1,0.0046,98.128,0.005,121.927,0.0112,94.832
8,2168,4,2048,51200,256,1,1,1,0.0045,100.888,0.0047,132.276,0.0106,100.966
8,2176,4,2048,51200,256,1,1,1,0.0042,108.619,0.005,124.335,0.0092,117.503
8,2184,4,2048,51200,256,1,1,1,0.0049,93.823,0.0046,135.523,0.0125,87.078
8,2192,4,2048,51200,256,1,1,1,0.0043,107.577,0.0051,123.712,0.0105,103.913
8,2200,4,2048,51200,256,1,1,1,0.0051,90.38,0.0048,131.481,0.0118,92.897
8,2208,4,2048,51200,256,1,1,1,0.0051,91.126,0.004,159.294,0.0108,102.749
8,2216,4,2048,51200,256,1,1,1,0.0046,102.489,0.0049,132.203,0.011,100.836
8,2224,4,2048,51200,256,1,1,1,0.0054,87.301,0.0044,146.811,0.0108,103.803
8,2232,4,2048,51200,256,1,1,1,0.0052,91.427,0.0047,137.857,0.0128,88.103
8,2240,4,2048,51200,256,1,1,1,0.0042,113.173,0.0046,144.326,0.0103,110.079
8,2248,4,2048,51200,256,1,1,1,0.006,80.298,0.0049,134.775,0.0102,112.264
8,2256,4,2048,51200,256,1,1,1,0.0048,100.822,0.0044,152.363,0.012,96.272
8,2264,4,2048,51200,256,1,1,1,0.0048,101.352,0.005,135.046,0.0116,99.571
8,2272,4,2048,51200,256,1,1,1,0.0048,102.022,0.0042,159.462,0.0107,109.436
8,2280,4,2048,51200,256,1,1,1,0.0064,77.38,0.0049,138.943,0.0132,88.936
8,2288,4,2048,51200,256,1,1,1,0.0045,109.564,0.0048,142.849,0.0112,105.921
8,2296,4,2048,51200,256,1,1,1,0.0057,87.619,0.0052,132.887,0.0127,93.913
8,2304,4,2048,51200,256,1,1,1,0.0054,92.632,0.005,139.282,0.012,99.565
8,2312,4,2048,51200,256,1,1,1,0.0049,103.9,0.0055,127.49,0.0123,98.424
8,2320,4,2048,51200,256,1,1,1,0.0054,93.933,0.0049,142.889,0.0119,102.099
8,2328,4,2048,51200,256,1,1,1,0.0054,94.161,0.0052,137.85,0.0137,89.48
8,2336,4,2048,51200,256,1,1,1,0.0046,111.365,0.0046,153.928,0.0118,104.113
8,2344,4,2048,51200,256,1,1,1,0.0062,83.326,0.0054,132.364,0.0105,117.799
8,2352,4,2048,51200,256,1,1,1,0.005,103.669,0.0048,150.144,0.0126,98.938
8,2360,4,2048,51200,256,1,1,1,0.0049,107.274,0.0056,129.671,0.0124,100.784
8,2368,4,2048,51200,256,1,1,1,0.0045,116.496,0.0047,154.761,0.0095,132.23
8,2376,4,2048,51200,256,1,1,1,0.0055,96.715,0.0054,136.825,0.0141,90.278
8,2384,4,2048,51200,256,1,1,1,0.0046,114.637,0.0053,141.353,0.0122,104.639
8,2392,4,2048,51200,256,1,1,1,0.0061,88.304,0.0057,132.457,0.0124,103.901
8,2400,4,2048,51200,256,1,1,1,0.006,89.837,0.0048,156.206,0.0124,104.622
8,2408,4,2048,51200,256,1,1,1,0.0051,106.232,0.0056,134.91,0.0134,97.047
8,2416,4,2048,51200,256,1,1,1,0.0057,94.806,0.0052,147.858,0.0102,127.834
8,2424,4,2048,51200,256,1,1,1,0.0057,96.599,0.0055,139.808,0.0143,92.078
8,2432,4,2048,51200,256,1,1,1,0.0046,119.021,0.005,155.581,0.0119,111.165
8,2440,4,2048,51200,256,1,1,1,0.0063,88.113,0.0057,136.656,0.0106,125.503
8,2448,4,2048,51200,256,1,1,1,0.0054,102.347,0.0052,151.883,0.0135,99.335
8,2456,4,2048,51200,256,1,1,1,0.0052,108.315,0.006,130.7,0.0132,102.064
8,2464,4,2048,51200,256,1,1,1,0.0057,99.548,0.0051,155.844,0.0106,128.406
8,2472,4,2048,51200,256,1,1,1,0.0058,97.511,0.0057,139.325,0.0147,92.933
8,2480,4,2048,51200,256,1,1,1,0.005,114.902,0.0055,145.304,0.0136,101.477
8,2488,4,2048,51200,256,1,1,1,0.0065,88.038,0.006,135.206,0.0109,126.947
8,2496,4,2048,51200,256,1,1,1,0.005,114.956,0.0064,127.521,0.0124,112.375
8,2504,4,2048,51200,256,1,1,1,0.0064,90.355,0.0053,155.131,0.0133,105.554
8,2512,4,2048,51200,256,1,1,1,0.0059,98.864,0.0055,149.263,0.011,127.754
8,2520,4,2048,51200,256,1,1,1,0.006,97.494,0.0074,111.951,0.0153,92.875
8,2528,4,2048,51200,256,1,1,1,0.0053,111.856,0.0051,164.132,0.0128,111.629
8,2536,4,2048,51200,256,1,1,1,0.0063,93.785,0.0061,137.274,0.0112,127.798
8,2544,4,2048,51200,256,1,1,1,0.0057,104.703,0.0069,123.189,0.0138,104.571
8,2552,4,2048,51200,256,1,1,1,0.0066,90.753,0.0051,165.8,0.0148,98.003
8,2560,4,2048,51200,256,1,1,1,0.0052,115.451,0.0056,153.403,0.0107,136.751
8,2568,4,2048,51200,256,1,1,1,0.0071,85.563,0.0076,113.11,0.0158,93.157
8,2576,4,2048,51200,256,1,1,1,0.0063,96.731,0.0047,183.662,0.0138,106.739
8,2584,4,2048,51200,256,1,1,1,0.0067,90.694,0.0068,128.479,0.0118,125.834
8,2592,4,2048,51200,256,1,1,1,0.0056,109.199,0.0073,121.385,0.0139,107.771
8,2600,4,2048,51200,256,1,1,1,0.0066,93.474,0.0054,162.623,0.015,99.929
8,2608,4,2048,51200,256,1,1,1,0.006,103.182,0.0059,150.168,0.0113,134.01
8,2616,4,2048,51200,256,1,1,1,0.0063,98.474,0.0064,140.922,0.0161,94.683
8,2624,4,2048,51200,256,1,1,1,0.005,124.661,0.0058,156.864,0.0131,116.428
8,2632,4,2048,51200,256,1,1,1,0.0062,101.585,0.0067,135.205,0.0119,128.977
8,2640,4,2048,51200,256,1,1,1,0.0062,102.785,0.0075,122.294,0.0148,104.33
8,2648,4,2048,51200,256,1,1,1,0.0057,111.431,0.0069,133.518,0.0163,95.702
8,2656,4,2048,51200,256,1,1,1,0.0065,98.242,0.0057,160.912,0.0112,140.314
8,2664,4,2048,51200,256,1,1,1,0.0066,97.258,0.008,116.498,0.0164,95.948
8,2672,4,2048,51200,256,1,1,1,0.0068,95.377,0.0056,165.729,0.015,105.24
8,2680,4,2048,51200,256,1,1,1,0.0071,92.276,0.007,135.425,0.0127,125.248
8,2688,4,2048,51200,256,1,1,1,0.0057,114.473,0.008,118.912,0.0146,110.009
8,2696,4,2048,51200,256,1,1,1,0.0069,94.979,0.0061,156.297,0.0159,101.346
8,2704,4,2048,51200,256,1,1,1,0.0066,100.61,0.0064,149.884,0.0121,133.363
8,2712,4,2048,51200,256,1,1,1,0.0065,101.378,0.0068,141.82,0.0169,96.1
8,2720,4,2048,51200,256,1,1,1,0.0055,120.629,0.0061,158.572,0.014,116.957
8,2728,4,2048,51200,256,1,1,1,0.007,96.319,0.007,139.051,0.0134,122.909
8,2736,4,2048,51200,256,1,1,1,0.0065,104.184,0.008,121.98,0.0157,105.322
8,2744,4,2048,51200,256,1,1,1,0.0068,99.159,0.0074,134.202,0.0157,105.732
8,2752,4,2048,51200,256,1,1,1,0.006,114.21,0.0062,161.192,0.0118,142.135
8,2760,4,2048,51200,256,1,1,1,0.007,98.093,0.0086,115.631,0.0175,96.095
8,2768,4,2048,51200,256,1,1,1,0.0057,120.007,0.0069,146.225,0.0155,108.999
8,2776,4,2048,51200,256,1,1,1,0.0075,92.752,0.0073,138.003,0.0135,126.106
8,2784,4,2048,51200,256,1,1,1,0.0062,111.516,0.0078,130.256,0.0153,112.165
8,2792,4,2048,51200,256,1,1,1,0.0075,93.648,0.007,146.511,0.0161,107.132
8,2800,4,2048,51200,256,1,1,1,0.0065,107.938,0.0067,152.857,0.0126,137.435
8,2808,4,2048,51200,256,1,1,1,0.0072,97.989,0.0073,141.207,0.0179,96.97
8,2816,4,2048,51200,256,1,1,1,0.0055,128.287,0.0065,161.057,0.0153,114.533
8,2824,4,2048,51200,256,1,1,1,0.0074,96.797,0.0077,135.167,0.014,125.616
8,2832,4,2048,51200,256,1,1,1,0.0067,106.374,0.0085,123.518,0.0168,104.882
8,2840,4,2048,51200,256,1,1,1,0.0062,115.892,0.0078,135.431,0.0183,96.88
8,2848,4,2048,51200,256,1,1,1,0.0069,104.204,0.0066,160.889,0.0126,142.101
8,2856,4,2048,51200,256,1,1,1,0.0082,88.028,0.0094,114.315,0.0184,97.465
8,2864,4,2048,51200,256,1,1,1,0.0068,107.832,0.0058,186.696,0.0165,109.531
8,2872,4,2048,51200,256,1,1,1,0.0079,93.128,0.0077,139.644,0.0136,133.697
8,2880,4,2048,51200,256,1,1,1,0.0067,109.409,0.0079,136.82,0.0162,112.303
8,2888,4,2048,51200,256,1,1,1,0.0078,95.07,0.0079,138.282,0.0176,104.255
8,2896,4,2048,51200,256,1,1,1,0.007,106.465,0.0074,148.839,0.0134,137.147
8,2904,4,2048,51200,256,1,1,1,0.0087,85.921,0.0098,112.362,0.0195,95.007
8,2912,4,2048,51200,256,1,1,1,0.0069,108.199,0.0057,195.385,0.0162,115.081
8,2920,4,2048,51200,256,1,1,1,0.008,94.349,0.0083,135.136,0.0142,132.261
8,2928,4,2048,51200,256,1,1,1,0.0077,97.951,0.0091,123.376,0.0178,105.478
8,2936,4,2048,51200,256,1,1,1,0.008,95.811,0.0064,176.095,0.0186,101.976
8,2944,4,2048,51200,256,1,1,1,0.0067,113.612,0.007,163.157,0.0125,152.247
8,2952,4,2048,51200,256,1,1,1,0.0088,87.751,0.0099,115.944,0.0195,98.014
8,2960,4,2048,51200,256,1,1,1,0.0071,108.389,0.006,190.352,0.0176,109.464
8,2968,4,2048,51200,256,1,1,1,0.0082,95.078,0.0083,138.581,0.0153,126.214
8,2976,4,2048,51200,256,1,1,1,0.0073,107.26,0.0086,134.512,0.0165,117.827
8,2984,4,2048,51200,256,1,1,1,0.0077,101.453,0.0067,175.179,0.0194,100.436
8,2992,4,2048,51200,256,1,1,1,0.0073,107.588,0.0076,154.038,0.0149,131.814
8,3000,4,2048,51200,256,1,1,1,0.009,88.225,0.0085,139.193,0.0198,99.448
8,3008,4,2048,51200,256,1,1,1,0.0068,117.183,0.007,170.62,0.0164,120.804
8,3016,4,2048,51200,256,1,1,1,0.0097,82.56,0.0087,137.741,0.0163,122.325
8,3024,4,2048,51200,256,1,1,1,0.0081,98.781,0.0082,146.735,0.0188,106.613
8,3032,4,2048,51200,256,1,1,1,0.0081,99.846,0.0086,140.421,0.0192,104.973
8,3040,4,2048,51200,256,1,1,1,0.0077,105.273,0.0074,163.883,0.0137,147.193
8,3048,4,2048,51200,256,1,1,1,0.0091,89.3,0.0086,141.17,0.0198,102.72
8,3056,4,2048,51200,256,1,1,1,0.0079,103.915,0.0077,158.401,0.0185,110.072
8,3064,4,2048,51200,256,1,1,1,0.0098,84.001,0.0088,140.558,0.0167,122.825
8,3072,4,2048,51200,256,1,1,1,0.0067,122.457,0.0075,163.845,0.0168,122.484
8,3080,4,2048,51200,256,1,1,1,0.0087,95.041,0.0086,143.948,0.0166,124.52
8,3088,4,2048,51200,256,1,1,1,0.0093,89.808,0.0083,151.194,0.0191,108.909
8,3096,4,2048,51200,256,1,1,1,0.0071,117.675,0.0093,135.228,0.0209,100.235
8,3104,4,2048,51200,256,1,1,1,0.0077,108.987,0.0076,166.032,0.0146,144.074
8,3112,4,2048,51200,256,1,1,1,0.0082,102.262,0.0112,113.244,0.0216,97.971
8,3120,4,2048,51200,256,1,1,1,0.0069,122.025,0.0088,145.633,0.0194,109.17
8,3128,4,2048,51200,256,1,1,1,0.0082,104.005,0.0089,144.247,0.017,125.581
8,3136,4,2048,51200,256,1,1,1,0.0073,116.976,0.0106,121.618,0.0186,115.141
8,3144,4,2048,51200,256,1,1,1,0.0073,117.832,0.0094,138.482,0.0219,98.415
8,3152,4,2048,51200,256,1,1,1,0.008,107.492,0.0084,155.144,0.016,135.37
8,3160,4,2048,51200,256,1,1,1,0.0083,103.819,0.0095,137.192,0.0223,97.691
8,3168,4,2048,51200,256,1,1,1,0.0067,130.03,0.0088,148.875,0.0199,109.829
8,3176,4,2048,51200,256,1,1,1,0.0086,101.729,0.0094,141.234,0.0167,131.477
8,3184,4,2048,51200,256,1,1,1,0.008,109.357,0.0093,142.553,0.0204,107.982
8,3192,4,2048,51200,256,1,1,1,0.0074,119.02,0.0095,139.928,0.0215,103.366
8,3200,4,2048,51200,256,1,1,1,0.0075,117.602,0.0081,165.337,0.016,139.637
8,3208,4,2048,51200,256,1,1,1,0.0087,101.769,0.0119,113.819,0.0228,98.07
8,3216,4,2048,51200,256,1,1,1,0.0081,109.956,0.0092,147.244,0.0201,111.882
8,3224,4,2048,51200,256,1,1,1,0.0088,102.494,0.0096,141.311,0.0175,129.073
8,3232,4,2048,51200,256,1,1,1,0.0084,107.916,0.0096,142.474,0.0184,123.554
8,3240,4,2048,51200,256,1,1,1,0.0098,92.112,0.0097,142.343,0.0221,103.276
8,3248,4,2048,51200,256,1,1,1,0.0099,91.669,0.0088,156.423,0.0207,110.698
8,3256,4,2048,51200,256,1,1,1,0.0076,120.153,0.01,139.63,0.0226,102.059
8,3264,4,2048,51200,256,1,1,1,0.0078,116.915,0.0089,156.85,0.0162,143.193
8,3272,4,2048,51200,256,1,1,1,0.0093,98.927,0.0121,116.355,0.0229,101.702
8,3280,4,2048,51200,256,1,1,1,0.0088,105.342,0.0094,150.406,0.021,111.333
8,3288,4,2048,51200,256,1,1,1,0.0089,104.046,0.0102,139.293,0.0184,127.18
8,3296,4,2048,51200,256,1,1,1,0.0082,113.605,0.0106,134.385,0.0196,120.304
8,3304,4,2048,51200,256,1,1,1,0.0089,104.882,0.0086,165.989,0.022,107.563
8,3312,4,2048,51200,256,1,1,1,0.0084,112.476,0.0093,153.856,0.0172,138.248
8,3320,4,2048,51200,256,1,1,1,0.0091,103.318,0.0122,118.757,0.0233,102.787
8,3328,4,2048,51200,256,1,1,1,0.0079,119.649,0.0073,200.232,0.0192,124.824
8,3336,4,2048,51200,256,1,1,1,0.0098,96.937,0.0106,137.528,0.0189,127.544
8,3344,4,2048,51200,256,1,1,1,0.0094,101.824,0.0118,123.838,0.0215,112.854
8,3352,4,2048,51200,256,1,1,1,0.009,106.604,0.0089,166.356,0.022,110.523
8,3360,4,2048,51200,256,1,1,1,0.0086,112.396,0.01,148.342,0.0179,136.338
8,3368,4,2048,51200,256,1,1,1,0.0108,89.559,0.0129,115.143,0.024,102.415
8,3376,4,2048,51200,256,1,1,1,0.0089,109.182,0.008,187.377,0.0212,116.194
8,3384,4,2048,51200,256,1,1,1,0.01,98.173,0.0114,131.358,0.0228,108.909
8,3392,4,2048,51200,256,1,1,1,0.0074,133.417,0.0104,145.491,0.0197,126.381
8,3400,4,2048,51200,256,1,1,1,0.0101,97.858,0.0116,130.907,0.0229,109.158
8,3408,4,2048,51200,256,1,1,1,0.0093,106.896,0.0109,139.277,0.0216,116.452
8,3416,4,2048,51200,256,1,1,1,0.0103,96.355,0.0118,130.048,0.0233,108.098
8,3424,4,2048,51200,256,1,1,1,0.0089,112.29,0.0099,155.941,0.0211,119.86
8,3432,4,2048,51200,256,1,1,1,0.0095,104.994,0.0111,139.705,0.0198,128.615
8,3440,4,2048,51200,256,1,1,1,0.0092,108.976,0.0126,123.06,0.0229,111.6
8,3448,4,2048,51200,256,1,1,1,0.0097,104.601,0.0099,156.686,0.0243,105.853
8,3456,4,2048,51200,256,1,1,1,0.0086,118.05,0.0102,152.813,0.0183,141.298
8,3464,4,2048,51200,256,1,1,1,0.0101,100.663,0.0112,140.516,0.0252,103.014
8,3472,4,2048,51200,256,1,1,1,0.008,127.389,0.011,143.795,0.0255,102.145
8,3480,4,2048,51200,256,1,1,1,0.0102,100.604,0.0114,139.214,0.0207,126.136
8,3488,4,2048,51200,256,1,1,1,0.009,114.058,0.0118,135.575,0.021,124.894
8,3496,4,2048,51200,256,1,1,1,0.0095,109.244,0.0093,173.075,0.0253,104.057
8,3504,4,2048,51200,256,1,1,1,0.0095,109.383,0.0104,154.832,0.0199,133.397
8,3512,4,2048,51200,256,1,1,1,0.0103,101.165,0.0137,117.95,0.0259,102.578
8,3520,4,2048,51200,256,1,1,1,0.0085,123.995,0.0093,174.076,0.0213,125.485
8,3528,4,2048,51200,256,1,1,1,0.0099,106.476,0.0117,139.764,0.0212,126.815
8,3536,4,2048,51200,256,1,1,1,0.0095,111.44,0.013,126.399,0.0235,114.873
8,3544,4,2048,51200,256,1,1,1,0.0103,102.562,0.0104,158.193,0.0255,106.326
8,3552,4,2048,51200,256,1,1,1,0.0093,114.526,0.0099,167.224,0.0181,150.476
8,3560,4,2048,51200,256,1,1,1,0.0104,102.743,0.0139,119.271,0.0264,103.341
8,3568,4,2048,51200,256,1,1,1,0.01,107.815,0.0116,144.279,0.0232,118.261
8,3576,4,2048,51200,256,1,1,1,0.0102,105.271,0.0123,136.234,0.022,124.941
8,3584,4,2048,51200,256,1,1,1,0.0102,105.959,0.0109,154.62,0.023,120.2
8,3592,4,2048,51200,256,1,1,1,0.0088,123.466,0.0128,132.034,0.0286,97.019
8,3600,4,2048,51200,256,1,1,1,0.0094,116.57,0.012,141.944,0.0242,115.122
8,3608,4,2048,51200,256,1,1,1,0.0125,87.432,0.0122,140.374,0.0275,101.734
8,3616,4,2048,51200,256,1,1,1,0.0082,134.276,0.011,155.878,0.0238,118.107
8,3624,4,2048,51200,256,1,1,1,0.0108,102.217,0.0125,137.928,0.0261,108.394
8,3632,4,2048,51200,256,1,1,1,0.0116,95.239,0.0111,155.076,0.0247,114.948
8,3640,4,2048,51200,256,1,1,1,0.0089,125.601,0.0129,134.347,0.0282,100.989
8,3648,4,2048,51200,256,1,1,1,0.0091,122.953,0.0108,161.255,0.0193,148.379
8,3656,4,2048,51200,256,1,1,1,0.0107,104.901,0.0122,143.705,0.0277,103.788
8,3664,4,2048,51200,256,1,1,1,0.0088,127.729,0.0121,144.886,0.0258,111.769
8,3672,4,2048,51200,256,1,1,1,0.0107,105.736,0.0129,136.873,0.0271,106.776
8,3680,4,2048,51200,256,1,1,1,0.0112,101.585,0.0105,169.174,0.0236,123.498
8,3688,4,2048,51200,256,1,1,1,0.0093,122.552,0.0132,134.812,0.0294,99.433
8,3696,4,2048,51200,256,1,1,1,0.0106,108.215,0.0118,152.104,0.023,127.432
8,3704,4,2048,51200,256,1,1,1,0.0132,87.182,0.0124,144.803,0.0284,103.882
8,3712,4,2048,51200,256,1,1,1,0.0082,140.862,0.0111,162.035,0.0249,118.581
8,3720,4,2048,51200,256,1,1,1,0.011,105.177,0.013,139.081,0.0234,127.112
8,3728,4,2048,51200,256,1,1,1,0.0119,97.433,0.0118,154.043,0.0261,114.328
8,3736,4,2048,51200,256,1,1,1,0.0092,126.917,0.0135,135.441,0.0293,102.202
8,3744,4,2048,51200,256,1,1,1,0.0097,120.607,0.0112,164.328,0.0209,143.615
8,3752,4,2048,51200,256,1,1,1,0.0111,105.618,0.0131,141.286,0.0289,104.423
8,3760,4,2048,51200,256,1,1,1,0.0091,129.462,0.0126,147.314,0.027,112.128
8,3768,4,2048,51200,256,1,1,1,0.0111,106.641,0.0138,135.276,0.0279,109.091
8,3776,4,2048,51200,256,1,1,1,0.0107,111.219,0.0111,168.145,0.0236,129.405
8,3784,4,2048,51200,256,1,1,1,0.0111,107.472,0.0136,137.589,0.0299,102.505
8,3792,4,2048,51200,256,1,1,1,0.0105,114.382,0.0122,154.582,0.0217,142.328
8,3800,4,2048,51200,256,1,1,1,0.0115,104.693,0.0139,135.872,0.0293,105.584
8,3808,4,2048,51200,256,1,1,1,0.0102,117.952,0.0124,153.755,0.0272,114.233
8,3816,4,2048,51200,256,1,1,1,0.0112,107.71,0.0135,141.424,0.0246,126.731
8,3824,4,2048,51200,256,1,1,1,0.011,110.017,0.0145,132.477,0.0264,118.618
8,3832,4,2048,51200,256,1,1,1,0.0111,109.558,0.0131,147.461,0.0298,105.489
8,3840,4,2048,51200,256,1,1,1,0.01,122.777,0.014,138.397,0.023,137.207
8,3848,4,2048,51200,256,1,1,1,0.0139,88.586,0.0148,131.489,0.0311,102.063
8,3856,4,2048,51200,256,1,1,1,0.0095,130.113,0.0135,144.324,0.0286,111.408
8,3864,4,2048,51200,256,1,1,1,0.0112,110.697,0.0148,132.613,0.0297,107.493
8,3872,4,2048,51200,256,1,1,1,0.0124,99.852,0.0131,150.421,0.0283,113.274
8,3880,4,2048,51200,256,1,1,1,0.0113,110.511,0.0153,129.122,0.032,100.673
8,3888,4,2048,51200,256,1,1,1,0.0111,112.819,0.0104,189.695,0.0276,117.296
8,3896,4,2048,51200,256,1,1,1,0.0141,88.964,0.0143,139.12,0.0313,103.686
8,3904,4,2048,51200,256,1,1,1,0.0104,121.801,0.0126,158.516,0.0259,126.014
8,3912,4,2048,51200,256,1,1,1,0.0115,109.677,0.0145,138.133,0.0301,108.792
8,3920,4,2048,51200,256,1,1,1,0.0131,97.201,0.0131,153.741,0.0286,114.878
8,3928,4,2048,51200,256,1,1,1,0.0102,125.37,0.0153,132.001,0.0323,102.055
8,3936,4,2048,51200,256,1,1,1,0.011,116.246,0.0126,161.176,0.026,127.092
8,3944,4,2048,51200,256,1,1,1,0.0142,90.722,0.0145,140.176,0.0319,104.263
8,3952,4,2048,51200,256,1,1,1,0.0097,133.515,0.0143,142.924,0.0302,110.455
8,3960,4,2048,51200,256,1,1,1,0.0116,111.298,0.0153,133.903,0.0308,108.902
8,3968,4,2048,51200,256,1,1,1,0.0117,111.212,0.0123,167.677,0.026,129.341
8,3976,4,2048,51200,256,1,1,1,0.0101,129.205,0.0155,133.901,0.0327,103.123
8,3984,4,2048,51200,256,1,1,1,0.0113,115.476,0.014,148.758,0.0241,140.467
8,3992,4,2048,51200,256,1,1,1,0.0144,91.375,0.0147,142.199,0.0325,104.576
8,4000,4,2048,51200,256,1,1,1,0.0093,141.462,0.0132,159.154,0.0282,121.113
8,4008,4,2048,51200,256,1,1,1,0.012,109.823,0.0154,136.772,0.0313,109.337
8,4016,4,2048,51200,256,1,1,1,0.0136,97.271,0.014,150.741,0.0297,115.702
8,4024,4,2048,51200,256,1,1,1,0.0103,129.392,0.0159,133.404,0.0348,99.185
8,4032,4,2048,51200,256,1,1,1,0.0107,124.676,0.0146,145.714,0.0283,122.495
8,4040,4,2048,51200,256,1,1,1,0.0148,90.704,0.0152,141.186,0.0335,103.858
8,4048,4,2048,51200,256,1,1,1,0.0102,131.292,0.0147,146.593,0.0314,111.411
8,4056,4,2048,51200,256,1,1,1,0.0126,106.893,0.0157,137.396,0.0322,108.884
8,4064,4,2048,51200,256,1,1,1,0.0129,105.066,0.0127,170.61,0.0278,126.585
8,4072,4,2048,51200,256,1,1,1,0.0104,130.377,0.0161,135.201,0.0338,104.666
8,4080,4,2048,51200,256,1,1,1,0.0117,116.384,0.0142,153.412,0.0252,140.545
8,4088,4,2048,51200,256,1,1,1,0.0147,92.916,0.0153,143.27,0.0333,106.882
8,4096,4,2048,51200,256,1,1,1,0.0095,144.992,0.0138,159.928,0.0311,114.864
8,4104,4,2048,51200,256,1,1,1,0.0133,103.617,0.0163,135.099,0.0287,125.105
8,4112,4,2048,51200,256,1,1,1,0.0124,111.571,0.0175,126.808,0.0319,112.731
8,4120,4,2048,51200,256,1,1,1,0.0126,110.161,0.0169,131.746,0.0359,100.788
8,4128,4,2048,51200,256,1,1,1,0.0116,120.604,0.0141,158.936,0.0252,143.675
8,4136,4,2048,51200,256,1,1,1,0.0139,100.375,0.0171,131.356,0.036,101.223
8,4144,4,2048,51200,256,1,1,1,0.0104,134.43,0.0162,138.702,0.0345,105.881
8,4152,4,2048,51200,256,1,1,1,0.0133,106.2,0.017,132.772,0.0344,106.519
8,4160,4,2048,51200,256,1,1,1,0.0127,111.209,0.0151,150.148,0.0314,117.237
8,4168,4,2048,51200,256,1,1,1,0.0121,117.223,0.0177,128.478,0.034,108.766
8,4176,4,2048,51200,256,1,1,1,0.012,118.946,0.0139,164.335,0.0317,116.998
8,4184,4,2048,51200,256,1,1,1,0.0156,91.33,0.0165,138.797,0.0296,125.676
8,4192,4,2048,51200,256,1,1,1,0.0128,112.15,0.0178,129.469,0.0307,121.714
8,4200,4,2048,51200,256,1,1,1,0.0128,112.52,0.015,154.416,0.0348,107.769
8,4208,4,2048,51200,256,1,1,1,0.0133,108.477,0.015,154.42,0.0278,135.236
8,4216,4,2048,51200,256,1,1,1,0.0158,91.386,0.0199,116.799,0.0381,99.142
8,4224,4,2048,51200,256,1,1,1,0.012,121.357,0.0143,163.342,0.0297,127.683
8,4232,4,2048,51200,256,1,1,1,0.0132,110.324,0.0171,137.529,0.0301,126.591
8,4240,4,2048,51200,256,1,1,1,0.0131,111.512,0.0194,121.476,0.035,109.17
8,4248,4,2048,51200,256,1,1,1,0.0111,132.154,0.0172,137.66,0.0373,102.719
8,4256,4,2048,51200,256,1,1,1,0.0123,120.051,0.0143,165.515,0.0262,146.57
8,4264,4,2048,51200,256,1,1,1,0.0142,103.701,0.0206,115.741,0.0378,102.075
8,4272,4,2048,51200,256,1,1,1,0.0109,135.426,0.0161,148.997,0.0348,111.362
8,4280,4,2048,51200,256,1,1,1,0.013,114.036,0.0173,138.564,0.0304,127.874
8,4288,4,2048,51200,256,1,1,1,0.0136,109.416,0.0151,159.954,0.032,121.936
8,4296,4,2048,51200,256,1,1,1,0.0113,132.052,0.0177,136.558,0.0378,103.624
8,4304,4,2048,51200,256,1,1,1,0.0133,112.675,0.016,151.856,0.0282,139.343
8,4312,4,2048,51200,256,1,1,1,0.0169,89.225,0.0184,132.346,0.0394,100.013
8,4320,4,2048,51200,256,1,1,1,0.0113,134.108,0.0157,155.571,0.0333,119.039
8,4328,4,2048,51200,256,1,1,1,0.0135,112.345,0.0175,140.246,0.0321,123.596
8,4336,4,2048,51200,256,1,1,1,0.0136,111.99,0.0173,142.852,0.033,120.914
8,4344,4,2048,51200,256,1,1,1,0.0149,102.633,0.0185,133.625,0.0354,112.916
8,4352,4,2048,51200,256,1,1,1,0.013,117.659,0.019,130.458,0.0346,116.156
8,4360,4,2048,51200,256,1,1,1,0.015,102.55,0.0172,144.717,0.0383,105.304
8,4368,4,2048,51200,256,1,1,1,0.0149,103.908,0.0173,144.521,0.0348,116.112
8,4376,4,2048,51200,256,1,1,1,0.014,110.785,0.0185,136.013,0.0397,102.294
8,4384,4,2048,51200,256,1,1,1,0.0127,122.238,0.0169,148.789,0.0355,114.825
8,4392,4,2048,51200,256,1,1,1,0.0178,87.348,0.0195,129.49,0.0321,127.294
8,4400,4,2048,51200,256,1,1,1,0.0146,107.374,0.0195,130.239,0.0359,114.129
8,4408,4,2048,51200,256,1,1,1,0.0138,113.317,0.0167,152.389,0.0375,109.742
8,4416,4,2048,51200,256,1,1,1,0.0126,124.939,0.0162,157.339,0.0276,149.895
8,4424,4,2048,51200,256,1,1,1,0.0161,98.336,0.0218,117.889,0.0403,102.749
8,4432,4,2048,51200,256,1,1,1,0.014,112.874,0.0178,144.605,0.0373,111.641
8,4440,4,2048,51200,256,1,1,1,0.0149,106.766,0.0191,135.305,0.0334,124.838
8,4448,4,2048,51200,256,1,1,1,0.0148,108.125,0.0159,163.074,0.0339,123.677
8,4456,4,2048,51200,256,1,1,1,0.0145,110.108,0.0205,127.113,0.0397,105.891
8,4464,4,2048,51200,256,1,1,1,0.0133,120.44,0.0182,143.871,0.0353,119.616
8,4472,4,2048,51200,256,1,1,1,0.0173,92.999,0.019,137.904,0.0411,103.05
8,4480,4,2048,51200,256,1,1,1,0.0116,138.763,0.0183,144.096,0.0363,117.122
8,4488,4,2048,51200,256,1,1,1,0.014,115.543,0.0195,135.713,0.0388,109.855
8,4496,4,2048,51200,256,1,1,1,0.0159,102.186,0.0174,152.16,0.0373,114.527
8,4504,4,2048,51200,256,1,1,1,0.0138,118.153,0.0203,131.112,0.0423,101.317
8,4512,4,2048,51200,256,1,1,1,0.0116,140.526,0.0172,154.71,0.035,122.93
8,4520,4,2048,51200,256,1,1,1,0.0145,113.38,0.0189,141.792,0.0335,128.861
8,4528,4,2048,51200,256,1,1,1,0.0167,98.889,0.0183,146.692,0.0387,111.936
8,4536,4,2048,51200,256,1,1,1,0.0158,104.462,0.0192,140.42,0.0417,104.252
8,4544,4,2048,51200,256,1,1,1,0.0134,123.322,0.0162,166.82,0.0329,132.748
8,4552,4,2048,51200,256,1,1,1,0.0185,89.953,0.0201,135.03,0.0438,99.942
8,4560,4,2048,51200,256,1,1,1,0.0144,115.663,0.0179,151.934,0.0381,115.355
8,4568,4,2048,51200,256,1,1,1,0.0149,112.118,0.0201,135.767,0.0417,105.659
8,4576,4,2048,51200,256,1,1,1,0.0158,106.591,0.0172,159.757,0.0363,121.784
8,4584,4,2048,51200,256,1,1,1,0.0132,127.272,0.02,137.823,0.0431,103.025
8,4592,4,2048,51200,256,1,1,1,0.0144,117.682,0.0182,152.171,0.0386,115.31
8,4600,4,2048,51200,256,1,1,1,0.0188,90.083,0.0208,133.403,0.0355,125.85
8,4608,4,2048,51200,256,1,1,1,0.0144,117.928,0.0197,141.355,0.0394,113.848
8,4616,4,2048,51200,256,1,1,1,0.0152,112.417,0.0178,156.7,0.0446,100.774
8,4624,4,2048,51200,256,1,1,1,0.0141,121.523,0.0198,141.436,0.0339,133.138
8,4632,4,2048,51200,256,1,1,1,0.0167,103.087,0.0239,117.753,0.0432,104.787
8,4640,4,2048,51200,256,1,1,1,0.0138,124.539,0.0181,155.75,0.0371,122.467
8,4648,4,2048,51200,256,1,1,1,0.0162,106.631,0.0211,133.932,0.036,126.711
8,4656,4,2048,51200,256,1,1,1,0.0148,117.102,0.0217,131.033,0.0394,116.209
8,4664,4,2048,51200,256,1,1,1,0.0154,113.062,0.019,150.307,0.0449,102.194
8,4672,4,2048,51200,256,1,1,1,0.0137,126.91,0.0181,157.789,0.0317,145.125
8,4680,4,2048,51200,256,1,1,1,0.0172,101.786,0.0238,120.744,0.0439,105.205
8,4688,4,2048,51200,256,1,1,1,0.0156,112.567,0.0199,144.713,0.0413,112.221
8,4696,4,2048,51200,256,1,1,1,0.0168,104.969,0.0215,134.672,0.0371,125.379
8,4704,4,2048,51200,256,1,1,1,0.0145,121.479,0.021,138.074,0.0377,123.837
8,4712,4,2048,51200,256,1,1,1,0.0162,109.294,0.0189,153.761,0.044,106.467
8,4720,4,2048,51200,256,1,1,1,0.0143,124.38,0.0204,143.389,0.0349,134.552
8,4728,4,2048,51200,256,1,1,1,0.0166,107.21,0.0245,119.735,0.0452,104.27
8,4736,4,2048,51200,256,1,1,1,0.0146,122.071,0.0188,156.615,0.0397,118.982
8,4744,4,2048,51200,256,1,1,1,0.0158,113.641,0.022,134.265,0.0374,126.719
8,4752,4,2048,51200,256,1,1,1,0.0152,118.465,0.023,128.605,0.0414,114.911
8,4760,4,2048,51200,256,1,1,1,0.0159,113.132,0.0224,132.37,0.046,103.829
8,4768,4,2048,51200,256,1,1,1,0.0149,121.317,0.0186,160.419,0.0331,144.643
8,4776,4,2048,51200,256,1,1,1,0.0177,102.784,0.0252,118.625,0.0461,104.177
8,4784,4,2048,51200,256,1,1,1,0.0162,112.638,0.0207,145.221,0.044,109.485
8,4792,4,2048,51200,256,1,1,1,0.0163,112.388,0.0221,136.035,0.039,124.05
8,4800,4,2048,51200,256,1,1,1,0.0158,115.814,0.0189,159.979,0.0389,124.622
8,4808,4,2048,51200,256,1,1,1,0.0161,114.354,0.0234,129.63,0.0469,103.757
8,4816,4,2048,51200,256,1,1,1,0.0149,123.918,0.0209,145.264,0.0357,136.914
8,4824,4,2048,51200,256,1,1,1,0.0193,96.041,0.0221,138.034,0.0461,106.342
8,4832,4,2048,51200,256,1,1,1,0.0123,151.184,0.0197,155.673,0.0417,117.887
8,4840,4,2048,51200,256,1,1,1,0.017,109.395,0.0228,134.725,0.0378,130.512
8,4848,4,2048,51200,256,1,1,1,0.0185,100.935,0.0201,153.176,0.0421,117.475
8,4856,4,2048,51200,256,1,1,1,0.0142,132.205,0.0235,131.73,0.0471,105.456
8,4864,4,2048,51200,256,1,1,1,0.0146,128.616,0.0196,158.356,0.0332,150.001
8,4872,4,2048,51200,256,1,1,1,0.0178,106.056,0.0261,119.41,0.0476,104.958
8,4880,4,2048,51200,256,1,1,1,0.0137,137.443,0.0218,142.895,0.0467,107.296
8,4888,4,2048,51200,256,1,1,1,0.0175,107.939,0.0239,131.242,0.0391,128.643
8,4896,4,2048,51200,256,1,1,1,0.0172,110.704,0.0202,155.685,0.0414,121.66
8,4904,4,2048,51200,256,1,1,1,0.0169,112.688,0.0243,129.849,0.0489,103.414
8,4912,4,2048,51200,256,1,1,1,0.0172,111.419,0.0221,143.329,0.0365,138.896
8,4920,4,2048,51200,256,1,1,1,0.0191,100.321,0.0266,119.104,0.0485,104.892
8,4928,4,2048,51200,256,1,1,1,0.0154,125.128,0.0209,152.13,0.0434,117.705
8,4936,4,2048,51200,256,1,1,1,0.0181,106.81,0.0241,132.436,0.04,128.082
8,4944,4,2048,51200,256,1,1,1,0.0192,100.573,0.0212,150.819,0.0439,116.926
8,4952,4,2048,51200,256,1,1,1,0.0172,112.699,0.0243,132.426,0.0449,114.731
8,4960,4,2048,51200,256,1,1,1,0.0159,122.285,0.0218,148.117,0.0402,128.503
8,4968,4,2048,51200,256,1,1,1,0.0186,104.649,0.0241,134.201,0.0452,114.78
8,4976,4,2048,51200,256,1,1,1,0.0171,114.109,0.0225,144.438,0.0464,112.119
8,4984,4,2048,51200,256,1,1,1,0.0178,110.455,0.0242,134.42,0.0403,129.387
8,4992,4,2048,51200,256,1,1,1,0.0168,117.421,0.0233,140.481,0.0406,128.969
8,5000,4,2048,51200,256,1,1,1,0.0179,110.494,0.0217,151.071,0.0485,108.274
8,5008,4,2048,51200,256,1,1,1,0.0156,126.833,0.0227,144.631,0.0392,134.454
8,5016,4,2048,51200,256,1,1,1,0.02,99.31,0.0243,135.786,0.0502,105.226
8,5024,4,2048,51200,256,1,1,1,0.0135,147.645,0.0216,153.317,0.0441,120.041
8,5032,4,2048,51200,256,1,1,1,0.0178,112.45,0.025,132.942,0.0449,118.365
8,5040,4,2048,51200,256,1,1,1,0.0191,104.621,0.0226,147.34,0.0468,114.012
8,5048,4,2048,51200,256,1,1,1,0.0167,120.622,0.0255,130.984,0.0513,104.244
8,5056,4,2048,51200,256,1,1,1,0.0156,129.03,0.0215,155.951,0.0389,138.02
8,5064,4,2048,51200,256,1,1,1,0.0209,96.686,0.0245,137.241,0.0513,104.984
8,5072,4,2048,51200,256,1,1,1,0.0145,139.301,0.0236,143.08,0.0478,112.835
8,5080,4,2048,51200,256,1,1,1,0.019,106.88,0.0251,134.661,0.0415,130.392
8,5088,4,2048,51200,256,1,1,1,0.0181,112.742,0.0207,163.644,0.043,126.177
8,5096,4,2048,51200,256,1,1,1,0.0177,115.369,0.0254,134.063,0.0538,101.326
8,5104,4,2048,51200,256,1,1,1,0.0184,111.488,0.0235,145.561,0.039,140.099
8,5112,4,2048,51200,256,1,1,1,0.02,102.906,0.0249,137.614,0.0517,106.09
8,5120,4,2048,51200,256,1,1,1,0.0136,151.655,0.0236,145.605,0.0475,115.82
8,5128,4,2048,51200,256,1,1,1,0.0186,111.199,0.0266,129.744,0.0482,114.397
8,5136,4,2048,51200,256,1,1,1,0.0195,106.104,0.023,150.428,0.048,115.107
8,5144,4,2048,51200,256,1,1,1,0.0162,128.2,0.027,128.4,0.0526,105.379
8,5152,4,2048,51200,256,1,1,1,0.0162,128.467,0.0229,151.927,0.0427,130.165
8,5160,4,2048,51200,256,1,1,1,0.0215,97.38,0.0258,135.046,0.0538,103.759
8,5168,4,2048,51200,256,1,1,1,0.0165,126.766,0.0251,139.708,0.0513,109.183
8,5176,4,2048,51200,256,1,1,1,0.019,110.616,0.0224,157.016,0.051,110.144
8,5184,4,2048,51200,256,1,1,1,0.0182,116.04,0.0229,153.775,0.0454,123.925
8,5192,4,2048,51200,256,1,1,1,0.018,117.548,0.0276,128.124,0.0539,104.764
8,5200,4,2048,51200,256,1,1,1,0.0172,123.103,0.0219,161.576,0.0462,122.496
8,5208,4,2048,51200,256,1,1,1,0.0217,97.966,0.026,136.97,0.0436,130.35
8,5216,4,2048,51200,256,1,1,1,0.0178,119.708,0.0259,137.887,0.0463,123.086
8,5224,4,2048,51200,256,1,1,1,0.0198,107.826,0.0232,154.027,0.0514,111.302
8,5232,4,2048,51200,256,1,1,1,0.0201,106.797,0.0239,150.204,0.0492,116.607
8,5240,4,2048,51200,256,1,1,1,0.0195,110.08,0.0281,127.856,0.056,102.714
8,5248,4,2048,51200,256,1,1,1,0.017,126.855,0.021,172.278,0.0429,134.297
8,5256,4,2048,51200,256,1,1,1,0.022,98.193,0.0261,138.551,0.0543,106.524
8,5264,4,2048,51200,256,1,1,1,0.0179,120.871,0.0258,140.742,0.0523,110.848
8,5272,4,2048,51200,256,1,1,1,0.0206,105.823,0.0238,153.199,0.0521,111.711
8,5280,4,2048,51200,256,1,1,1,0.0198,110.049,0.0227,160.936,0.0466,125.157
8,5288,4,2048,51200,256,1,1,1,0.0183,119.394,0.0284,128.9,0.0552,106.058
8,5296,4,2048,51200,256,1,1,1,0.0179,122.437,0.0212,173.669,0.0474,123.877
8,5304,4,2048,51200,256,1,1,1,0.0225,97.935,0.0268,137.772,0.0449,131.203
8,5312,4,2048,51200,256,1,1,1,0.0178,124.097,0.0248,149.015,0.0482,122.607
8,5320,4,2048,51200,256,1,1,1,0.0213,103.816,0.0239,155.306,0.053,111.782
8,5328,4,2048,51200,256,1,1,1,0.0203,109.001,0.0251,148.463,0.0513,115.738
8,5336,4,2048,51200,256,1,1,1,0.0239,93.134,0.0314,118.686,0.0567,105.105
8,5344,4,2048,51200,256,1,1,1,0.0171,130.579,0.0218,171.44,0.045,132.722
8,5352,4,2048,51200,256,1,1,1,0.0227,98.479,0.0275,136.681,0.046,130.317
8,5360,4,2048,51200,256,1,1,1,0.0209,107.108,0.0304,123.676,0.0539,111.501
8,5368,4,2048,51200,256,1,1,1,0.0206,109.015,0.0244,154.877,0.0543,110.893
8,5376,4,2048,51200,256,1,1,1,0.0177,127.653,0.0251,150.808,0.0423,142.792
8,5384,4,2048,51200,256,1,1,1,0.0222,101.633,0.0322,118.088,0.0572,105.963
8,5392,4,2048,51200,256,1,1,1,0.0159,143.009,0.0261,146.233,0.0547,111.09
8,5400,4,2048,51200,256,1,1,1,0.0202,112.451,0.0275,138.909,0.0463,131.749
8,5408,4,2048,51200,256,1,1,1,0.0196,116.264,0.0276,139.117,0.0492,124.305
8,5416,4,2048,51200,256,1,1,1,0.0202,113.153,0.0268,143.619,0.058,105.729
8,5424,4,2048,51200,256,1,1,1,0.0198,115.718,0.0255,151.436,0.0431,142.609
8,5432,4,2048,51200,256,1,1,1,0.0225,102.106,0.0335,115.356,0.0598,103.149
8,5440,4,2048,51200,256,1,1,1,0.0169,136.36,0.0255,152.081,0.0542,114.003
8,5448,4,2048,51200,256,1,1,1,0.02,115.432,0.0284,136.869,0.0473,131.101
8,5456,4,2048,51200,256,1,1,1,0.0205,112.783,0.0315,123.959,0.0549,113.345
8,5464,4,2048,51200,256,1,1,1,0.017,136.775,0.029,135.106,0.0533,116.955
8,5472,4,2048,51200,256,1,1,1,0.0188,124.216,0.0265,148.053,0.048,130.407
8,5480,4,2048,51200,256,1,1,1,0.0218,107.147,0.0293,134.553,0.0531,118.196
8,5488,4,2048,51200,256,1,1,1,0.0208,112.531,0.0302,130.874,0.054,116.416
8,5496,4,2048,51200,256,1,1,1,0.0207,113.556,0.0282,140.476,0.0615,102.563
8,5504,4,2048,51200,256,1,1,1,0.0171,137.566,0.0254,156.297,0.0427,148.061
8,5512,4,2048,51200,256,1,1,1,0.0225,105.03,0.0332,120.023,0.0597,106.225
8,5520,4,2048,51200,256,1,1,1,0.0194,122.207,0.0288,138.635,0.0566,112.428
8,5528,4,2048,51200,256,1,1,1,0.0222,106.758,0.031,129.225,0.0577,110.553
8,5536,4,2048,51200,256,1,1,1,0.0213,111.597,0.025,160.543,0.0502,127.506
8,5544,4,2048,51200,256,1,1,1,0.0194,122.877,0.0315,127.92,0.0585,109.652
8,5552,4,2048,51200,256,1,1,1,0.0212,113.026,0.0327,123.473,0.0568,113.17
8,5560,4,2048,51200,256,1,1,1,0.0227,105.769,0.0297,136.354,0.0605,106.548
8,5568,4,2048,51200,256,1,1,1,0.0178,134.829,0.0251,162.057,0.043,150.368
8,5576,4,2048,51200,256,1,1,1,0.0234,103.237,0.0339,120.386,0.0607,106.935
8,5584,4,2048,51200,256,1,1,1,0.018,134.522,0.0277,147.406,0.0585,111.165
8,5592,4,2048,51200,256,1,1,1,0.0211,114.774,0.0295,138.712,0.0495,131.881
8,5600,4,2048,51200,256,1,1,1,0.0225,107.907,0.0277,148.262,0.0542,120.79
8,5608,4,2048,51200,256,1,1,1,0.0198,123.227,0.0303,136.088,0.0614,106.866
8,5616,4,2048,51200,256,1,1,1,0.0212,115.164,0.0273,151.575,0.0458,143.68
8,5624,4,2048,51200,256,1,1,1,0.0238,103.056,0.0313,132.251,0.0637,103.608
8,5632,4,2048,51200,256,1,1,1,0.0157,156.339,0.0262,158.821,0.0558,118.435
8,5640,4,2048,51200,256,1,1,1,0.0214,114.956,0.0303,137.411,0.0508,130.536
8,5648,4,2048,51200,256,1,1,1,0.0226,109.135,0.0333,125.627,0.0583,113.985
8,5656,4,2048,51200,256,1,1,1,0.0202,122.87,0.0314,133.489,0.0631,105.61
8,5664,4,2048,51200,256,1,1,1,0.0194,127.851,0.0265,158.444,0.0464,144.024
8,5672,4,2048,51200,256,1,1,1,0.0246,101.12,0.0356,118.451,0.0634,105.806
8,5680,4,2048,51200,256,1,1,1,0.017,146.895,0.0287,147.208,0.0605,111.19
8,5688,4,2048,51200,256,1,1,1,0.0217,115.242,0.0306,138.483,0.0512,131.602
8,5696,4,2048,51200,256,1,1,1,0.022,113.799,0.0284,149.513,0.0546,123.779
8,5704,4,2048,51200,256,1,1,1,0.0202,124.708,0.0319,133.827,0.0638,106.181
8,5712,4,2048,51200,256,1,1,1,0.0214,117.838,0.0287,148.791,0.0487,139.474
8,5720,4,2048,51200,256,1,1,1,0.0268,94.398,0.033,129.757,0.0647,105.307
8,5728,4,2048,51200,256,1,1,1,0.0163,155.471,0.0274,157.084,0.0589,115.988
8,5736,4,2048,51200,256,1,1,1,0.0229,111.114,0.0317,136.18,0.0516,132.739
8,5744,4,2048,51200,256,1,1,1,0.0252,100.92,0.0306,141.414,0.0592,115.99
8,5752,4,2048,51200,256,1,1,1,0.0242,105.556,0.0322,134.816,0.0646,106.717
8,5760,4,2048,51200,256,1,1,1,0.0194,131.963,0.0333,130.651,0.0511,135.227
8,5768,4,2048,51200,256,1,1,1,0.0269,95.494,0.0331,131.922,0.0652,106.304
8,5776,4,2048,51200,256,1,1,1,0.0204,126.319,0.0296,147.925,0.0586,118.452
8,5784,4,2048,51200,256,1,1,1,0.0238,108.653,0.032,136.952,0.0605,115.16
8,5792,4,2048,51200,256,1,1,1,0.0222,116.633,0.0289,152.07,0.0508,137.561
8,5800,4,2048,51200,256,1,1,1,0.0253,102.451,0.0316,139.721,0.0631,110.952
8,5808,4,2048,51200,256,1,1,1,0.0243,107.194,0.03,147.54,0.0602,116.665
8,5816,4,2048,51200,256,1,1,1,0.0217,120.295,0.0349,126.903,0.0666,105.689
8,5824,4,2048,51200,256,1,1,1,0.0206,126.92,0.0257,173.198,0.0516,136.9
8,5832,4,2048,51200,256,1,1,1,0.0261,100.488,0.0328,136.01,0.065,108.942
8,5840,4,2048,51200,256,1,1,1,0.0192,136.855,0.0305,146.368,0.0596,119.159
8,5848,4,2048,51200,256,1,1,1,0.0241,109.473,0.0331,135.369,0.0533,133.462
8,5856,4,2048,51200,256,1,1,1,0.0226,117.016,0.0311,144.679,0.0548,130.246
8,5864,4,2048,51200,256,1,1,1,0.0233,113.367,0.0291,154.898,0.07,102.237
8,5872,4,2048,51200,256,1,1,1,0.0209,126.829,0.0316,143.128,0.0494,145.124
8,5880,4,2048,51200,256,1,1,1,0.0246,108.273,0.0335,135.215,0.0607,118.429
8,5888,4,2048,51200,256,1,1,1,0.0202,132.136,0.0301,150.803,0.0532,135.508
8,5896,4,2048,51200,256,1,1,1,0.0233,114.714,0.0341,133.568,0.0659,109.767
8,5904,4,2048,51200,256,1,1,1,0.0229,117.047,0.0307,149.046,0.0608,119.274
8,5912,4,2048,51200,256,1,1,1,0.0277,97.149,0.0354,129.254,0.0556,130.636
8,5920,4,2048,51200,256,1,1,1,0.0212,127.218,0.0327,140.543,0.0571,127.603
8,5928,4,2048,51200,256,1,1,1,0.0257,105.264,0.0337,136.804,0.067,109.081
8,5936,4,2048,51200,256,1,1,1,0.0246,110.238,0.0323,142.883,0.0518,141.53
8,5944,4,2048,51200,256,1,1,1,0.0273,99.308,0.0386,120.013,0.0684,107.458
8,5952,4,2048,51200,256,1,1,1,0.02,136.035,0.0266,174.777,0.0569,129.319
8,5960,4,2048,51200,256,1,1,1,0.0271,100.57,0.0355,131.232,0.0545,135.564
8,5968,4,2048,51200,256,1,1,1,0.0238,114.919,0.0355,131.332,0.0627,118.046
8,5976,4,2048,51200,256,1,1,1,0.0261,105.032,0.0307,152.277,0.0703,105.544
8,5984,4,2048,51200,256,1,1,1,0.0214,128.449,0.0311,151.062,0.0506,147.013
8,5992,4,2048,51200,256,1,1,1,0.0277,99.522,0.0391,120.302,0.0696,107.17
8,6000,4,2048,51200,256,1,1,1,0.0225,122.523,0.033,143.135,0.0673,111.098
8,6008,4,2048,51200,256,1,1,1,0.0244,113.511,0.0364,129.873,0.0567,132.339
8,6016,4,2048,51200,256,1,1,1,0.0236,117.844,0.0302,157.27,0.0575,130.671
8,6024,4,2048,51200,256,1,1,1,0.0253,110.15,0.0347,137.235,0.0731,103.118
8,6032,4,2048,51200,256,1,1,1,0.0221,126.049,0.0332,143.629,0.0538,140.46
8,6040,4,2048,51200,256,1,1,1,0.0284,98.585,0.035,136.729,0.0697,108.687
8,6048,4,2048,51200,256,1,1,1,0.0179,156.537,0.0327,146.722,0.063,120.611
8,6056,4,2048,51200,256,1,1,1,0.0246,114.021,0.0366,131.391,0.0651,117.08
8,6064,4,2048,51200,256,1,1,1,0.0263,107.296,0.0321,150.183,0.0643,118.816
8,6072,4,2048,51200,256,1,1,1,0.0225,125.522,0.0378,127.738,0.0719,106.413
8,6080,4,2048,51200,256,1,1,1,0.0213,133.141,0.0314,154.449,0.0508,151.057
8,6088,4,2048,51200,256,1,1,1,0.0281,101.034,0.036,135.068,0.0703,109.416
8,6096,4,2048,51200,256,1,1,1,0.021,135.514,0.0336,144.908,0.0671,114.985
8,6104,4,2048,51200,256,1,1,1,0.0273,104.354,0.0358,136.446,0.0594,130.311
8,6112,4,2048,51200,256,1,1,1,0.0243,117.616,0.0341,143.546,0.0596,130.009
8,6120,4,2048,51200,256,1,1,1,0.0258,111.067,0.0326,150.815,0.0736,105.68
8,6128,4,2048,51200,256,1,1,1,0.023,124.877,0.0341,144.516,0.0548,142.191
8,6136,4,2048,51200,256,1,1,1,0.0281,102.426,0.0405,121.836,0.0722,108.256
8,6144,4,2048,51200,256,1,1,1,0.0213,135.253,0.0326,151.937,0.0651,120.336
8,6152,4,2048,51200,256,1,1,1,0.0252,114.703,0.038,130.466,0.0592,132.705
8,6160,4,2048,51200,256,1,1,1,0.0268,108.195,0.0359,138.729,0.0671,117.425
8,6168,4,2048,51200,256,1,1,1,0.023,126.227,0.0396,126.065,0.0768,102.841
8,6176,4,2048,51200,256,1,1,1,0.0237,123.172,0.0332,150.788,0.0544,145.488
8,6184,4,2048,51200,256,1,1,1,0.0299,97.662,0.0374,134.178,0.0743,106.727
8,6192,4,2048,51200,256,1,1,1,0.0214,136.591,0.0372,135.103,0.0698,114.002
8,6200,4,2048,51200,256,1,1,1,0.0266,110.333,0.0394,127.848,0.0768,103.799
8,6208,4,2048,51200,256,1,1,1,0.022,133.458,0.0334,151.027,0.0521,153.56
8,6216,4,2048,51200,256,1,1,1,0.0283,104.081,0.0424,119.316,0.0749,106.941
8,6224,4,2048,51200,256,1,1,1,0.0237,124.589,0.0355,143.217,0.0633,126.876
8,6232,4,2048,51200,256,1,1,1,0.0274,108.265,0.0376,135.258,0.068,118.408
8,6240,4,2048,51200,256,1,1,1,0.0236,125.694,0.0348,146.579,0.069,117.004
8,6248,4,2048,51200,256,1,1,1,0.0263,113.112,0.0392,130.405,0.0615,131.611
8,6256,4,2048,51200,256,1,1,1,0.0275,108.505,0.036,142.646,0.0687,118.11
8,6264,4,2048,51200,256,1,1,1,0.028,106.962,0.0405,127.097,0.0786,103.459
8,6272,4,2048,51200,256,1,1,1,0.0222,134.925,0.0347,148.541,0.0547,148.959
8,6280,4,2048,51200,256,1,1,1,0.0302,99.496,0.0386,133.777,0.0752,108.721
8,6288,4,2048,51200,256,1,1,1,0.0222,135.554,0.0365,142.065,0.07,117.104
8,6296,4,2048,51200,256,1,1,1,0.0284,106.173,0.0384,135.151,0.0626,131.173
8,6304,4,2048,51200,256,1,1,1,0.0256,118.254,0.0366,142.315,0.0633,130.129
8,6312,4,2048,51200,256,1,1,1,0.0286,106.132,0.0342,152.852,0.0804,102.695
8,6320,4,2048,51200,256,1,1,1,0.0245,124.311,0.0366,143.151,0.0591,139.957
8,6328,4,2048,51200,256,1,1,1,0.0286,106.593,0.0395,132.742,0.0771,107.582
8,6336,4,2048,51200,256,1,1,1,0.0232,131.487,0.0363,144.89,0.0716,116.191
8,6344,4,2048,51200,256,1,1,1,0.0262,117.022,0.0406,129.845,0.0619,134.721
8,6352,4,2048,51200,256,1,1,1,0.0282,109.058,0.0357,148.063,0.0695,120.329
8,6360,4,2048,51200,256,1,1,1,0.0285,107.986,0.0415,127.803,0.08,104.696
8,6368,4,2048,51200,256,1,1,1,0.0232,132.964,0.0348,152.913,0.0566,148.378
8,6376,4,2048,51200,256,1,1,1,0.0292,105.918,0.0402,132.432,0.0779,108.051
8,6384,4,2048,51200,256,1,1,1,0.0229,135.124,0.0385,138.868,0.0747,113.075
8,6392,4,2048,51200,256,1,1,1,0.0274,113.434,0.0419,127.782,0.0742,113.977
8,6400,4,2048,51200,256,1,1,1,0.0257,121.179,0.0338,159.05,0.0644,131.756
8,6408,4,2048,51200,256,1,1,1,0.0293,106.673,0.0422,127.624,0.0815,104.398
8,6416,4,2048,51200,256,1,1,1,0.0252,124.201,0.0377,142.953,0.0635,134.256
8,6424,4,2048,51200,256,1,1,1,0.0323,97.05,0.0393,137.81,0.0783,109.093
8,6432,4,2048,51200,256,1,1,1,0.0218,143.947,0.0357,151.865,0.0716,119.595
8,6440,4,2048,51200,256,1,1,1,0.0278,113.348,0.0415,131.045,0.064,134.084
8,6448,4,2048,51200,256,1,1,1,0.0294,107.479,0.0371,146.889,0.0727,118.323
8,6456,4,2048,51200,256,1,1,1,0.0232,136.308,0.0427,127.811,0.0815,105.874
8,6464,4,2048,51200,256,1,1,1,0.0237,133.644,0.0356,153.689,0.0563,153.492
8,6472,4,2048,51200,256,1,1,1,0.029,109.481,0.0414,132.689,0.0804,107.857
8,6480,4,2048,51200,256,1,1,1,0.0216,147.441,0.0405,135.75,0.0761,114.254
8,6488,4,2048,51200,256,1,1,1,0.0287,111.33,0.0427,129.066,0.0762,114.35
8,6496,4,2048,51200,256,1,1,1,0.027,118.53,0.0346,159.658,0.0671,130.048
8,6504,4,2048,51200,256,1,1,1,0.026,123.181,0.0436,127.028,0.0836,104.761
8,6512,4,2048,51200,256,1,1,1,0.0266,120.771,0.039,142.601,0.0682,128.636
8,6520,4,2048,51200,256,1,1,1,0.0328,98.221,0.0406,137.265,0.0804,109.426
8,6528,4,2048,51200,256,1,1,1,0.0222,145.583,0.0414,134.899,0.0754,116.876
8,6536,4,2048,51200,256,1,1,1,0.0298,108.762,0.0419,133.648,0.0767,115.261
8,6544,4,2048,51200,256,1,1,1,0.0296,109.478,0.0375,149.829,0.0731,121.251
8,6552,4,2048,51200,256,1,1,1,0.025,129.91,0.0417,134.961,0.0743,119.505
8,6560,4,2048,51200,256,1,1,1,0.0253,129.034,0.0375,150.409,0.0662,134.368
8,6568,4,2048,51200,256,1,1,1,0.0276,118.231,0.0445,127.133,0.0853,104.604
8,6576,4,2048,51200,256,1,1,1,0.0271,120.856,0.0354,159.989,0.0703,127.148
8,6584,4,2048,51200,256,1,1,1,0.0326,100.598,0.0429,132.336,0.0672,133.356
8,6592,4,2048,51200,256,1,1,1,0.0252,130.547,0.0365,156.076,0.0659,136.286
8,6600,4,2048,51200,256,1,1,1,0.0309,106.673,0.04,142.674,0.0765,117.755
8,6608,4,2048,51200,256,1,1,1,0.0279,118.596,0.0385,148.809,0.0743,121.496
8,6616,4,2048,51200,256,1,1,1,0.0302,109.661,0.0418,137.38,0.082,110.413
8,6624,4,2048,51200,256,1,1,1,0.0299,111.022,0.0379,151.79,0.0726,125.005
8,6632,4,2048,51200,256,1,1,1,0.0262,126.819,0.0422,136.743,0.0826,110.106
8,6640,4,2048,51200,256,1,1,1,0.028,118.997,0.038,151.982,0.0706,129.119
8,6648,4,2048,51200,256,1,1,1,0.0332,100.587,0.0417,138.772,0.0816,111.954
8,6656,4,2048,51200,256,1,1,1,0.0219,152.998,0.0373,155.565,0.0736,124.349
8,6664,4,2048,51200,256,1,1,1,0.0301,111.664,0.0423,137.468,0.0679,135.176
8,6672,4,2048,51200,256,1,1,1,0.03,111.986,0.0463,125.949,0.08,115.021
8,6680,4,2048,51200,256,1,1,1,0.027,124.985,0.0461,126.872,0.0857,107.54
8,6688,4,2048,51200,256,1,1,1,0.0265,127.352,0.0392,149.393,0.0671,137.744
8,6696,4,2048,51200,256,1,1,1,0.0344,98.399,0.044,133.614,0.0849,109.125
8,6704,4,2048,51200,256,1,1,1,0.0251,135.184,0.0425,138.637,0.0816,113.732
8,6712,4,2048,51200,256,1,1,1,0.03,113.507,0.0454,130.167,0.0811,114.798
8,6720,4,2048,51200,256,1,1,1,0.0288,118.328,0.0431,137.261,0.0784,118.955
8,6728,4,2048,51200,256,1,1,1,0.0271,126.261,0.0471,125.95,0.0884,105.787
8,6736,4,2048,51200,256,1,1,1,0.0275,124.45,0.036,165.27,0.0735,127.579
8,6744,4,2048,51200,256,1,1,1,0.0339,101.223,0.0437,136.466,0.069,136.205
8,6752,4,2048,51200,256,1,1,1,0.028,122.811,0.0444,134.643,0.0756,124.51
8,6760,4,2048,51200,256,1,1,1,0.0303,113.932,0.0402,148.888,0.0814,115.896
8,6768,4,2048,51200,256,1,1,1,0.0299,115.47,0.0408,146.976,0.0772,122.565
8,6776,4,2048,51200,256,1,1,1,0.035,98.841,0.0508,118.582,0.0895,105.94
8,6784,4,2048,51200,256,1,1,1,0.0278,125.055,0.035,172.108,0.0683,139.116
8,6792,4,2048,51200,256,1,1,1,0.0356,97.777,0.0442,136.878,0.0719,132.529
8,6800,4,2048,51200,256,1,1,1,0.0312,111.89,0.0487,124.459,0.0828,115.261
8,6808,4,2048,51200,256,1,1,1,0.0308,113.295,0.0386,157.492,0.0821,116.594
8,6816,4,2048,51200,256,1,1,1,0.0268,130.486,0.0384,158.419,0.0734,130.702
8,6824,4,2048,51200,256,1,1,1,0.0338,103.75,0.0485,125.918,0.0908,105.888
8,6832,4,2048,51200,256,1,1,1,0.0287,122.559,0.038,160.974,0.0752,128.086
8,6840,4,2048,51200,256,1,1,1,0.0322,109.556,0.0453,135.327,0.0804,120.173
8,6848,4,2048,51200,256,1,1,1,0.0243,145.404,0.0389,157.908,0.0729,132.702
8,6856,4,2048,51200,256,1,1,1,0.0318,111.387,0.045,136.976,0.071,136.738
8,6864,4,2048,51200,256,1,1,1,0.0332,107.017,0.0433,142.463,0.084,115.803
8,6872,4,2048,51200,256,1,1,1,0.0285,124.88,0.0465,133.162,0.0907,107.49
8,6880,4,2048,51200,256,1,1,1,0.0273,130.72,0.0393,157.711,0.0646,151.133
8,6888,4,2048,51200,256,1,1,1,0.0367,97.335,0.0489,127.104,0.0911,107.411
8,6896,4,2048,51200,256,1,1,1,0.0267,133.917,0.0422,147.715,0.081,121.179
8,6904,4,2048,51200,256,1,1,1,0.0316,113.384,0.0457,136.576,0.0897,109.583
8,6912,4,2048,51200,256,1,1,1,0.0317,113.34,0.0437,143.438,0.0815,120.897
8,6920,4,2048,51200,256,1,1,1,0.0326,110.478,0.0481,130.389,0.0932,106.043
8,6928,4,2048,51200,256,1,1,1,0.0294,122.974,0.0431,145.939,0.0837,118.368
8,6936,4,2048,51200,256,1,1,1,0.0372,97.243,0.0496,127.142,0.0736,134.907
8,6944,4,2048,51200,256,1,1,1,0.0276,131.439,0.0454,139.155,0.0766,129.831
8,6952,4,2048,51200,256,1,1,1,0.032,113.448,0.0414,152.856,0.0911,109.459
8,6960,4,2048,51200,256,1,1,1,0.03,121.274,0.0454,139.724,0.0706,141.58
8,6968,4,2048,51200,256,1,1,1,0.0328,111.185,0.0531,119.758,0.092,108.788
8,6976,4,2048,51200,256,1,1,1,0.0265,137.91,0.0379,168.474,0.0713,140.821
8,6984,4,2048,51200,256,1,1,1,0.036,101.722,0.0471,135.864,0.0733,137.217
8,6992,4,2048,51200,256,1,1,1,0.0311,118.237,0.0437,146.708,0.0828,121.686
8,7000,4,2048,51200,256,1,1,1,0.0333,110.531,0.0477,134.591,0.0921,109.662
8,7008,4,2048,51200,256,1,1,1,0.0328,112.565,0.0446,144.418,0.0797,127.084
8,7016,4,2048,51200,256,1,1,1,0.0362,102.136,0.0485,132.954,0.0931,108.96
8,7024,4,2048,51200,256,1,1,1,0.0302,122.575,0.0445,145.408,0.0831,122.415
8,7032,4,2048,51200,256,1,1,1,0.0376,98.612,0.0499,129.776,0.0745,136.871
8,7040,4,2048,51200,256,1,1,1,0.0272,136.755,0.046,141.113,0.077,132.629
8,7048,4,2048,51200,256,1,1,1,0.0324,115.1,0.0475,137.158,0.092,111.273
8,7056,4,2048,51200,256,1,1,1,0.0343,108.906,0.0472,138.118,0.0719,142.679
8,7064,4,2048,51200,256,1,1,1,0.036,104.037,0.0534,122.497,0.0926,111.084
8,7072,4,2048,51200,256,1,1,1,0.0287,130.666,0.0379,172.774,0.0759,135.862
8,7080,4,2048,51200,256,1,1,1,0.0339,110.924,0.0483,136.105,0.085,121.497
8,7088,4,2048,51200,256,1,1,1,0.032,117.891,0.0448,147.065,0.0851,121.625
8,7096,4,2048,51200,256,1,1,1,0.0325,116.146,0.0479,137.884,0.0934,111.083
8,7104,4,2048,51200,256,1,1,1,0.0317,119.561,0.0435,152.219,0.0809,128.541
8,7112,4,2048,51200,256,1,1,1,0.0299,126.963,0.0492,134.772,0.0947,110.069
8,7120,4,2048,51200,256,1,1,1,0.031,122.634,0.0456,145.757,0.0844,123.807
8,7128,4,2048,51200,256,1,1,1,0.0383,99.542,0.0517,128.8,0.0779,134.355
8,7136,4,2048,51200,256,1,1,1,0.029,131.779,0.0426,156.539,0.0797,131.562
8,7144,4,2048,51200,256,1,1,1,0.0339,112.755,0.0489,136.824,0.0959,109.674
8,7152,4,2048,51200,256,1,1,1,0.0351,109.217,0.0471,142.406,0.0911,115.644
8,7160,4,2048,51200,256,1,1,1,0.0373,102.993,0.0553,121.616,0.0965,109.476
8,7168,4,2048,51200,256,1,1,1,0.0301,127.913,0.0415,162.174,0.0834,126.83
8,7176,4,2048,51200,256,1,1,1,0.0387,99.644,0.0538,125.553,0.0775,136.912
8,7184,4,2048,51200,256,1,1,1,0.0332,116.525,0.0514,131.71,0.0884,120.302
8,7192,4,2048,51200,256,1,1,1,0.0357,108.518,0.045,150.712,0.103,103.409
8,7200,4,2048,51200,256,1,1,1,0.0294,131.901,0.0459,147.906,0.0703,151.952
8,7208,4,2048,51200,256,1,1,1,0.038,102.36,0.0566,120.316,0.0986,108.55
8,7216,4,2048,51200,256,1,1,1,0.0319,122.141,0.0479,142.493,0.0953,112.455
8,7224,4,2048,51200,256,1,1,1,0.0352,110.792,0.053,129.019,0.0791,135.855
8,7232,4,2048,51200,256,1,1,1,0.0317,123.513,0.0477,143.784,0.08,134.603
8,7240,4,2048,51200,256,1,1,1,0.035,112.128,0.0447,153.71,0.1029,104.866
8,7248,4,2048,51200,256,1,1,1,0.0318,123.505,0.0486,141.77,0.0732,147.691
8,7256,4,2048,51200,256,1,1,1,0.0387,101.813,0.0574,120.251,0.0995,108.882
8,7264,4,2048,51200,256,1,1,1,0.0302,130.816,0.046,150.439,0.089,122.029
8,7272,4,2048,51200,256,1,1,1,0.037,106.783,0.0522,132.872,0.08,135.981
8,7280,4,2048,51200,256,1,1,1,0.0333,119.134,0.0526,132.152,0.0896,121.813
8,7288,4,2048,51200,256,1,1,1,0.0342,115.992,0.0451,154.452,0.104,105.162
8,7296,4,2048,51200,256,1,1,1,0.0308,128.997,0.0463,150.793,0.0704,155.542
8,7304,4,2048,51200,256,1,1,1,0.038,104.906,0.0569,122.886,0.0991,110.835
8,7312,4,2048,51200,256,1,1,1,0.0326,122.499,0.0425,164.965,0.0848,129.765
8,7320,4,2048,51200,256,1,1,1,0.036,111.32,0.0516,135.982,0.0899,122.697
8,7328,4,2048,51200,256,1,1,1,0.0323,124.121,0.052,135.456,0.0874,126.411
8,7336,4,2048,51200,256,1,1,1,0.036,111.794,0.0468,150.593,0.0962,115.053
8,7344,4,2048,51200,256,1,1,1,0.0332,121.324,0.0477,148.183,0.0769,144.263
8,7352,4,2048,51200,256,1,1,1,0.038,106.084,0.0587,120.647,0.102,109.072
8,7360,4,2048,51200,256,1,1,1,0.0303,133.248,0.0454,156.374,0.091,122.439
8,7368,4,2048,51200,256,1,1,1,0.0356,113.972,0.052,136.813,0.0842,132.578
8,7376,4,2048,51200,256,1,1,1,0.0358,113.379,0.0568,125.6,0.0966,115.905
8,7384,4,2048,51200,256,1,1,1,0.0302,134.769,0.0529,135.073,0.1022,109.736
8,7392,4,2048,51200,256,1,1,1,0.0309,131.823,0.0456,157.222,0.0743,151.296
8,7400,4,2048,51200,256,1,1,1,0.0394,103.625,0.0587,122.288,0.1023,110.064
8,7408,4,2048,51200,256,1,1,1,0.0334,122.437,0.0449,160.145,0.0893,126.336
8,7416,4,2048,51200,256,1,1,1,0.0412,99.576,0.0531,135.813,0.0825,137.024
8,7424,4,2048,51200,256,1,1,1,0.0296,138.977,0.0462,156.277,0.0842,134.559
8,7432,4,2048,51200,256,1,1,1,0.0355,115.939,0.054,134.036,0.1063,106.833
8,7440,4,2048,51200,256,1,1,1,0.0377,109.587,0.0521,139.364,0.0787,144.639
8,7448,4,2048,51200,256,1,1,1,0.0406,101.802,0.0609,119.485,0.1053,108.364
8,7456,4,2048,51200,256,1,1,1,0.0317,130.635,0.0431,169.137,0.0876,130.44
8,7464,4,2048,51200,256,1,1,1,0.0418,99.43,0.0583,125.293,0.0869,131.873
8,7472,4,2048,51200,256,1,1,1,0.0352,118.057,0.0554,132.028,0.0948,121.097
8,7480,4,2048,51200,256,1,1,1,0.037,112.547,0.0482,152.112,0.1079,106.639
8,7488,4,2048,51200,256,1,1,1,0.0305,137.113,0.0508,144.634,0.0766,150.473
8,7496,4,2048,51200,256,1,1,1,0.0403,103.763,0.0614,119.901,0.106,108.93
8,7504,4,2048,51200,256,1,1,1,0.0337,124.386,0.0441,167.273,0.1026,112.858
8,7512,4,2048,51200,256,1,1,1,0.0379,110.802,0.0583,126.794,0.0868,133.634
8,7520,4,2048,51200,256,1,1,1,0.0325,129.391,0.0495,149.602,0.0854,136.024
8,7528,4,2048,51200,256,1,1,1,0.0357,118.128,0.0557,133.429,0.1065,109.349
8,7536,4,2048,51200,256,1,1,1,0.0346,122.206,0.0508,146.468,0.0836,139.585
8,7544,4,2048,51200,256,1,1,1,0.0422,100.327,0.0582,128.214,0.1064,109.885
8,7552,4,2048,51200,256,1,1,1,0.0285,149.085,0.0482,155.234,0.0884,132.576
8,7560,4,2048,51200,256,1,1,1,0.0371,114.752,0.0557,134.545,0.0867,135.396
8,7568,4,2048,51200,256,1,1,1,0.0386,110.498,0.0548,137.097,0.1013,116.141
8,7576,4,2048,51200,256,1,1,1,0.039,109.483,0.0569,132.163,0.1077,109.546
8,7584,4,2048,51200,256,1,1,1,0.0326,131.101,0.0488,154.365,0.088,134.223
8,7592,4,2048,51200,256,1,1,1,0.0433,99.098,0.0591,127.84,0.1086,109.042
8,7600,4,2048,51200,256,1,1,1,0.0366,117.453,0.0536,141.326,0.0986,120.334
8,7608,4,2048,51200,256,1,1,1,0.0381,113.008,0.0563,134.736,0.1108,107.293
8,7616,4,2048,51200,256,1,1,1,0.0369,117.019,0.056,135.771,0.0803,148.4
8,7624,4,2048,51200,256,1,1,1,0.042,102.984,0.0636,119.722,0.1101,108.417
8,7632,4,2048,51200,256,1,1,1,0.036,120.263,0.0486,157.239,0.1003,119.226
8,7640,4,2048,51200,256,1,1,1,0.0406,106.966,0.0594,128.786,0.0916,130.928
8,7648,4,2048,51200,256,1,1,1,0.0329,131.95,0.0542,141.529,0.0907,132.503
8,7656,4,2048,51200,256,1,1,1,0.0377,115.568,0.0495,155.096,0.1112,108.268
8,7664,4,2048,51200,256,1,1,1,0.037,118.019,0.0562,136.918,0.083,145.33
8,7672,4,2048,51200,256,1,1,1,0.0433,101.008,0.0645,119.696,0.1114,108.499
8,7680,4,2048,51200,256,1,1,1,0.0375,116.762,0.0655,118.038,0.1154,104.97
8,7688,4,2048,51200,256,1,1,1,0.0414,106.016,0.0621,124.686,0.0936,129.713
8,7696,4,2048,51200,256,1,1,1,0.0366,120.3,0.0542,143.195,0.0939,129.502
8,7704,4,2048,51200,256,1,1,1,0.0392,112.336,0.0534,145.66,0.1004,121.335
8,7712,4,2048,51200,256,1,1,1,0.0366,120.476,0.058,134.344,0.0895,136.49
8,7720,4,2048,51200,256,1,1,1,0.04,110.711,0.0579,134.922,0.1007,121.487
8,7728,4,2048,51200,256,1,1,1,0.0374,118.665,0.0555,140.928,0.096,127.743
8,7736,4,2048,51200,256,1,1,1,0.0445,99.805,0.0642,122.232,0.1111,110.536
8,7744,4,2048,51200,256,1,1,1,0.0349,127.371,0.0547,143.614,0.093,132.374
8,7752,4,2048,51200,256,1,1,1,0.0406,109.828,0.0586,134.432,0.1008,122.411
8,7760,4,2048,51200,256,1,1,1,0.037,120.596,0.0553,142.82,0.0954,129.497
8,7768,4,2048,51200,256,1,1,1,0.0404,110.74,0.0585,135.169,0.1019,121.579
8,7776,4,2048,51200,256,1,1,1,0.0345,129.942,0.0528,150.201,0.0907,136.77
8,7784,4,2048,51200,256,1,1,1,0.0405,111.06,0.0585,135.655,0.1019,122.027
8,7792,4,2048,51200,256,1,1,1,0.0374,120.426,0.0555,143.449,0.0958,130.131
8,7800,4,2048,51200,256,1,1,1,0.0406,111.0,0.0587,135.963,0.1023,122.065
8,7808,4,2048,51200,256,1,1,1,0.0336,134.665,0.0527,151.573,0.0892,140.232
8,7816,4,2048,51200,256,1,1,1,0.0406,111.409,0.0588,136.193,0.1022,122.616
8,7824,4,2048,51200,256,1,1,1,0.0371,122.394,0.0555,144.572,0.0957,131.188
8,7832,4,2048,51200,256,1,1,1,0.0409,111.249,0.0575,139.851,0.1029,122.355
8,7840,4,2048,51200,256,1,1,1,0.0348,130.78,0.0534,150.879,0.0915,137.754
8,7848,4,2048,51200,256,1,1,1,0.041,111.292,0.0594,135.974,0.1033,122.318
8,7856,4,2048,51200,256,1,1,1,0.0377,121.414,0.056,144.431,0.0968,130.735
8,7864,4,2048,51200,256,1,1,1,0.0415,110.343,0.0581,139.551,0.104,121.937
8,7872,4,2048,51200,256,1,1,1,0.034,135.009,0.0537,151.382,0.0908,139.975
8,7880,4,2048,51200,256,1,1,1,0.0413,111.248,0.0598,136.213,0.1041,122.388
8,7888,4,2048,51200,256,1,1,1,0.0346,133.004,0.0563,144.789,0.0973,131.189
8,7896,4,2048,51200,256,1,1,1,0.0413,111.75,0.0596,137.097,0.104,122.98
8,7904,4,2048,51200,256,1,1,1,0.0353,130.98,0.054,151.629,0.0924,138.632
8,7912,4,2048,51200,256,1,1,1,0.0414,111.894,0.06,136.713,0.1043,123.07
8,7920,4,2048,51200,256,1,1,1,0.0369,125.962,0.0567,144.989,0.0978,131.491
8,7928,4,2048,51200,256,1,1,1,0.0414,112.467,0.06,137.372,0.1043,123.597
8,7936,4,2048,51200,256,1,1,1,0.0345,135.222,0.0544,151.706,0.0924,139.71
8,7944,4,2048,51200,256,1,1,1,0.0416,112.277,0.0608,136.048,0.1053,122.857
8,7952,4,2048,51200,256,1,1,1,0.0356,131.437,0.0575,144.121,0.099,131.01
8,7960,4,2048,51200,256,1,1,1,0.0419,111.804,0.0613,135.555,0.106,122.608
8,7968,4,2048,51200,256,1,1,1,0.036,130.427,0.0556,149.766,0.0947,137.495
8,7976,4,2048,51200,256,1,1,1,0.0419,112.201,0.0615,135.612,0.1065,122.513
8,7984,4,2048,51200,256,1,1,1,0.0386,121.972,0.0581,143.923,0.0999,130.879
8,7992,4,2048,51200,256,1,1,1,0.0421,112.185,0.0614,136.402,0.1066,122.819
8,8000,4,2048,51200,256,1,1,1,0.0347,136.526,0.0557,150.662,0.0937,139.966
8,8008,4,2048,51200,256,1,1,1,0.0422,112.433,0.0618,136.103,0.1067,123.184
8,8016,4,2048,51200,256,1,1,1,0.0389,122.041,0.0586,143.661,0.1006,130.962
8,8024,4,2048,51200,256,1,1,1,0.0427,111.354,0.0623,135.377,0.108,122.191
8,8032,4,2048,51200,256,1,1,1,0.0365,130.509,0.0563,150.154,0.0963,137.276
8,8040,4,2048,51200,256,1,1,1,0.0422,113.143,0.0627,135.228,0.1084,122.204
8,8048,4,2048,51200,256,1,1,1,0.0393,121.776,0.059,143.815,0.1016,130.611
8,8056,4,2048,51200,256,1,1,1,0.0433,110.653,0.0631,134.827,0.1093,121.708
8,8064,4,2048,51200,256,1,1,1,0.0369,130.145,0.0591,144.198,0.0994,134.116
8,8072,4,2048,51200,256,1,1,1,0.0433,111.064,0.0632,135.182,0.1095,121.922
8,8080,4,2048,51200,256,1,1,1,0.0396,121.719,0.0595,143.793,0.102,131.188
8,8088,4,2048,51200,256,1,1,1,0.0434,111.296,0.0632,135.572,0.1095,122.457
8,8096,4,2048,51200,256,1,1,1,0.0368,131.453,0.0569,150.911,0.0974,137.947
8,8104,4,2048,51200,256,1,1,1,0.0432,112.271,0.0631,136.469,0.1092,123.253
8,8112,4,2048,51200,256,1,1,1,0.0397,122.293,0.0594,145.097,0.1024,131.663
8,8120,4,2048,51200,256,1,1,1,0.0434,112.229,0.0631,136.904,0.1093,123.568
8,8128,4,2048,51200,256,1,1,1,0.0355,137.285,0.0571,151.6,0.0962,140.667
8,8136,4,2048,51200,256,1,1,1,0.0431,113.268,0.0634,136.935,0.1094,123.941
8,8144,4,2048,51200,256,1,1,1,0.0396,123.567,0.0598,145.371,0.1028,132.204
8,8152,4,2048,51200,256,1,1,1,0.0434,112.996,0.0637,136.701,0.1102,123.541
8,8160,4,2048,51200,256,1,1,1,0.0374,131.449,0.0586,148.878,0.0997,136.817
8,8168,4,2048,51200,256,1,1,1,0.0434,113.256,0.0637,137.269,0.11,124.207
8,8176,4,2048,51200,256,1,1,1,0.0399,123.667,0.0607,144.427,0.1038,131.854
8,8184,4,2048,51200,256,1,1,1,0.0435,113.515,0.0638,137.588,0.1102,124.45
8,8192,4,2048,51200,256,1,1,1,0.0361,137.107,0.0585,150.447,0.0982,139.941
8,8200,4,2048,51200,256,1,1,1,0.0439,112.94,0.0644,136.948,0.1113,123.744
8,8208,4,2048,51200,256,1,1,1,0.0407,122.154,0.0611,144.534,0.1048,131.659
8,8216,4,2048,51200,256,1,1,1,0.0442,112.546,0.0648,136.632,0.1116,123.827
8,8224,4,2048,51200,256,1,1,1,0.0381,130.952,0.0596,148.708,0.1013,136.716
8,8232,4,2048,51200,256,1,1,1,0.0443,112.662,0.0649,136.946,0.1122,123.718
8,8240,4,2048,51200,256,1,1,1,0.0408,122.623,0.0613,145.064,0.1054,131.895
8,8248,4,2048,51200,256,1,1,1,0.0445,112.736,0.0651,137.028,0.1127,123.552
8,8256,4,2048,51200,256,1,1,1,0.0365,137.558,0.059,151.438,0.0994,140.363
8,8264,4,2048,51200,256,1,1,1,0.0446,112.781,0.0656,136.439,0.1133,123.438
8,8272,4,2048,51200,256,1,1,1,0.0412,122.419,0.062,144.554,0.1065,131.579
8,8280,4,2048,51200,256,1,1,1,0.0451,112.06,0.0659,136.417,0.114,123.151
8,8288,4,2048,51200,256,1,1,1,0.0384,131.655,0.059,152.54,0.1015,138.581
8,8296,4,2048,51200,256,1,1,1,0.0453,111.749,0.0664,135.901,0.1148,122.757
8,8304,4,2048,51200,256,1,1,1,0.0416,122.142,0.0627,144.045,0.1076,131.236
8,8312,4,2048,51200,256,1,1,1,0.0457,111.347,0.0668,135.577,0.1155,122.451
8,8320,4,2048,51200,256,1,1,1,0.0389,130.836,0.0633,143.252,0.1056,134.188
8,8328,4,2048,51200,256,1,1,1,0.0459,111.277,0.0673,135.109,0.1161,122.264
8,8336,4,2048,51200,256,1,1,1,0.0419,122.169,0.0632,144.043,0.1082,131.379
8,8344,4,2048,51200,256,1,1,1,0.0459,111.592,0.0673,135.683,0.1161,122.711
8,8352,4,2048,51200,256,1,1,1,0.0392,130.902,0.0599,152.675,0.103,138.624
8,8360,4,2048,51200,256,1,1,1,0.0458,112.241,0.0673,136.086,0.1164,122.92
8,8368,4,2048,51200,256,1,1,1,0.042,122.751,0.0634,144.709,0.1086,131.898
8,8376,4,2048,51200,256,1,1,1,0.0459,112.49,0.0674,136.527,0.1165,123.269
8,8384,4,2048,51200,256,1,1,1,0.0376,137.382,0.0608,151.513,0.1021,140.835
8,8392,4,2048,51200,256,1,1,1,0.0458,112.955,0.0673,137.14,0.1162,123.991
8,8400,4,2048,51200,256,1,1,1,0.0424,122.32,0.0642,144.013,0.11,131.186
8,8408,4,2048,51200,256,1,1,1,0.0461,112.834,0.0676,136.997,0.1168,123.875
8,8416,4,2048,51200,256,1,1,1,0.0395,131.682,0.0613,151.52,0.1044,138.84
8,8424,4,2048,51200,256,1,1,1,0.046,113.368,0.0679,137.017,0.117,124.03
8,8432,4,2048,51200,256,1,1,1,0.0424,123.174,0.0643,144.881,0.11,132.28
8,8440,4,2048,51200,256,1,1,1,0.0462,113.365,0.0679,137.469,0.1173,124.216
8,8448,4,2048,51200,256,1,1,1,0.0385,136.296,0.0616,151.91,0.1034,141.129
8,8456,4,2048,51200,256,1,1,1,0.0465,112.935,0.0688,136.147,0.1185,123.393
8,8464,4,2048,51200,256,1,1,1,0.0428,122.888,0.0651,144.218,0.1114,131.479
8,8472,4,2048,51200,256,1,1,1,0.0468,112.544,0.0693,135.801,0.1193,123.095
8,8480,4,2048,51200,256,1,1,1,0.0403,131.202,0.0629,149.94,0.1067,137.808
8,8488,4,2048,51200,256,1,1,1,0.0473,111.848,0.0698,135.373,0.1202,122.604
8,8496,4,2048,51200,256,1,1,1,0.0435,121.897,0.066,143.296,0.1128,130.883
8,8504,4,2048,51200,256,1,1,1,0.0475,111.888,0.0699,135.525,0.1203,122.943
8,8512,4,2048,51200,256,1,1,1,0.0391,135.991,0.0634,149.751,0.1061,139.657
8,8520,4,2048,51200,256,1,1,1,0.0475,112.112,0.0703,135.402,0.1209,122.806
8,8528,4,2048,51200,256,1,1,1,0.0434,122.97,0.0662,143.948,0.1131,131.457
8,8536,4,2048,51200,256,1,1,1,0.0479,111.695,0.0706,135.312,0.1215,122.597
8,8544,4,2048,51200,256,1,1,1,0.041,130.738,0.0641,149.387,0.1087,137.282
8,8552,4,2048,51200,256,1,1,1,0.048,111.714,0.071,135.015,0.1223,122.278
8,8560,4,2048,51200,256,1,1,1,0.0439,122.537,0.0666,144.161,0.1138,131.684
8,8568,4,2048,51200,256,1,1,1,0.0479,112.553,0.0707,136.136,0.1217,123.342
8,8576,4,2048,51200,256,1,1,1,0.0396,136.297,0.0639,150.927,0.1074,140.041
8,8584,4,2048,51200,256,1,1,1,0.048,112.686,0.0711,135.917,0.1222,123.293
8,8592,4,2048,51200,256,1,1,1,0.0441,122.648,0.0673,143.83,0.1148,131.509
8,8600,4,2048,51200,256,1,1,1,0.0484,112.056,0.0715,135.56,0.1229,123.06
8,8608,4,2048,51200,256,1,1,1,0.0414,131.162,0.0645,150.612,0.1094,138.466
8,8616,4,2048,51200,256,1,1,1,0.0486,112.1,0.0718,135.443,0.1235,122.873
8,8624,4,2048,51200,256,1,1,1,0.0448,121.619,0.0681,143.129,0.1161,130.882
8,8632,4,2048,51200,256,1,1,1,0.0492,111.024,0.0723,135.118,0.1245,122.29
8,8640,4,2048,51200,256,1,1,1,0.0414,132.322,0.0678,144.391,0.1132,134.83
8,8648,4,2048,51200,256,1,1,1,0.049,111.763,0.0724,135.436,0.1246,122.67
8,8656,4,2048,51200,256,1,1,1,0.0448,122.449,0.0688,142.772,0.1168,131.043
8,8664,4,2048,51200,256,1,1,1,0.0491,112.118,0.0725,135.756,0.1246,123.113
8,8672,4,2048,51200,256,1,1,1,0.0419,131.5,0.0654,150.754,0.1108,138.744
8,8680,4,2048,51200,256,1,1,1,0.0492,112.311,0.0727,135.906,0.1249,123.234
8,8688,4,2048,51200,256,1,1,1,0.0456,121.294,0.0693,142.794,0.1181,130.552
8,8696,4,2048,51200,256,1,1,1,0.052,106.433,0.0764,129.719,0.1314,117.583
8,8704,4,2048,51200,256,1,1,1,0.0485,114.513,0.0819,121.172,0.1336,115.88
8,8712,4,2048,51200,256,1,1,1,0.0511,108.838,0.0751,132.403,0.1291,120.081
8,8720,4,2048,51200,256,1,1,1,0.0458,121.659,0.0696,143.16,0.1189,130.621
8,8728,4,2048,51200,256,1,1,1,0.0497,112.234,0.0735,135.801,0.1266,122.975
8,8736,4,2048,51200,256,1,1,1,0.0426,131.241,0.0667,149.962,0.1132,137.708
8,8744,4,2048,51200,256,1,1,1,0.0499,112.246,0.0739,135.628,0.127,123.019
8,8752,4,2048,51200,256,1,1,1,0.0462,121.319,0.0704,142.644,0.1198,130.633
8,8760,4,2048,51200,256,1,1,1,0.0506,110.92,0.0748,134.507,0.1286,121.921
8,8768,4,2048,51200,256,1,1,1,0.0438,128.365,0.0701,143.721,0.1171,134.052
8,8776,4,2048,51200,256,1,1,1,0.0568,99.199,0.0834,121.0,0.1435,109.624
8,8784,4,2048,51200,256,1,1,1,0.0478,118.143,0.0726,139.369,0.1232,127.955
8,8792,4,2048,51200,256,1,1,1,0.0511,110.782,0.0753,134.577,0.1294,121.984
8,8800,4,2048,51200,256,1,1,1,0.0433,130.972,0.0676,150.21,0.1144,138.247
8,8808,4,2048,51200,256,1,1,1,0.0504,112.709,0.0746,136.286,0.1282,123.612
8,8816,4,2048,51200,256,1,1,1,0.0461,123.19,0.0703,144.845,0.1197,132.556
8,8824,4,2048,51200,256,1,1,1,0.0502,113.49,0.0745,136.922,0.1278,124.392
8,8832,4,2048,51200,256,1,1,1,0.0418,136.441,0.0674,151.799,0.1129,141.082
8,8840,4,2048,51200,256,1,1,1,0.0506,112.909,0.0751,136.407,0.1288,123.919
8,8848,4,2048,51200,256,1,1,1,0.0466,122.843,0.0712,144.02,0.1208,132.301
8,8856,4,2048,51200,256,1,1,1,0.0506,113.241,0.0754,136.327,0.1293,123.891
8,8864,4,2048,51200,256,1,1,1,0.0436,131.729,0.0681,151.15,0.1153,139.134
8,8872,4,2048,51200,256,1,1,1,0.0507,113.395,0.0756,136.547,0.1296,123.978
8,8880,4,2048,51200,256,1,1,1,0.0469,122.852,0.0715,144.586,0.1216,132.41
8,8888,4,2048,51200,256,1,1,1,0.0512,112.661,0.0759,136.402,0.1303,123.774
8,8896,4,2048,51200,256,1,1,1,0.0422,136.949,0.0683,151.773,0.1143,141.295
8,8904,4,2048,51200,256,1,1,1,0.0515,112.401,0.0763,136.114,0.1312,123.385
8,8912,4,2048,51200,256,1,1,1,0.0471,123.157,0.0717,145.265,0.1222,132.67
8,8920,4,2048,51200,256,1,1,1,0.0518,112.208,0.0764,136.45,0.1316,123.446
8,8928,4,2048,51200,256,1,1,1,0.0443,131.463,0.069,151.395,0.1169,139.131
8,8936,4,2048,51200,256,1,1,1,0.0516,112.933,0.0765,136.836,0.1314,124.049
8,8944,4,2048,51200,256,1,1,1,0.0475,123.062,0.0722,145.191,0.1229,132.831
8,8952,4,2048,51200,256,1,1,1,0.0516,113.315,0.0766,137.191,0.1316,124.318
8,8960,4,2048,51200,256,1,1,1,0.0441,132.994,0.0704,149.572,0.1183,138.482
8,8968,4,2048,51200,256,1,1,1,0.0521,112.732,0.0777,135.695,0.133,123.454
8,8976,4,2048,51200,256,1,1,1,0.0478,123.063,0.0733,144.1,0.1245,132.073
8,8984,4,2048,51200,256,1,1,1,0.0524,112.542,0.078,135.585,0.1335,123.419
8,8992,4,2048,51200,256,1,1,1,0.0448,131.673,0.0705,150.246,0.119,138.635
8,9000,4,2048,51200,256,1,1,1,0.0523,113.151,0.0781,136.021,0.1336,123.752
8,9008,4,2048,51200,256,1,1,1,0.0481,123.196,0.0736,144.512,0.1248,132.689
8,9016,4,2048,51200,256,1,1,1,0.0523,113.394,0.0782,136.202,0.1337,124.035
8,9024,4,2048,51200,256,1,1,1,0.0433,137.125,0.0708,150.833,0.1177,141.14
8,9032,4,2048,51200,256,1,1,1,0.0524,113.62,0.0787,135.794,0.1342,124.009
8,9040,4,2048,51200,256,1,1,1,0.0481,123.993,0.0738,145.057,0.1253,133.029
8,9048,4,2048,51200,256,1,1,1,0.0527,113.289,0.0786,136.593,0.1345,124.159
8,9056,4,2048,51200,256,1,1,1,0.0454,131.629,0.0713,150.664,0.1202,139.194
8,9064,4,2048,51200,256,1,1,1,0.0529,113.246,0.079,136.262,0.1351,124.034
8,9072,4,2048,51200,256,1,1,1,0.0486,123.598,0.0744,144.937,0.1264,132.792
8,9080,4,2048,51200,256,1,1,1,0.0529,113.61,0.0788,137.189,0.1351,124.52
8,9088,4,2048,51200,256,1,1,1,0.0442,136.194,0.0714,151.602,0.1193,141.252
8,9096,4,2048,51200,256,1,1,1,0.0529,114.053,0.0794,136.665,0.1355,124.514
8,9104,4,2048,51200,256,1,1,1,0.0489,123.543,0.0751,144.678,0.1273,132.816
8,9112,4,2048,51200,256,1,1,1,0.0532,113.797,0.0796,136.721,0.1361,124.459
8,9120,4,2048,51200,256,1,1,1,0.0459,132.203,0.0726,150.176,0.1218,139.286
8,9128,4,2048,51200,256,1,1,1,0.0532,114.198,0.0797,136.979,0.1362,124.766
8,9136,4,2048,51200,256,1,1,1,0.0492,123.723,0.0753,145.248,0.1278,133.189
8,9144,4,2048,51200,256,1,1,1,0.0533,114.326,0.0798,137.329,0.1366,124.862
8,9152,4,2048,51200,256,1,1,1,0.0445,137.008,0.0724,151.643,0.1204,141.844
8,9160,4,2048,51200,256,1,1,1,0.0538,113.645,0.0804,136.839,0.1374,124.513
8,9168,4,2048,51200,256,1,1,1,0.0494,123.982,0.0759,145.099,0.1288,133.053
8,9176,4,2048,51200,256,1,1,1,0.0544,112.817,0.0812,135.964,0.1389,123.631
8,9184,4,2048,51200,256,1,1,1,0.0467,131.661,0.0734,150.687,0.1236,139.108
8,9192,4,2048,51200,256,1,1,1,0.0543,113.261,0.0814,135.98,0.139,123.976
8,9200,4,2048,51200,256,1,1,1,0.05,123.336,0.0767,144.621,0.1301,132.649
8,9208,4,2048,51200,256,1,1,1,0.0548,112.645,0.0818,135.776,0.1398,123.626
8,9216,4,2048,51200,256,1,1,1,0.0481,128.626,0.0777,143.23,0.1291,134.107
8,9224,4,2048,51200,256,1,1,1,0.0551,112.402,0.0824,135.382,0.1409,123.121
8,9232,4,2048,51200,256,1,1,1,0.0504,123.072,0.0775,144.129,0.1313,132.353
8,9240,4,2048,51200,256,1,1,1,0.0553,112.462,0.0825,135.665,0.1412,123.26
8,9248,4,2048,51200,256,1,1,1,0.0472,131.795,0.0745,150.444,0.1259,138.5
8,9256,4,2048,51200,256,1,1,1,0.055,113.4,0.0824,136.298,0.1408,124.032
8,9264,4,2048,51200,256,1,1,1,0.0504,124.028,0.0775,145.132,0.1313,133.195
8,9272,4,2048,51200,256,1,1,1,0.055,113.718,0.0823,136.867,0.1406,124.626
8,9280,4,2048,51200,256,1,1,1,0.0457,136.992,0.0745,151.566,0.1239,141.715
8,9288,4,2048,51200,256,1,1,1,0.0551,114.005,0.0827,136.756,0.141,124.734
8,9296,4,2048,51200,256,1,1,1,0.0507,123.941,0.078,145.264,0.1319,133.552
8,9304,4,2048,51200,256,1,1,1,0.0555,113.523,0.083,136.713,0.1417,124.54
8,9312,4,2048,51200,256,1,1,1,0.0478,132.024,0.0751,151.286,0.1264,139.863
8,9320,4,2048,51200,256,1,1,1,0.0555,113.839,0.0833,136.701,0.142,124.702
8,9328,4,2048,51200,256,1,1,1,0.0512,123.553,0.0786,145.164,0.1331,133.274
8,9336,4,2048,51200,256,1,1,1,0.0554,114.314,0.0832,137.326,0.142,125.103
8,9344,4,2048,51200,256,1,1,1,0.0465,136.559,0.0755,151.676,0.1257,141.59
8,9352,4,2048,51200,256,1,1,1,0.0557,114.248,0.084,136.406,0.1434,124.308
8,9360,4,2048,51200,256,1,1,1,0.0513,124.232,0.0791,145.246,0.1335,133.706
8,9368,4,2048,51200,256,1,1,1,0.0558,114.382,0.0838,137.246,0.143,125.052
8,9376,4,2048,51200,256,1,1,1,0.0484,131.998,0.0761,151.361,0.128,139.918
8,9384,4,2048,51200,256,1,1,1,0.056,114.294,0.0841,137.252,0.1435,125.013
8,9392,4,2048,51200,256,1,1,1,0.0518,123.665,0.0794,145.578,0.1344,133.695
8,9400,4,2048,51200,256,1,1,1,0.0565,113.7,0.0845,136.983,0.1444,124.647
8,9408,4,2048,51200,256,1,1,1,0.0472,136.376,0.0768,150.978,0.1275,141.383
8,9416,4,2048,51200,256,1,1,1,0.0566,113.915,0.0847,137.147,0.1447,124.828
8,9424,4,2048,51200,256,1,1,1,0.0521,123.756,0.0802,145.091,0.1356,133.442
8,9432,4,2048,51200,256,1,1,1,0.0568,113.809,0.0852,136.843,0.1452,124.81
8,9440,4,2048,51200,256,1,1,1,0.049,132.162,0.0772,151.227,0.1298,139.808
8,9448,4,2048,51200,256,1,1,1,0.0569,113.95,0.0854,137.003,0.1457,124.77
8,9456,4,2048,51200,256,1,1,1,0.0523,124.073,0.0807,145.185,0.1364,133.556
8,9464,4,2048,51200,256,1,1,1,0.0569,114.296,0.0856,137.116,0.1459,125.043
8,9472,4,2048,51200,256,1,1,1,0.0475,137.289,0.0772,152.251,0.1285,142.189
8,9480,4,2048,51200,256,1,1,1,0.0576,113.371,0.0872,135.045,0.148,123.654
8,9488,4,2048,51200,256,1,1,1,0.0528,123.902,0.0816,144.638,0.1376,133.295
8,9496,4,2048,51200,256,1,1,1,0.0576,113.733,0.087,135.831,0.148,124.113
8,9504,4,2048,51200,256,1,1,1,0.0496,132.129,0.0789,150.117,0.1321,139.244
8,9512,4,2048,51200,256,1,1,1,0.0577,113.926,0.0871,136.173,0.1482,124.334
8,9520,4,2048,51200,256,1,1,1,0.0529,124.374,0.0823,144.376,0.1385,133.298
8,9528,4,2048,51200,256,1,1,1,0.0577,114.18,0.0872,136.502,0.1483,124.675
8,9536,4,2048,51200,256,1,1,1,0.048,137.579,0.0789,151.143,0.1304,141.987
8,9544,4,2048,51200,256,1,1,1,0.0577,114.62,0.0874,136.654,0.1486,124.841
8,9552,4,2048,51200,256,1,1,1,0.0534,123.977,0.0829,144.21,0.1394,133.236
8,9560,4,2048,51200,256,1,1,1,0.0583,113.784,0.0879,136.325,0.1496,124.435
8,9568,4,2048,51200,256,1,1,1,0.0503,132.095,0.0795,151.019,0.1334,139.689
8,9576,4,2048,51200,256,1,1,1,0.0582,114.332,0.0879,136.767,0.1495,124.913
8,9584,4,2048,51200,256,1,1,1,0.0536,124.297,0.0829,145.26,0.14,133.621
8,9592,4,2048,51200,256,1,1,1,0.0584,114.299,0.0882,136.792,0.1499,124.958
8,9600,4,2048,51200,256,1,1,1,0.0499,133.87,0.0851,142.009,0.141,133.085
8,9608,4,2048,51200,256,1,1,1,0.0585,114.45,0.0886,136.627,0.1506,124.759
8,9616,4,2048,51200,256,1,1,1,0.0539,124.408,0.0835,145.136,0.1409,133.627
8,9624,4,2048,51200,256,1,1,1,0.0587,114.338,0.0888,136.765,0.1508,125.024
8,9632,4,2048,51200,256,1,1,1,0.0508,132.477,0.0806,150.926,0.1349,139.956
8,9640,4,2048,51200,256,1,1,1,0.0589,114.446,0.089,136.865,0.1513,124.998
8,9648,4,2048,51200,256,1,1,1,0.0542,124.515,0.084,145.273,0.1419,133.567
8,9656,4,2048,51200,256,1,1,1,0.0592,114.235,0.0893,136.864,0.152,124.904
8,9664,4,2048,51200,256,1,1,1,0.0492,137.515,0.081,151.169,0.1338,142.045
8,9672,4,2048,51200,256,1,1,1,0.0602,112.588,0.0929,131.927,0.1568,121.439
8,9680,4,2048,51200,256,1,1,1,0.0547,124.073,0.0851,144.391,0.143,133.343
8,9688,4,2048,51200,256,1,1,1,0.0593,114.642,0.0899,136.886,0.1528,125.008
8,9696,4,2048,51200,256,1,1,1,0.0512,133.115,0.0814,151.463,0.1362,140.471
8,9704,4,2048,51200,256,1,1,1,0.0595,114.751,0.0901,137.04,0.153,125.234
8,9712,4,2048,51200,256,1,1,1,0.0547,124.929,0.0853,144.892,0.1434,133.891
8,9720,4,2048,51200,256,1,1,1,0.0594,115.126,0.09,137.599,0.1531,125.623
8,9728,4,2048,51200,256,1,1,1,0.0496,138.064,0.0814,152.359,0.1351,142.531
8,9736,4,2048,51200,256,1,1,1,0.0599,114.606,0.0908,136.892,0.1541,125.155
8,9744,4,2048,51200,256,1,1,1,0.0554,124.209,0.0859,144.796,0.1448,133.431
8,9752,4,2048,51200,256,1,1,1,0.0602,114.416,0.0912,136.611,0.155,124.861
8,9760,4,2048,51200,256,1,1,1,0.052,132.568,0.0828,150.798,0.1383,140.15
8,9768,4,2048,51200,256,1,1,1,0.0603,114.519,0.0914,136.774,0.1551,125.165
8,9776,4,2048,51200,256,1,1,1,0.0557,124.131,0.0866,144.604,0.146,133.219
8,9784,4,2048,51200,256,1,1,1,0.0605,114.547,0.0918,136.632,0.1558,125.008
8,9792,4,2048,51200,256,1,1,1,0.0517,134.181,0.0879,142.965,0.1422,137.231
8,9800,4,2048,51200,256,1,1,1,0.0607,114.577,0.0921,136.643,0.1562,125.111
8,9808,4,2048,51200,256,1,1,1,0.0558,124.748,0.0869,145.074,0.1461,133.997
8,9816,4,2048,51200,256,1,1,1,0.061,114.377,0.0923,136.866,0.1569,124.958
8,9824,4,2048,51200,256,1,1,1,0.0526,132.849,0.0835,151.474,0.1397,140.52
8,9832,4,2048,51200,256,1,1,1,0.0613,114.142,0.0928,136.487,0.1576,124.768
8,9840,4,2048,51200,256,1,1,1,0.0562,124.682,0.0874,145.168,0.147,133.948
8,9848,4,2048,51200,256,1,1,1,0.0613,114.538,0.0928,136.972,0.1575,125.242
8,9856,4,2048,51200,256,1,1,1,0.0517,135.94,0.0844,150.8,0.1398,141.367
8,9864,4,2048,51200,256,1,1,1,0.0614,114.717,0.093,137.061,0.1579,125.364
8,9872,4,2048,51200,256,1,1,1,0.0566,124.517,0.0878,145.435,0.1481,133.873
8,9880,4,2048,51200,256,1,1,1,0.0614,114.953,0.0933,137.182,0.1582,125.51
8,9888,4,2048,51200,256,1,1,1,0.0532,132.986,0.0849,150.994,0.1418,140.229
8,9896,4,2048,51200,256,1,1,1,0.0615,115.175,0.0933,137.526,0.1586,125.573
8,9904,4,2048,51200,256,1,1,1,0.057,124.368,0.0882,145.771,0.1486,134.25
8,9912,4,2048,51200,256,1,1,1,0.062,114.607,0.0936,137.515,0.1593,125.47
8,9920,4,2048,51200,256,1,1,1,0.0518,137.309,0.0848,152.146,0.1401,142.822
8,9928,4,2048,51200,256,1,1,1,0.0623,114.454,0.0943,137.02,0.1602,125.132
8,9936,4,2048,51200,256,1,1,1,0.0574,124.408,0.0892,145.145,0.1497,134.121
8,9944,4,2048,51200,256,1,1,1,0.0623,114.697,0.0943,137.379,0.1602,125.508
8,9952,4,2048,51200,256,1,1,1,0.0538,133.055,0.0855,151.832,0.1428,140.996
8,9960,4,2048,51200,256,1,1,1,0.0622,115.336,0.0944,137.806,0.1602,125.942
8,9968,4,2048,51200,256,1,1,1,0.0572,125.49,0.0891,146.122,0.1498,134.855
8,9976,4,2048,51200,256,1,1,1,0.0624,115.247,0.0949,137.404,0.1609,125.744
8,9984,4,2048,51200,256,1,1,1,0.0523,137.674,0.0857,152.465,0.1417,142.992
8,9992,4,2048,51200,256,1,1,1,0.0625,115.35,0.0956,136.815,0.1619,125.393
8,10000,4,2048,51200,256,1,1,1,0.0578,124.9,0.0905,144.879,0.1518,133.936
8,10008,4,2048,51200,256,1,1,1,0.0629,115.043,0.0961,136.676,0.1626,125.261
8,10016,4,2048,51200,256,1,1,1,0.0546,132.784,0.0874,150.448,0.1455,140.17
8,10024,4,2048,51200,256,1,1,1,0.0634,114.42,0.0966,136.268,0.1635,124.954
8,10032,4,2048,51200,256,1,1,1,0.0585,124.149,0.0916,144.043,0.1536,133.184
8,10040,4,2048,51200,256,1,1,1,0.0637,114.348,0.0969,136.409,0.164,124.923
8,10048,4,2048,51200,256,1,1,1,0.053,137.648,0.0876,151.02,0.1441,142.474
8,10056,4,2048,51200,256,1,1,1,0.0635,114.972,0.0969,136.788,0.1639,125.451
8,10064,4,2048,51200,256,1,1,1,0.0584,125.168,0.0916,144.916,0.1534,134.242
8,10072,4,2048,51200,256,1,1,1,0.0639,114.652,0.0972,136.73,0.1647,125.212
8,10080,4,2048,51200,256,1,1,1,0.0556,131.999,0.0896,148.683,0.1488,138.761
8,10088,4,2048,51200,256,1,1,1,0.0641,114.656,0.0977,136.525,0.1654,125.05
8,10096,4,2048,51200,256,1,1,1,0.059,124.673,0.0924,144.585,0.1548,133.865
8,10104,4,2048,51200,256,1,1,1,0.064,115.072,0.0978,136.804,0.1656,125.334
8,10112,4,2048,51200,256,1,1,1,0.0541,136.504,0.0885,151.45,0.146,142.333
8,10120,4,2048,51200,256,1,1,1,0.0646,114.478,0.0984,136.419,0.1667,124.89
8,10128,4,2048,51200,256,1,1,1,0.0595,124.466,0.0932,144.254,0.1564,133.299
8,10136,4,2048,51200,256,1,1,1,0.0649,114.312,0.099,136.048,0.1676,124.578
8,10144,4,2048,51200,256,1,1,1,0.0559,132.847,0.0896,150.552,0.1489,140.421
8,10152,4,2048,51200,256,1,1,1,0.0649,114.655,0.099,136.499,0.1675,125.026
8,10160,4,2048,51200,256,1,1,1,0.0597,124.793,0.0934,144.864,0.1563,134.243
8,10168,4,2048,51200,256,1,1,1,0.065,114.818,0.0989,137.046,0.1674,125.486
8,10176,4,2048,51200,256,1,1,1,0.0541,138.044,0.0896,151.518,0.1473,142.866
8,10184,4,2048,51200,256,1,1,1,0.065,115.013,0.0992,137.058,0.1678,125.58
8,10192,4,2048,51200,256,1,1,1,0.0598,125.255,0.0937,145.266,0.1569,134.505
8,10200,4,2048,51200,256,1,1,1,0.0651,115.239,0.0993,137.355,0.1679,125.912
8,10208,4,2048,51200,256,1,1,1,0.0565,133.061,0.0904,151.078,0.1505,140.701
8,10216,4,2048,51200,256,1,1,1,0.0652,115.471,0.0994,137.565,0.1682,126.039
8,10224,4,2048,51200,256,1,1,1,0.0603,125.069,0.0944,145.114,0.158,134.384
8,10232,4,2048,51200,256,1,1,1,0.0653,115.544,0.0999,137.411,0.1688,126.015
8,10240,4,2048,51200,256,1,1,1,0.0557,135.612,0.0923,148.863,0.1507,141.383
8,10248,4,2048,51200,256,1,1,1,0.0659,114.856,0.1007,136.752,0.1703,125.316
8,10256,4,2048,51200,256,1,1,1,0.0606,125.029,0.0951,145.007,0.1594,134.068
8,10264,4,2048,51200,256,1,1,1,0.066,114.979,0.1008,137.021,0.1705,125.529
8,10272,4,2048,51200,256,1,1,1,0.057,133.304,0.0915,151.213,0.1522,140.86
8,10280,4,2048,51200,256,1,1,1,0.066,115.44,0.1009,137.232,0.1706,125.857
8,10288,4,2048,51200,256,1,1,1,0.0607,125.666,0.0953,145.562,0.1598,134.582
8,10296,4,2048,51200,256,1,1,1,0.0664,114.953,0.1015,136.901,0.1715,125.544
8,10304,4,2048,51200,256,1,1,1,0.0557,137.348,0.092,151.236,0.1515,142.352
8,10312,4,2048,51200,256,1,1,1,0.0669,114.49,0.1022,136.365,0.1728,125.028
8,10320,4,2048,51200,256,1,1,1,0.0616,124.543,0.0968,144.239,0.162,133.515
8,10328,4,2048,51200,256,1,1,1,0.0678,113.293,0.1038,134.63,0.1752,123.639
8,10336,4,2048,51200,256,1,1,1,0.0578,133.039,0.0933,150.043,0.1545,140.417
8,10344,4,2048,51200,256,1,1,1,0.0676,114.041,0.103,136.187,0.1747,124.386
8,10352,4,2048,51200,256,1,1,1,0.0617,125.09,0.0967,145.269,0.1618,134.48
8,10360,4,2048,51200,256,1,1,1,0.0672,115.039,0.103,136.615,0.1741,125.166
8,10368,4,2048,51200,256,1,1,1,0.0575,134.663,0.0941,149.801,0.1548,140.982
8,10376,4,2048,51200,256,1,1,1,0.0674,114.996,0.103,137.057,0.1742,125.54
8,10384,4,2048,51200,256,1,1,1,0.0621,124.945,0.0976,144.866,0.1634,134.026
8,10392,4,2048,51200,256,1,1,1,0.0678,114.708,0.1034,136.884,0.175,125.343
8,10400,4,2048,51200,256,1,1,1,0.0584,133.391,0.0937,151.34,0.156,140.816
8,10408,4,2048,51200,256,1,1,1,0.0675,115.593,0.1034,137.358,0.1747,125.931
8,10416,4,2048,51200,256,1,1,1,0.0623,125.25,0.0975,145.817,0.1633,134.922
8,10424,4,2048,51200,256,1,1,1,0.0676,115.689,0.1034,137.753,0.1746,126.367
8,10432,4,2048,51200,256,1,1,1,0.0565,138.572,0.0936,152.428,0.154,143.466
8,10440,4,2048,51200,256,1,1,1,0.0679,115.44,0.1039,137.458,0.1756,125.996
8,10448,4,2048,51200,256,1,1,1,0.0628,125.118,0.0983,145.548,0.1647,134.571
8,10456,4,2048,51200,256,1,1,1,0.0682,115.282,0.1045,137.093,0.1765,125.751
8,10464,4,2048,51200,256,1,1,1,0.0588,134.064,0.0944,152.024,0.1569,141.724
8,10472,4,2048,51200,256,1,1,1,0.0682,115.63,0.1043,137.804,0.1761,126.422
8,10480,4,2048,51200,256,1,1,1,0.0626,126.131,0.0985,146.125,0.1649,135.217
8,10488,4,2048,51200,256,1,1,1,0.0684,115.75,0.1048,137.625,0.1768,126.276
8,10496,4,2048,51200,256,1,1,1,0.0578,137.013,0.095,151.949,0.1564,142.956
8,10504,4,2048,51200,256,1,1,1,0.0684,116.094,0.1052,137.461,0.1773,126.354
8,10512,4,2048,51200,256,1,1,1,0.0634,125.402,0.1,144.789,0.1669,134.376
8,10520,4,2048,51200,256,1,1,1,0.0691,115.224,0.1062,136.609,0.1789,125.561
8,10528,4,2048,51200,256,1,1,1,0.0596,133.72,0.0962,151.009,0.1596,140.984
8,10536,4,2048,51200,256,1,1,1,0.069,115.673,0.1061,137.1,0.1789,125.927
8,10544,4,2048,51200,256,1,1,1,0.0637,125.511,0.1004,145.192,0.1675,134.686
8,10552,4,2048,51200,256,1,1,1,0.0693,115.557,0.1067,136.818,0.18,125.579
8,10560,4,2048,51200,256,1,1,1,0.0581,137.965,0.0983,148.669,0.1604,141.094
8,10568,4,2048,51200,256,1,1,1,0.0693,115.793,0.1067,137.225,0.1797,126.166
8,10576,4,2048,51200,256,1,1,1,0.0637,126.252,0.1007,145.55,0.1683,134.878
8,10584,4,2048,51200,256,1,1,1,0.0698,115.351,0.1072,137.03,0.1806,125.849
8,10592,4,2048,51200,256,1,1,1,0.0602,133.941,0.0973,151.08,0.161,141.391
8,10600,4,2048,51200,256,1,1,1,0.07,115.357,0.1074,137.082,0.1812,125.869
8,10608,4,2048,51200,256,1,1,1,0.0645,125.289,0.1018,144.834,0.17,134.292
8,10616,4,2048,51200,256,1,1,1,0.0701,115.589,0.1076,137.236,0.1816,125.967
8,10624,4,2048,51200,256,1,1,1,0.0588,137.88,0.0976,151.653,0.1602,142.952
8,10632,4,2048,51200,256,1,1,1,0.0703,115.499,0.1083,136.841,0.1823,125.818
8,10640,4,2048,51200,256,1,1,1,0.0645,126.049,0.1022,145.238,0.1704,134.802
8,10648,4,2048,51200,256,1,1,1,0.0705,115.585,0.1086,136.858,0.1829,125.757
8,10656,4,2048,51200,256,1,1,1,0.0611,133.552,0.0986,150.949,0.1633,141.075
8,10664,4,2048,51200,256,1,1,1,0.0704,115.958,0.1085,137.384,0.1828,126.231
8,10672,4,2048,51200,256,1,1,1,0.065,125.937,0.1022,146.055,0.1707,135.39
8,10680,4,2048,51200,256,1,1,1,0.0708,115.648,0.1087,137.537,0.1831,126.384
8,10688,4,2048,51200,256,1,1,1,0.0592,138.469,0.0986,151.903,0.1616,143.458
8,10696,4,2048,51200,256,1,1,1,0.0713,115.25,0.1095,136.896,0.1847,125.69
8,10704,4,2048,51200,256,1,1,1,0.0651,126.303,0.103,145.772,0.1718,135.298
8,10712,4,2048,51200,256,1,1,1,0.0714,115.37,0.1098,137.028,0.1849,125.909
8,10720,4,2048,51200,256,1,1,1,0.0613,134.679,0.0992,151.835,0.1643,141.935
8,10728,4,2048,51200,256,1,1,1,0.0712,115.968,0.1096,137.659,0.1846,126.451
8,10736,4,2048,51200,256,1,1,1,0.0659,125.566,0.1039,145.395,0.1736,134.697
8,10744,4,2048,51200,256,1,1,1,0.0718,115.446,0.1102,137.276,0.1858,126.014
8,10752,4,2048,51200,256,1,1,1,0.0628,132.041,0.1023,148.094,0.1688,138.896
8,10760,4,2048,51200,256,1,1,1,0.0718,115.75,0.1112,136.428,0.1868,125.716
8,10768,4,2048,51200,256,1,1,1,0.0662,125.747,0.1052,144.44,0.1752,134.246
8,10776,4,2048,51200,256,1,1,1,0.0719,115.913,0.1113,136.715,0.1869,125.991
8,10784,4,2048,51200,256,1,1,1,0.062,134.602,0.101,150.991,0.1666,141.558
8,10792,4,2048,51200,256,1,1,1,0.0722,115.822,0.1119,136.448,0.1878,125.794
8,10800,4,2048,51200,256,1,1,1,0.066,126.758,0.1054,145.108,0.1752,135.024
8,10808,4,2048,51200,256,1,1,1,0.072,116.357,0.1115,137.35,0.187,126.668
8,10816,4,2048,51200,256,1,1,1,0.0601,139.641,0.1012,151.557,0.1651,143.676
8,10824,4,2048,51200,256,1,1,1,0.0723,116.281,0.1127,136.25,0.1889,125.755
8,10832,4,2048,51200,256,1,1,1,0.0664,126.828,0.106,145.049,0.176,135.166
8,10840,4,2048,51200,256,1,1,1,0.0725,116.196,0.1123,137.165,0.1886,126.339
8,10848,4,2048,51200,256,1,1,1,0.0629,134.173,0.1026,150.358,0.1692,141.07
8,10856,4,2048,51200,256,1,1,1,0.0728,116.137,0.1127,137.108,0.1891,126.37
8,10864,4,2048,51200,256,1,1,1,0.0671,126.202,0.1065,145.211,0.1775,134.84
8,10872,4,2048,51200,256,1,1,1,0.0735,115.283,0.1141,135.839,0.1913,125.305
8,10880,4,2048,51200,256,1,1,1,0.0627,135.427,0.1098,141.304,0.179,134.089
8,10888,4,2048,51200,256,1,1,1,0.0732,116.159,0.1133,137.101,0.1904,126.243
8,10896,4,2048,51200,256,1,1,1,,,,,,
